quote_no,issue_date,customer_code,rep,item,width_mm,height_mm,qty,unit,thickness_mm,sides,media,laminate,finish,lighting,design,install,install_height_m,site,remarks,amount,tax_label
2210-001,2022-10-03,9999,佐藤,インクジェット出力,1500,900,1,枚,,,塩ビ,グロス,,,新規,無,,,FAXにて送付 社内確認中,17100,税込
2210-002,2022-10-03,1045,渡辺,アルミ複合板看板,1600,1550,3,枚,3,片面,,マット,,,支給,有,1.5,湖西市,背景：白、特急（3営業日）,181500,
2210-003,2022-10-03,9999,田中,アルミ複合板看板,1500,900,2,枚,3,片面,,グロス,,,新規,無,,,角丸,40700,税込
2210-004,2022-10-03,9999,渡辺,アルミ複合板看板,1800,300,2,枚,3,片面,,マット,,,新規,無,,,改装に伴う,24900,
2210-005,2022-10-03,1015,佐藤,アルミ複合板看板,1500,900,1,枚,3,両面,,マット,,,新規,無,,,電話番号変更、仮見積,30700,税別
2210-006,2022-10-04,9999,田中,袖看板,600,1800,1,台,,両面,,,,LED内照,修正,有,10.0,浜松市南区高塚町,2色,313000,税別
2210-007,2022-10-04,1019,田中,インクジェット出力,515,728,1,枚,,,透過フィルム,なし,,,支給,無,,,ロゴのみ,5000,税別
2210-008,2022-10-05,1085,佐藤,カルプ文字,,180,9,文字,20,,,,シート貼り,,修正,無,,,,24900,税別
2210-009,2022-10-05,1053,渡辺,アルミ複合板看板,450,600,1,枚,3,片面,,グロス,,,支給,有,3.5,浜松市中区鍛冶町,既存サイン撤去（処分は先方）、白フチあり,44200,
2210-010,2022-10-05,1023,田中,アルミ複合板看板,1500,900,1,枚,3,片面,,マット,,,支給,有,3.0,浜松市天竜区二俣町,既存看板撤去・処分 前回同様 ビス穴加工,60000,税別
2210-011,2022-10-05,1056,佐藤,インクジェット出力,250,200,7,枚,,,透過フィルム,なし,,,新規,有,3.0,浜松市浜北区貴布祢,配送希望,39800,税別
2210-012,2022-10-06,1067,佐藤,カルプ文字,,80,12,文字,20,,,,シート貼り,,支給,有,4.5,浜松市北区細江町,,61400,税別
2210-013,2022-10-06,9999,渡辺,アルミ複合板看板,910,1820,2,枚,3,片面,,グロス,,,新規,無,,,,43700,税込
2210-014,2022-10-06,1020,渡辺,カルプ文字,,180,12,文字,20,,,,塗装,,支給,無,,,,35200,
2210-015,2022-10-06,1064,佐藤,インクジェット出力,600,1800,18,枚,,,塩ビ,マット,,,支給,無,,,,81200,税別
2210-016,2022-10-06,1022,佐藤,インクジェット出力,900,1800,1,枚,,,合成紙,マット,,,支給,無,,,電話にて依頼,7300,税別
2210-017,2022-10-06,1022,佐藤,インクジェット出力,900,1800,1,枚,,,合成紙,マット,,,支給,無,,,電話にて依頼,7300,税別
2210-018,2022-10-07,1041,佐藤,カルプ文字,,700,7,文字,50,,,,塗装,,支給,有,5.0,浜松市北区三方原町,,151100,税別
2210-019,2022-10-07,1023,田中,アルミ複合板看板,1800,1150,1,枚,3,片面,,グロス,,,修正,有,3.0,湖西市,期間限定キャンペーン用、支払：月末締翌月末,46000,税別
2210-020,2022-10-11,1023,田中,インクジェット出力,600,200,3,枚,,,塩ビ,グロス,,,支給,有,1.5,浜松市浜北区貴布祢,貴布祢店／現調あり／前面道路狭い,26000,税別
2210-021,2022-10-11,1074,渡辺,インクジェット出力,500,400,5,枚,,,ターポリン,なし,,,支給,無,,,,6200,
2210-022,2022-10-11,1074,渡辺,インクジェット出力,500,400,5,枚,,,ターポリン,なし,,,支給,無,,,,6200,
2210-023,2022-10-11,1002,佐藤,インクジェット出力,515,728,2,枚,,,塩ビ,グロス,,,新規,無,,,特急（3営業日）,16200,税別
2210-024,2022-10-12,9999,渡辺,アルミ複合板看板,450,900,2,枚,3,片面,,マット,,,新規,無,,浜松市北区引佐町,移転に伴い、現地調査希望,33000,
2210-025,2022-10-12,9999,佐藤,アルミ複合板看板,600,1750,1,枚,3,片面,,グロス,,,支給,有,3.5,袋井市,搬入経路要確認 既存看板撤去／処分 移転に伴い 新店舗,62200,税別
2210-026,2022-10-12,1023,田中,アルミ複合板看板,450,900,5,枚,3,片面,,マット,,,支給,有,2.2,菊川市,夜間施工、屋外用、背景：白,60000,税別
2210-027,2022-10-13,1056,渡辺,アルミ複合板看板,1200,2400,1,枚,3,片面,,グロス,,,支給,無,,,角丸,26200,
2210-028,2022-10-13,1023,田中,インクジェット出力,1200,1800,13,枚,,,塩ビ,なし,,,支給,無,,,,65000,税別
2210-029,2022-10-14,1077,佐藤,インクジェット出力,500,950,1,枚,,,ターポリン,マット,,,支給,無,,,移転に伴い,5000,税別
2210-030,2022-10-14,9999,渡辺,カルプ文字,,300,10,文字,20,,,,シート貼り,,新規,無,,,期間限定キャンペーン用,42900,税込
2210-031,2022-10-14,1042,佐藤,インクジェット出力,1150,1750,5,枚,,,ターポリン,なし,,,新規,無,,,色校正あり／2案提出／特急対応,61300,税別
2210-032,2022-10-14,1077,田中,アルミ複合板看板,300,1200,1,枚,3,片面,,グロス,,,新規,有,1.8,掛川市,ビス穴加工,31000,税別
2210-033,2022-10-15,1033,田中,インクジェット出力,420,594,5,枚,,,透過フィルム,グロス,,,支給,無,,,,10100,税別
2210-034,2022-10-15,1023,田中,インクジェット出力,450,1200,2,枚,,,塩ビ,なし,,,修正,有,1.0,浜松市浜北区貴布祢,見積有効期限1ヶ月、特急、校正2回まで、白フチあり,23000,税別
2210-035,2022-10-17,9999,田中,アルミ複合板看板,1850,350,4,枚,3,片面,,グロス,,,新規,無,,,角R加工,55000,税込
2210-036,2022-10-17,9999,渡辺,インクジェット出力,600,1800,5,枚,,,ターポリン,なし,,,新規,有,1.8,浜松市中区鍛冶町,,42100,
2210-037,2022-10-18,1055,渡辺,カルプ文字,,100,8,文字,30,,,,塗装,,支給,有,4.0,浜松市南区高塚町,色校正あり、請求書は本社宛、紹介案件,38600,
2210-038,2022-10-18,1045,渡辺,カルプ文字,,80,60,文字,30,,,,塗装,,新規,無,,,,114300,
2210-039,2022-10-18,1089,佐藤,インクジェット出力,200,1200,1,枚,,,塩ビ,グロス,,,新規,無,,,至急対応希望,16000,税別
2210-040,2022-10-18,1045,渡辺,袖看板,500,1500,1,台,,両面,,,,LED内照,新規,有,4.0,浜松市南区高塚町,,281000,
2210-041,2022-10-19,1089,佐藤,アルミ複合板看板,600,1800,8,枚,3,片面,,マット,,,新規,有,2.5,浜松市東区天王町,現地調査希望,141400,税別
2210-042,2022-10-19,1042,渡辺,袖看板,1000,3000,1,台,,両面,,,,なし,支給,有,4.0,磐田市,要現調,332400,
2210-043,2022-10-19,1075,田中,袖看板,600,1800,1,台,,両面,,,,LED内照,新規,有,3.0,浜松市西区舞阪町,現調あり 店名変更 データ入稿済,294000,税別
2210-044,2022-10-20,1084,田中,インクジェット出力,400,200,78,枚,,,塩ビ,グロス,,,支給,無,,,色校正あり／前回同様,49000,税別
2210-045,2022-10-20,1038,田中,インクジェット出力,841,1189,1,枚,,,塩ビ,グロス,,,新規,無,,,【特急】 配送希望,17000,税別
2210-046,2022-10-20,1085,佐藤,アルミ複合板看板,910,1820,4,枚,3,片面,,グロス,,,新規,有,3.0,浜松市中区鍛冶町,要現調、穴あけ,106800,税別
2210-047,2022-10-20,1068,渡辺,インクジェット出力,841,1189,1,枚,,,塩ビ,グロス,,,修正,無,,,,9000,
2210-048,2022-10-21,9999,田中,インクジェット出力,841,1189,1,枚,,,ターポリン,なし,,,修正,無,,,,8600,税別
2210-049,2022-10-21,1033,田中,アルミ複合板看板,1600,1250,1,枚,3,片面,,グロス,,,支給,有,1.5,浜松市中区佐鳴台,撤去は別途／現調あり,54000,税別
2210-050,2022-10-21,9999,田中,インクジェット出力,841,1189,1,枚,,,ターポリン,なし,,,修正,無,,,,8600,税別
2210-051,2022-10-21,9999,田中,アルミ複合板看板,1150,1500,1,枚,3,片面,,マット,,,新規,無,,,電話番号変更,33000,税込
2210-052,2022-10-22,1071,田中,アルミ複合板看板,1850,1350,12,枚,3,片面,,グロス,,,支給,無,,,,343000,税別
2210-053,2022-10-24,1023,田中,インクジェット出力,1750,1600,1,枚,,,合成紙,マット,,,支給,無,,,背景：白,16500,税別
2210-054,2022-10-24,9999,佐藤,アルミ複合板看板,600,600,1,枚,3,片面,,グロス,,,支給,有,2.2,浜松市中区鍛冶町,,33100,税込
2210-055,2022-10-24,9999,田中,インクジェット出力,420,594,10,枚,,,合成紙,グロス,,,支給,無,,,フルカラー,13400,税込
2210-056,2022-10-25,1023,渡辺,アルミ複合板看板,450,600,1,枚,3,片面,,グロス,,,支給,有,1.8,浜松市西区雄踏町,要現調 フルカラー 店名変更 早めの対応希望,29600,
2210-057,2022-10-25,9999,田中,アルミ複合板看板,900,1800,4,枚,3,片面,,グロス,,,支給,有,5.0,浜松市西区舞阪町,管理会社承認待ち,125400,税込
2210-058,2022-10-25,1085,佐藤,アルミ複合板看板,1400,1900,1,枚,3,片面,,グロス,,,修正,有,1.5,浜松市中区鍛冶町,イベント用,56700,税別
2210-059,2022-10-26,1045,渡辺,アルミ複合板看板,600,600,2,枚,3,片面,,グロス,,,修正,有,1.8,湖西市,平日のみ施工可,32100,
2210-060,2022-10-26,1041,佐藤,カルプ文字,,150,6,文字,20,,,,シート貼り,,新規,有,2.5,浜松市中区佐鳴台,色校正あり,37300,税別
2210-061,2022-10-26,1068,渡辺,カルプ文字,,700,8,文字,20,,,,塗装,,新規,有,4.5,磐田市,撤去処分込み 搬入経路要確認,164800,
2210-062,2022-10-27,1047,田中,インクジェット出力,900,1800,1,枚,,,合成紙,なし,,,支給,無,,,前回データで,5000,税別
2210-063,2022-10-27,1010,佐藤,アルミ複合板看板,1800,900,1,枚,3,片面,,なし,,,新規,有,2.0,島田市,角R加工、2色、概算,51500,税別
2210-056-2,2022-10-27,1023,渡辺,アルミ複合板看板,450,600,4,枚,3,片面,,グロス,,,支給,有,1.8,浜松市西区雄踏町,要現調 フルカラー 店名変更 早めの対応希望、数量変更,36200,
2210-064,2022-10-27,9999,渡辺,アルミ複合板看板,1900,650,1,枚,3,片面,,マット,,,新規,無,,,,31500,税込
2210-065,2022-10-27,1075,田中,インクジェット出力,900,1800,21,枚,,,塩ビ,マット,,,修正,有,1.8,静岡市葵区,現調あり／屋外用,217000,税別
2210-066,2022-10-27,1080,渡辺,インクジェット出力,515,728,2,枚,,,塩ビ,なし,,,修正,有,1.0,浜松市東区天王町,紹介案件,20000,
2210-067,2022-10-28,1065,渡辺,アルミ複合板看板,900,1800,1,枚,3,片面,,グロス,,,支給,有,2.0,磐田市,既存看板撤去,46100,
2210-068,2022-10-28,1085,佐藤,カルプ文字,,80,16,文字,20,,,,塗装,,支給,有,3.5,浜松市中区佐鳴台,改装に伴う／テナント看板／前回同様／ロゴデータAI支給,45900,税別
2210-069,2022-10-28,9999,佐藤,インクジェット出力,1600,1450,1,枚,,,ターポリン,なし,,,支給,無,,,,15900,税別
2210-070,2022-10-29,1054,田中,カルプ文字,,600,12,文字,30,,,,シート貼り,,修正,有,4.0,磐田市,概算／移転に伴い,130000,税別
2210-071,2022-10-31,1077,佐藤,カルプ文字,,300,39,文字,20,,,,シート貼り,,支給,有,7.5,浜松市東区天王町,,161100,税別
2210-072,2022-10-31,1048,田中,インクジェット出力,1030,1456,31,枚,,,透過フィルム,なし,,,支給,無,,,配送希望、ロゴのみ,216000,税別
2210-073,2022-10-31,1023,田中,インクジェット出力,1000,3000,2,枚,,,ターポリン,なし,,,支給,無,,,支払：月末締翌月末,25100,税別
2210-074,2022-10-31,1075,田中,インクジェット出力,1030,1456,4,枚,,,透過フィルム,グロス,,,新規,無,,浜松市北区引佐町,現地調査含む,63000,税別
2211-001,2022-11-01,1082,佐藤,インクジェット出力,1000,3000,1,枚,,,ターポリン,なし,,,新規,無,,,ハトメなし,22300,税別
2211-002,2022-11-01,1085,佐藤,アルミ複合板看板,600,600,2,枚,3,片面,,グロス,,,支給,無,,,前回同様 電話にて依頼 店名変更,11100,税別
2211-003,2022-11-01,1022,佐藤,アルミ複合板看板,600,900,24,枚,3,片面,,グロス,,,修正,無,,,ビス穴加工／色校正あり／支払：月末締翌月末,132700,税別
2211-004,2022-11-01,9999,渡辺,インクジェット出力,594,841,1,枚,,,透過フィルム,なし,,,新規,無,,,期間限定キャンペーン用,14300,税込
2211-005,2022-11-02,1024,渡辺,袖看板,600,1800,1,台,,両面,,,,LED内照,新規,有,5.0,岡崎市,なるべく急ぎで,321500,
2211-006,2022-11-02,1085,佐藤,カルプ文字,,250,13,文字,30,,,,シート貼り,,修正,無,,,校正2回まで、テナント看板,52800,税別
2211-007,2022-11-04,9999,田中,袖看板,450,900,1,台,,両面,,,,なし,修正,無,,,2案提出、仮見積,88000,税別
2211-008,2022-11-04,1041,佐藤,アルミ複合板看板,600,1800,3,枚,3,片面,,なし,,,新規,有,1.5,浜松市西区舞阪町,仮見積 現場写真受領,57400,税別
2211-009,2022-11-04,1019,田中,インクジェット出力,1800,1100,3,枚,,,合成紙,なし,,,支給,無,,,リピート,13000,税別
2211-010,2022-11-07,9999,佐藤,アルミ複合板看板,1800,900,1,枚,3,片面,,グロス,,,新規,有,3.0,磐田市,期間限定キャンペーン用、撤去は別途、現地調査含む,60200,税込
2211-011,2022-11-07,9999,田中,インクジェット出力,1300,1000,10,枚,,,塩ビ,なし,,,新規,無,,,,64900,税込
2211-012,2022-11-07,1074,渡辺,アルミ複合板看板,1200,2400,4,枚,3,片面,,マット,,,支給,有,2.0,湖西市,白フチあり、フルカラー,135700,
2211-013,2022-11-07,1048,田中,カルプ文字,,250,16,文字,20,,,,シート貼り,,支給,有,6.0,浜松市東区天王町,,91000,税別
2211-014,2022-11-07,1047,田中,インクジェット出力,1600,750,1,枚,,,塩ビ,マット,,,支給,無,,,,5400,税別
2211-015,2022-11-07,1077,佐藤,袖看板,450,1200,1,台,,両面,,,,なし,新規,無,,,,127100,税別
2211-016,2022-11-08,1079,佐藤,インクジェット出力,1000,3000,2,枚,,,塩ビ,グロス,,,支給,無,,,FAXにて送付,33100,税別
2211-017,2022-11-09,9999,田中,インクジェット出力,728,1030,3,枚,,,塩ビ,グロス,,,新規,無,,,請求書は本社宛 期間限定キャンペーン用 新店舗,21500,税込
2211-018,2022-11-10,1055,渡辺,アルミ複合板看板,1800,900,1,枚,3,片面,,マット,,,支給,有,1.8,周智郡森町,期間限定キャンペーン用、引取り,36900,
2211-019,2022-11-10,1055,渡辺,カルプ文字,,450,12,文字,20,,,,シート貼り,,支給,有,4.0,静岡市駿河区,急ぎではない,105000,
2211-020,2022-11-10,1032,渡辺,アルミ複合板看板,1000,1450,5,枚,3,片面,,マット,,,修正,有,3.5,浜松市中区佐鳴台,撤去は別途、色校正あり、穴あけ,129400,
2211-021,2022-11-11,1023,田中,袖看板,450,900,1,台,,両面,,,,なし,支給,有,7.0,浜松市西区雄踏町,現調あり,149000,税別
2211-022,2022-11-11,9999,田中,インクジェット出力,300,900,2,枚,,,塩ビ,なし,,,新規,無,,,,14300,税込
2211-023,2022-11-11,1042,田中,アルミ複合板看板,600,900,2,枚,3,両面,,グロス,,,新規,無,,,電話にて依頼、角丸、2色、見積有効期限1ヶ月,29900,税別
2211-024,2022-11-11,1009,佐藤,アルミ複合板看板,1800,900,2,枚,3,片面,,グロス,,,修正,無,,,概算,32700,税別
2211-025,2022-11-11,1023,田中,アルミ複合板看板,1600,1600,1,枚,3,両面,,マット,,,支給,有,4.0,浜松市中区鍛冶町,増刷、鍛冶店、屋内用,64000,税別
2211-026,2022-11-11,1048,田中,インクジェット出力,450,1200,1,枚,,,透過フィルム,なし,,,新規,有,2.0,浜松市東区天王町,,25000,税別
2211-027,2022-11-12,1012,田中,アルミ複合板看板,300,450,1,枚,3,片面,,マット,,,支給,無,,,【特急】,10700,税別
2211-028,2022-11-14,1022,佐藤,アルミ複合板看板,1850,1850,8,枚,3,片面,,グロス,,,修正,有,2.5,磐田市,,413100,税別
2211-029,2022-11-14,9999,田中,アルミ複合板看板,600,1800,2,枚,3,片面,,グロス,,,新規,無,,,仮見積、2案提出,37400,税込
2211-030,2022-11-14,1027,佐藤,アルミ複合板看板,3600,2100,2,枚,3,片面,,グロス,,,支給,無,,,角丸,140700,税別
2211-031,2022-11-14,9999,田中,インクジェット出力,600,1800,3,枚,,,塩ビ,マット,,,修正,無,,,仮見積、ロゴのみ,20000,税込
2211-032,2022-11-14,9999,渡辺,インクジェット出力,450,1000,2,枚,,,ターポリン,なし,,,支給,無,,,支払：月末締翌月末,5700,
2211-033,2022-11-14,1055,渡辺,アルミ複合板看板,600,600,1,枚,3,片面,,マット,,,支給,無,,,屋内用、穴あけ4箇所,10500,
2211-034,2022-11-15,9999,佐藤,カルプ文字,,200,10,文字,20,,,,シート貼り,,新規,有,3.0,浜松市北区細江町,請求書は本社宛、電話番号変更,54000,税別
2211-035,2022-11-15,1041,佐藤,アルミ複合板看板,300,450,8,枚,3,片面,,なし,,,修正,無,,,,25000,税別
2211-036,2022-11-16,1082,佐藤,インクジェット出力,1000,3000,26,枚,,,塩ビ,グロス,,,修正,有,1.0,浜松市浜北区貴布祢,現地調査希望／2案提出／イベント用,496300,税別
2211-037,2022-11-16,1042,佐藤,インクジェット出力,1250,700,65,枚,,,ターポリン,マット,,,支給,有,1.5,浜松市中区佐鳴台,ご担当：店長様、撤去は別途,328100,税別
2211-038,2022-11-17,9999,佐藤,インクジェット出力,1030,1456,1,枚,,,ターポリン,なし,,,新規,無,,,電話にて依頼,16800,税別
2211-039,2022-11-17,1045,渡辺,アルミ複合板看板,1800,1700,1,枚,3,片面,,グロス,,,支給,有,3.0,浜松市北区三方原町,特急、前回同様、現地調査希望,79900,
2211-040,2022-11-17,9999,佐藤,アルミ複合板看板,1700,1700,1,枚,3,両面,,グロス,,,新規,有,4.0,浜松市南区高塚町,角R加工、電話番号変更,86400,税別
2211-041,2022-11-18,1045,渡辺,アルミ複合板看板,850,450,1,枚,3,片面,,グロス,,,支給,有,3.0,浜松市西区雄踏町,増刷／配送希望,32200,
2211-042,2022-11-18,1023,佐藤,インクジェット出力,841,1189,7,枚,,,塩ビ,グロス,,,修正,無,,,背景：白／校正2回まで／テナント看板,29400,税別
2211-043,2022-11-18,1020,渡辺,カルプ文字,,400,9,文字,20,,,,塗装,,修正,有,2.5,浜松市中区鍛冶町,校正2回まで、要図面,74300,
2211-044,2022-11-21,1010,渡辺,カルプ文字,,500,22,文字,30,,,,塗装,,新規,無,,,ロゴデータAI支給、色校正あり、オープン前,69200,
2211-045,2022-11-21,1074,渡辺,アルミ複合板看板,750,1500,1,枚,3,片面,,グロス,,,支給,有,1.8,浜松市中区佐鳴台,増刷,23700,
2211-046,2022-11-21,1026,渡辺,アルミ複合板看板,900,1800,4,枚,3,片面,,グロス,,,新規,有,3.0,浜松市南区高塚町,2色 既存看板撤去 ロゴデータAI支給,115000,
2211-047,2022-11-21,9999,田中,インクジェット出力,600,1800,1,枚,,,合成紙,マット,,,新規,無,,浜松市北区引佐町,現地調査希望、フルカラー、イベント用,24900,税込
2211-048,2022-11-21,9999,佐藤,インクジェット出力,1200,1800,1,枚,,,ターポリン,なし,,,支給,有,1.5,浜松市西区舞阪町,夜間作業、納期急ぎません,35400,税込
2211-049,2022-11-21,1012,佐藤,インクジェット出力,900,1800,41,枚,,,ターポリン,なし,,,支給,無,,,ハトメなし、屋外用、ロゴデータAI支給,135400,税別
2211-050,2022-11-22,1074,渡辺,インクジェット出力,1700,1450,2,枚,,,塩ビ,マット,,,支給,無,,,,39300,
2211-051,2022-11-22,1023,田中,アルミ複合板看板,600,900,2,枚,3,片面,,なし,,,新規,有,3.5,浜松市北区細江町,イベント用／角丸,46000,税別
2211-052,2022-11-22,1077,佐藤,アルミ複合板看板,1500,900,1,枚,3,片面,,グロス,,,支給,有,2.0,湖西市,前回同様／穴あけ,24200,税別
2211-053,2022-11-24,1067,佐藤,アルミ複合板看板,1200,2400,2,枚,3,片面,,なし,,,支給,有,1.5,浜松市中区鍛冶町,要現調、移転に伴い,69900,税別
2211-054,2022-11-24,1089,佐藤,アルミ複合板看板,900,1800,1,枚,3,片面,,マット,,,支給,無,,,オープン前、紹介案件、概算,15000,税別
2211-055,2022-11-24,9999,佐藤,カルプ文字,,400,6,文字,10,,,,塗装,,新規,有,2.5,浜松市天竜区二俣町,オープン前 既存看板撤去・処分,86900,税別
2211-056,2022-11-24,1041,佐藤,カルプ文字,,100,3,文字,30,,,,シート貼り,,支給,有,4.0,周智郡森町,概算,35500,税別
2211-057,2022-11-24,1045,渡辺,袖看板,600,1800,1,台,,両面,,,,LED内照,修正,有,7.0,浜松市南区高塚町,屋外用／要現調／ご担当：店長様,298500,
2211-058,2022-11-25,9999,佐藤,袖看板,450,1200,1,台,,両面,,,,LED内照,支給,無,,,背景：白,181500,税込
2211-059,2022-11-26,1055,田中,インクジェット出力,450,1200,3,枚,,,塩ビ,なし,,,新規,無,,,色校正あり／電話にて依頼／新店舗,15000,税別
2211-060,2022-11-28,1023,田中,アルミ複合板看板,300,450,1,枚,3,片面,,マット,,,修正,有,3.0,浜松市西区雄踏町,要図面／撤去処分込み／穴あけ4箇所,55000,税別
2211-061,2022-11-28,9999,渡辺,インクジェット出力,300,900,1,枚,,,塩ビ,マット,,,支給,無,,,期間限定キャンペーン用,5500,税込
2211-062,2022-11-29,1075,田中,インクジェット出力,900,3600,1,枚,,,ターポリン,なし,,,支給,有,1.5,浜松市浜北区貴布祢,白フチあり、期間限定キャンペーン用,29100,税別
2211-063,2022-11-29,1082,佐藤,アルミ複合板看板,400,850,2,枚,3,片面,,グロス,,,支給,有,3.5,豊川市,穴あけ,42700,税別
2211-064,2022-11-29,9999,佐藤,インクジェット出力,900,3600,9,枚,,,塩ビ,グロス,,,新規,無,,,ご担当：店長様／特急（3営業日）／見積有効期限1ヶ月,149500,税別
2211-065,2022-11-29,1067,佐藤,インクジェット出力,841,1189,59,枚,,,合成紙,グロス,,,修正,無,,,改装に伴う 新店舗,165400,税別
2211-066,2022-11-29,1023,田中,インクジェット出力,450,1200,4,枚,,,塩ビ,グロス,,,新規,無,,,2案提出／新店舗,18200,税別
2211-067,2022-11-30,1095,渡辺,アルミ複合板看板,350,1800,4,枚,3,片面,,マット,,,修正,無,,,2色／引取り,32500,
2212-001,2022-12-01,1067,田中,袖看板,450,1200,1,台,,両面,,,,なし,新規,有,10.0,袋井市,,228000,税別
2212-002,2022-12-01,1067,佐藤,インクジェット出力,728,1030,89,枚,,,塩ビ,グロス,,,新規,無,,,新店舗,237800,税別
2212-003,2022-12-02,1041,田中,袖看板,900,2400,1,台,,両面,,,,なし,新規,有,7.0,浜松市東区天王町,,293000,税別
2212-004,2022-12-02,1011,佐藤,インクジェット出力,1000,3000,2,枚,,,合成紙,マット,,,支給,無,,,FAXにて送付、フルカラー,29900,税別
2212-005,2022-12-02,1055,渡辺,アルミ複合板看板,950,300,1,枚,3,片面,,なし,,,支給,有,4.5,掛川市,閉店後夜間施工、改装に伴う、メールにて依頼,64400,
2212-006,2022-12-05,9999,田中,インクジェット出力,900,3600,1,枚,,,塩ビ,グロス,,,支給,無,,,,15200,税別
2212-007,2022-12-05,1077,佐藤,インクジェット出力,841,1189,2,枚,,,ターポリン,なし,,,支給,無,,,,8700,税別
2212-008,2022-12-05,1020,渡辺,アルミ複合板看板,1200,600,1,枚,3,片面,,グロス,,,修正,無,,,移転に伴い,14300,
2212-009,2022-12-05,1082,佐藤,インクジェット出力,900,1800,1,枚,,,塩ビ,グロス,,,新規,無,,,PDF送付済 ロゴデータAI支給 白フチあり,16800,税別
2212-010,2022-12-05,1041,佐藤,アルミ複合板看板,900,1800,1,枚,3,片面,,グロス,,,修正,有,5.0,掛川市,,66200,税別
2212-011,2022-12-06,1023,田中,アルミ複合板看板,750,500,2,枚,3,片面,,グロス,,,新規,有,4.5,浜松市西区舞阪町,電話番号変更／概算,65000,税別
2212-012,2022-12-07,1027,田中,袖看板,600,1200,1,台,,両面,,,,LED内照,支給,有,5.0,浜松市東区天王町,駐車場あり、イベント用、前回データで,243000,税別
2212-013,2022-12-07,1022,佐藤,袖看板,700,1800,1,台,,両面,,,,LED内照,支給,有,3.5,藤枝市,現調あり,308700,税別
2212-014,2022-12-07,1053,渡辺,アルミ複合板看板,1650,1350,1,枚,3,片面,,マット,,,支給,有,1.8,浜松市中区鍛冶町,現地調査不要（写真あり）,49000,
2212-015,2022-12-08,1027,佐藤,袖看板,600,1200,1,台,,両面,,,,LED内照,支給,有,9.0,菊川市,ロゴデータAI支給,252600,税別
2212-016,2022-12-08,1023,田中,インクジェット出力,350,1650,8,枚,,,塩ビ,グロス,,,新規,無,,,,26600,税別
2212-017,2022-12-08,1023,田中,インクジェット出力,841,1189,8,枚,,,塩ビ,グロス,,,修正,無,,,,32000,税別
2212-018,2022-12-08,9999,渡辺,アルミ複合板看板,600,1800,5,枚,3,両面,,グロス,,,新規,無,,,,96300,税込
2212-019,2022-12-08,9999,佐藤,アルミ複合板看板,900,1800,1,枚,3,片面,,グロス,,,新規,無,,,,25800,税別
2212-020,2022-12-09,9999,渡辺,カルプ文字,,200,6,文字,30,,,,塗装,,新規,無,,,,29500,
2212-021,2022-12-09,1002,佐藤,アルミ複合板看板,300,450,1,枚,3,片面,,なし,,,新規,有,3.5,浜松市西区舞阪町,電話にて依頼、新店舗,100000,税別
2212-022,2022-12-09,9999,渡辺,インクジェット出力,900,1800,7,枚,,,塩ビ,グロス,,,新規,無,,,校正2回まで 屋内用 請求書は本社宛,63300,税込
2212-023,2022-12-12,1042,佐藤,カルプ文字,,450,6,文字,10,,,,塗装,,修正,無,,,,41800,税別
2212-024,2022-12-12,1054,佐藤,カルプ文字,,150,16,文字,20,,,,シート貼り,,支給,有,3.0,周智郡森町,搬入経路要確認、平日のみ施工可,57600,税別
2212-025,2022-12-12,1026,渡辺,アルミ複合板看板,700,750,3,枚,3,片面,,マット,,,修正,無,,,,26900,
2212-026,2022-12-12,9999,渡辺,アルミ複合板看板,900,900,1,枚,3,片面,,マット,,,新規,無,,,四隅R,25000,税込
2212-027,2022-12-12,1023,田中,アルミ複合板看板,900,1800,5,枚,3,片面,,グロス,,,支給,有,4.0,湖西市,屋内用 湖西店 夜間施工 駐車場あり 角丸,120000,税別
2212-028,2022-12-12,1005,佐藤,インクジェット出力,900,3600,12,枚,,,合成紙,なし,,,支給,無,,,屋外用,64300,税別
2212-029,2022-12-12,9999,田中,アルミ複合板看板,650,1200,1,枚,3,片面,,マット,,,新規,無,,,イベント用／屋外用,24000,税込
2212-030,2022-12-13,1088,渡辺,アルミ複合板看板,1820,3640,2,枚,3,片面,,マット,,,支給,無,,,支払：月末締翌月末,154300,税込
2212-031,2022-12-13,9999,田中,インクジェット出力,1000,3000,1,枚,,,塩ビ,マット,,,新規,有,2.4,浜松市中区佐鳴台,,50600,税込
2212-032,2022-12-13,1084,田中,インクジェット出力,900,1800,49,枚,,,塩ビ,マット,,,支給,無,,,特急（3営業日）,279000,税別
2212-033,2022-12-14,1068,渡辺,アルミ複合板看板,1820,3640,1,枚,3,両面,,グロス,,,支給,有,6.0,周智郡森町,現地調査含む,164800,
2212-034,2022-12-14,1041,佐藤,袖看板,900,2400,1,台,,両面,,,,なし,支給,有,6.0,袋井市,2案提出、白フチあり,278400,税別
2212-035,2022-12-14,9999,佐藤,アルミ複合板看板,900,1150,10,枚,3,片面,,マット,,,新規,有,3.5,湖西市,現調あり、期間限定キャンペーン用、移転に伴い,189900,税込
2212-036,2022-12-15,9999,佐藤,カルプ文字,,150,8,文字,20,,,,塗装,,修正,有,3.0,浜松市南区高塚町,請求書は本社宛,47500,税込
2212-037,2022-12-16,9999,渡辺,インクジェット出力,1800,900,10,枚,,,塩ビ,なし,,,修正,無,,,,57800,税込
2212-038,2022-12-16,1067,佐藤,カルプ文字,,250,11,文字,30,,,,シート貼り,,支給,有,5.0,浜松市中区佐鳴台,,82600,税別
2212-039,2022-12-16,1082,佐藤,アルミ複合板看板,600,600,47,枚,3,片面,,マット,,,支給,無,,,改装に伴う,216000,税別
2212-040,2022-12-16,1082,佐藤,アルミ複合板看板,910,1820,2,枚,3,片面,,グロス,,,修正,無,,,,32700,税別
2212-041,2022-12-17,1053,田中,インクジェット出力,1200,1800,37,枚,,,塩ビ,なし,,,新規,無,,,ロゴデータAI支給,204000,税別
2212-042,2022-12-19,9999,渡辺,カルプ文字,,80,10,文字,30,,,,塗装,,支給,有,3.5,浜松市北区三方原町,,42500,
2212-043,2022-12-20,9999,渡辺,インクジェット出力,1030,1456,1,枚,,,合成紙,グロス,,,支給,有,2.4,浜松市北区引佐町,,36300,税込
2212-044,2022-12-20,1054,佐藤,アルミ複合板看板,450,600,3,枚,3,片面,,グロス,,,修正,有,4.0,袋井市,週末施工希望、雨天順延,46700,税別
2212-045,2022-12-20,9999,佐藤,カルプ文字,,300,8,文字,30,,,,シート貼り,,支給,有,2.5,浜松市中区鍛冶町,既存撤去・産廃処分／なるべく急ぎで／週末施工希望,78900,税込
2212-046,2022-12-20,1096,佐藤,アルミ複合板看板,900,900,3,枚,3,片面,,グロス,,,新規,有,2.5,浜松市南区高塚町,管理会社承認待ち 要図面 撤去は別途 支払：月末締翌月末 角R加工,58100,税別
2212-047,2022-12-21,1045,渡辺,カルプ文字,,200,6,文字,30,,,,シート貼り,,修正,有,2.0,島田市,社内確認中、ご担当：店長様、紹介案件,49100,
2212-048,2022-12-21,1023,渡辺,アルミ複合板看板,3000,900,2,枚,3,片面,,グロス,,,修正,有,4.0,島田市,角R加工、既存看板撤去／処分、穴あけ、ロゴデータAI支給、午前中施工希望、要現調,144300,
2212-049,2022-12-21,1088,渡辺,アルミ複合板看板,600,900,6,枚,3,片面,,マット,,,支給,有,1.5,袋井市,前回データで,63000,税込
2212-050,2022-12-22,1012,佐藤,インクジェット出力,728,1030,17,枚,,,合成紙,なし,,,支給,無,,,見積有効期限1ヶ月,25500,税別
2212-051,2022-12-23,1045,渡辺,袖看板,450,900,1,台,,両面,,,,LED内照,支給,無,,,,130500,
2212-052,2022-12-23,1041,佐藤,カルプ文字,,150,5,文字,50,,,,シート貼り,,支給,無,,,配送希望 白フチあり,13500,税別
2212-053,2022-12-26,1080,田中,アルミ複合板看板,1200,2400,1,枚,3,片面,,マット,,,支給,有,1.8,周智郡森町,背景：白,47000,税別
2212-054,2022-12-27,1023,田中,インクジェット出力,1300,1050,1,枚,,,合成紙,なし,,,支給,無,,,,5200,税別
2212-055,2022-12-27,1045,渡辺,アルミ複合板看板,600,900,1,枚,3,片面,,グロス,,,修正,無,,,穴あけ,14300,
2212-056,2022-12-27,1023,田中,インクジェット出力,1250,1000,52,枚,,,塩ビ,マット,,,修正,無,,,新店舗,265000,税別
2212-057,2022-12-28,1095,渡辺,アルミ複合板看板,450,900,1,枚,3,片面,,なし,,,支給,無,,,ロゴのみ、穴あけ,10300,
2212-058,2022-12-28,1096,佐藤,アルミ複合板看板,1350,350,1,枚,3,片面,,グロス,,,支給,無,,,,10000,税別
2212-059,2022-12-28,9999,田中,アルミ複合板看板,750,1200,1,枚,3,片面,,マット,,,支給,有,3.0,浜松市南区高塚町,店名変更,32000,税別
2212-060,2022-12-28,1041,佐藤,カルプ文字,,500,8,文字,50,,,,シート貼り,,新規,有,5.0,浜松市浜北区貴布祢,,112100,税別
2301-001,2023-01-05,9999,渡辺,インクジェット出力,300,850,1,枚,,,塩ビ,マット,,,修正,無,,,ロゴデータAI支給,8000,
2301-002,2023-01-05,1075,田中,アルミ複合板看板,1900,1800,1,枚,3,片面,,グロス,,,新規,有,5.0,浜松市北区三方原町,ビス穴加工,98000,税別
2301-003,2023-01-05,9999,田中,インクジェット出力,300,900,10,枚,,,ターポリン,なし,,,新規,無,,,ロゴのみ メールにて依頼 見積有効期限1ヶ月,24800,税込
2301-004,2023-01-06,9999,佐藤,アルミ複合板看板,1450,550,10,枚,3,片面,,グロス,,,新規,無,,,,122300,税込
2301-005,2023-01-06,1041,佐藤,アルミ複合板看板,600,900,1,枚,3,片面,,グロス,,,支給,有,2.2,静岡市駿河区,紹介案件,45900,税別
2301-006,2023-01-10,9999,佐藤,アルミ複合板看板,300,450,10,枚,3,片面,,なし,,,新規,有,1.5,浜松市中区鍛冶町,穴あけ4箇所 雨天順延,59100,税込
2301-007,2023-01-10,1022,佐藤,インクジェット出力,728,1030,13,枚,,,合成紙,なし,,,支給,有,1.8,浜松市浜北区貴布祢,増刷／特急（3営業日）／引取り,49800,税別
2301-008,2023-01-11,1092,田中,アルミ複合板看板,450,900,12,枚,3,両面,,グロス,,,支給,有,2.0,浜松市中区鍛冶町,校正2回まで／前回データで／店名変更／改装に伴う,93000,税別
2301-009,2023-01-11,1026,渡辺,インクジェット出力,594,841,92,枚,,,塩ビ,グロス,,,新規,無,,,請求書は本社宛 イベント用 引取り,175600,
2301-010,2023-01-11,1084,田中,インクジェット出力,600,1800,1,枚,,,塩ビ,グロス,,,支給,無,,,,5100,税別
2301-011,2023-01-12,9999,佐藤,インクジェット出力,1100,1150,10,枚,,,透過フィルム,グロス,,,新規,無,,,,108500,税込
2301-012,2023-01-12,1022,佐藤,インクジェット出力,1000,3000,1,枚,,,塩ビ,グロス,,,修正,無,,,,20500,税別
2301-013,2023-01-12,1022,佐藤,アルミ複合板看板,1800,900,3,枚,3,片面,,マット,,,支給,無,,,角R加工,42500,税別
2301-014,2023-01-16,1068,渡辺,アルミ複合板看板,450,600,1,枚,3,片面,,グロス,,,修正,無,,,ロゴのみ、社内確認中、穴あけ4箇所,13000,
2301-015,2023-01-16,1048,田中,アルミ複合板看板,500,850,1,枚,3,両面,,グロス,,,修正,無,,,イベント用、屋内用,15800,税別
2301-016,2023-01-17,1039,渡辺,カルプ文字,,180,10,文字,20,,,,シート貼り,,支給,有,3.0,磐田市,搬入経路要確認／メールにて依頼,48000,
2301-017,2023-01-17,1074,渡辺,アルミ複合板看板,1800,900,6,枚,3,片面,,グロス,,,支給,有,5.0,浜松市西区雄踏町,穴あけ、増刷、現地調査含む,151990,
2301-018,2023-01-17,9999,佐藤,アルミ複合板看板,1100,1400,1,枚,3,片面,,マット,,,支給,無,,,角R加工,20400,税別
2301-019,2023-01-18,1049,田中,アルミ複合板看板,1500,900,1,枚,3,片面,,グロス,,,支給,無,,,ビス穴加工／急ぎではない／改装に伴う,14800,税別
2301-020,2023-01-19,1067,佐藤,袖看板,600,1200,1,台,,両面,,,,なし,新規,有,4.5,浜松市中区鍛冶町,【特急】,234400,税別
2212-059-2,2023-01-19,9999,田中,アルミ複合板看板,750,1200,2,枚,3,片面,,マット,,,支給,有,3.0,浜松市南区高塚町,店名変更、数量変更,42000,税別
2301-021,2023-01-20,9999,佐藤,アルミ複合板看板,450,600,10,枚,3,片面,,グロス,,,修正,無,,,至急 色校正あり 穴あけ4箇所,61200,税込
2301-022,2023-01-20,9999,佐藤,アルミ複合板看板,450,600,1,枚,3,片面,,グロス,,,支給,無,,袋井市,現調あり、穴あけ,26400,税込
2301-023,2023-01-20,1048,田中,カルプ文字,,300,8,文字,10,,,,シート貼り,,修正,有,5.0,浜松市東区天王町,,66000,税別
2301-024,2023-01-20,1096,佐藤,アルミ複合板看板,1600,1000,1,枚,3,片面,,マット,,,支給,有,3.0,豊橋市,改装に伴う 引取り 増刷,46100,税別
2301-025,2023-01-23,1060,渡辺,袖看板,450,900,1,台,,両面,,,,LED内照,支給,有,5.0,豊川市,,217000,
2301-026,2023-01-23,1055,渡辺,袖看板,450,900,1,台,,両面,,,,なし,修正,無,,,,88000,
2301-027,2023-01-24,9999,佐藤,インクジェット出力,300,1000,1,枚,,,塩ビ,なし,,,修正,有,1.5,浜松市西区雄踏町,撤去は別途,24000,税別
2301-028,2023-01-24,1095,渡辺,アルミ複合板看板,1750,750,1,枚,3,片面,,なし,,,新規,無,,,,22900,
2301-029,2023-01-24,9999,渡辺,インクジェット出力,300,900,4,枚,,,合成紙,なし,,,修正,無,,,請求書は本社宛,8800,税込
2301-030,2023-01-25,1053,渡辺,インクジェット出力,1650,300,1,枚,,,ターポリン,なし,,,支給,有,1.8,浜松市浜北区貴布祢,,21000,
2301-031,2023-01-26,1041,佐藤,カルプ文字,,900,6,文字,30,,,,塗装,,支給,有,2.5,浜松市東区天王町,屋内用,123300,税別
2301-032,2023-01-27,1023,田中,インクジェット出力,1450,1350,7,枚,,,合成紙,なし,,,支給,有,1.8,浜松市中区鍛冶町,2案提出 夜間施工 鍛冶店 ロゴデータAI支給 既存撤去・産廃処分,109000,税別
2301-033,2023-01-27,9999,田中,アルミ複合板看板,1450,1100,1,枚,3,片面,,マット,,,支給,無,,,,20000,税別
2301-034,2023-01-30,1023,田中,インクジェット出力,1200,1800,1,枚,,,合成紙,グロス,,,新規,有,1.8,浜松市北区細江町,細江店、既存看板撤去・処分,53000,税別
2301-035,2023-01-30,1060,佐藤,アルミ複合板看板,1400,1850,1,枚,3,片面,,グロス,,,新規,無,,,,48200,税別
2302-001,2023-02-01,1041,佐藤,カルプ文字,,100,7,文字,10,,,,シート貼り,,新規,有,4.0,浜松市中区佐鳴台,,35100,税別
2302-002,2023-02-01,9999,佐藤,インクジェット出力,350,1150,2,枚,,,塩ビ,グロス,,,支給,無,,,,6600,税込
2302-003,2023-02-01,1027,佐藤,アルミ複合板看板,300,450,1,枚,3,両面,,マット,,,支給,無,,,データ入稿済,10400,税別
2302-004,2023-02-01,9999,渡辺,インクジェット出力,1200,1800,1,枚,,,塩ビ,マット,,,新規,無,,,メールにて依頼,19900,
2302-005,2023-02-02,9999,田中,インクジェット出力,515,728,1,枚,,,合成紙,マット,,,修正,無,,,,8800,税込
2302-006,2023-02-02,1047,田中,インクジェット出力,841,1189,20,枚,,,ターポリン,なし,,,支給,無,,,白フチあり／2案提出,54000,税別
2302-007,2023-02-02,1086,渡辺,アルミ複合板看板,900,1800,18,枚,3,片面,,なし,,,支給,有,3.5,周智郡森町,前回データで、穴あけ4箇所、なるべく急ぎで、新店舗,298600,
2302-008,2023-02-02,1053,渡辺,インクジェット出力,550,1350,9,枚,,,塩ビ,グロス,,,新規,無,,,,37300,
2302-009,2023-02-02,1088,渡辺,アルミ複合板看板,550,850,1,枚,3,片面,,マット,,,支給,無,,,仮見積／2案提出／フルカラー,11600,税込
2302-010,2023-02-03,1023,田中,袖看板,600,1200,1,台,,両面,,,,LED内照,修正,有,10.0,浜松市中区佐鳴台,夜間作業／佐鳴台店,273000,税別
2302-011,2023-02-03,9999,佐藤,アルミ複合板看板,450,600,1,枚,3,片面,,グロス,,,新規,無,,,電話にて依頼,19700,税込
2302-012,2023-02-03,1054,佐藤,アルミ複合板看板,1500,900,1,枚,3,片面,,グロス,,,修正,無,,,,17500,税別
2302-013,2023-02-03,1075,田中,カルプ文字,,700,12,文字,20,,,,シート貼り,,支給,無,,,改装に伴う,105000,税別
2302-014,2023-02-04,1096,田中,アルミ複合板看板,1000,2000,1,枚,3,片面,,グロス,,,支給,無,,,,20700,税別
2302-015,2023-02-06,9999,佐藤,アルミ複合板看板,910,1820,1,枚,3,片面,,マット,,,新規,有,1.5,浜松市北区細江町,穴あけ,46300,税込
2302-016,2023-02-06,1095,渡辺,アルミ複合板看板,2400,1200,4,枚,3,片面,,グロス,,,支給,無,,,,91900,
2302-017,2023-02-06,1046,佐藤,インクジェット出力,420,594,1,枚,,,塩ビ,グロス,,,修正,有,3.0,浜松市西区雄踏町,既存看板撤去・処分,52000,税別
2302-018,2023-02-06,1068,渡辺,インクジェット出力,650,1700,1,枚,,,透過フィルム,グロス,,,支給,有,1.5,菊川市,2色、仮見積、現地調査希望,34500,
2302-019,2023-02-07,9999,田中,袖看板,450,900,1,台,,両面,,,,なし,支給,無,,,,93500,税込
2302-020,2023-02-07,1047,田中,インクジェット出力,900,1800,2,枚,,,塩ビ,マット,,,支給,有,3.0,名古屋市中区,FAXにて送付,54000,税別
2302-021,2023-02-07,1072,田中,カルプ文字,,400,9,文字,20,,,,シート貼り,,支給,無,,,前回同様,37000,税別
2302-022,2023-02-07,9999,佐藤,袖看板,400,800,1,台,,両面,,,,なし,支給,無,,,社内確認中,80700,税別
2302-023,2023-02-07,1045,渡辺,カルプ文字,,100,4,文字,20,,,,塗装,,修正,有,3.0,豊橋市,撤去は別途,41500,
2302-024,2023-02-07,1032,渡辺,インクジェット出力,1200,1800,4,枚,,,透過フィルム,なし,,,修正,有,1.8,浜松市北区細江町,見積有効期限1ヶ月、既存撤去（処分不要）、電話にて依頼,81100,
2302-025,2023-02-08,9999,佐藤,カルプ文字,,250,8,文字,20,,,,塗装,,支給,無,,,データ入稿済,35400,税別
2302-026,2023-02-08,9999,田中,袖看板,450,900,1,台,,両面,,,,LED内照,支給,有,4.5,浜松市南区高塚町,雨天順延,235400,税込
2302-027,2023-02-10,9999,渡辺,インクジェット出力,600,1800,3,枚,,,合成紙,グロス,,,新規,有,1.5,浜松市天竜区二俣町,見積有効期限1ヶ月,46400,税込
2302-028,2023-02-10,1064,佐藤,インクジェット出力,420,594,2,枚,,,塩ビ,なし,,,新規,有,2.0,静岡市葵区,店名変更,43000,税別
2302-029,2023-02-11,1023,田中,アルミ複合板看板,3000,900,11,枚,3,片面,,グロス,,,修正,有,2.5,岡崎市,,469000,税別
2302-030,2023-02-13,1071,佐藤,インクジェット出力,400,1300,88,枚,,,ターポリン,なし,,,支給,無,,,,136700,税別
2302-031,2023-02-13,1026,渡辺,インクジェット出力,600,550,2,枚,,,ターポリン,なし,,,支給,無,,,前回同様,5000,
2302-032,2023-02-14,9999,渡辺,アルミ複合板看板,3550,1300,2,枚,3,両面,,マット,,,新規,無,,,電話にて依頼／請求書は本社宛,188700,税込
2302-033,2023-02-14,9999,田中,カルプ文字,,800,10,文字,20,,,,塗装,,新規,有,2.5,浜松市中区鍛冶町,閉店後夜間施工／現地調査希望／改装に伴う,192500,税込
2302-034,2023-02-15,1072,田中,インクジェット出力,728,1030,4,枚,,,ターポリン,なし,,,支給,有,2.4,浜松市西区雄踏町,既存撤去・産廃処分,58000,税別
2302-035,2023-02-15,1075,佐藤,アルミ複合板看板,600,900,1,枚,3,両面,,グロス,,,修正,有,3.0,浜松市中区鍛冶町,テナント看板、【特急】,40700,税別
2302-036,2023-02-15,1045,渡辺,袖看板,450,1200,2,台,,両面,,,,なし,新規,有,8.0,磐田市,白フチあり,359000,
2302-037,2023-02-16,9999,田中,インクジェット出力,900,1800,10,枚,,,ターポリン,なし,,,支給,無,,,ロゴのみ,66000,税込
2302-038,2023-02-16,1060,佐藤,アルミ複合板看板,1550,1500,5,枚,3,片面,,マット,,,新規,有,4.0,新城市,,248400,税別
2302-039,2023-02-17,1053,渡辺,インクジェット出力,841,1189,18,枚,,,塩ビ,なし,,,修正,無,,,新店舗,52800,
2302-040,2023-02-17,1027,佐藤,カルプ文字,,200,10,文字,50,,,,シート貼り,,新規,有,3.0,袋井市,撤去処分込み,87700,税別
2302-041,2023-02-17,1068,渡辺,アルミ複合板看板,300,450,4,枚,3,片面,,マット,,,支給,無,,,,17300,
2302-042,2023-02-20,1080,渡辺,アルミ複合板看板,450,900,2,枚,3,片面,,グロス,,,支給,有,6.0,浜松市西区舞阪町,,51000,
2302-043,2023-02-21,1013,佐藤,インクジェット出力,1250,1700,4,枚,,,ターポリン,なし,,,修正,有,1.5,浜松市東区天王町,既存撤去（処分不要）,66600,税別
2302-044,2023-02-21,9999,佐藤,カルプ文字,,500,4,文字,20,,,,シート貼り,,修正,無,,,,30800,税込
2302-045,2023-02-22,1022,佐藤,インクジェット出力,300,900,8,枚,,,透過フィルム,なし,,,修正,無,,,配送希望,14400,税別
2302-046,2023-02-22,1023,田中,インクジェット出力,1370,5000,4,枚,,,塩ビ,グロス,,,支給,無,,,,156000,税別
2302-047,2023-02-22,9999,佐藤,カルプ文字,,150,10,文字,30,,,,シート貼り,,新規,無,,,校正2回まで,28200,税別
2302-048,2023-02-22,1053,渡辺,カルプ文字,,350,8,文字,20,,,,シート貼り,,新規,有,4.0,周智郡森町,現場写真受領、既存撤去あり、なるべく急ぎで,84800,
2302-049,2023-02-22,1053,渡辺,インクジェット出力,900,3600,15,枚,,,塩ビ,グロス,,,支給,有,2.4,豊橋市,2色、リピート、背景：白,273800,
2302-050,2023-02-24,1045,渡辺,アルミ複合板看板,1050,550,1,枚,3,片面,,グロス,,,修正,無,,,,14000,
2302-051,2023-02-24,1092,田中,インクジェット出力,1370,5000,11,枚,,,合成紙,マット,,,支給,無,,,特急対応,508000,税別
2302-052,2023-02-24,1058,佐藤,インクジェット出力,900,3600,24,枚,,,透過フィルム,グロス,,,支給,無,,,屋内用、見積有効期限1ヶ月、配送希望,275300,税別
2302-053,2023-02-24,1045,渡辺,インクジェット出力,850,1400,67,枚,,,ターポリン,なし,,,支給,無,,,前回同様、屋内用、引取り,233200,
2302-054,2023-02-24,1049,田中,インクジェット出力,1650,1200,14,枚,,,塩ビ,マット,,,支給,無,,,テナント看板 前回同様,117000,税別
2302-055,2023-02-27,9999,田中,インクジェット出力,450,1200,2,枚,,,塩ビ,マット,,,新規,無,,,,16280,税別
2302-056,2023-02-27,1083,佐藤,袖看板,1000,3000,1,台,,両面,,,,LED内照,支給,有,4.5,島田市,要図面／納期急ぎません／社内確認中／午前中施工希望,475000,税別
2302-057,2023-02-27,1022,佐藤,インクジェット出力,515,728,2,枚,,,塩ビ,なし,,,支給,無,,,メールにて依頼、オープン前,5000,税別
2302-058,2023-02-28,1023,田中,インクジェット出力,900,3600,1,枚,,,合成紙,マット,,,支給,無,,,メールにて依頼,11600,税別
2302-059,2023-02-28,1045,渡辺,袖看板,450,1200,1,台,,両面,,,,LED内照,新規,有,4.0,豊橋市,要図面、社内確認中,253000,
2302-060,2023-02-28,1053,渡辺,アルミ複合板看板,750,1050,2,枚,3,片面,,マット,,,新規,有,1.8,浜松市中区佐鳴台,現地調査不要（写真あり）、既存看板撤去／処分,62700,
2303-001,2023-03-01,1023,田中,インクジェット出力,600,1800,1,枚,,,ターポリン,なし,,,支給,有,1.8,浜松市中区鍛冶町,,17200,税別
2303-002,2023-03-01,9999,渡辺,インクジェット出力,1000,800,8,枚,,,塩ビ,マット,,,新規,有,2.0,浜松市北区引佐町,現調あり、平日のみ施工可,56600,
2303-003,2023-03-01,1041,田中,アルミ複合板看板,1000,2000,1,枚,3,片面,,マット,,,修正,有,4.0,浜松市東区天王町,既存看板撤去・処分,62000,税別
2303-004,2023-03-01,1024,渡辺,アルミ複合板看板,300,450,5,枚,3,両面,,グロス,,,新規,無,,,配送希望,36400,
2303-005,2023-03-02,9999,田中,インクジェット出力,594,841,2,枚,,,合成紙,マット,,,新規,無,,,,13400,税別
2303-006,2023-03-02,1022,佐藤,カルプ文字,,600,8,文字,30,,,,シート貼り,,支給,有,3.0,浜松市浜北区貴布祢,特急対応,110600,税別
2303-007,2023-03-02,1053,渡辺,カルプ文字,,150,21,文字,20,,,,塗装,,支給,無,,,,45600,
2303-008,2023-03-02,9999,渡辺,アルミ複合板看板,900,1800,2,枚,3,片面,,グロス,,,修正,無,,,,36000,税込
2303-009,2023-03-02,1082,佐藤,アルミ複合板看板,1800,500,1,枚,3,片面,,マット,,,新規,無,,,背景：白／ご担当：店長様／フルカラー,22300,税別
2303-010,2023-03-02,1012,佐藤,インクジェット出力,900,1800,4,枚,,,塩ビ,マット,,,支給,無,,,,23300,税別
2303-011,2023-03-02,1042,佐藤,アルミ複合板看板,900,1800,15,枚,3,両面,,グロス,,,修正,有,2.2,岡崎市,角R加工、既存看板撤去・処分,394200,税別
2303-012,2023-03-03,1055,渡辺,アルミ複合板看板,1800,900,5,枚,3,片面,,なし,,,新規,無,,,角丸,73200,
2303-013,2023-03-03,1074,渡辺,アルミ複合板看板,1900,1150,13,枚,3,片面,,グロス,,,新規,無,,,移転に伴い,268300,
2303-014,2023-03-03,9999,佐藤,アルミ複合板看板,1550,2050,1,枚,3,片面,,グロス,,,新規,無,,,,58000,税込
2303-015,2023-03-03,1023,田中,アルミ複合板看板,900,1800,6,枚,3,片面,,マット,,,支給,有,2.2,浜松市東区天王町,仮見積,113000,税別
2303-016,2023-03-06,9999,田中,インクジェット出力,1450,350,1,枚,,,塩ビ,グロス,,,修正,無,,,ロゴのみ,8800,税込
2303-017,2023-03-06,1082,佐藤,インクジェット出力,450,1200,2,枚,,,透過フィルム,なし,,,支給,無,,,2案提出／テナント看板,7000,税別
2303-018,2023-03-06,1055,渡辺,インクジェット出力,594,841,1,枚,,,透過フィルム,なし,,,新規,無,,浜松市中区佐鳴台,現調あり、改装に伴う、PDF送付済,18000,
2303-019,2023-03-06,9999,佐藤,アルミ複合板看板,1150,1850,2,枚,3,片面,,マット,,,修正,無,,,電話番号変更,50900,税込
2303-020,2023-03-06,1080,渡辺,アルミ複合板看板,300,1900,1,枚,3,片面,,マット,,,修正,有,5.0,磐田市,既存看板撤去／処分,81900,
2303-021,2023-03-07,1060,佐藤,アルミ複合板看板,300,450,1,枚,3,片面,,グロス,,,新規,無,,,電話番号変更、至急でお願いします,22200,税別
2303-022,2023-03-07,1055,渡辺,インクジェット出力,841,1189,12,枚,,,合成紙,なし,,,支給,無,,,イベント用／白フチあり,28400,
2303-023,2023-03-07,1048,田中,インクジェット出力,594,841,5,枚,,,合成紙,なし,,,新規,無,,,メールにて依頼,15500,税別
2303-024,2023-03-07,1075,田中,インクジェット出力,450,300,20,枚,,,塩ビ,なし,,,新規,無,,,,21200,税別
2303-025,2023-03-07,1074,渡辺,インクジェット出力,600,1800,1,枚,,,ターポリン,なし,,,新規,無,,,引取り,14000,
2303-026,2023-03-08,1041,佐藤,カルプ文字,,250,6,文字,20,,,,シート貼り,,修正,有,3.0,浜松市北区引佐町,なるべく急ぎで 要現調,50900,税別
2303-027,2023-03-08,1080,渡辺,インクジェット出力,1700,1550,2,枚,,,合成紙,グロス,,,支給,無,,,,32000,
2303-028,2023-03-08,1054,佐藤,カルプ文字,,400,27,文字,20,,,,シート貼り,,新規,無,,,背景：白,117900,税別
2303-029,2023-03-08,1022,佐藤,アルミ複合板看板,1500,900,2,枚,3,片面,,グロス,,,新規,無,,,角丸／見積有効期限1ヶ月／至急対応希望,44400,税別
2303-030,2023-03-09,1023,田中,インクジェット出力,841,1189,19,枚,,,塩ビ,マット,,,支給,無,,,前回データで、屋内用,66000,税別
2303-031,2023-03-09,9999,渡辺,カルプ文字,,200,10,文字,20,,,,シート貼り,,修正,有,2.0,浜松市浜北区貴布祢,,47300,税込
2303-032,2023-03-09,1053,田中,アルミ複合板看板,900,1800,2,枚,3,片面,,グロス,,,新規,無,,,2案提出,38000,税別
2303-033,2023-03-09,1010,佐藤,袖看板,500,1500,1,台,,両面,,,,LED内照,修正,有,4.5,浜松市西区雄踏町,,282900,税別
2303-034,2023-03-10,1085,佐藤,カルプ文字,,200,24,文字,20,,,,シート貼り,,支給,有,3.5,浜松市中区佐鳴台,屋内用,76900,税別
2303-035,2023-03-10,1075,田中,カルプ文字,,300,24,文字,20,,,,シート貼り,,支給,有,4.5,豊橋市,2色、フルカラー,127000,税別
2303-036,2023-03-10,1047,佐藤,インクジェット出力,1400,1450,5,枚,,,透過フィルム,なし,,,支給,無,,,FAXにて送付／請求書は本社宛／リピート,62100,税別
2303-037,2023-03-13,1055,渡辺,カルプ文字,,500,10,文字,20,,,,塗装,,支給,無,,,移転に伴い,77300,
2303-038,2023-03-13,1075,田中,インクジェット出力,1800,900,4,枚,,,塩ビ,マット,,,新規,有,2.4,浜松市浜北区貴布祢,,61000,税別
2303-039,2023-03-13,1011,佐藤,袖看板,450,900,1,台,,両面,,,,なし,支給,有,3.5,豊川市,屋内用,140000,税別
2303-040,2023-03-14,1054,佐藤,カルプ文字,,80,16,文字,20,,,,塗装,,支給,有,2.5,浜松市北区引佐町,【特急】／撤去は別途,61500,税別
2303-041,2023-03-15,1055,渡辺,アルミ複合板看板,1700,1450,1,枚,3,片面,,グロス,,,支給,無,,,至急、メールにて依頼,51700,
2303-042,2023-03-15,1012,佐藤,インクジェット出力,594,841,20,枚,,,塩ビ,グロス,,,支給,無,,,背景：白,33600,税別
2303-043,2023-03-15,1024,渡辺,インクジェット出力,950,1250,5,枚,,,ターポリン,なし,,,新規,有,1.5,浜松市天竜区二俣町,改装に伴う,60700,
2303-044,2023-03-15,1053,渡辺,アルミ複合板看板,950,700,1,枚,3,両面,,マット,,,修正,無,,,校正2回まで、新店舗,16800,
2303-045,2023-03-16,1055,渡辺,アルミ複合板看板,3550,1200,7,枚,3,両面,,マット,,,支給,有,2.0,湖西市,リピート メールにて依頼,458300,
2303-046,2023-03-16,9999,佐藤,アルミ複合板看板,910,1820,2,枚,3,両面,,なし,,,新規,無,,,,51100,税込
2303-047,2023-03-16,1023,田中,アルミ複合板看板,600,600,1,枚,3,片面,,グロス,,,支給,有,3.0,掛川市,リピート、電話にて依頼、掛川店、角丸,36000,税別
2303-048,2023-03-17,1045,渡辺,アルミ複合板看板,3250,1750,1,枚,3,片面,,マット,,,新規,無,,,,79700,
2303-049,2023-03-17,1042,佐藤,袖看板,450,1200,1,台,,両面,,,,LED内照,修正,有,8.0,浜松市中区佐鳴台,テナント看板,243700,税別
2303-050,2023-03-17,1091,渡辺,インクジェット出力,1000,3000,1,枚,,,塩ビ,なし,,,新規,無,,,,21500,
2303-051,2023-03-18,1023,田中,インクジェット出力,594,841,1,枚,,,合成紙,なし,,,支給,無,,,支払：月末締翌月末、納期急ぎません,5000,税別
2303-052,2023-03-18,9999,田中,アルミ複合板看板,900,900,1,枚,3,片面,,グロス,,,新規,有,2.2,浜松市南区高塚町,撤去は別途,42000,税別
2303-053,2023-03-20,1042,佐藤,袖看板,700,1800,1,台,,両面,,,,LED内照,修正,有,9.0,周智郡森町,急ぎではない、店名変更、オープン前,319700,税別
2303-054,2023-03-20,1079,佐藤,袖看板,600,1200,1,台,,両面,,,,LED内照,修正,有,7.0,浜松市中区鍛冶町,既存撤去（処分不要）、支払：月末締翌月末、要図面,261600,税別
2303-055,2023-03-20,9999,田中,アルミ複合板看板,450,1250,2,枚,3,片面,,マット,,,支給,有,2.2,浜松市西区雄踏町,,41800,税込
2303-056,2023-03-22,1022,佐藤,アルミ複合板看板,1000,2000,2,枚,3,片面,,マット,,,支給,有,3.5,浜松市中区佐鳴台,現地調査希望,69500,税別
2303-057,2023-03-22,1064,田中,インクジェット出力,1800,900,5,枚,,,合成紙,なし,,,新規,無,,,支払：月末締翌月末,28700,税別
2303-058,2023-03-22,9999,渡辺,アルミ複合板看板,1800,900,10,枚,3,両面,,マット,,,修正,無,,,,207500,税込
2303-059,2023-03-22,9999,佐藤,カルプ文字,,250,8,文字,30,,,,シート貼り,,新規,有,4.5,浜松市中区鍛冶町,配送希望,85500,税込
2303-060,2023-03-22,1056,渡辺,インクジェット出力,420,594,3,枚,,,合成紙,マット,,,支給,有,2.4,磐田市,【特急】,32100,
2303-061,2023-03-23,1088,渡辺,アルミ複合板看板,600,900,1,枚,3,片面,,マット,,,新規,有,5.0,浜松市北区細江町,,71500,税込
2303-062,2023-03-23,1068,渡辺,袖看板,450,1200,1,台,,両面,,,,なし,修正,有,5.0,菊川市,,196000,
2303-063,2023-03-23,1091,渡辺,カルプ文字,,250,4,文字,10,,,,塗装,,修正,有,3.5,新城市,移転に伴い、電話番号変更、現場写真受領,55800,
2303-064,2023-03-23,1055,渡辺,インクジェット出力,300,900,3,枚,,,透過フィルム,グロス,,,支給,無,,,社内確認中、テナント看板,6900,
2303-065,2023-03-23,1096,田中,アルミ複合板看板,750,1500,1,枚,3,片面,,グロス,,,修正,有,2.5,豊橋市,撤去処分込み、雨天順延,164000,税別
2303-066,2023-03-24,1055,佐藤,カルプ文字,,350,3,文字,50,,,,シート貼り,,修正,無,,,PDF送付済,24900,税別
2303-067,2023-03-24,1089,佐藤,アルミ複合板看板,1800,1900,1,枚,3,片面,,グロス,,,支給,有,2.0,袋井市,電話にて依頼、穴あけ4箇所,66700,税別
2303-068,2023-03-25,1082,田中,アルミ複合板看板,500,1700,1,枚,3,片面,,グロス,,,支給,有,2.0,浜松市東区天王町,移転に伴い、校正2回まで,24300,税別
2303-069,2023-03-27,1042,佐藤,アルミ複合板看板,1200,600,2,枚,3,片面,,なし,,,修正,無,,,改装に伴う,21900,税別
2303-070,2023-03-27,1075,田中,アルミ複合板看板,300,450,18,枚,3,片面,,グロス,,,支給,無,,,屋外用、校正2回まで,57000,税別
2303-071,2023-03-27,1068,渡辺,インクジェット出力,600,1800,5,枚,,,合成紙,なし,,,新規,無,,,改装に伴う,22100,
2303-072,2023-03-27,1075,田中,インクジェット出力,750,550,3,枚,,,塩ビ,グロス,,,新規,無,,,,16000,税別
2303-073,2023-03-28,1082,佐藤,インクジェット出力,300,900,15,枚,,,塩ビ,マット,,,新規,無,,,,28000,税別
2303-074,2023-03-28,9999,佐藤,インクジェット出力,420,594,10,枚,,,合成紙,なし,,,修正,無,,,,11300,税込
2303-075,2023-03-28,9999,田中,アルミ複合板看板,1150,1000,3,枚,3,両面,,グロス,,,支給,無,,,,56000,税別
2303-076,2023-03-29,9999,渡辺,アルミ複合板看板,2150,1550,9,枚,3,片面,,なし,,,新規,有,4.5,浜松市中区鍛冶町,,454500,
2303-077,2023-03-29,1027,佐藤,インクジェット出力,500,1150,12,枚,,,合成紙,なし,,,修正,無,,,,19900,税別
2303-078,2023-03-30,1077,佐藤,袖看板,400,800,1,台,,両面,,,,なし,支給,有,3.0,浜松市東区天王町,配送希望、既存看板撤去／処分,146700,税別
2303-079,2023-03-30,1077,佐藤,インクジェット出力,600,1800,1,枚,,,透過フィルム,なし,,,支給,有,2.4,浜松市中区鍛冶町,,26200,税別
2303-080,2023-03-30,1023,田中,袖看板,450,900,1,台,,両面,,,,なし,支給,有,10.0,浜松市中区佐鳴台,既存看板撤去 佐鳴台店 移転に伴い,175000,税別
2303-081,2023-03-30,1010,佐藤,インクジェット出力,700,900,9,枚,,,塩ビ,マット,,,支給,有,1.0,菊川市,,46800,税別
2304-001,2023-04-03,1080,渡辺,袖看板,450,900,1,台,,両面,,,,なし,修正,有,7.0,浜松市中区鍛冶町,既存看板撤去／要現調／見積有効期限1ヶ月／移転に伴い,169800,
2304-002,2023-04-03,1020,渡辺,カルプ文字,,800,11,文字,20,,,,塗装,,修正,無,,,,146900,
2304-003,2023-04-03,1091,鈴木,アルミ複合板看板,1200,600,9,枚,3,片面,,グロス,,,支給,無,,,,91200,税抜
2304-004,2023-04-04,1048,田中,アルミ複合板看板,500,1000,5,枚,3,片面,,グロス,,,支給,有,3.0,浜松市中区鍛冶町,前回同様、角丸,65000,税別
2304-005,2023-04-04,9999,田中,インクジェット出力,1750,1550,1,枚,,,塩ビ,グロス,,,新規,無,,,,32600,税込
2304-006,2023-04-04,1023,田中,アルミ複合板看板,350,800,48,枚,3,片面,,グロス,,,支給,有,2.2,浜松市西区雄踏町,雄踏店、イベント用,205000,税別
2304-007,2023-04-04,1041,佐藤,アルミ複合板看板,3000,900,1,枚,3,片面,,グロス,,,新規,有,4.5,浜松市北区引佐町,,91700,税別
2304-008,2023-04-04,1022,佐藤,アルミ複合板看板,900,900,2,枚,3,片面,,グロス,,,修正,無,,,,19600,税別
2304-009,2023-04-06,1054,佐藤,カルプ文字,,500,13,文字,30,,,,シート貼り,,新規,有,3.0,周智郡森町,ロゴのみ,115000,税別
2304-010,2023-04-06,1033,田中,インクジェット出力,420,594,27,枚,,,ターポリン,なし,,,新規,有,1.5,浜松市中区佐鳴台,ハトメなし,41000,税別
2304-011,2023-04-06,9999,鈴木,インクジェット出力,350,1400,2,枚,,,透過フィルム,グロス,,,支給,無,,,,8100,税込
2304-012,2023-04-06,1023,田中,アルミ複合板看板,750,1500,1,枚,3,片面,,グロス,,,修正,無,,,ご担当：店長様、移転に伴い,15000,税別
2304-013,2023-04-06,9999,渡辺,インクジェット出力,594,841,9,枚,,,合成紙,マット,,,新規,無,,,ロゴデータAI支給,27800,税込
2304-014,2023-04-07,1045,渡辺,インクジェット出力,1000,3000,5,枚,,,塩ビ,グロス,,,修正,無,,,概算／見積有効期限1ヶ月／紹介案件,79000,
2304-015,2023-04-07,1023,田中,インクジェット出力,600,1800,1,枚,,,ターポリン,マット,,,支給,無,,,PDF送付済、ロゴのみ,6400,税別
2304-016,2023-04-07,1041,佐藤,カルプ文字,,700,7,文字,10,,,,シート貼り,,修正,有,4.0,浜松市中区鍛冶町,2案提出,71200,税別
2304-017,2023-04-10,1039,渡辺,インクジェット出力,728,1030,1,枚,,,合成紙,グロス,,,修正,無,,,,8000,
2304-018,2023-04-10,1032,渡辺,カルプ文字,,200,7,文字,10,,,,塗装,,支給,有,4.5,浜松市西区雄踏町,支払：月末締翌月末 電話番号変更 お急ぎとのこと,63900,
2304-019,2023-04-10,1094,渡辺,カルプ文字,,300,8,文字,20,,,,塗装,,支給,有,4.5,浜松市西区雄踏町,電話にて依頼／既存看板撤去／処分,99400,
2304-020,2023-04-11,1023,田中,アルミ複合板看板,600,600,1,枚,3,片面,,グロス,,,修正,有,4.5,掛川市,角丸／掛川店,61000,税別
2304-021,2023-04-11,1060,佐藤,アルミ複合板看板,900,1800,18,枚,3,片面,,グロス,,,新規,無,,,四隅R、フルカラー,230500,税別
2304-022,2023-04-11,1021,田中,アルミ複合板看板,600,600,1,枚,3,片面,,マット,,,支給,有,3.5,浜松市中区鍛冶町,前面道路狭い、2色,30000,税別
2304-023,2023-04-11,1071,佐藤,インクジェット出力,1250,1700,37,枚,,,ターポリン,なし,,,支給,無,,,店名変更,191900,税別
2304-024,2023-04-11,9999,鈴木,カルプ文字,,200,4,文字,30,,,,シート貼り,,新規,有,4.0,浜松市浜北区貴布祢,管理会社承認待ち、請求書は本社宛、オープン前,47300,税込
2304-025,2023-04-11,1053,渡辺,アルミ複合板看板,1200,600,1,枚,3,片面,,グロス,,,支給,有,1.8,浜松市東区天王町,特急（3営業日）／既存看板撤去・処分／引取り／穴あけ4箇所／夜間（22時以降）,53100,
2304-026,2023-04-11,1012,佐藤,インクジェット出力,900,1800,16,枚,,,合成紙,なし,,,支給,無,,,新店舗,44600,税別
2304-027,2023-04-12,9999,鈴木,アルミ複合板看板,1200,1800,2,枚,3,片面,,グロス,,,新規,無,,,支払：月末締翌月末、ロゴのみ,58600,税込
2304-028,2023-04-12,1022,佐藤,袖看板,450,900,1,台,,両面,,,,LED内照,新規,無,,,,138900,税別
2304-029,2023-04-13,1010,佐藤,インクジェット出力,594,841,2,枚,,,ターポリン,なし,,,支給,無,,,屋外用／前回データで／2案提出／店名変更,5000,税別
2304-030,2023-04-13,9999,佐藤,アルミ複合板看板,1150,1550,1,枚,3,片面,,グロス,,,新規,無,,,角丸,34400,税込
2304-031,2023-04-13,1047,田中,インクジェット出力,728,1030,1,枚,,,合成紙,グロス,,,支給,無,,,2案提出、概算、色校正あり,5000,税別
2304-032,2023-04-13,1089,佐藤,アルミ複合板看板,1700,450,17,枚,3,片面,,マット,,,新規,無,,,見積有効期限1ヶ月,126900,税別
2304-033,2023-04-14,1055,渡辺,アルミ複合板看板,1750,1300,1,枚,3,片面,,グロス,,,新規,有,1.5,周智郡森町,見積有効期限1ヶ月、既存看板撤去・処分,89900,
2304-034,2023-04-14,1012,佐藤,インクジェット出力,594,841,1,枚,,,塩ビ,マット,,,支給,無,,,リピート,5000,税別
2304-035,2023-04-14,1086,鈴木,インクジェット出力,700,800,10,枚,,,塩ビ,なし,,,支給,無,,,支払：月末締翌月末、電話にて依頼、屋内用,17800,税抜
2304-036,2023-04-14,1023,田中,アルミ複合板看板,1820,3640,1,枚,3,片面,,グロス,,,支給,無,,,,65000,税別
2304-037,2023-04-14,1020,渡辺,アルミ複合板看板,600,1800,2,枚,3,片面,,マット,,,支給,無,,,,23300,
2304-038,2023-04-18,1053,渡辺,アルミ複合板看板,1800,900,1,枚,3,両面,,グロス,,,支給,有,4.5,浜松市浜北区貴布祢,現場写真受領 角丸,66600,
2304-039,2023-04-18,1041,鈴木,カルプ文字,,200,17,文字,20,,,,シート貼り,,新規,有,4.0,岡崎市,平日のみ施工可,76800,税抜
2304-040,2023-04-18,1019,田中,インクジェット出力,728,1030,64,枚,,,合成紙,なし,,,支給,無,,,,73000,税別
2304-041,2023-04-18,9999,佐藤,カルプ文字,,80,5,文字,50,,,,塗装,,新規,有,6.0,浜松市中区鍛冶町,校正2回まで、請求書は本社宛、閉店後夜間施工,73800,税込
2304-042,2023-04-18,1025,佐藤,アルミ複合板看板,900,1450,2,枚,3,片面,,マット,,,新規,無,,,至急でお願いします,45200,税別
2304-043,2023-04-18,1086,渡辺,カルプ文字,,150,10,文字,20,,,,シート貼り,,支給,無,,,,18100,
2304-044,2023-04-18,1032,渡辺,アルミ複合板看板,650,450,5,枚,3,片面,,なし,,,修正,有,3.5,湖西市,メールにて依頼,50200,
2304-045,2023-04-19,1042,佐藤,カルプ文字,,400,8,文字,20,,,,シート貼り,,支給,無,,,,34700,税別
2304-046,2023-04-19,1074,鈴木,カルプ文字,,150,6,文字,20,,,,シート貼り,,支給,有,4.0,浜松市東区天王町,前面道路狭い、2案提出、既存看板撤去／処分,52600,税抜
2304-047,2023-04-19,1054,田中,カルプ文字,,80,8,文字,20,,,,塗装,,修正,有,2.5,浜松市東区天王町,電話にて依頼、ご担当：店長様、平日のみ施工可,38000,税別
2304-048,2023-04-20,9999,佐藤,インクジェット出力,1000,3000,3,枚,,,塩ビ,グロス,,,支給,無,,,,51300,税別
2304-049,2023-04-20,1027,佐藤,アルミ複合板看板,600,900,2,枚,3,両面,,グロス,,,支給,有,6.0,磐田市,電話番号変更,63100,税別
2304-050,2023-04-20,1053,渡辺,カルプ文字,,250,42,文字,30,,,,シート貼り,,支給,有,2.5,浜松市北区三方原町,,172600,
2304-051,2023-04-20,9999,田中,袖看板,450,1200,1,台,,両面,,,,なし,新規,有,4.5,袋井市,,228800,税込
2304-052,2023-04-21,1046,田中,アルミ複合板看板,1000,2000,2,枚,3,片面,,グロス,,,支給,無,,,引取り,41000,税別
2304-053,2023-04-21,1065,渡辺,インクジェット出力,1000,3000,7,枚,,,透過フィルム,グロス,,,支給,有,1.8,浜松市東区天王町,,172500,
2304-054,2023-04-21,9999,田中,アルミ複合板看板,1200,2400,1,枚,3,両面,,グロス,,,修正,有,3.5,浜松市浜北区貴布祢,要現調／背景：白／2色,79200,税込
2304-055,2023-04-24,1022,佐藤,袖看板,900,2400,1,台,,両面,,,,LED内照,支給,有,6.0,浜松市東区天王町,要現調,380600,税別
2304-056,2023-04-24,1083,佐藤,インクジェット出力,1800,650,18,枚,,,合成紙,マット,,,新規,無,,,概算、白フチあり、至急対応希望,96500,税別
2304-057,2023-04-25,9999,田中,インクジェット出力,1800,900,5,枚,,,ターポリン,なし,,,新規,無,,,電話番号変更 ロゴデータAI支給,42900,税込
2304-058,2023-04-25,9999,渡辺,カルプ文字,,600,10,文字,20,,,,塗装,,新規,有,6.0,浜松市西区舞阪町,,162200,税込
2304-059,2023-04-25,1055,渡辺,袖看板,450,900,1,台,,両面,,,,なし,新規,有,6.0,浜松市天竜区二俣町,要現調、フルカラー、色校正あり、夜間施工,199000,
2304-060,2023-04-26,9999,田中,インクジェット出力,600,1800,1,枚,,,塩ビ,グロス,,,新規,無,,,請求書は本社宛 ロゴのみ,15800,税込
2304-061,2023-04-26,1010,佐藤,アルミ複合板看板,2750,1100,1,枚,3,片面,,グロス,,,支給,無,,,前回同様、穴あけ4箇所,38700,税別
2304-062,2023-04-26,1008,鈴木,インクジェット出力,900,1150,1,枚,,,合成紙,グロス,,,修正,無,,,【特急】,11700,税抜
2304-063,2023-04-27,1038,田中,インクジェット出力,1550,500,81,枚,,,透過フィルム,なし,,,新規,無,,,,227000,税別
2304-064,2023-04-27,1047,田中,アルミ複合板看板,600,900,1,枚,3,片面,,グロス,,,支給,無,,,納期急ぎません、社内確認中,8800,税別
2304-065,2023-04-28,1023,田中,アルミ複合板看板,910,1820,1,枚,3,片面,,グロス,,,支給,有,3.5,浜松市中区鍛冶町,2色,33000,税別
2304-066,2023-04-28,9999,鈴木,袖看板,600,1800,1,台,,両面,,,,LED内照,修正,有,6.0,浜松市東区天王町,,322800,税込
2304-067,2023-04-28,9999,佐藤,カルプ文字,,150,5,文字,20,,,,シート貼り,,支給,有,3.0,浜松市西区雄踏町,至急でお願いします 現地調査不要（写真あり） 既存看板撤去,58600,税込
2304-068,2023-04-28,1012,佐藤,アルミ複合板看板,910,1820,1,枚,3,両面,,なし,,,支給,無,,,角R加工、データ入稿済、色校正あり、電話にて依頼,15700,税別
2305-001,2023-05-01,1022,佐藤,インクジェット出力,728,1030,20,枚,,,塩ビ,グロス,,,新規,無,,,ご担当：店長様,70700,税別
2305-002,2023-05-01,1023,田中,袖看板,450,1200,2,台,,両面,,,,なし,修正,有,7.0,掛川市,校正2回まで 掛川店,348000,税別
2305-003,2023-05-08,1019,渡辺,アルミ複合板看板,1800,1700,1,枚,3,片面,,グロス,,,支給,有,3.0,新城市,既存看板撤去 請求書は本社宛 現調あり,92300,
2305-004,2023-05-08,9999,田中,インクジェット出力,400,550,1,枚,,,塩ビ,マット,,,修正,無,,,オープン前／見積有効期限1ヶ月／フルカラー,8800,税込
2305-005,2023-05-08,1011,佐藤,インクジェット出力,1800,900,2,枚,,,塩ビ,グロス,,,新規,無,,,,28600,税別
2305-006,2023-05-09,1079,佐藤,カルプ文字,,800,11,文字,30,,,,塗装,,支給,無,,,テナント看板、校正2回まで,172100,税別
2305-007,2023-05-09,1080,渡辺,カルプ文字,,250,19,文字,50,,,,シート貼り,,修正,有,3.0,浜松市西区舞阪町,ロゴのみ、特急,137600,
2305-008,2023-05-09,1023,田中,袖看板,750,1500,1,台,,両面,,,,LED内照,新規,有,12.0,浜松市南区高塚町,紹介案件、現調あり、高塚店,352000,税別
2305-009,2023-05-10,1072,田中,カルプ文字,,120,5,文字,30,,,,シート貼り,,支給,有,3.0,湖西市,要図面,36000,税別
2305-010,2023-05-10,1096,佐藤,アルミ複合板看板,1650,500,2,枚,3,片面,,グロス,,,新規,有,3.0,浜松市北区引佐町,,57800,税別
2305-011,2023-05-10,1002,佐藤,インクジェット出力,1650,200,11,枚,,,塩ビ,グロス,,,支給,無,,,特急対応、リピート,22800,税別
2305-012,2023-05-11,9999,田中,アルミ複合板看板,900,1800,10,枚,3,片面,,マット,,,新規,有,1.5,新城市,穴あけ、角丸、現調あり,259600,税込
2305-013,2023-05-11,9999,佐藤,カルプ文字,,700,10,文字,10,,,,シート貼り,,修正,有,3.5,浜松市浜北区貴布祢,屋外用,112500,税込
2305-014,2023-05-11,1084,田中,インクジェット出力,300,900,16,枚,,,ターポリン,なし,,,支給,無,,,ハトメ不要,13100,税別
2305-015,2023-05-12,9999,佐藤,アルミ複合板看板,1000,2000,1,枚,3,片面,,マット,,,新規,有,3.5,周智郡森町,,63000,税別
2305-016,2023-05-15,1012,佐藤,インクジェット出力,1800,900,1,枚,,,塩ビ,なし,,,支給,無,,,概算、増刷,5000,税別
2305-017,2023-05-15,1048,田中,アルミ複合板看板,450,900,1,枚,3,片面,,グロス,,,支給,無,,,穴あけ4箇所 増刷 急ぎではない,10100,税別
2305-018,2023-05-15,1067,佐藤,アルミ複合板看板,600,450,1,枚,3,両面,,グロス,,,新規,有,4.0,菊川市,2色 既存看板撤去／処分,71200,税別
2305-019,2023-05-15,9999,佐藤,カルプ文字,,250,10,文字,20,,,,シート貼り,,新規,有,4.0,浜松市中区鍛冶町,新店舗、前面道路狭い,59000,税別
2305-020,2023-05-15,1023,田中,アルミ複合板看板,1800,900,1,枚,3,片面,,グロス,,,支給,有,3.5,浜松市北区細江町,細江店、要図面、閉店後夜間施工,45000,税別
2305-021,2023-05-15,9999,鈴木,インクジェット出力,1350,1750,10,枚,,,ターポリン,なし,,,支給,有,1.5,周智郡森町,既存看板撤去／処分、搬入経路要確認,236700,税込
2305-022,2023-05-17,1055,田中,カルプ文字,,200,9,文字,30,,,,シート貼り,,修正,有,3.0,磐田市,既存看板撤去・処分、PDF送付済,72000,税別
2305-023,2023-05-18,1040,佐藤,カルプ文字,,200,4,文字,10,,,,シート貼り,,支給,有,3.0,藤枝市,現場写真受領,46100,税別
2305-024,2023-05-19,1046,佐藤,インクジェット出力,728,1030,5,枚,,,塩ビ,グロス,,,新規,無,,,,26000,税別
2305-025,2023-05-19,1033,田中,インクジェット出力,594,841,1,枚,,,合成紙,グロス,,,新規,有,2.0,岡崎市,特急,44000,税別
2305-026,2023-05-20,1042,田中,カルプ文字,,200,11,文字,20,,,,塗装,,支給,有,7.5,掛川市,,81000,税別
2305-027,2023-05-22,1042,佐藤,アルミ複合板看板,600,1950,5,枚,3,片面,,マット,,,新規,有,5.0,周智郡森町,至急対応希望 フルカラー,156600,税別
2305-028,2023-05-22,9999,鈴木,インクジェット出力,1200,1800,4,枚,,,ターポリン,なし,,,修正,無,,,テナント看板,41600,税込
2305-029,2023-05-22,1045,渡辺,カルプ文字,,120,13,文字,30,,,,シート貼り,,新規,有,4.5,浜松市南区高塚町,,74000,
2305-030,2023-05-22,1048,田中,カルプ文字,,200,35,文字,10,,,,シート貼り,,支給,有,6.0,浜松市西区舞阪町,改装に伴う,118000,税別
2305-031,2023-05-23,1068,渡辺,アルミ複合板看板,600,900,2,枚,3,片面,,マット,,,修正,有,2.0,浜松市西区舞阪町,引取り／至急でお願いします／見積有効期限1ヶ月／既存看板撤去／処分／管理会社承認待ち,59900,
2305-032,2023-05-23,1080,渡辺,アルミ複合板看板,1200,2400,5,枚,3,片面,,グロス,,,支給,無,,,穴あけ,129600,
2305-033,2023-05-23,1092,田中,アルミ複合板看板,900,1800,1,枚,3,両面,,マット,,,修正,有,2.5,浜松市中区鍛冶町,,46000,税別
2305-034,2023-05-24,1091,渡辺,カルプ文字,,350,14,文字,30,,,,シート貼り,,修正,無,,,新店舗,76600,
2305-035,2023-05-24,1085,佐藤,袖看板,450,1200,2,台,,両面,,,,LED内照,支給,有,5.0,藤枝市,PDF送付済、新店舗,505200,税別
2305-036,2023-05-24,9999,佐藤,アルミ複合板看板,910,1820,1,枚,3,片面,,マット,,,支給,無,,,新店舗、校正2回まで,18700,税込
2305-037,2023-05-24,1023,田中,袖看板,450,900,1,台,,両面,,,,LED内照,新規,有,5.0,藤枝市,,242000,税別
2305-038,2023-05-25,1012,田中,アルミ複合板看板,1800,900,2,枚,3,片面,,グロス,,,支給,無,,,ビス穴加工,26200,税別
2305-039,2023-05-25,1042,佐藤,アルミ複合板看板,400,750,1,枚,3,片面,,なし,,,新規,無,,,穴あけ,20300,税別
2305-040,2023-05-25,9999,鈴木,アルミ複合板看板,600,600,7,枚,3,片面,,グロス,,,新規,無,,豊川市,紹介案件、現地調査希望,72400,税込
2305-041,2023-05-25,9999,佐藤,アルミ複合板看板,1500,900,1,枚,3,片面,,グロス,,,支給,無,,,,17200,税込
2305-042,2023-05-25,1022,佐藤,カルプ文字,,120,13,文字,50,,,,シート貼り,,支給,有,3.5,岡崎市,請求書は本社宛,68400,税別
2305-043,2023-05-26,9999,鈴木,アルミ複合板看板,600,1800,2,枚,3,片面,,マット,,,支給,無,,,社内確認中、新店舗,26800,税抜
2305-044,2023-05-29,1023,田中,アルミ複合板看板,350,750,1,枚,3,片面,,マット,,,支給,有,6.0,浜松市中区佐鳴台,閉店後夜間施工、既存撤去あり,69000,税別
2305-045,2023-05-29,9999,田中,アルミ複合板看板,1450,1950,2,枚,3,両面,,マット,,,支給,有,3.5,浜松市北区引佐町,電話にて依頼,148500,税込
2305-046,2023-05-29,9999,田中,アルミ複合板看板,3000,900,10,枚,3,片面,,マット,,,支給,無,,,FAXにて送付,420000,税別
2305-047,2023-05-30,1088,渡辺,アルミ複合板看板,900,1800,1,枚,3,片面,,なし,,,支給,有,2.0,豊川市,改装に伴う／既存看板撤去／処分,61600,税込
2305-048,2023-05-30,1082,佐藤,インクジェット出力,420,594,1,枚,,,塩ビ,なし,,,新規,無,,,特急（3営業日）,16000,税別
2305-049,2023-05-30,1041,佐藤,カルプ文字,,120,15,文字,20,,,,シート貼り,,支給,有,3.5,豊橋市,仮見積、テナント看板、撤去処分込み,71900,税別
2305-050,2023-05-31,1049,田中,アルミ複合板看板,600,600,4,枚,3,片面,,グロス,,,新規,有,2.0,豊橋市,請求書は本社宛,57000,税別
2305-051,2023-05-31,1085,佐藤,カルプ文字,,150,4,文字,30,,,,シート貼り,,修正,有,4.5,菊川市,,62600,税別
2306-001,2023-06-01,9999,渡辺,アルミ複合板看板,600,600,1,枚,3,片面,,グロス,,,支給,無,,,配送希望,11400,
2306-002,2023-06-02,1068,渡辺,袖看板,750,1500,2,台,,両面,,,,LED内照,修正,有,7.0,浜松市西区雄踏町,,649400,
2306-003,2023-06-02,1033,田中,インクジェット出力,420,594,1,枚,,,塩ビ,グロス,,,支給,無,,,色校正あり,5000,税別
2306-004,2023-06-02,9999,田中,カルプ文字,,180,9,文字,30,,,,塗装,,新規,有,2.5,静岡市駿河区,撤去は別途、週末施工希望、色校正あり,82500,税込
2306-005,2023-06-02,9999,鈴木,インクジェット出力,594,841,10,枚,,,塩ビ,グロス,,,新規,有,1.0,浜松市中区鍛冶町,見積有効期限1ヶ月,46200,税込
2306-006,2023-06-02,1053,鈴木,インクジェット出力,1050,450,1,枚,,,ターポリン,なし,,,支給,無,,,ハトメ不要,5000,税抜
2306-007,2023-06-06,1023,佐藤,インクジェット出力,750,1400,76,枚,,,塩ビ,グロス,,,支給,有,3.0,浜松市東区天王町,リピート／天王店／現地調査含む／2色／既存看板撤去／処分,412000,税別
2306-008,2023-06-06,1060,佐藤,インクジェット出力,450,1200,5,枚,,,塩ビ,グロス,,,支給,有,1.8,磐田市,既存看板撤去・処分,49300,税別
2306-009,2023-06-06,1004,佐藤,カルプ文字,,350,4,文字,50,,,,塗装,,新規,有,3.5,周智郡森町,既存撤去・産廃処分,92000,税別
2306-010,2023-06-07,1077,佐藤,アルミ複合板看板,400,1600,1,枚,3,片面,,マット,,,修正,有,3.0,浜松市中区佐鳴台,イベント用、背景：白,35000,税別
2306-011,2023-06-08,1079,佐藤,カルプ文字,,700,4,文字,20,,,,シート貼り,,新規,有,4.5,浜松市南区高塚町,夜間施工,87100,税別
2306-012,2023-06-08,1022,佐藤,アルミ複合板看板,1200,2400,1,枚,3,片面,,グロス,,,修正,有,4.0,浜松市南区高塚町,午前中施工希望,51200,税別
2306-013,2023-06-08,1025,佐藤,袖看板,450,1200,1,台,,両面,,,,LED内照,新規,無,,,,198600,税別
2306-014,2023-06-09,9999,鈴木,袖看板,700,1800,1,台,,両面,,,,LED内照,修正,有,4.0,袋井市,,337800,税抜
2306-015,2023-06-09,1025,佐藤,アルミ複合板看板,300,450,1,枚,3,両面,,グロス,,,新規,有,3.0,藤枝市,電話番号変更,58200,税別
2306-016,2023-06-09,1053,渡辺,アルミ複合板看板,1200,2400,1,枚,3,片面,,マット,,,修正,無,,,2案提出,27500,
2306-017,2023-06-09,9999,鈴木,インクジェット出力,1200,1800,10,枚,,,ターポリン,なし,,,支給,無,,,ハトメなし,75300,税込
2306-018,2023-06-09,9999,渡辺,袖看板,600,1800,1,台,,両面,,,,なし,修正,有,7.0,浜松市北区三方原町,至急対応希望,290000,
2306-019,2023-06-12,9999,佐藤,アルミ複合板看板,1150,550,1,枚,3,片面,,マット,,,新規,無,,,概算 至急対応希望,29000,税込
2306-020,2023-06-12,1019,田中,アルミ複合板看板,1500,900,2,枚,3,両面,,グロス,,,支給,無,,,店名変更 特急,43000,税別
2306-021,2023-06-13,1089,佐藤,アルミ複合板看板,900,900,1,枚,3,片面,,グロス,,,新規,無,,,,22800,税別
2306-022,2023-06-14,1048,田中,カルプ文字,,100,16,文字,30,,,,塗装,,支給,有,4.5,浜松市中区鍛冶町,電話にて依頼,74000,税別
2306-023,2023-06-15,9999,田中,インクジェット出力,600,1800,5,枚,,,塩ビ,グロス,,,新規,有,3.0,磐田市,白フチあり,61600,税込
2306-024,2023-06-15,9999,鈴木,アルミ複合板看板,1800,900,5,枚,3,両面,,グロス,,,新規,無,,,お急ぎとのこと、概算,117300,税抜
2306-025,2023-06-15,9999,渡辺,袖看板,750,1500,1,台,,両面,,,,LED内照,新規,有,6.0,浜松市中区佐鳴台,フルカラー、メールにて依頼、既存撤去・産廃処分,379200,
2306-026,2023-06-15,1077,渡辺,インクジェット出力,1200,1800,1,枚,,,合成紙,なし,,,新規,無,,,色校正あり,18100,
2306-027,2023-06-15,1010,佐藤,インクジェット出力,1200,1800,1,枚,,,塩ビ,グロス,,,支給,無,,,校正2回まで,11200,税別
2306-028,2023-06-15,9999,田中,アルミ複合板看板,1050,800,2,枚,3,片面,,マット,,,新規,無,,,支払：月末締翌月末,35000,税別
2306-029,2023-06-15,1056,渡辺,アルミ複合板看板,1550,500,1,枚,3,片面,,グロス,,,修正,有,1.8,浜松市中区鍛冶町,フルカラー、PDF送付済,28100,
2306-030,2023-06-16,1035,田中,インクジェット出力,594,841,12,枚,,,塩ビ,なし,,,支給,無,,,電話番号変更,18800,税別
2306-031,2023-06-16,1077,佐藤,カルプ文字,,120,14,文字,20,,,,シート貼り,,支給,有,2.5,浜松市南区高塚町,既存看板撤去／処分、2色、2案提出、オープン前,64100,税別
2306-032,2023-06-16,1041,佐藤,袖看板,600,1800,1,台,,両面,,,,LED内照,新規,有,6.0,浜松市西区雄踏町,既存撤去・産廃処分、屋内用、現調あり,334600,税別
2306-033,2023-06-16,1041,佐藤,カルプ文字,,400,14,文字,20,,,,シート貼り,,修正,有,4.0,浜松市南区高塚町,,78600,税別
2306-034,2023-06-20,9999,田中,袖看板,600,1200,1,台,,両面,,,,なし,修正,有,6.0,浜松市中区佐鳴台,駐車場あり、平日のみ施工可,221100,税込
2306-035,2023-06-21,1012,佐藤,インクジェット出力,550,1500,5,枚,,,塩ビ,マット,,,支給,無,,,フルカラー,16000,税別
2306-036,2023-06-21,1053,鈴木,アルミ複合板看板,450,600,3,枚,3,片面,,グロス,,,支給,有,6.0,浜松市浜北区貴布祢,背景：白、概算,59100,税抜
2306-037,2023-06-21,1085,佐藤,インクジェット出力,841,1189,1,枚,,,ターポリン,なし,,,支給,無,,,店名変更／ご担当：店長様／背景：白,5600,税別
2306-038,2023-06-21,1029,田中,インクジェット出力,1200,1800,3,枚,,,透過フィルム,グロス,,,修正,無,,,,44000,税別
2306-039,2023-06-21,1085,佐藤,カルプ文字,,300,12,文字,20,,,,塗装,,新規,無,,,,57600,税別
2306-040,2023-06-21,9999,田中,アルミ複合板看板,910,1820,1,枚,3,片面,,グロス,,,新規,有,2.0,浜松市中区佐鳴台,既存看板撤去／処分、至急でお願いします、電話にて依頼,70400,税込
2306-041,2023-06-21,1092,田中,袖看板,400,800,1,台,,両面,,,,なし,新規,有,10.0,浜松市西区雄踏町,引取り、要現調,196000,税別
2306-042,2023-06-21,1009,佐藤,インクジェット出力,594,841,52,枚,,,ターポリン,なし,,,支給,無,,,,97100,税別
2306-043,2023-06-21,9999,田中,アルミ複合板看板,3500,1500,1,枚,3,片面,,グロス,,,修正,有,1.8,浜松市北区三方原町,改装に伴う、現地調査不要（写真あり）、管理会社承認待ち、納期急ぎません,99000,税込
2306-044,2023-06-23,9999,鈴木,アルミ複合板看板,450,600,1,枚,3,片面,,グロス,,,新規,有,3.5,浜松市北区三方原町,週末施工希望、仮見積、四隅R、データ入稿済,45400,税込
2306-041-2,2023-06-23,1092,田中,袖看板,400,800,1,台,,両面,,,,なし,新規,有,10.0,浜松市西区雄踏町,引取り、要現調、再見積（訂正）,200000,税別
2306-045,2023-06-23,1022,渡辺,カルプ文字,,80,18,文字,30,,,,シート貼り,,支給,有,4.0,浜松市中区鍛冶町,夜間施工,54400,
2306-046,2023-06-24,1056,田中,アルミ複合板看板,600,600,1,枚,3,片面,,グロス,,,新規,有,2.5,菊川市,,49000,税別
2306-047,2023-06-26,1042,佐藤,アルミ複合板看板,1200,600,1,枚,3,片面,,なし,,,支給,有,3.0,浜松市浜北区貴布祢,紹介案件,35500,税別
2306-048,2023-06-26,1053,渡辺,袖看板,450,1200,1,台,,両面,,,,なし,新規,有,12.0,新城市,既存看板撤去・処分,262400,
2306-049,2023-06-26,1035,田中,カルプ文字,,120,18,文字,20,,,,塗装,,新規,無,,,紹介案件,47000,税別
2306-050,2023-06-26,1074,渡辺,袖看板,450,900,1,台,,両面,,,,なし,支給,有,5.0,湖西市,店名変更、新店舗、至急,193500,
2306-051,2023-06-27,1053,渡辺,アルミ複合板看板,450,600,2,枚,3,片面,,マット,,,支給,無,,,,11600,
2306-052,2023-06-28,1096,佐藤,カルプ文字,,500,39,文字,30,,,,塗装,,修正,有,4.5,浜松市北区細江町,ご担当：店長様,371100,税別
2306-053,2023-06-28,1026,渡辺,インクジェット出力,728,1030,2,枚,,,塩ビ,グロス,,,修正,有,1.8,浜松市中区佐鳴台,校正2回まで,23400,
2306-054,2023-06-29,1088,渡辺,インクジェット出力,1200,1800,1,枚,,,塩ビ,グロス,,,修正,無,,,仮見積、色校正あり,16300,税込
2306-055,2023-06-29,1048,佐藤,アルミ複合板看板,300,450,20,枚,3,片面,,グロス,,,支給,無,,,,65200,税別
2306-056,2023-06-29,9999,田中,インクジェット出力,1700,1100,5,枚,,,塩ビ,マット,,,支給,無,,,PDF送付済 テナント看板,48000,税別
2306-057,2023-06-29,1072,田中,インクジェット出力,594,841,1,枚,,,ターポリン,マット,,,修正,無,,,支払：月末締翌月末、店名変更,8000,税別
2306-058,2023-06-29,9999,渡辺,インクジェット出力,1100,650,1,枚,,,合成紙,グロス,,,修正,有,1.8,浜松市東区天王町,,20000,
2306-059,2023-06-30,9999,田中,インクジェット出力,1030,1456,1,枚,,,塩ビ,グロス,,,新規,無,,,紹介案件,18200,税別
2306-060,2023-06-30,1041,佐藤,アルミ複合板看板,600,900,1,枚,3,片面,,なし,,,支給,有,3.0,磐田市,既存撤去（処分不要）,49300,税別
2307-001,2023-07-01,1008,田中,アルミ複合板看板,450,600,1,枚,3,両面,,グロス,,,支給,有,2.5,浜松市中区鍛冶町,色校正あり,32000,税別
2307-002,2023-07-01,1095,田中,インクジェット出力,900,3600,7,枚,,,ターポリン,なし,,,新規,無,,,,80000,税別
2307-003,2023-07-03,9999,田中,アルミ複合板看板,750,1500,2,枚,3,片面,,マット,,,支給,有,2.0,浜松市中区佐鳴台,要現調、請求書は本社宛、テナント看板、白フチあり,40000,税別
2307-004,2023-07-03,1023,田中,インクジェット出力,1800,1750,9,枚,,,合成紙,マット,,,支給,無,,,増刷,119000,税別
2307-005,2023-07-03,9999,鈴木,インクジェット出力,1200,1800,10,枚,,,合成紙,グロス,,,修正,無,,,,80400,税抜
2307-006,2023-07-04,1074,渡辺,カルプ文字,,500,8,文字,30,,,,シート貼り,,新規,無,,湖西市,背景：白、屋内用、電話にて依頼、現地調査含む,70800,
2307-007,2023-07-04,1042,鈴木,袖看板,600,1200,1,台,,両面,,,,LED内照,新規,有,9.0,御前崎市,,292400,税抜
2307-008,2023-07-04,1023,田中,インクジェット出力,1450,700,6,枚,,,塩ビ,なし,,,支給,有,2.0,豊川市,請求書は本社宛、閉店後夜間施工、増刷,43000,税別
2307-009,2023-07-04,9999,渡辺,インクジェット出力,1030,1456,10,枚,,,ターポリン,なし,,,支給,無,,,,71100,税込
2307-010,2023-07-04,1022,佐藤,カルプ文字,,150,6,文字,50,,,,シート貼り,,支給,有,5.0,袋井市,オープン前,65500,税別
2307-011,2023-07-05,9999,田中,アルミ複合板看板,600,600,5,枚,3,片面,,グロス,,,修正,有,2.0,浜松市浜北区貴布祢,,52800,税込
2307-012,2023-07-05,9999,佐藤,インクジェット出力,841,1189,4,枚,,,合成紙,グロス,,,修正,有,1.8,浜松市浜北区貴布祢,,38000,税込
2307-013,2023-07-06,9999,渡辺,アルミ複合板看板,600,1800,1,枚,3,片面,,グロス,,,新規,有,4.0,浜松市西区雄踏町,搬入経路要確認,50100,税込
2307-014,2023-07-06,1006,佐藤,インクジェット出力,594,841,1,枚,,,塩ビ,マット,,,支給,無,,,,5000,税別
2307-015,2023-07-06,9999,渡辺,インクジェット出力,500,1450,4,枚,,,合成紙,マット,,,支給,有,1.0,浜松市中区鍛冶町,,27300,税込
2307-016,2023-07-06,1085,佐藤,インクジェット出力,1350,200,1,枚,,,塩ビ,グロス,,,支給,無,,,校正2回まで、テナント看板、色校正あり,5000,税別
2307-017,2023-07-07,1022,佐藤,アルミ複合板看板,450,600,1,枚,3,片面,,グロス,,,支給,無,,,移転に伴い／データ入稿済,10300,税別
2307-018,2023-07-10,1049,田中,インクジェット出力,450,1200,1,枚,,,ターポリン,なし,,,支給,無,,,屋外用、前回データで,5000,税別
2307-019,2023-07-10,9999,佐藤,インクジェット出力,1050,1050,1,枚,,,塩ビ,なし,,,新規,有,1.8,浜松市西区雄踏町,既存サイン撤去（処分は先方）,49700,税込
2307-020,2023-07-11,1022,佐藤,袖看板,600,1200,1,台,,両面,,,,LED内照,支給,有,7.0,湖西市,オープン前、既存撤去（処分不要）,280400,税別
2307-021,2023-07-11,9999,田中,インクジェット出力,1200,1800,10,枚,,,塩ビ,なし,,,新規,無,,,引取り,72000,税別
2307-022,2023-07-11,1023,田中,カルプ文字,,100,26,文字,10,,,,シート貼り,,修正,有,2.0,浜松市中区鍛冶町,鍛冶店／既存看板撤去・処分／閉店後夜間施工,75000,税別
2307-023,2023-07-11,1021,田中,インクジェット出力,900,1800,1,枚,,,塩ビ,グロス,,,新規,有,2.0,浜松市中区佐鳴台,請求書は本社宛 見積有効期限1ヶ月 納期急ぎません 既存撤去（処分不要） メールにて依頼 現地調査含む,48000,税別
2307-024,2023-07-12,9999,佐藤,カルプ文字,,150,10,文字,50,,,,シート貼り,,支給,無,,,,29700,税込
2307-025,2023-07-12,1053,渡辺,アルミ複合板看板,1350,1850,1,枚,3,片面,,グロス,,,新規,無,,,紹介案件,52000,
2307-026,2023-07-12,9999,渡辺,インクジェット出力,850,850,9,枚,,,透過フィルム,なし,,,支給,有,2.0,浜松市浜北区貴布祢,要現調、配送希望,58500,税込
2307-027,2023-07-12,1012,佐藤,アルミ複合板看板,600,900,33,枚,3,片面,,マット,,,支給,無,,,【特急】,198000,税別
2307-028,2023-07-12,9999,田中,アルミ複合板看板,910,1820,1,枚,3,片面,,グロス,,,支給,無,,,電話にて依頼、早めの対応希望,18700,税込
2307-029,2023-07-13,1047,田中,インクジェット出力,1250,1550,5,枚,,,塩ビ,マット,,,支給,無,,,急ぎではない,36000,税別
2307-030,2023-07-13,1048,田中,インクジェット出力,1800,900,26,枚,,,塩ビ,グロス,,,支給,無,,,,161000,税別
2307-031,2023-07-13,9999,渡辺,インクジェット出力,900,1800,2,枚,,,塩ビ,グロス,,,新規,無,,,特急,31100,税込
2307-032,2023-07-13,1041,佐藤,袖看板,600,1800,1,台,,両面,,,,なし,修正,有,12.0,掛川市,要現調,256000,税別
2307-033,2023-07-14,9999,佐藤,カルプ文字,,200,4,文字,30,,,,塗装,,新規,無,,,フルカラー,24800,税込
2307-034,2023-07-14,1074,渡辺,アルミ複合板看板,1550,500,1,枚,3,片面,,グロス,,,支給,有,4.5,浜松市中区鍛冶町,,51900,
2307-035,2023-07-14,1045,渡辺,カルプ文字,,250,21,文字,10,,,,塗装,,支給,有,4.0,袋井市,,106600,
2307-036,2023-07-14,1023,田中,アルミ複合板看板,1800,1450,1,枚,3,片面,,マット,,,支給,有,4.0,豊川市,角R加工／現地調査含む,75000,税別
2307-037,2023-07-14,1067,佐藤,袖看板,500,1500,1,台,,両面,,,,なし,新規,有,3.0,浜松市東区天王町,社内確認中 現地調査含む,236000,税別
2307-038,2023-07-18,1023,田中,アルミ複合板看板,600,900,2,枚,3,片面,,マット,,,新規,有,1.5,浜松市中区鍛冶町,鍛冶店、電話にて依頼、既存看板撤去／処分,56000,税別
2307-039,2023-07-19,9999,鈴木,インクジェット出力,594,841,8,枚,,,塩ビ,グロス,,,修正,無,,,,21000,税抜
2307-040,2023-07-19,1041,佐藤,アルミ複合板看板,1200,2400,4,枚,3,片面,,マット,,,支給,無,,,電話にて依頼,90600,税別
2307-041,2023-07-19,1049,田中,アルミ複合板看板,1200,2400,1,枚,3,両面,,マット,,,新規,有,6.0,湖西市,電話にて依頼／イベント用,96000,税別
2307-042,2023-07-20,1027,佐藤,アルミ複合板看板,300,450,2,枚,3,両面,,グロス,,,新規,無,,,オープン前／概算,25200,税別
2307-043,2023-07-20,9999,田中,カルプ文字,,150,3,文字,30,,,,シート貼り,,支給,有,7.5,浜松市北区引佐町,,57200,税込
2307-044,2023-07-20,9999,田中,袖看板,750,1500,1,台,,両面,,,,なし,新規,無,,,,235400,税込
2307-045,2023-07-21,1074,渡辺,アルミ複合板看板,1200,2400,1,枚,3,片面,,グロス,,,支給,無,,,,28000,
2307-046,2023-07-24,1012,佐藤,インクジェット出力,1350,1550,1,枚,,,ターポリン,なし,,,支給,無,,,,12700,税別
2307-047,2023-07-24,1012,佐藤,インクジェット出力,1450,850,2,枚,,,塩ビ,グロス,,,支給,無,,,ロゴのみ、社内確認中,9900,税別
2307-048,2023-07-24,1012,佐藤,インクジェット出力,900,1800,49,枚,,,合成紙,マット,,,支給,無,,,,182800,税別
2307-049,2023-07-24,1047,田中,カルプ文字,,500,8,文字,30,,,,シート貼り,,支給,無,,,前回同様,42000,税別
2307-050,2023-07-24,1023,田中,アルミ複合板看板,600,600,1,枚,3,片面,,グロス,,,支給,有,6.0,浜松市中区佐鳴台,現地調査含む,54000,税別
2307-051,2023-07-24,1041,佐藤,袖看板,900,2400,1,台,,両面,,,,なし,修正,有,8.0,周智郡森町,白フチあり,315600,税別
2307-052,2023-07-25,9999,田中,インクジェット出力,450,1200,1,枚,,,塩ビ,なし,,,支給,無,,,屋外用、フルカラー,5500,税込
2307-053,2023-07-25,1005,佐藤,インクジェット出力,1030,1456,1,枚,,,合成紙,マット,,,支給,無,,,店名変更,7100,税別
2307-054,2023-07-25,1045,鈴木,袖看板,450,900,1,台,,両面,,,,LED内照,新規,有,6.0,豊橋市,,253000,税抜
2307-055,2023-07-25,1023,田中,袖看板,600,1200,1,台,,両面,,,,なし,支給,有,4.5,島田市,現地調査含む、イベント用,203000,税別
2307-056,2023-07-25,1077,佐藤,アルミ複合板看板,1800,900,1,枚,3,両面,,グロス,,,支給,有,1.8,浜松市北区細江町,既存看板撤去、テナント看板,50300,税別
2307-057,2023-07-25,1091,鈴木,アルミ複合板看板,450,600,1,枚,3,片面,,グロス,,,新規,無,,,穴あけ,21200,税抜
2307-058,2023-07-25,1080,渡辺,袖看板,900,2400,1,台,,両面,,,,LED内照,新規,有,5.0,浜松市西区舞阪町,引取り、既存撤去・産廃処分,447100,
2307-059,2023-07-26,9999,佐藤,アルミ複合板看板,1500,900,1,枚,3,片面,,マット,,,支給,有,2.5,豊橋市,支払：月末締翌月末、要図面、色校正あり、至急対応希望、既存看板撤去・処分,76300,税込
2307-060,2023-07-26,1041,佐藤,インクジェット出力,1030,1456,11,枚,,,塩ビ,グロス,,,支給,無,,,,75000,税別
2307-061,2023-07-26,1091,渡辺,カルプ文字,,400,20,文字,30,,,,塗装,,支給,無,,,至急でお願いします,181000,
2307-062,2023-07-26,1090,佐藤,カルプ文字,,400,7,文字,20,,,,塗装,,新規,無,,,新店舗,48600,税別
2307-063,2023-07-26,1089,田中,袖看板,600,1800,2,台,,両面,,,,LED内照,支給,有,8.0,浜松市中区鍛冶町,新店舗,558000,税別
2307-064,2023-07-27,9999,田中,インクジェット出力,900,1800,10,枚,,,透過フィルム,なし,,,支給,無,,,,73000,税別
2307-065,2023-07-27,1072,田中,カルプ文字,,300,11,文字,50,,,,塗装,,修正,有,2.5,浜松市中区佐鳴台,,92000,税別
2307-066,2023-07-27,1006,佐藤,カルプ文字,,100,9,文字,20,,,,シート貼り,,新規,無,,,PDF送付済 背景：白,19800,税別
2307-067,2023-07-27,1048,田中,アルミ複合板看板,600,900,1,枚,3,片面,,グロス,,,支給,有,1.8,浜松市東区天王町,ロゴデータAI支給、撤去は別途,24200,税別
2307-068,2023-07-28,9999,佐藤,インクジェット出力,600,1800,6,枚,,,合成紙,なし,,,支給,無,,,,18100,税込
2307-069,2023-07-31,1020,渡辺,インクジェット出力,728,1030,3,枚,,,透過フィルム,なし,,,支給,無,,,メールにて依頼,11500,
2307-070,2023-07-31,9999,佐藤,アルミ複合板看板,1750,300,2,枚,3,両面,,グロス,,,支給,無,,,ご担当：店長様、FAXにて送付,23400,税込
2307-071,2023-07-31,1088,渡辺,アルミ複合板看板,400,1700,4,枚,3,片面,,グロス,,,支給,有,4.0,浜松市中区佐鳴台,2案提出、引取り、撤去処分込み,80600,税込
2307-072,2023-07-31,9999,渡辺,アルミ複合板看板,600,900,10,枚,3,片面,,マット,,,支給,有,4.0,浜松市天竜区二俣町,現場写真受領、電話番号変更、ビス穴加工,117900,税込
2308-001,2023-08-01,1091,渡辺,カルプ文字,,120,19,文字,10,,,,シート貼り,,修正,有,3.0,浜松市西区雄踏町,引取り、現地調査不要（写真あり）、既存サイン撤去（処分は先方）、社内確認中,72100,
2308-002,2023-08-02,1023,鈴木,アルミ複合板看板,750,1500,1,枚,3,片面,,マット,,,支給,有,2.0,浜松市東区天王町,,25000,税抜
2308-003,2023-08-02,1013,佐藤,インクジェット出力,420,594,1,枚,,,ターポリン,なし,,,修正,無,,,ご担当：店長様,8000,税別
2308-004,2023-08-03,9999,田中,アルミ複合板看板,1950,1500,1,枚,3,片面,,グロス,,,新規,有,6.0,浜松市天竜区二俣町,至急対応希望,133100,税込
2308-005,2023-08-03,1023,田中,アルミ複合板看板,900,1800,2,枚,3,片面,,グロス,,,修正,有,2.2,浜松市天竜区二俣町,イベント用 二俣店,63000,税別
2308-006,2023-08-03,9999,佐藤,アルミ複合板看板,900,1800,3,枚,3,片面,,グロス,,,新規,有,4.5,袋井市,概算、平日のみ施工可,125200,税込
2308-007,2023-08-03,1023,佐藤,インクジェット出力,1650,500,1,枚,,,合成紙,なし,,,支給,無,,,概算、配送希望,5000,税別
2308-008,2023-08-04,1081,田中,インクジェット出力,300,900,66,枚,,,塩ビ,グロス,,,支給,無,,,ロゴデータAI支給,77000,税別
2308-009,2023-08-04,9999,鈴木,インクジェット出力,1200,1800,10,枚,,,合成紙,なし,,,支給,無,,,,50800,税抜
2308-010,2023-08-07,1009,佐藤,カルプ文字,,150,29,文字,50,,,,シート貼り,,支給,有,2.5,浜松市西区雄踏町,,101600,税別
2308-011,2023-08-07,1035,田中,インクジェット出力,950,600,4,枚,,,ターポリン,なし,,,支給,有,2.0,静岡市駿河区,支払：月末締翌月末 前回同様 白フチあり 既存看板撤去／処分,57000,税別
2308-012,2023-08-07,1053,渡辺,袖看板,1000,3000,1,台,,両面,,,,なし,新規,無,,,電話番号変更 ご担当：店長様 屋内用,324700,
2308-013,2023-08-08,1092,田中,アルミ複合板看板,900,900,2,枚,3,片面,,グロス,,,支給,無,,,色校正あり,17700,税別
2308-014,2023-08-08,1027,佐藤,アルミ複合板看板,450,900,18,枚,3,片面,,グロス,,,修正,有,3.5,浜松市中区鍛冶町,,128300,税別
2308-015,2023-08-08,1023,田中,アルミ複合板看板,1500,900,2,枚,3,両面,,マット,,,支給,有,5.0,磐田市,磐田店,81000,税別
2308-016,2023-08-08,1010,佐藤,アルミ複合板看板,600,1800,20,枚,3,片面,,グロス,,,新規,無,,,イベント用、屋外用、ご担当：店長様,239000,税別
2308-017,2023-08-08,1060,佐藤,インクジェット出力,420,594,2,枚,,,透過フィルム,グロス,,,支給,無,,,見積有効期限1ヶ月、ロゴのみ,5000,税別
2308-018,2023-08-09,1046,佐藤,カルプ文字,,180,4,文字,20,,,,シート貼り,,修正,有,3.5,浜松市南区高塚町,前面道路狭い、PDF送付済,34400,税別
2308-019,2023-08-09,1068,渡辺,袖看板,450,900,1,台,,両面,,,,LED内照,支給,有,4.5,磐田市,イベント用 仮見積,233000,
2308-020,2023-08-09,1008,鈴木,インクジェット出力,850,800,45,枚,,,塩ビ,グロス,,,支給,有,2.0,掛川市,増刷,177400,税抜
2308-021,2023-08-09,1025,佐藤,インクジェット出力,1200,1800,14,枚,,,塩ビ,グロス,,,支給,無,,,,122600,税別
2308-022,2023-08-10,9999,佐藤,インクジェット出力,900,1800,1,枚,,,合成紙,グロス,,,新規,有,2.0,豊橋市,撤去は別途,40300,税込
2308-023,2023-08-10,9999,渡辺,インクジェット出力,594,841,10,枚,,,透過フィルム,グロス,,,新規,有,1.0,浜松市東区天王町,既存撤去・産廃処分 校正2回まで,75900,税込
2308-024,2023-08-10,1075,田中,カルプ文字,,300,18,文字,20,,,,シート貼り,,新規,無,,,ロゴのみ,63000,税別
2308-025,2023-08-17,1022,佐藤,インクジェット出力,1550,1650,31,枚,,,塩ビ,マット,,,支給,無,,,支払：月末締翌月末,440800,税別
2308-026,2023-08-17,1075,田中,カルプ文字,,500,8,文字,20,,,,シート貼り,,修正,有,3.5,豊橋市,,79000,税別
2308-027,2023-08-18,1019,田中,インクジェット出力,1300,1350,1,枚,,,塩ビ,なし,,,支給,無,,,,5800,税別
2308-028,2023-08-18,1024,渡辺,インクジェット出力,1100,1150,5,枚,,,塩ビ,マット,,,新規,無,,,,42900,
2308-029,2023-08-18,1002,佐藤,アルミ複合板看板,900,900,7,枚,3,両面,,なし,,,支給,無,,,2案提出,72200,税別
2308-030,2023-08-21,9999,鈴木,インクジェット出力,420,594,1,枚,,,合成紙,グロス,,,支給,無,,,,5000,税込
2308-031,2023-08-21,1012,鈴木,カルプ文字,,500,7,文字,30,,,,シート貼り,,支給,有,4.5,豊橋市,色校正あり、要現調、オープン前,93300,税抜
2308-032,2023-08-21,1025,佐藤,インクジェット出力,420,594,15,枚,,,塩ビ,マット,,,支給,有,3.5,浜松市東区天王町,管理会社承認待ち,40000,税別
2308-033,2023-08-21,1012,佐藤,インクジェット出力,600,1800,1,枚,,,塩ビ,マット,,,支給,無,,,背景：白、テナント看板,5100,税別
2308-034,2023-08-22,9999,鈴木,アルミ複合板看板,900,1800,1,枚,3,両面,,マット,,,新規,有,3.5,浜松市中区鍛冶町,背景：白,54500,税抜
2308-035,2023-08-22,1008,佐藤,カルプ文字,,300,22,文字,30,,,,塗装,,支給,無,,,至急でお願いします、オープン前,141000,税別
2308-036,2023-08-23,1048,田中,アルミ複合板看板,950,600,4,枚,3,片面,,グロス,,,新規,無,,,,52000,税別
2308-037,2023-08-23,1056,渡辺,インクジェット出力,728,1030,1,枚,,,ターポリン,なし,,,修正,有,1.0,湖西市,特急（3営業日） 電話番号変更 請求書は本社宛,27000,
2308-038,2023-08-23,1023,田中,インクジェット出力,594,841,1,枚,,,塩ビ,グロス,,,支給,有,1.8,浜松市中区鍛冶町,夜間（22時以降）、既存看板撤去／処分、現調不要、現場写真受領,43000,税別
2308-039,2023-08-23,1068,渡辺,インクジェット出力,841,1189,1,枚,,,合成紙,マット,,,新規,有,1.0,浜松市中区鍛冶町,移転に伴い,25400,
2308-040,2023-08-24,1012,佐藤,インクジェット出力,350,600,10,枚,,,塩ビ,グロス,,,支給,無,,,背景：白,11200,税別
2308-041,2023-08-25,9999,鈴木,インクジェット出力,594,841,1,枚,,,ターポリン,なし,,,新規,無,,,,13000,税抜
2308-042,2023-08-25,1047,田中,アルミ複合板看板,300,450,2,枚,3,片面,,マット,,,支給,無,,,背景：白、見積有効期限1ヶ月、改装に伴う,10700,税別
2308-043,2023-08-25,9999,鈴木,インクジェット出力,594,841,1,枚,,,合成紙,マット,,,新規,無,,,店名変更、データ入稿済,14300,税込
2308-044,2023-08-28,1012,佐藤,インクジェット出力,1200,1350,49,枚,,,塩ビ,マット,,,修正,無,,,移転に伴い、オープン前、フルカラー,245100,税別
2308-045,2023-08-28,1041,佐藤,カルプ文字,,300,17,文字,20,,,,シート貼り,,新規,有,4.5,浜松市中区佐鳴台,至急対応希望,109100,税別
2308-046,2023-08-28,1009,渡辺,アルミ複合板看板,600,900,1,枚,3,片面,,マット,,,支給,無,,,見積有効期限1ヶ月、至急対応希望、前回同様,13300,
2308-047,2023-08-28,9999,鈴木,カルプ文字,,350,8,文字,50,,,,シート貼り,,新規,有,3.0,豊川市,改装に伴う,97200,税込
2308-048,2023-08-28,1064,佐藤,袖看板,600,1800,1,台,,両面,,,,LED内照,支給,有,3.5,袋井市,イベント用、概算、夜間（22時以降）,321600,税別
2308-049,2023-08-30,1053,渡辺,アルミ複合板看板,1100,550,4,枚,3,片面,,グロス,,,支給,有,1.5,浜松市中区鍛冶町,,55000,
2308-050,2023-08-30,1092,田中,カルプ文字,,500,4,文字,30,,,,シート貼り,,支給,有,6.0,浜松市中区鍛冶町,,67000,税別
2308-051,2023-08-30,1009,佐藤,インクジェット出力,1030,1456,2,枚,,,透過フィルム,なし,,,支給,有,1.8,浜松市中区佐鳴台,駐車場あり,31200,税別
2308-052,2023-08-30,9999,佐藤,インクジェット出力,450,1200,10,枚,,,透過フィルム,グロス,,,新規,無,,,メールにて依頼,46600,税込
2308-053,2023-08-31,1085,佐藤,アルミ複合板看板,300,450,4,枚,3,両面,,グロス,,,新規,有,2.2,浜松市北区三方原町,既存撤去・産廃処分、仮見積,73700,税別
2308-054,2023-08-31,9999,渡辺,カルプ文字,,180,3,文字,30,,,,シート貼り,,修正,有,6.0,浜松市中区鍛冶町,,58900,税込
2308-055,2023-08-31,1060,佐藤,カルプ文字,,300,25,文字,10,,,,塗装,,新規,無,,,,88300,税別
2308-056,2023-08-31,1082,佐藤,インクジェット出力,841,1189,3,枚,,,ターポリン,なし,,,修正,有,1.8,菊川市,請求書は本社宛、ご担当：店長様,36800,税別
2309-001,2023-09-01,1056,渡辺,袖看板,450,900,1,台,,両面,,,,なし,新規,有,6.0,浜松市天竜区二俣町,校正2回まで,185000,
2309-002,2023-09-01,1047,田中,インクジェット出力,1370,5000,11,枚,,,塩ビ,なし,,,支給,無,,,配送希望,271000,税別
2309-003,2023-09-01,1067,佐藤,アルミ複合板看板,450,900,1,枚,3,片面,,グロス,,,新規,無,,,メールにて依頼,21800,税別
2309-004,2023-09-01,1053,渡辺,カルプ文字,,120,6,文字,20,,,,シート貼り,,支給,有,3.5,静岡市駿河区,請求書は本社宛 前回同様,45100,
2309-005,2023-09-02,1074,田中,カルプ文字,,400,7,文字,10,,,,シート貼り,,修正,有,3.0,浜松市東区天王町,既存看板撤去／要図面,65000,税別
2309-006,2023-09-04,1053,渡辺,インクジェット出力,1200,1800,3,枚,,,ターポリン,なし,,,支給,無,,,メールにて依頼、見積有効期限1ヶ月,25400,
2309-007,2023-09-04,1074,渡辺,カルプ文字,,400,9,文字,20,,,,シート貼り,,新規,有,3.0,静岡市駿河区,,82800,
2309-008,2023-09-04,9999,鈴木,インクジェット出力,900,3600,10,枚,,,ターポリン,なし,,,新規,無,,,移転に伴い、ロゴデータAI支給,111100,税抜
2309-009,2023-09-04,1054,佐藤,アルミ複合板看板,1500,900,1,枚,3,片面,,マット,,,支給,無,,,支払：月末締翌月末,15700,税別
2309-010,2023-09-04,1015,佐藤,インクジェット出力,594,841,4,枚,,,塩ビ,なし,,,支給,有,3.5,浜松市中区鍛冶町,,27600,税別
2309-011,2023-09-04,1033,田中,インクジェット出力,1250,1450,5,枚,,,塩ビ,グロス,,,支給,無,,,,43000,税別
2309-012,2023-09-04,1075,田中,アルミ複合板看板,600,1800,2,枚,3,両面,,グロス,,,新規,有,4.5,浜松市北区三方原町,現地調査含む,91000,税別
2309-013,2023-09-05,1002,佐藤,アルミ複合板看板,600,900,2,枚,3,片面,,なし,,,支給,無,,,,14600,税別
2309-014,2023-09-05,1006,佐藤,インクジェット出力,1700,550,66,枚,,,塩ビ,グロス,,,支給,有,2.4,掛川市,現地調査不要（写真あり）／白フチあり,341400,税別
2309-015,2023-09-05,1023,田中,インクジェット出力,594,841,4,枚,,,透過フィルム,なし,,,修正,無,,,,12100,税別
2309-016,2023-09-05,1069,鈴木,カルプ文字,,100,10,文字,30,,,,シート貼り,,新規,有,4.0,浜松市浜北区貴布祢,2色,47400,税抜
2309-017,2023-09-05,1082,佐藤,アルミ複合板看板,1950,1150,1,枚,3,片面,,グロス,,,支給,有,1.8,浜松市北区三方原町,FAXにて送付,37300,税別
2309-018,2023-09-05,1077,佐藤,アルミ複合板看板,550,950,1,枚,3,片面,,グロス,,,支給,有,3.5,豊橋市,,31600,税別
2309-019,2023-09-05,1011,佐藤,インクジェット出力,1150,750,1,枚,,,ターポリン,なし,,,新規,無,,,請求書は本社宛,13300,税別
2309-020,2023-09-05,1042,佐藤,カルプ文字,,350,9,文字,20,,,,塗装,,支給,無,,,,51300,税別
2309-021,2023-09-05,1010,佐藤,カルプ文字,,150,5,文字,20,,,,シート貼り,,修正,無,,,イベント用,13400,税別
2309-022,2023-09-06,9999,鈴木,インクジェット出力,1000,3000,6,枚,,,塩ビ,マット,,,新規,有,2.0,浜松市北区細江町,校正2回まで／既存撤去・産廃処分,170600,税込
2309-023,2023-09-06,1008,鈴木,カルプ文字,,150,8,文字,30,,,,塗装,,新規,有,3.5,湖西市,支払：月末締翌月末／引取り,49800,税抜
2309-024,2023-09-07,9999,渡辺,アルミ複合板看板,1650,400,1,枚,3,片面,,グロス,,,新規,有,4.0,浜松市西区舞阪町,電話にて依頼,51300,税込
2309-025,2023-09-07,9999,渡辺,アルミ複合板看板,1400,650,1,枚,3,片面,,グロス,,,修正,有,4.0,磐田市,,41000,
2309-026,2023-09-07,9999,田中,アルミ複合板看板,1200,2400,10,枚,3,片面,,グロス,,,支給,無,,,,272800,税込
2309-027,2023-09-07,1091,渡辺,アルミ複合板看板,3350,1300,2,枚,3,片面,,グロス,,,修正,有,2.5,浜松市中区鍛冶町,屋内用 PDF送付済,181500,
2309-028,2023-09-08,1060,佐藤,インクジェット出力,1050,950,7,枚,,,塩ビ,グロス,,,支給,無,,,ご担当：店長様／移転に伴い／データ入稿済,41900,税別
2309-029,2023-09-08,1047,田中,インクジェット出力,450,1200,17,枚,,,透過フィルム,なし,,,支給,無,,,,35000,税別
2309-030,2023-09-09,1053,田中,袖看板,700,1800,1,台,,両面,,,,なし,支給,有,5.0,豊川市,平日のみ施工可／前回データで,264000,税別
2309-031,2023-09-11,1053,渡辺,アルミ複合板看板,900,900,1,枚,3,片面,,グロス,,,支給,無,,,,12900,
2309-032,2023-09-11,1072,田中,袖看板,450,900,1,台,,両面,,,,LED内照,修正,無,,,PDF送付済,148000,税別
2309-033,2023-09-12,1023,田中,インクジェット出力,600,1800,3,枚,,,透過フィルム,なし,,,修正,有,2.0,浜松市中区鍛冶町,撤去は別途,28900,税別
2309-034,2023-09-12,1011,佐藤,インクジェット出力,420,594,1,枚,,,合成紙,グロス,,,支給,有,3.0,豊橋市,,34000,税別
2309-035,2023-09-12,9999,渡辺,インクジェット出力,1030,1456,4,枚,,,塩ビ,グロス,,,支給,有,1.8,浜松市中区鍛冶町,現場写真受領／夜間作業,58100,税込
2309-036,2023-09-12,1053,渡辺,アルミ複合板看板,1100,850,32,枚,3,片面,,グロス,,,新規,無,,,PDF送付済／データ入稿済,349900,
2309-037,2023-09-12,1023,田中,インクジェット出力,300,900,1,枚,,,塩ビ,マット,,,修正,無,,,支払：月末締翌月末,8000,税別
2309-038,2023-09-12,1096,佐藤,アルミ複合板看板,300,450,1,枚,3,片面,,マット,,,支給,有,2.2,浜松市中区鍛冶町,既存看板撤去、管理会社承認待ち、要図面、搬入経路要確認,45300,税別
2309-039,2023-09-13,1042,佐藤,カルプ文字,,400,4,文字,30,,,,塗装,,支給,無,,,前回データで,25800,税別
2309-040,2023-09-13,1010,佐藤,アルミ複合板看板,1050,1050,1,枚,3,片面,,グロス,,,支給,無,,,電話にて依頼、屋外用、増刷,17500,税別
2309-041,2023-09-13,1041,佐藤,アルミ複合板看板,910,1820,18,枚,3,片面,,マット,,,新規,無,,,請求書は本社宛、データ入稿済,231800,税別
2309-042,2023-09-13,9999,佐藤,袖看板,600,1200,1,台,,両面,,,,LED内照,新規,有,3.0,磐田市,撤去処分込み,318700,税込
2309-043,2023-09-14,1011,佐藤,袖看板,450,900,1,台,,両面,,,,なし,修正,有,7.0,浜松市西区雄踏町,,168000,税別
2309-044,2023-09-14,1085,佐藤,インクジェット出力,1700,1600,2,枚,,,塩ビ,グロス,,,支給,無,,,,39200,税別
2309-045,2023-09-14,9999,田中,インクジェット出力,1200,1800,3,枚,,,ターポリン,なし,,,修正,無,,,PDF送付済／至急,37000,税別
2309-046,2023-09-15,1065,渡辺,アルミ複合板看板,2400,1200,1,枚,3,片面,,グロス,,,支給,有,2.2,浜松市東区天王町,店名変更,48300,
2309-047,2023-09-15,1078,佐藤,カルプ文字,,600,7,文字,20,,,,シート貼り,,支給,無,,,引取り、色校正あり,52000,税別
2309-048,2023-09-19,1014,渡辺,カルプ文字,,600,12,文字,20,,,,塗装,,新規,有,2.5,豊橋市,既存撤去・産廃処分,171400,
2309-049,2023-09-19,1022,佐藤,アルミ複合板看板,650,1100,5,枚,3,両面,,グロス,,,支給,有,3.0,豊橋市,,104200,税別
2309-050,2023-09-19,1047,田中,インクジェット出力,450,1300,32,枚,,,ターポリン,なし,,,修正,無,,,,62000,税別
2309-051,2023-09-19,1090,佐藤,アルミ複合板看板,1500,900,22,枚,3,片面,,グロス,,,修正,有,3.0,菊川市,夜間施工、期間限定キャンペーン用、ビス穴加工,445300,税別
2309-052,2023-09-19,9999,渡辺,アルミ複合板看板,900,1800,1,枚,3,片面,,マット,,,新規,有,3.5,湖西市,,56200,税込
2309-053,2023-09-19,9999,渡辺,インクジェット出力,600,1800,10,枚,,,ターポリン,なし,,,新規,有,1.8,浜松市中区佐鳴台,撤去は別途,76500,税込
2309-054,2023-09-19,9999,佐藤,アルミ複合板看板,1800,900,1,枚,3,片面,,マット,,,修正,無,,,電話にて依頼,20000,税別
2309-055,2023-09-20,1048,田中,アルミ複合板看板,700,250,1,枚,3,片面,,グロス,,,新規,有,2.0,浜松市南区高塚町,期間限定キャンペーン用,32000,税別
2309-056,2023-09-20,1094,田中,カルプ文字,,180,9,文字,50,,,,塗装,,支給,有,3.5,磐田市,増刷 白フチあり,62000,税別
2309-057,2023-09-20,1068,渡辺,カルプ文字,,120,11,文字,30,,,,シート貼り,,新規,無,,,テナント看板,30100,
2309-058,2023-09-20,9999,田中,アルミ複合板看板,900,1800,2,枚,3,片面,,グロス,,,支給,無,,,請求書は本社宛、FAXにて送付,32000,税別
2309-059,2023-09-21,9999,佐藤,カルプ文字,,300,10,文字,20,,,,シート貼り,,新規,無,,,移転に伴い,42900,税込
2309-060,2023-09-21,1074,渡辺,カルプ文字,,600,7,文字,30,,,,シート貼り,,新規,有,4.5,浜松市北区細江町,なるべく急ぎで、夜間（22時以降）,117800,
2309-061,2023-09-21,1081,田中,アルミ複合板看板,450,900,1,枚,3,片面,,グロス,,,支給,有,3.0,菊川市,夜間作業,46000,税別
2309-062,2023-09-21,1058,佐藤,インクジェット出力,1750,700,1,枚,,,塩ビ,マット,,,支給,無,,,改装に伴う,5700,税別
2309-063,2023-09-22,1023,田中,アルミ複合板看板,600,900,1,枚,3,片面,,グロス,,,修正,有,2.0,豊橋市,豊橋店,34000,税別
2309-064,2023-09-22,1074,渡辺,カルプ文字,,300,6,文字,20,,,,塗装,,支給,有,4.0,浜松市南区高塚町,前回データで,44300,
2309-065,2023-09-22,1090,佐藤,アルミ複合板看板,1000,2000,1,枚,3,片面,,マット,,,支給,有,3.0,浜松市中区鍛冶町,白フチあり、ビス穴加工、フルカラー、現地調査不要（写真あり）,44300,税別
2309-066,2023-09-22,9999,佐藤,アルミ複合板看板,900,900,2,枚,3,両面,,なし,,,新規,有,3.0,浜松市中区鍛冶町,既存サイン撤去（処分は先方）、仮見積,67300,税別
2309-067,2023-09-22,1023,田中,アルミ複合板看板,900,900,1,枚,3,片面,,マット,,,修正,有,1.8,湖西市,改装に伴う、屋外用、既存看板撤去／処分、夜間作業、配送希望,56000,税別
2309-068,2023-09-22,1053,鈴木,袖看板,450,1200,1,台,,両面,,,,LED内照,支給,有,10.0,湖西市,搬入経路要確認,282400,税抜
2309-069,2023-09-25,1032,渡辺,インクジェット出力,1800,900,5,枚,,,塩ビ,マット,,,修正,有,1.5,湖西市,配送希望、見積有効期限1ヶ月,57600,
2309-070,2023-09-26,1091,渡辺,カルプ文字,,700,9,文字,20,,,,塗装,,支給,無,,,オープン前 リピート,103300,
2309-071,2023-09-26,1022,佐藤,アルミ複合板看板,1050,1250,2,枚,3,片面,,グロス,,,支給,有,3.0,浜松市東区天王町,,59700,税別
2309-072,2023-09-27,1021,田中,袖看板,600,1200,2,台,,両面,,,,なし,支給,有,5.0,静岡市駿河区,リピート,384000,税別
2309-073,2023-09-27,9999,渡辺,インクジェット出力,550,800,1,枚,,,塩ビ,グロス,,,支給,無,,,イベント用,5000,
2309-048-2,2023-09-27,1014,渡辺,カルプ文字,,600,12,文字,20,,,,塗装,,新規,有,2.5,豊橋市,既存撤去・産廃処分、再見積,164000,
2309-074,2023-09-27,9999,田中,アルミ複合板看板,450,600,1,枚,3,片面,,グロス,,,新規,有,2.0,浜松市浜北区貴布祢,特急,40000,税別
2309-075,2023-09-27,1089,佐藤,カルプ文字,,400,10,文字,10,,,,塗装,,支給,有,3.0,豊橋市,色校正あり,77600,税別
2309-076,2023-09-28,9999,渡辺,インクジェット出力,350,800,2,枚,,,ターポリン,なし,,,新規,無,,,背景：白,14300,税込
2309-077,2023-09-28,1045,渡辺,インクジェット出力,450,500,5,枚,,,ターポリン,なし,,,新規,無,,,,15700,
2309-078,2023-09-29,1095,渡辺,カルプ文字,,600,12,文字,20,,,,シート貼り,,新規,有,3.5,浜松市南区高塚町,至急でお願いします,139100,
2309-079,2023-09-29,1096,佐藤,インクジェット出力,250,200,3,枚,,,合成紙,グロス,,,修正,無,,,改装に伴う,8000,税別
2309-080,2023-09-29,1008,鈴木,アルミ複合板看板,910,1820,5,枚,3,片面,,グロス,,,支給,有,2.5,磐田市,要現調、屋内用、屋外用,124300,税抜
2309-081,2023-09-29,9999,佐藤,アルミ複合板看板,750,1500,2,枚,3,片面,,マット,,,支給,無,,,オープン前,30400,税込
2310-001,2023-10-02,1015,佐藤,袖看板,450,900,1,台,,両面,,,,LED内照,支給,有,8.0,袋井市,リピート,238000,税抜
2310-002,2023-10-02,1006,佐藤,アルミ複合板看板,300,450,1,枚,3,片面,,グロス,,,修正,無,,,校正2回まで、白フチあり,13900,税抜
2310-003,2023-10-02,1074,渡辺,カルプ文字,,500,8,文字,30,,,,シート貼り,,修正,有,3.0,静岡市駿河区,特急対応、見積有効期限1ヶ月,111500,
2310-004,2023-10-02,9999,佐藤,インクジェット出力,1800,750,1,枚,,,合成紙,なし,,,支給,無,,,,5500,税込
2310-005,2023-10-02,9999,鈴木,アルミ複合板看板,600,600,10,枚,3,両面,,マット,,,新規,有,3.5,静岡市駿河区,現調あり,142560,税込
2310-006,2023-10-02,1023,田中,袖看板,600,1200,1,台,,両面,,,,LED内照,支給,無,,,電話番号変更,177000,税抜
2310-007,2023-10-03,1023,田中,アルミ複合板看板,1200,600,2,枚,3,片面,,マット,,,新規,無,,,支払：月末締翌月末,31000,税抜
2310-008,2023-10-04,1041,佐藤,カルプ文字,,100,7,文字,30,,,,シート貼り,,修正,有,3.5,磐田市,既存看板撤去,53070,税抜
2310-009,2023-10-05,1048,田中,アルミ複合板看板,1820,3640,1,枚,3,片面,,マット,,,修正,有,2.5,豊橋市,,125000,税抜
2310-010,2023-10-06,1064,佐藤,アルミ複合板看板,600,600,2,枚,3,片面,,グロス,,,支給,無,,,新店舗,14300,税抜
2310-011,2023-10-06,1045,渡辺,袖看板,600,1800,1,台,,両面,,,,なし,支給,有,6.0,浜松市東区天王町,要図面,236000,
2310-012,2023-10-06,1045,渡辺,インクジェット出力,420,594,5,枚,,,塩ビ,マット,,,新規,無,,,,16000,
2310-013,2023-10-06,9999,鈴木,カルプ文字,,400,10,文字,50,,,,シート貼り,,支給,有,2.5,袋井市,【特急】,126280,税込
2310-014,2023-10-06,1009,鈴木,カルプ文字,,200,15,文字,30,,,,塗装,,新規,有,2.0,浜松市西区舞阪町,【特急】、色校正あり,92300,税抜
2310-015,2023-10-06,1080,佐藤,インクジェット出力,1200,1800,37,枚,,,合成紙,なし,,,支給,無,,,屋内用,154400,税抜
2310-016,2023-10-07,9999,田中,アルミ複合板看板,450,600,1,枚,3,片面,,なし,,,新規,有,3.5,浜松市北区引佐町,,44000,税抜
2310-017,2023-10-10,1020,渡辺,カルプ文字,,200,15,文字,50,,,,シート貼り,,修正,有,2.5,浜松市東区天王町,駐車場あり、引取り,70700,
2310-018,2023-10-10,1023,田中,アルミ複合板看板,700,850,2,枚,3,片面,,グロス,,,支給,有,1.8,浜松市南区高塚町,期間限定キャンペーン用／閉店後夜間施工／四隅R／至急／支払：月末締翌月末／配送希望,37000,税抜
2310-019,2023-10-10,1006,渡辺,インクジェット出力,800,750,5,枚,,,ターポリン,なし,,,新規,無,,,PDF送付済、請求書は本社宛,21400,
2310-020,2023-10-10,1045,渡辺,カルプ文字,,200,6,文字,20,,,,シート貼り,,支給,有,5.0,浜松市中区鍛冶町,,55600,
2310-021,2023-10-10,1012,佐藤,アルミ複合板看板,500,1050,2,枚,3,両面,,グロス,,,支給,無,,,仮見積、紹介案件,22200,税抜
2310-022,2023-10-11,1054,佐藤,インクジェット出力,300,900,20,枚,,,塩ビ,グロス,,,支給,無,,,ロゴデータAI支給、イベント用,26000,税抜
2310-023,2023-10-11,1042,佐藤,アルミ複合板看板,900,1800,3,枚,3,両面,,マット,,,新規,有,2.0,浜松市南区高塚町,,91600,税抜
2310-024,2023-10-11,1085,佐藤,インクジェット出力,841,1189,1,枚,,,合成紙,グロス,,,支給,無,,,特急対応、配送希望、移転に伴い,8400,税抜
2310-025,2023-10-11,9999,佐藤,カルプ文字,,100,10,文字,20,,,,シート貼り,,新規,有,3.0,豊川市,メールにて依頼,55000,税込
2310-026,2023-10-12,1074,渡辺,カルプ文字,,200,26,文字,20,,,,シート貼り,,支給,有,3.5,磐田市,現調不要 撤去は別途,85900,
2310-027,2023-10-12,1064,佐藤,カルプ文字,,200,7,文字,50,,,,シート貼り,,支給,有,4.0,磐田市,社内確認中、イベント用,49000,税抜
2310-028,2023-10-12,1078,佐藤,アルミ複合板看板,450,600,3,枚,3,片面,,グロス,,,支給,有,4.0,浜松市北区引佐町,お急ぎとのこと、ビス穴加工,40800,税抜
2310-029,2023-10-12,1085,佐藤,インクジェット出力,550,1450,1,枚,,,塩ビ,グロス,,,修正,無,,,,8200,税抜
2310-030,2023-10-12,1012,佐藤,カルプ文字,,200,7,文字,50,,,,塗装,,支給,無,,,社内確認中,26200,税抜
2310-031,2023-10-13,1023,田中,アルミ複合板看板,600,900,1,枚,3,片面,,グロス,,,新規,有,1.5,静岡市葵区,静岡葵店,50000,税抜
2310-032,2023-10-16,1012,佐藤,インクジェット出力,1400,1700,1,枚,,,ターポリン,なし,,,支給,無,,,ロゴのみ,13400,税抜
2310-033,2023-10-16,1023,田中,アルミ複合板看板,600,900,3,枚,3,片面,,マット,,,修正,有,2.2,浜松市中区佐鳴台,新店舗、期間限定キャンペーン用、佐鳴台店、オープン前,40000,税抜
2310-034,2023-10-16,9999,渡辺,インクジェット出力,600,400,1,枚,,,ターポリン,なし,,,修正,無,,浜松市浜北区貴布祢,現地調査希望,18700,税込
2310-035,2023-10-17,9999,佐藤,カルプ文字,,200,7,文字,10,,,,塗装,,新規,無,,,,28380,税込
2310-036,2023-10-17,1086,渡辺,カルプ文字,,400,13,文字,30,,,,塗装,,支給,無,,,,87000,
2310-037,2023-10-17,1009,佐藤,アルミ複合板看板,900,1800,1,枚,3,片面,,なし,,,支給,無,,,前回データで,13000,税抜
2310-038,2023-10-17,1023,田中,インクジェット出力,300,900,1,枚,,,ターポリン,なし,,,修正,有,2.4,浜松市東区天王町,ハトメなし 天王店,28000,税抜
2310-039,2023-10-17,1095,佐藤,袖看板,600,1800,1,台,,両面,,,,なし,支給,有,3.0,袋井市,,225000,税抜
2310-040,2023-10-18,1069,鈴木,カルプ文字,,350,35,文字,50,,,,シート貼り,,新規,有,4.0,浜松市中区鍛冶町,既存撤去・産廃処分,267800,税抜
2310-041,2023-10-18,1048,田中,カルプ文字,,250,7,文字,20,,,,シート貼り,,修正,有,2.5,豊橋市,ご担当：店長様,63000,税抜
2310-042,2023-10-18,1045,渡辺,袖看板,450,900,1,台,,両面,,,,なし,支給,有,5.0,浜松市北区細江町,,165000,
2310-043,2023-10-18,9999,佐藤,インクジェット出力,841,1189,10,枚,,,塩ビ,マット,,,新規,無,,,,55000,税込
2310-044,2023-10-19,1023,田中,アルミ複合板看板,900,1800,12,枚,3,片面,,グロス,,,新規,有,1.8,浜松市北区細江町,,230000,税抜
2310-045,2023-10-19,1041,佐藤,袖看板,450,1200,1,台,,両面,,,,なし,支給,有,6.0,浜松市北区細江町,要図面 午前中施工希望,188800,税抜
2310-046,2023-10-20,1085,佐藤,カルプ文字,,150,10,文字,20,,,,シート貼り,,支給,無,,,PDF送付済,19000,税抜
2310-047,2023-10-20,9999,佐藤,袖看板,900,2400,1,台,,両面,,,,LED内照,新規,有,5.0,浜松市東区天王町,,484220,税込
2310-048,2023-10-20,9999,佐藤,インクジェット出力,594,841,1,枚,,,合成紙,グロス,,,支給,無,,,FAXにて送付,50000,税抜
2310-049,2023-10-20,1096,佐藤,インクジェット出力,841,1189,17,枚,,,塩ビ,なし,,,支給,有,1.0,豊橋市,,86700,税抜
2310-050,2023-10-21,1023,田中,インクジェット出力,300,1000,2,枚,,,合成紙,グロス,,,支給,無,,,,5000,税抜
2310-051,2023-10-21,9999,田中,インクジェット出力,1800,900,10,枚,,,ターポリン,マット,,,新規,有,3.0,浜松市東区天王町,,125000,税抜
2310-052,2023-10-21,9999,田中,アルミ複合板看板,1550,950,1,枚,3,片面,,グロス,,,新規,有,4.5,浜松市北区三方原町,前面道路狭い、見積有効期限1ヶ月、既存看板撤去／処分、四隅R,92000,税抜
2310-053,2023-10-23,1088,渡辺,アルミ複合板看板,300,450,2,枚,3,片面,,グロス,,,支給,有,8.0,袋井市,前回データで、週末施工希望、夜間施工,73040,税込
2310-054,2023-10-23,1074,渡辺,アルミ複合板看板,1250,1350,9,枚,3,両面,,グロス,,,支給,有,2.0,磐田市,現調あり、搬入経路要確認,450100,
2310-055,2023-10-23,9999,田中,アルミ複合板看板,600,1800,2,枚,3,両面,,マット,,,新規,有,2.0,浜松市浜北区貴布祢,屋外用 角丸 FAXにて送付 ロゴデータAI支給,63000,税抜
2310-056,2023-10-23,9999,渡辺,インクジェット出力,600,1800,4,枚,,,ターポリン,なし,,,修正,無,,,FAXにて送付,23210,税込
2310-057,2023-10-24,9999,鈴木,カルプ文字,,200,10,文字,30,,,,塗装,,修正,無,,,,44110,税込
2310-058,2023-10-24,9999,渡辺,アルミ複合板看板,1850,250,2,枚,3,片面,,なし,,,支給,無,,,【特急】、FAXにて送付,28050,税込
2310-059,2023-10-24,1053,渡辺,アルミ複合板看板,1600,1250,1,枚,3,両面,,マット,,,新規,無,,,,58300,
2310-060,2023-10-24,1032,渡辺,袖看板,750,1500,1,台,,両面,,,,LED内照,新規,有,9.0,浜松市南区高塚町,,359200,
2310-061,2023-10-24,1023,田中,インクジェット出力,900,1050,1,枚,,,ターポリン,なし,,,新規,無,,,店名変更,13000,税抜
2310-062,2023-10-25,9999,佐藤,カルプ文字,,900,10,文字,30,,,,塗装,,修正,無,,,至急でお願いします,273900,税込
2310-063,2023-10-25,1077,佐藤,カルプ文字,,180,5,文字,50,,,,シート貼り,,支給,有,4.5,豊川市,2色、既存看板撤去／処分,77800,税抜
2310-064,2023-10-26,1071,佐藤,アルミ複合板看板,600,900,2,枚,3,片面,,マット,,,支給,無,,,穴あけ ご担当：店長様 お急ぎとのこと,13300,税抜
2310-019-2,2023-10-26,1006,渡辺,インクジェット出力,800,750,8,枚,,,ターポリン,なし,,,新規,無,,,PDF送付済、請求書は本社宛、数量変更につき再見積,28200,
2310-065,2023-10-26,1023,田中,アルミ複合板看板,900,900,2,枚,3,片面,,グロス,,,修正,有,3.0,浜松市中区鍛冶町,期間限定キャンペーン用、屋内用,39000,税抜
2310-066,2023-10-26,9999,佐藤,カルプ文字,,120,5,文字,10,,,,シート貼り,,支給,無,,,2色、改装に伴う、配送希望,10780,税込
2310-067,2023-10-27,1074,渡辺,インクジェット出力,900,800,5,枚,,,ターポリン,なし,,,修正,無,,,改装に伴う,19400,
2310-068,2023-10-30,1022,佐藤,アルミ複合板看板,1000,2000,1,枚,3,片面,,グロス,,,支給,無,,,,22800,税抜
2310-069,2023-10-30,1008,佐藤,インクジェット出力,900,1800,1,枚,,,塩ビ,なし,,,修正,無,,,FAXにて送付,9700,税抜
2310-070,2023-10-31,9999,渡辺,カルプ文字,,700,10,文字,20,,,,シート貼り,,修正,有,2.5,浜松市北区三方原町,撤去処分込み,144100,税込
2310-071,2023-10-31,1008,鈴木,インクジェット出力,1500,1200,44,枚,,,合成紙,マット,,,支給,有,2.0,浜松市中区佐鳴台,既存撤去・産廃処分,410500,税抜
2311-001,2023-11-01,9999,渡辺,アルミ複合板看板,600,1800,2,枚,3,片面,,グロス,,,新規,有,3.5,浜松市浜北区貴布祢,仮見積、穴あけ4箇所,61500,
2311-002,2023-11-01,9999,鈴木,アルミ複合板看板,300,450,1,枚,3,両面,,マット,,,新規,無,,,店名変更,24420,税込
2311-003,2023-11-01,9999,田中,カルプ文字,,120,10,文字,50,,,,塗装,,支給,有,4.0,磐田市,駐車場あり、撤去処分込み,86900,税込
2311-004,2023-11-01,1049,田中,インクジェット出力,420,594,4,枚,,,透過フィルム,グロス,,,支給,無,,,背景：白／社内確認中／請求書は本社宛,8400,税抜
2311-005,2023-11-02,1079,佐藤,カルプ文字,,200,7,文字,30,,,,塗装,,支給,有,2.0,浜松市北区細江町,現調あり、請求書は本社宛、テナント看板,46500,税抜
2311-006,2023-11-02,1048,田中,袖看板,500,1500,1,台,,両面,,,,LED内照,支給,有,7.0,浜松市東区天王町,前面道路狭い、2色、現地調査含む,265000,税抜
2311-007,2023-11-02,1023,田中,インクジェット出力,900,1800,1,枚,,,塩ビ,なし,,,支給,有,1.8,浜松市中区佐鳴台,佐鳴台店 既存撤去あり 屋外用,32000,税抜
2311-008,2023-11-02,1072,鈴木,アルミ複合板看板,700,1200,1,枚,3,片面,,マット,,,支給,無,,豊橋市,現調あり 紹介案件,27500,税抜
2311-009,2023-11-02,1025,佐藤,インクジェット出力,900,1800,2,枚,,,塩ビ,グロス,,,新規,無,,,概算／屋内用,23600,税抜
2311-010,2023-11-04,9999,田中,インクジェット出力,900,3600,10,枚,,,合成紙,マット,,,新規,無,,,見積有効期限1ヶ月、2案提出,110000,税抜
2311-011,2023-11-06,1042,佐藤,アルミ複合板看板,2300,1000,1,枚,3,片面,,マット,,,修正,有,2.5,浜松市中区鍛冶町,角R加工／改装に伴う,47400,税抜
2311-012,2023-11-07,1042,佐藤,アルミ複合板看板,3000,1900,1,枚,3,片面,,グロス,,,支給,有,3.5,湖西市,夜間（22時以降）、四隅R,117900,税抜
2311-013,2023-11-07,1012,佐藤,インクジェット出力,420,594,1,枚,,,ターポリン,なし,,,支給,有,1.8,浜松市西区舞阪町,屋内用 現地調査含む,26000,税抜
2311-014,2023-11-07,1056,渡辺,アルミ複合板看板,900,1800,5,枚,3,片面,,なし,,,修正,無,,,,70200,
2311-015,2023-11-07,9999,渡辺,インクジェット出力,1800,900,2,枚,,,塩ビ,グロス,,,新規,無,,,改装に伴う,23600,
2311-016,2023-11-07,1047,田中,アルミ複合板看板,600,900,1,枚,3,片面,,マット,,,支給,無,,,,9700,税抜
2311-017,2023-11-07,9999,鈴木,インクジェット出力,1800,900,1,枚,,,塩ビ,マット,,,新規,有,2.0,浜松市西区雄踏町,期間限定キャンペーン用、イベント用,36080,税込
2311-018,2023-11-07,9999,渡辺,アルミ複合板看板,300,450,1,枚,3,片面,,なし,,,支給,有,1.5,浜松市東区天王町,既存看板撤去／処分,42560,
2311-019,2023-11-09,1010,佐藤,アルミ複合板看板,1200,2400,2,枚,3,片面,,グロス,,,支給,有,2.0,浜松市中区鍛冶町,既存撤去（処分不要）／特急対応,103900,税抜
2311-020,2023-11-09,9999,佐藤,アルミ複合板看板,300,450,10,枚,3,両面,,グロス,,,支給,無,,,特急,66880,税込
2311-021,2023-11-10,9999,田中,インクジェット出力,800,900,10,枚,,,塩ビ,グロス,,,支給,無,,,,37400,税込
2311-022,2023-11-13,9999,渡辺,カルプ文字,,250,10,文字,20,,,,シート貼り,,支給,無,,,概算,36300,税込
2311-023,2023-11-13,1094,田中,インクジェット出力,841,1189,1,枚,,,合成紙,マット,,,新規,無,,,,13400,税抜
2311-024,2023-11-14,1053,渡辺,袖看板,450,1200,1,台,,両面,,,,LED内照,修正,有,4.0,浜松市西区舞阪町,,245400,
2311-025,2023-11-14,9999,渡辺,カルプ文字,,180,5,文字,50,,,,塗装,,新規,有,3.5,浜松市北区細江町,色校正あり,54300,
2311-026,2023-11-14,1025,佐藤,カルプ文字,,300,18,文字,50,,,,塗装,,新規,無,,,屋外用、見積有効期限1ヶ月,118400,税抜
2311-027,2023-11-15,9999,渡辺,アルミ複合板看板,300,500,3,枚,3,片面,,マット,,,支給,無,,浜松市北区三方原町,期間限定キャンペーン用 現地調査希望 至急でお願いします 社内確認中 屋内用,25700,
2311-028,2023-11-15,1023,田中,インクジェット出力,600,1800,1,枚,,,塩ビ,なし,,,修正,無,,,屋外用 白フチあり,8000,税抜
2311-029,2023-11-15,9999,佐藤,アルミ複合板看板,1500,2200,9,枚,3,両面,,グロス,,,新規,有,2.0,浜松市北区細江町,移転に伴い,599900,税抜
2311-014-2,2023-11-17,1056,渡辺,アルミ複合板看板,900,1800,5,枚,3,片面,,なし,,,修正,無,,,再見積,64000,
2311-030,2023-11-17,1022,佐藤,カルプ文字,,100,9,文字,10,,,,塗装,,支給,無,,,,14600,税抜
2311-031,2023-11-17,1080,渡辺,カルプ文字,,200,10,文字,20,,,,シート貼り,,修正,有,5.0,磐田市,,69800,
2311-032,2023-11-17,1023,田中,アルミ複合板看板,1200,1150,1,枚,3,片面,,グロス,,,修正,有,4.5,豊川市,既存サイン撤去（処分は先方） 移転に伴い ビス穴加工 2案提出,86000,税抜
2311-033,2023-11-20,9999,渡辺,アルミ複合板看板,910,1820,1,枚,3,片面,,マット,,,修正,無,,,四隅R,20500,
2311-034,2023-11-20,1077,佐藤,アルミ複合板看板,900,1800,5,枚,3,両面,,グロス,,,支給,無,,,角R加工、前回同様,101900,税抜
2311-035,2023-11-20,1089,佐藤,カルプ文字,,300,5,文字,30,,,,シート貼り,,修正,有,3.0,浜松市中区鍛冶町,概算 ロゴのみ,42900,税抜
2311-036,2023-11-20,1082,佐藤,カルプ文字,,250,4,文字,20,,,,塗装,,支給,無,,,,19200,税抜
2311-037,2023-11-20,1085,佐藤,アルミ複合板看板,1500,900,1,枚,3,片面,,グロス,,,修正,有,3.0,浜松市西区舞阪町,既存看板撤去／処分,62700,税抜
2311-038,2023-11-21,9999,鈴木,インクジェット出力,1000,3000,1,枚,,,塩ビ,グロス,,,修正,無,,,PDF送付済,21400,税抜
2311-039,2023-11-22,1023,田中,アルミ複合板看板,1550,1350,1,枚,3,両面,,グロス,,,修正,有,3.0,磐田市,磐田店、オープン前,72000,税抜
2311-040,2023-11-25,9999,田中,インクジェット出力,200,1150,5,枚,,,塩ビ,マット,,,支給,有,1.8,湖西市,,26400,税込
2311-041,2023-11-27,1042,佐藤,アルミ複合板看板,2400,1200,1,枚,3,片面,,グロス,,,新規,有,3.0,浜松市西区舞阪町,穴あけ4箇所,62500,税抜
2311-042,2023-11-27,9999,鈴木,袖看板,450,1200,1,台,,両面,,,,LED内照,修正,有,9.0,浜松市浜北区貴布祢,閉店後夜間施工／改装に伴う,322960,税込
2311-043,2023-11-27,1053,渡辺,アルミ複合板看板,900,1800,1,枚,3,片面,,グロス,,,支給,有,2.0,浜松市北区三方原町,増刷、既存撤去あり,41300,
2311-044,2023-11-28,1085,佐藤,アルミ複合板看板,600,900,2,枚,3,両面,,グロス,,,新規,無,,,穴あけ4箇所 改装に伴う,31900,税抜
2311-045,2023-11-28,1053,渡辺,アルミ複合板看板,910,1820,2,枚,3,片面,,グロス,,,支給,有,2.2,浜松市南区高塚町,,53800,
2311-046,2023-11-28,9999,渡辺,インクジェット出力,1200,1800,1,枚,,,塩ビ,なし,,,新規,無,,,,16900,
2311-047,2023-11-28,1002,佐藤,カルプ文字,,300,9,文字,20,,,,塗装,,新規,有,3.0,浜松市東区天王町,,65400,税抜
2311-048,2023-11-28,1089,佐藤,インクジェット出力,1200,1000,1,枚,,,合成紙,グロス,,,修正,無,,,,10200,税抜
2311-049,2023-11-29,1067,田中,袖看板,600,1800,1,台,,両面,,,,LED内照,新規,有,12.0,浜松市北区引佐町,現調あり／新店舗／前面道路狭い,357000,税抜
2311-050,2023-11-29,9999,佐藤,アルミ複合板看板,1350,700,3,枚,3,片面,,グロス,,,新規,有,3.0,浜松市東区天王町,夜間施工／支払：月末締翌月末,84150,税込
2311-051,2023-11-29,1048,田中,インクジェット出力,600,1800,74,枚,,,塩ビ,マット,,,修正,有,1.8,浜松市北区三方原町,校正2回まで,409000,税抜
2311-052,2023-11-30,1053,渡辺,カルプ文字,,350,5,文字,20,,,,シート貼り,,新規,有,3.5,浜松市北区三方原町,,48800,
2311-053,2023-11-30,1050,鈴木,カルプ文字,,100,10,文字,30,,,,塗装,,支給,有,4.0,浜松市浜北区貴布祢,,46500,税抜
2312-001,2023-12-01,1075,田中,インクジェット出力,1450,750,1,枚,,,ターポリン,なし,,,新規,無,,,,13900,税抜
2312-002,2023-12-01,1059,佐藤,袖看板,600,1800,1,台,,両面,,,,なし,新規,有,4.5,浜松市中区鍛冶町,ロゴデータAI支給,251000,税抜
2312-003,2023-12-04,1025,佐藤,カルプ文字,,350,14,文字,50,,,,シート貼り,,修正,有,3.5,浜松市浜北区貴布祢,,118200,税抜
2312-004,2023-12-04,9999,鈴木,アルミ複合板看板,1200,1600,2,枚,3,片面,,マット,,,支給,有,4.0,浜松市北区三方原町,社内確認中,70700,税抜
2312-005,2023-12-04,1089,佐藤,カルプ文字,,300,5,文字,20,,,,シート貼り,,支給,有,5.0,掛川市,閉店後夜間施工、電話にて依頼,72100,税抜
2312-006,2023-12-04,9999,田中,アルミ複合板看板,600,900,1,枚,3,片面,,マット,,,支給,有,2.5,浜松市天竜区二俣町,,41000,税抜
2312-007,2023-12-05,1054,佐藤,アルミ複合板看板,1200,2400,7,枚,3,片面,,グロス,,,支給,有,3.5,浜松市中区鍛冶町,,248300,税抜
2312-008,2023-12-06,1023,田中,インクジェット出力,1250,550,1,枚,,,透過フィルム,グロス,,,修正,無,,,屋外用、FAXにて送付、概算,8000,税抜
2312-009,2023-12-06,1085,渡辺,インクジェット出力,841,1189,1,枚,,,透過フィルム,グロス,,,支給,有,1.5,浜松市東区天王町,請求書は本社宛,19400,
2312-010,2023-12-06,1050,渡辺,アルミ複合板看板,850,1200,1,枚,3,片面,,グロス,,,支給,有,3.0,掛川市,,43400,
2312-011,2023-12-06,9999,佐藤,袖看板,750,1500,1,台,,両面,,,,なし,新規,有,10.0,浜松市中区鍛冶町,,330000,税込
2312-012,2023-12-06,1074,渡辺,インクジェット出力,1200,1800,1,枚,,,透過フィルム,なし,,,修正,無,,,引取り／ロゴデータAI支給,15400,
2312-013,2023-12-06,1023,田中,インクジェット出力,900,1800,2,枚,,,塩ビ,マット,,,新規,有,1.8,浜松市南区高塚町,見積有効期限1ヶ月／高塚店,33000,税抜
2312-014,2023-12-07,9999,渡辺,インクジェット出力,420,594,10,枚,,,塩ビ,なし,,,修正,無,,,,13400,
2312-015,2023-12-07,1089,佐藤,アルミ複合板看板,850,1600,1,枚,3,片面,,マット,,,修正,無,,,,17900,税抜
2312-016,2023-12-07,1012,佐藤,アルミ複合板看板,450,600,1,枚,3,片面,,マット,,,支給,無,,,メールにて依頼 前回データで,7100,税抜
2312-017,2023-12-07,1010,佐藤,アルミ複合板看板,1200,600,4,枚,3,片面,,マット,,,修正,有,4.5,浜松市北区細江町,2案提出／至急対応希望,106100,税抜
2312-018,2023-12-07,1053,渡辺,インクジェット出力,594,841,15,枚,,,ターポリン,なし,,,修正,無,,,,33100,
2312-019,2023-12-08,1022,佐藤,アルミ複合板看板,1800,450,1,枚,3,片面,,グロス,,,支給,無,,,,12800,税抜
2312-020,2023-12-11,1023,田中,袖看板,500,1500,1,台,,両面,,,,なし,修正,有,5.0,菊川市,撤去処分込み、管理会社承認待ち,247000,税抜
2312-021,2023-12-11,1072,田中,袖看板,450,900,1,台,,両面,,,,なし,修正,有,9.0,浜松市中区鍛冶町,現地調査希望,169000,税抜
2312-022,2023-12-11,1075,田中,アルミ複合板看板,1500,900,1,枚,3,片面,,グロス,,,修正,有,3.0,浜松市南区高塚町,データ入稿済,38000,税抜
2312-023,2023-12-11,9999,佐藤,インクジェット出力,728,1030,1,枚,,,ターポリン,マット,,,新規,無,,,ハトメなし,13300,税抜
2312-024,2023-12-12,9999,田中,アルミ複合板看板,1700,1800,1,枚,3,片面,,グロス,,,修正,有,2.0,浜松市中区佐鳴台,イベント用、請求書は本社宛、角R加工,64000,税抜
2312-025,2023-12-12,9999,田中,インクジェット出力,594,841,3,枚,,,ターポリン,なし,,,新規,無,,,背景：白、店名変更、【特急】、仮見積,20790,税込
2312-026,2023-12-12,1023,田中,袖看板,750,1500,1,台,,両面,,,,LED内照,支給,有,6.0,浜松市中区鍛冶町,配送希望、管理会社承認待ち、至急でお願いします,381000,税抜
2312-027,2023-12-13,1096,佐藤,アルミ複合板看板,450,600,3,枚,3,片面,,マット,,,支給,無,,,,15100,税抜
2312-028,2023-12-13,1046,佐藤,アルミ複合板看板,900,900,1,枚,3,両面,,グロス,,,支給,無,,,穴あけ 新店舗 ロゴのみ,17800,税抜
2312-029,2023-12-13,1011,佐藤,カルプ文字,,100,5,文字,10,,,,塗装,,新規,有,3.0,浜松市中区鍛冶町,既存撤去・産廃処分,55900,税抜
2312-030,2023-12-13,1039,渡辺,カルプ文字,,450,10,文字,20,,,,シート貼り,,支給,有,3.0,島田市,見積有効期限1ヶ月、改装に伴う,94000,
2312-031,2023-12-14,1011,佐藤,カルプ文字,,400,6,文字,20,,,,シート貼り,,修正,有,2.5,浜松市東区天王町,2案提出,51000,税抜
2312-032,2023-12-14,1074,渡辺,インクジェット出力,200,1250,49,枚,,,塩ビ,グロス,,,新規,無,,,ロゴのみ,68800,
2312-033,2023-12-14,1050,鈴木,インクジェット出力,728,1030,1,枚,,,透過フィルム,グロス,,,新規,有,2.0,浜松市西区雄踏町,,30300,税抜
2312-034,2023-12-14,1019,田中,アルミ複合板看板,450,900,2,枚,3,片面,,グロス,,,支給,無,,,,12100,税抜
2312-035,2023-12-15,1033,田中,袖看板,600,1800,1,台,,両面,,,,なし,支給,有,4.0,浜松市中区鍛冶町,ロゴのみ、紹介案件、前回データで、駐車場あり,216000,税抜
2312-036,2023-12-15,9999,田中,カルプ文字,,250,9,文字,30,,,,シート貼り,,支給,有,3.0,浜松市南区高塚町,フルカラー,60500,税込
2312-037,2023-12-15,1074,渡辺,アルミ複合板看板,600,900,1,枚,3,両面,,マット,,,修正,有,1.5,浜松市北区細江町,,30000,
2312-038,2023-12-18,9999,鈴木,袖看板,450,900,1,台,,両面,,,,なし,修正,無,,,屋内用 新店舗,107800,税込
2312-039,2023-12-18,1023,田中,アルミ複合板看板,450,600,3,枚,3,片面,,マット,,,修正,有,4.5,浜松市中区佐鳴台,佐鳴台店,57000,税抜
2312-040,2023-12-19,1083,佐藤,インクジェット出力,600,1800,1,枚,,,塩ビ,なし,,,新規,無,,,イベント用、見積有効期限1ヶ月,13000,税抜
2312-041,2023-12-19,9999,佐藤,インクジェット出力,1500,1800,10,枚,,,透過フィルム,なし,,,支給,無,,,,207240,税込
2312-042,2023-12-19,1072,田中,インクジェット出力,515,728,3,枚,,,透過フィルム,グロス,,,新規,無,,,配送希望,16400,税抜
2312-043,2023-12-19,1023,田中,アルミ複合板看板,1000,2000,3,枚,3,片面,,マット,,,支給,有,6.0,浜松市西区雄踏町,要現調、雄踏店、特急対応,137000,税抜
2312-044,2023-12-20,1050,鈴木,インクジェット出力,1800,900,3,枚,,,塩ビ,マット,,,支給,有,2.0,湖西市,メールにて依頼／既存看板撤去／処分,58400,税抜
2312-045,2023-12-20,9999,佐藤,インクジェット出力,1800,900,10,枚,,,合成紙,なし,,,支給,無,,,ご担当：店長様,43340,税込
2312-046,2023-12-20,9999,佐藤,袖看板,700,1800,1,台,,両面,,,,LED内照,新規,有,5.0,浜松市西区舞阪町,PDF送付済／現地調査含む,406780,税込
2312-047,2023-12-21,1096,佐藤,インクジェット出力,1250,900,5,枚,,,合成紙,マット,,,支給,有,1.8,浜松市中区鍛冶町,増刷、新店舗,31300,税抜
2312-048,2023-12-21,9999,鈴木,アルミ複合板看板,1600,850,2,枚,3,両面,,グロス,,,修正,無,,,,49280,税込
2312-049,2023-12-22,1042,佐藤,カルプ文字,,600,12,文字,20,,,,シート貼り,,支給,有,3.5,浜松市中区佐鳴台,引取り／フルカラー／平日のみ施工可／既存撤去（処分不要）,117600,税抜
2312-050,2023-12-22,1025,佐藤,カルプ文字,,120,5,文字,30,,,,塗装,,支給,有,2.5,湖西市,配送希望,40000,税抜
2312-051,2023-12-22,1065,渡辺,カルプ文字,,150,17,文字,20,,,,シート貼り,,支給,有,2.0,浜松市浜北区貴布祢,テナント看板,44700,
2312-052,2023-12-25,1089,佐藤,カルプ文字,,300,8,文字,10,,,,塗装,,新規,有,2.5,湖西市,既存撤去あり,74000,税抜
2312-053,2023-12-25,9999,田中,アルミ複合板看板,600,600,1,枚,3,片面,,マット,,,新規,有,1.5,湖西市,搬入経路要確認,40700,税込
2312-054,2023-12-25,1095,渡辺,アルミ複合板看板,1500,900,1,枚,3,両面,,なし,,,新規,有,3.5,藤枝市,,64600,
2312-055,2023-12-25,9999,佐藤,カルプ文字,,400,10,文字,10,,,,塗装,,新規,無,,,ロゴデータAI支給,57200,税抜
2312-056,2023-12-25,1042,佐藤,アルミ複合板看板,750,1500,1,枚,3,片面,,なし,,,修正,有,1.5,浜松市東区天王町,店名変更,27700,税抜
2312-057,2023-12-25,1023,田中,インクジェット出力,841,1189,63,枚,,,合成紙,グロス,,,修正,無,,,,155000,税抜
2312-058,2023-12-26,1058,佐藤,アルミ複合板看板,600,900,2,枚,3,片面,,グロス,,,支給,有,4.0,浜松市北区細江町,,36800,税抜
2312-059,2023-12-26,1089,佐藤,アルミ複合板看板,1200,600,1,枚,3,片面,,グロス,,,支給,有,2.5,掛川市,前回同様／要図面,39500,税抜
2312-060,2023-12-26,1041,佐藤,アルミ複合板看板,600,900,1,枚,3,片面,,マット,,,支給,有,4.5,浜松市西区雄踏町,現地調査含む,60000,税抜
2312-061,2023-12-26,1023,田中,アルミ複合板看板,1600,850,1,枚,3,片面,,グロス,,,修正,有,2.0,磐田市,磐田店、ビス穴加工、2案提出,33000,税抜
2312-062,2023-12-26,9999,佐藤,袖看板,1000,3000,1,台,,両面,,,,なし,支給,有,3.5,浜松市東区天王町,既存撤去・産廃処分、店名変更、テナント看板,392000,税抜
2312-063,2023-12-27,9999,鈴木,アルミ複合板看板,1850,1900,1,枚,3,片面,,グロス,,,修正,無,,,見積有効期限1ヶ月,52000,税抜
2312-064,2023-12-27,1085,佐藤,インクジェット出力,550,1150,8,枚,,,ターポリン,なし,,,修正,無,,,校正2回まで、2色,26600,税抜
2312-065,2023-12-28,1023,田中,袖看板,600,1200,2,台,,両面,,,,なし,支給,有,3.5,浜松市浜北区貴布祢,貴布祢店 現場写真受領 既存撤去（処分不要）,335000,税抜
2312-066,2023-12-28,9999,佐藤,アルミ複合板看板,1400,1850,1,枚,3,片面,,マット,,,新規,有,3.0,浜松市中区鍛冶町,お急ぎとのこと、既存看板撤去／処分、屋外用,95400,税抜
2312-067,2023-12-28,1023,田中,アルミ複合板看板,600,650,1,枚,3,片面,,グロス,,,新規,有,1.8,浜松市中区佐鳴台,ビス穴加工、佐鳴台店、週末施工希望,32000,税抜
2312-068,2023-12-28,1053,渡辺,インクジェット出力,728,1030,4,枚,,,合成紙,なし,,,支給,有,2.4,島田市,背景：白／PDF送付済／現地調査不要（写真あり）／既存看板撤去・処分,64600,
2401-001,2024-01-05,9999,佐藤,アルミ複合板看板,900,1400,1,枚,3,片面,,マット,,,新規,無,,,,27830,税込
2401-002,2024-01-05,1042,佐藤,インクジェット出力,450,1200,1,枚,,,塩ビ,マット,,,支給,無,,,データ入稿済、概算,5000,税抜
2401-003,2024-01-09,1041,佐藤,袖看板,450,900,1,台,,両面,,,,なし,支給,有,8.0,浜松市浜名区引佐町,電話番号変更、店名変更,155500,税抜
2401-004,2024-01-09,1079,佐藤,インクジェット出力,300,900,84,枚,,,塩ビ,グロス,,,修正,無,,,,91000,税抜
2401-005,2024-01-09,1002,佐藤,カルプ文字,,500,5,文字,20,,,,塗装,,新規,無,,,引取り,46000,税抜
2401-006,2024-01-09,9999,高橋,アルミ複合板看板,950,200,1,枚,3,片面,,グロス,,,支給,有,3.5,磐田市,2案提出、四隅R,35320,税抜
2401-007,2024-01-09,1091,高橋,インクジェット出力,420,594,3,枚,,,塩ビ,なし,,,新規,無,,,屋内用,13000,税抜
2401-008,2024-01-10,1042,高橋,インクジェット出力,1650,1650,2,枚,,,ターポリン,なし,,,新規,無,,,ハトメ不要,36450,税抜
2401-009,2024-01-10,1077,高橋,カルプ文字,,600,12,文字,50,,,,シート貼り,,修正,有,4.0,浜松市中央区佐鳴台,屋外用 電話にて依頼 既存撤去・産廃処分,165550,税抜
2401-010,2024-01-10,1067,佐藤,カルプ文字,,500,21,文字,30,,,,塗装,,修正,有,4.5,浜松市浜名区細江町,,200000,税抜
2401-011,2024-01-11,1020,高橋,インクジェット出力,800,400,19,枚,,,合成紙,なし,,,支給,無,,,電話番号変更,17780,税抜
2401-012,2024-01-12,1045,高橋,アルミ複合板看板,1200,2400,1,枚,3,片面,,グロス,,,新規,無,,,,37960,税抜
2401-013,2024-01-12,1067,佐藤,アルミ複合板看板,900,1800,1,枚,3,片面,,グロス,,,支給,無,,,前回同様、ロゴデータAI支給,15000,税抜
2401-014,2024-01-15,1048,田中,アルミ複合板看板,400,600,1,枚,3,片面,,グロス,,,修正,無,,,社内確認中,13900,税抜
2401-015,2024-01-15,1001,佐藤,インクジェット出力,1800,900,2,枚,,,塩ビ,グロス,,,支給,無,,,背景：白,14800,税抜
2401-016,2024-01-17,1041,田中,カルプ文字,,200,7,文字,20,,,,シート貼り,,支給,有,2.5,磐田市,ご担当：店長様,39000,税抜
2401-017,2024-01-17,1038,田中,アルミ複合板看板,910,1820,1,枚,3,片面,,グロス,,,新規,有,3.0,磐田市,特急（3営業日）,56000,税抜
2401-018,2024-01-17,1045,高橋,カルプ文字,,700,6,文字,20,,,,シート貼り,,新規,有,3.0,浜松市中央区舞阪町,,84000,税抜
2401-019,2024-01-17,9999,鈴木,インクジェット出力,300,900,1,枚,,,合成紙,マット,,,新規,無,,,期間限定キャンペーン用、白フチあり,13000,税抜
2401-020,2024-01-17,1033,佐藤,カルプ文字,,150,5,文字,50,,,,シート貼り,,修正,有,3.5,御前崎市,店名変更,54000,税抜
2401-021,2024-01-17,1077,高橋,アルミ複合板看板,300,450,13,枚,3,片面,,グロス,,,支給,有,2.0,浜松市中央区鍛冶町,角R加工,62120,税抜
2401-022,2024-01-18,1032,高橋,アルミ複合板看板,450,900,8,枚,3,片面,,グロス,,,修正,無,,,テナント看板／背景：白／イベント用／角丸,61760,税抜
2401-023,2024-01-18,9999,佐藤,インクジェット出力,1800,900,2,枚,,,透過フィルム,なし,,,支給,有,1.5,浜松市中央区天王町,,31020,税込
2401-024,2024-01-18,9999,田中,アルミ複合板看板,1200,600,2,枚,3,片面,,グロス,,,修正,無,,,,29920,税込
2401-025,2024-01-18,1020,高橋,袖看板,450,900,1,台,,両面,,,,なし,支給,有,10.0,湖西市,管理会社承認待ち、現地調査含む、既存撤去（処分不要）、支払：月末締翌月末,200250,税抜
2401-026,2024-01-19,1077,高橋,カルプ文字,,300,10,文字,20,,,,塗装,,修正,有,3.5,浜松市中央区高塚町,背景：白,64320,税抜
2401-027,2024-01-19,9999,鈴木,インクジェット出力,550,750,1,枚,,,塩ビ,グロス,,,修正,無,,,,8000,税抜
2401-028,2024-01-19,1090,佐藤,アルミ複合板看板,450,600,1,枚,3,片面,,マット,,,新規,無,,,フルカラー／電話番号変更,20900,税抜
2401-029,2024-01-22,1092,田中,カルプ文字,,350,14,文字,20,,,,シート貼り,,支給,有,3.0,浜松市中区鍛冶町,テナント看板,78000,税抜
2401-030,2024-01-22,9999,高橋,アルミ複合板看板,300,450,1,枚,3,両面,,グロス,,,修正,無,,,2案提出、店名変更、角丸,15640,税抜
2401-031,2024-01-23,1023,田中,インクジェット出力,1150,1650,4,枚,,,塩ビ,グロス,,,支給,無,,,紹介案件／校正2回まで,34000,税抜
2401-032,2024-01-23,1091,田中,インクジェット出力,600,1300,2,枚,,,塩ビ,グロス,,,新規,無,,,,16400,税抜
2401-033,2024-01-23,1023,田中,アルミ複合板看板,550,850,3,枚,3,片面,,マット,,,修正,有,2.5,浜松市南区高塚町,オープン前,39000,税抜
2401-034,2024-01-23,9999,佐藤,アルミ複合板看板,1950,1250,1,枚,3,片面,,グロス,,,修正,無,,,請求書は本社宛 特急対応,60400,税抜
2401-035,2024-01-23,1006,佐藤,アルミ複合板看板,450,900,1,枚,3,両面,,グロス,,,新規,有,3.0,磐田市,,48000,税抜
2401-036,2024-01-23,1023,田中,アルミ複合板看板,600,600,1,枚,3,片面,,グロス,,,支給,有,5.0,浜松市西区舞阪町,舞阪店、撤去処分込み、ロゴデータAI支給、管理会社承認待ち,73000,税抜
2401-037,2024-01-24,1082,佐藤,アルミ複合板看板,450,600,1,枚,3,片面,,マット,,,支給,無,,,改装に伴う,10900,税抜
2401-038,2024-01-24,9999,佐藤,アルミ複合板看板,900,1800,2,枚,3,片面,,マット,,,新規,無,,,FAXにて送付 電話番号変更 フルカラー,46310,税込
2401-039,2024-01-25,9999,高橋,カルプ文字,,350,10,文字,30,,,,シート貼り,,新規,有,4.0,浜松市中央区鍛冶町,,87340,税込
2401-040,2024-01-25,1045,高橋,カルプ文字,,100,20,文字,30,,,,シート貼り,,新規,無,,,背景：白／テナント看板,37800,税抜
2401-041,2024-01-26,1054,佐藤,カルプ文字,,350,7,文字,10,,,,塗装,,支給,有,3.5,浜松市中央区高塚町,平日のみ施工可／要現調／2案提出／夜間作業,67700,税抜
2401-042,2024-01-29,9999,田中,インクジェット出力,700,400,5,枚,,,塩ビ,マット,,,新規,無,,,オープン前,16000,税抜
2401-043,2024-01-29,1053,高橋,袖看板,450,1200,1,台,,両面,,,,なし,修正,有,10.0,磐田市,電話番号変更、店名変更、特急（3営業日）,256020,税抜
2401-044,2024-01-30,1020,田中,アルミ複合板看板,3000,900,2,枚,3,片面,,グロス,,,新規,有,1.5,浜松市南区高塚町,ビス穴加工,115000,税抜
2401-045,2024-01-30,9999,佐藤,カルプ文字,,120,10,文字,20,,,,塗装,,支給,有,4.5,湖西市,屋内用、ロゴのみ、社内確認中,75460,税込
2401-046,2024-01-30,9999,鈴木,インクジェット出力,1200,1800,1,枚,,,塩ビ,なし,,,新規,有,1.5,磐田市,現場写真受領、現地調査希望,37900,税抜
2401-047,2024-01-31,1085,佐藤,アルミ複合板看板,300,450,1,枚,3,片面,,なし,,,新規,有,1.8,浜松市中央区三方原町,社内確認中 請求書は本社宛,32500,税抜
2402-001,2024-02-01,1048,田中,カルプ文字,,450,11,文字,20,,,,シート貼り,,支給,有,4.0,浜松市中区鍛冶町,,83000,税抜
2402-002,2024-02-01,1022,佐藤,アルミ複合板看板,300,350,1,枚,3,両面,,マット,,,支給,有,3.5,浜松市中央区雄踏町,平日のみ施工可,35600,税抜
2402-003,2024-02-01,1045,高橋,カルプ文字,,120,7,文字,10,,,,シート貼り,,支給,有,2.5,浜松市中央区鍛冶町,リピート、白フチあり、背景：白,29040,税抜
2402-004,2024-02-02,1082,佐藤,袖看板,1000,3000,2,台,,両面,,,,なし,新規,有,6.0,浜松市中央区佐鳴台,既存看板撤去／処分／フルカラー,791000,税抜
2402-005,2024-02-02,1050,鈴木,インクジェット出力,950,950,5,枚,,,透過フィルム,なし,,,新規,有,2.0,島田市,,66100,税抜
2402-006,2024-02-02,9999,佐藤,アルミ複合板看板,1550,2300,5,枚,3,両面,,マット,,,新規,有,1.8,豊川市,データ入稿済／角R加工,364400,税抜
2402-007,2024-02-02,1041,佐藤,アルミ複合板看板,250,1300,4,枚,3,片面,,マット,,,支給,有,4.0,袋井市,概算 平日のみ施工可 紹介案件,52900,税抜
2402-008,2024-02-05,1081,田中,袖看板,450,900,1,台,,両面,,,,LED内照,新規,有,5.0,湖西市,,240000,税抜
2402-009,2024-02-05,9999,田中,インクジェット出力,900,850,9,枚,,,合成紙,なし,,,支給,無,,,ロゴデータAI支給,19580,税込
2402-010,2024-02-06,1020,高橋,アルミ複合板看板,600,1800,1,枚,3,両面,,なし,,,支給,無,,,データ入稿済、テナント看板、前回同様,13900,税抜
2402-011,2024-02-06,1095,高橋,カルプ文字,,150,11,文字,10,,,,シート貼り,,新規,有,4.0,豊橋市,,52960,税抜
2402-012,2024-02-06,9999,高橋,カルプ文字,,180,10,文字,30,,,,塗装,,支給,有,3.0,豊橋市,屋内用、既存撤去あり,89210,税込
2402-013,2024-02-06,1050,鈴木,インクジェット出力,594,841,1,枚,,,ターポリン,なし,,,新規,無,,,社内確認中,13000,税抜
2402-014,2024-02-07,1002,佐藤,アルミ複合板看板,1550,200,1,枚,3,片面,,マット,,,支給,無,,,ビス穴加工 新店舗 リピート,9600,税抜
2402-015,2024-02-07,9999,田中,アルミ複合板看板,1200,600,2,枚,3,片面,,グロス,,,新規,無,,,,37730,税込
2402-016,2024-02-07,1072,田中,袖看板,500,1500,1,台,,両面,,,,LED内照,支給,有,4.0,浜松市天竜区二俣町,請求書は本社宛、既存サイン撤去（処分は先方）,312000,税抜
2402-017,2024-02-07,1019,田中,インクジェット出力,900,1800,1,枚,,,合成紙,なし,,,支給,無,,,移転に伴い、急ぎではない、屋外用,5000,税抜
2402-018,2024-02-07,9999,田中,アルミ複合板看板,750,1500,10,枚,3,片面,,グロス,,,修正,無,,,,140800,税込
2402-019,2024-02-08,1053,高橋,カルプ文字,,150,7,文字,20,,,,塗装,,修正,有,2.5,浜松市天竜区二俣町,イベント用,49210,税抜
2402-020,2024-02-08,1008,鈴木,カルプ文字,,200,19,文字,50,,,,シート貼り,,新規,無,,,,68800,税抜
2402-021,2024-02-08,1096,佐藤,アルミ複合板看板,900,1800,2,枚,3,片面,,グロス,,,支給,無,,,見積有効期限1ヶ月,30500,税抜
2402-022,2024-02-08,1077,高橋,インクジェット出力,1000,3000,26,枚,,,合成紙,グロス,,,新規,無,,,2案提出,286027,税抜
2402-023,2024-02-09,1014,高橋,アルミ複合板看板,450,600,1,枚,3,片面,,マット,,,支給,無,,,前回同様,8920,税抜
2402-024,2024-02-09,1054,佐藤,カルプ文字,,80,8,文字,10,,,,シート貼り,,修正,有,3.0,浜松市中央区雄踏町,夜間（22時以降）、白フチあり,44100,税抜
2402-025,2024-02-09,1069,鈴木,カルプ文字,,150,12,文字,20,,,,シート貼り,,支給,有,4.0,浜松市中央区高塚町,増刷／管理会社承認待ち,39200,税抜
2402-026,2024-02-13,1026,高橋,カルプ文字,,250,4,文字,10,,,,シート貼り,,支給,無,,,,13200,税抜
2402-027,2024-02-13,1054,佐藤,インクジェット出力,1400,1300,1,枚,,,塩ビ,グロス,,,支給,無,,,見積有効期限1ヶ月,9600,税抜
2402-028,2024-02-13,1023,田中,インクジェット出力,250,1050,2,枚,,,透過フィルム,なし,,,支給,無,,,店名変更 増刷,5000,税抜
2402-029,2024-02-13,9999,鈴木,アルミ複合板看板,3000,900,10,枚,3,片面,,マット,,,修正,有,4.0,浜松市浜名区引佐町,背景：白 穴あけ 週末施工希望,524900,税抜
2402-030,2024-02-14,9999,田中,アルミ複合板看板,3100,1800,2,枚,3,両面,,グロス,,,支給,有,6.0,浜松市中区鍛冶町,撤去は別途,280500,税込
2402-031,2024-02-14,1065,高橋,袖看板,450,1200,1,台,,両面,,,,なし,新規,有,10.0,周智郡森町,ロゴのみ 夜間作業,254400,税抜
2402-032,2024-02-15,1081,田中,インクジェット出力,1000,3000,5,枚,,,塩ビ,グロス,,,支給,有,2.0,周智郡森町,至急,129000,税抜
2402-033,2024-02-16,1067,鈴木,袖看板,400,800,1,台,,両面,,,,LED内照,修正,有,3.5,湖西市,2案提出 特急対応 校正2回まで,257400,税抜
2402-034,2024-02-17,9999,田中,カルプ文字,,120,10,文字,10,,,,塗装,,修正,無,,,屋外用,24400,税抜
2402-035,2024-02-17,9999,田中,アルミ複合板看板,600,600,1,枚,3,片面,,なし,,,支給,無,,,FAXにて送付／角R加工,11200,税抜
2402-036,2024-02-19,1023,田中,インクジェット出力,594,841,3,枚,,,ターポリン,なし,,,支給,無,,,,6900,税抜
2402-037,2024-02-19,1050,鈴木,アルミ複合板看板,900,1800,1,枚,3,片面,,なし,,,支給,有,2.2,磐田市,,39000,税抜
2402-038,2024-02-20,1023,田中,袖看板,450,1200,1,台,,両面,,,,LED内照,支給,有,7.0,浜松市中区鍛冶町,鍛冶店,245000,税抜
2402-039,2024-02-20,1020,高橋,アルミ複合板看板,300,250,1,枚,3,片面,,グロス,,,新規,有,2.0,浜松市中央区舞阪町,,36370,税抜
2402-040,2024-02-20,1008,鈴木,アルミ複合板看板,900,900,4,枚,3,片面,,マット,,,新規,無,,,,45400,税抜
2402-041,2024-02-21,1023,田中,インクジェット出力,300,1050,44,枚,,,塩ビ,グロス,,,支給,無,,,概算、データ入稿済,55000,税抜
2402-042,2024-02-21,1085,佐藤,インクジェット出力,1650,850,1,枚,,,ターポリン,なし,,,支給,有,1.5,浜松市中央区佐鳴台,2色 リピート 配送希望,17200,税抜
2402-043,2024-02-21,9999,佐藤,インクジェット出力,1800,900,3,枚,,,ターポリン,なし,,,修正,無,,,ロゴデータAI支給,24640,税込
2402-044,2024-02-21,1068,高橋,インクジェット出力,841,1189,80,枚,,,合成紙,マット,,,修正,有,2.0,浜松市中央区天王町,フルカラー,366600,税抜
2402-045,2024-02-21,1078,佐藤,袖看板,450,1200,2,台,,両面,,,,LED内照,支給,有,5.0,浜松市中央区三方原町,イベント用、電話にて依頼、2色,489200,税抜
2402-046,2024-02-21,1047,田中,インクジェット出力,1800,900,1,枚,,,塩ビ,マット,,,支給,無,,,フルカラー,7000,税抜
2402-047,2024-02-22,9999,佐藤,カルプ文字,,80,10,文字,20,,,,シート貼り,,新規,無,,,イベント用,23100,税込
2402-048,2024-02-22,1023,田中,袖看板,450,1200,1,台,,両面,,,,LED内照,支給,無,,,,161000,税抜
2402-049,2024-02-22,1050,高橋,アルミ複合板看板,300,450,1,枚,3,片面,,なし,,,修正,有,3.0,周智郡森町,角R加工／既存看板撤去,57960,税抜
2402-050,2024-02-26,9999,高橋,アルミ複合板看板,450,600,9,枚,3,片面,,グロス,,,新規,有,1.8,浜松市浜名区引佐町,既存看板撤去・処分／請求書は本社宛／オープン前／管理会社承認待ち／現地調査含む,88980,税抜
2402-051,2024-02-26,1023,田中,袖看板,700,1800,1,台,,両面,,,,LED内照,支給,有,4.5,袋井市,現調不要 店名変更,323000,税抜
2402-052,2024-02-26,1023,田中,アルミ複合板看板,450,600,2,枚,3,片面,,グロス,,,支給,有,6.0,湖西市,湖西店,55000,税抜
2402-053,2024-02-26,1023,田中,アルミ複合板看板,600,1800,1,枚,3,片面,,グロス,,,新規,有,3.0,浜松市中区鍛冶町,鍛冶店,42000,税抜
2402-054,2024-02-26,1074,高橋,カルプ文字,,300,9,文字,20,,,,シート貼り,,支給,有,3.0,磐田市,夜間作業、概算、前回データで,53000,税抜
2402-055,2024-02-26,1091,高橋,アルミ複合板看板,1900,1450,2,枚,3,片面,,グロス,,,新規,無,,,四隅R,99840,税抜
2402-056,2024-02-27,1002,佐藤,インクジェット出力,1200,1800,6,枚,,,塩ビ,なし,,,支給,無,,,ロゴデータAI支給,43420,税抜
2402-057,2024-02-27,1033,田中,カルプ文字,,150,11,文字,20,,,,シート貼り,,支給,有,3.0,浜松市東区天王町,FAXにて送付、紹介案件,40000,税抜
2402-058,2024-02-27,1002,佐藤,袖看板,450,900,1,台,,両面,,,,なし,支給,有,6.0,浜松市中央区雄踏町,前回同様、色校正あり,165000,税抜
2402-059,2024-02-27,1060,佐藤,カルプ文字,,180,6,文字,30,,,,シート貼り,,支給,有,6.0,浜松市中央区舞阪町,イベント用,61200,税抜
2402-060,2024-02-27,9999,鈴木,インクジェット出力,420,594,10,枚,,,塩ビ,グロス,,,新規,無,,,,22000,税抜
2402-061,2024-02-27,1080,高橋,インクジェット出力,500,350,1,枚,,,塩ビ,グロス,,,支給,有,3.0,浜松市中央区鍛冶町,,25000,税抜
2402-062,2024-02-28,1041,佐藤,袖看板,450,900,1,台,,両面,,,,なし,修正,有,6.0,浜松市中央区高塚町,店名変更,154500,税抜
2402-063,2024-02-28,1050,鈴木,アルミ複合板看板,300,450,1,枚,3,片面,,なし,,,支給,無,,,背景：白,10500,税抜
2402-064,2024-02-28,1004,佐藤,アルミ複合板看板,600,1800,1,枚,3,片面,,グロス,,,支給,有,3.5,名古屋市中区,前回データで,54400,税抜
2402-065,2024-02-28,1081,田中,袖看板,450,900,1,台,,両面,,,,なし,修正,有,7.0,磐田市,支払：月末締翌月末 現地調査希望 撤去は別途,168000,税抜
2402-066,2024-02-29,1077,高橋,インクジェット出力,1050,1450,52,枚,,,ターポリン,なし,,,支給,無,,,改装に伴う／2色,281100,税抜
2402-067,2024-02-29,9999,鈴木,アルミ複合板看板,2400,1200,1,枚,3,片面,,グロス,,,新規,無,,,ご担当：店長様,41690,税込
2402-068,2024-02-29,1023,鈴木,インクジェット出力,900,1800,1,枚,,,ターポリン,なし,,,修正,有,1.0,浜松市浜名区細江町,ハトメなし、校正2回まで、データ入稿済、色校正あり,25200,税抜
2402-069,2024-02-29,1047,田中,インクジェット出力,728,1030,1,枚,,,塩ビ,グロス,,,支給,無,,御前崎市,現調あり,26000,税抜
2402-070,2024-02-29,1065,佐藤,インクジェット出力,728,1030,1,枚,,,合成紙,なし,,,支給,無,,,データ入稿済、背景：白、増刷,5000,税抜
2402-071,2024-02-29,9999,田中,アルミ複合板看板,1500,900,9,枚,3,片面,,グロス,,,新規,有,2.5,浜松市東区天王町,,181500,税込
2403-001,2024-03-01,1060,佐藤,袖看板,700,1800,1,台,,両面,,,,LED内照,支給,有,3.5,浜松市中央区舞阪町,平日のみ施工可,316700,税抜
2403-002,2024-03-04,1023,田中,アルミ複合板看板,1150,1100,3,枚,3,片面,,グロス,,,支給,有,1.8,湖西市,夜間（22時以降）、湖西店、穴あけ4箇所、管理会社承認待ち,70000,税抜
2403-003,2024-03-04,1050,鈴木,袖看板,450,1200,1,台,,両面,,,,LED内照,支給,有,6.0,浜松市中央区三方原町,既存看板撤去・処分,342600,税抜
2403-004,2024-03-05,1033,田中,アルミ複合板看板,1650,1500,1,枚,3,両面,,グロス,,,新規,無,,,FAXにて送付,65000,税抜
2403-005,2024-03-05,1074,高橋,カルプ文字,,150,20,文字,30,,,,塗装,,支給,有,4.5,袋井市,雨天順延／前回同様,103000,税抜
2403-006,2024-03-05,1048,田中,アルミ複合板看板,3000,900,5,枚,3,両面,,マット,,,新規,有,1.5,袋井市,角丸 駐車場あり 見積有効期限1ヶ月,331000,税抜
2403-007,2024-03-06,1041,佐藤,アルミ複合板看板,1500,850,1,枚,3,両面,,マット,,,支給,有,3.0,浜松市中央区鍛冶町,請求書は本社宛／駐車場あり,38900,税抜
2403-008,2024-03-06,1022,佐藤,袖看板,700,1800,1,台,,両面,,,,なし,支給,有,3.0,岡崎市,店名変更,251000,税抜
2403-009,2024-03-06,1047,田中,インクジェット出力,1000,3000,2,枚,,,塩ビ,なし,,,支給,無,,,,20000,税抜
2402-054-2,2024-03-06,1074,高橋,カルプ文字,,300,9,文字,20,,,,シート貼り,,支給,有,3.0,磐田市,夜間作業、概算、前回データで、再見積（訂正）,57000,税抜
2403-010,2024-03-06,1053,高橋,インクジェット出力,1370,5000,4,枚,,,塩ビ,グロス,,,支給,無,,,,168490,税抜
2403-011,2024-03-07,1053,高橋,アルミ複合板看板,800,1000,2,枚,3,片面,,グロス,,,支給,無,,,ロゴのみ 前回同様,21120,税抜
2403-012,2024-03-07,1096,佐藤,袖看板,450,900,1,台,,両面,,,,なし,支給,有,5.0,磐田市,リピート,160200,税抜
2403-013,2024-03-08,9999,田中,カルプ文字,,250,10,文字,10,,,,シート貼り,,修正,有,5.0,豊橋市,,88000,税込
2403-014,2024-03-08,1042,佐藤,カルプ文字,,200,7,文字,20,,,,シート貼り,,支給,有,2.5,浜松市中央区鍛冶町,撤去処分込み、テナント看板,56800,税抜
2403-015,2024-03-08,9999,田中,アルミ複合板看板,1820,3640,4,枚,3,片面,,なし,,,新規,無,,,移転に伴い、穴あけ,315700,税込
2403-016,2024-03-08,1012,佐藤,アルミ複合板看板,900,1800,1,枚,3,片面,,マット,,,支給,有,3.5,浜松市浜名区貴布祢,増刷 色校正あり 屋内用,36000,税抜
2403-017,2024-03-08,1015,佐藤,袖看板,450,900,1,台,,両面,,,,なし,新規,有,6.0,浜松市中央区鍛冶町,屋外用、現地調査希望,181000,税抜
2403-018,2024-03-08,1008,鈴木,カルプ文字,,500,5,文字,30,,,,塗装,,新規,無,,,,53500,税抜
2403-019,2024-03-11,1022,佐藤,カルプ文字,,150,6,文字,10,,,,塗装,,修正,有,3.5,菊川市,仮見積,45300,税抜
2403-020,2024-03-12,9999,鈴木,アルミ複合板看板,300,450,1,枚,3,両面,,グロス,,,修正,無,,,店名変更／データ入稿済,16720,税込
2403-021,2024-03-12,1038,田中,インクジェット出力,1200,1800,18,枚,,,塩ビ,グロス,,,新規,有,1.8,菊川市,メールにて依頼,248000,税抜
2403-022,2024-03-12,1023,田中,カルプ文字,,400,7,文字,50,,,,シート貼り,,支給,有,5.0,掛川市,,90000,税抜
2403-023,2024-03-13,1033,田中,アルミ複合板看板,1500,900,4,枚,3,両面,,グロス,,,修正,有,5.0,磐田市,請求書は本社宛、校正2回まで,132000,税抜
2403-024,2024-03-14,1085,佐藤,アルミ複合板看板,1300,1500,1,枚,3,片面,,グロス,,,修正,有,1.5,藤枝市,見積有効期限1ヶ月、四隅R、店名変更,73400,税抜
2403-025,2024-03-14,1074,高橋,アルミ複合板看板,900,1800,2,枚,3,片面,,グロス,,,新規,有,2.0,袋井市,メールにて依頼,66060,税抜
2403-026,2024-03-14,1053,高橋,インクジェット出力,728,1030,49,枚,,,塩ビ,マット,,,支給,無,,,2色,135960,税抜
2403-027,2024-03-14,1085,佐藤,カルプ文字,,200,5,文字,20,,,,塗装,,修正,有,4.0,浜松市浜名区引佐町,請求書は本社宛,44200,税抜
2403-028,2024-03-14,1025,佐藤,インクジェット出力,900,1800,1,枚,,,塩ビ,マット,,,支給,有,1.0,浜松市中央区三方原町,イベント用,20800,税抜
2403-029,2024-03-15,9999,鈴木,カルプ文字,,350,10,文字,30,,,,シート貼り,,新規,有,2.5,浜松市中央区天王町,急ぎではない、撤去処分込み,109340,税込
2403-030,2024-03-15,1068,高橋,アルミ複合板看板,1500,1200,4,枚,3,片面,,マット,,,修正,有,2.5,浜松市浜名区貴布祢,,128080,税抜
2403-031,2024-03-15,1053,高橋,カルプ文字,,200,17,文字,30,,,,シート貼り,,支給,有,4.0,浜松市中央区三方原町,期間限定キャンペーン用,63540,税抜
2403-032,2024-03-15,1084,田中,インクジェット出力,900,3600,5,枚,,,塩ビ,グロス,,,支給,無,,,FAXにて送付,47000,税抜
2403-033,2024-03-15,1074,高橋,アルミ複合板看板,300,1450,1,枚,3,片面,,グロス,,,支給,有,3.0,袋井市,見積有効期限1ヶ月、角R加工,41200,税抜
2403-034,2024-03-15,1042,佐藤,インクジェット出力,1000,300,4,枚,,,合成紙,なし,,,支給,有,2.0,浜松市中央区佐鳴台,ご担当：店長様,17000,税抜
2403-035,2024-03-18,1074,高橋,アルミ複合板看板,750,1500,1,枚,3,片面,,マット,,,新規,無,,,ご担当：店長様、角丸、2色、PDF送付済,25280,税抜
2403-036,2024-03-18,1020,高橋,アルミ複合板看板,900,900,1,枚,3,片面,,グロス,,,修正,無,,,角R加工,16260,税抜
2403-037,2024-03-19,1089,佐藤,カルプ文字,,300,6,文字,30,,,,シート貼り,,新規,有,3.0,浜松市中央区天王町,要現調,54300,税抜
2403-038,2024-03-19,1023,田中,アルミ複合板看板,1550,350,3,枚,3,片面,,グロス,,,支給,有,4.0,浜松市西区雄踏町,概算 リピート 至急でお願いします,51000,税抜
2403-039,2024-03-19,9999,高橋,アルミ複合板看板,450,600,3,枚,3,片面,,マット,,,新規,有,2.2,浜松市中央区高塚町,管理会社承認待ち 2色 閉店後夜間施工,57156,税込
2403-040,2024-03-21,9999,高橋,カルプ文字,,600,10,文字,30,,,,シート貼り,,新規,有,4.0,浜松市中央区天王町,屋内用,124300,税込
2403-041,2024-03-21,9999,鈴木,インクジェット出力,600,1800,5,枚,,,透過フィルム,グロス,,,新規,無,,,屋外用,43670,税込
2403-042,2024-03-21,1067,佐藤,カルプ文字,,350,12,文字,10,,,,シート貼り,,修正,無,,,,48800,税抜
2403-043,2024-03-21,1088,田中,袖看板,900,2400,1,台,,両面,,,,LED内照,新規,有,9.0,豊橋市,雨天順延、オープン前,493900,税込
2403-044,2024-03-21,9999,佐藤,インクジェット出力,515,728,5,枚,,,ターポリン,なし,,,支給,無,,,校正2回まで、ハトメなし,8800,税込
2403-045,2024-03-22,1091,高橋,カルプ文字,,300,4,文字,10,,,,シート貼り,,支給,有,5.0,浜松市中央区鍛冶町,【特急】、午前中施工希望,57160,税抜
2403-046,2024-03-22,1091,田中,カルプ文字,,350,15,文字,20,,,,塗装,,修正,有,4.0,磐田市,色校正あり,115000,税抜
2403-047,2024-03-22,9999,鈴木,カルプ文字,,250,9,文字,20,,,,シート貼り,,支給,有,2.5,浜松市中央区佐鳴台,期間限定キャンペーン用,55000,税込
2403-048,2024-03-22,1026,高橋,アルミ複合板看板,1700,1300,1,枚,3,片面,,グロス,,,修正,無,,,,46320,税抜
2403-049,2024-03-22,1047,田中,インクジェット出力,1200,1800,37,枚,,,塩ビ,マット,,,支給,無,,,社内確認中、テナント看板,235000,税抜
2403-050,2024-03-22,9999,佐藤,カルプ文字,,150,6,文字,30,,,,塗装,,新規,有,2.5,浜松市中央区三方原町,既存看板撤去／処分、要現調,76560,税込
2403-051,2024-03-22,1060,佐藤,インクジェット出力,900,1800,11,枚,,,塩ビ,グロス,,,新規,無,,,,80900,税抜
2403-052,2024-03-22,9999,佐藤,アルミ複合板看板,1200,600,1,枚,3,片面,,グロス,,,新規,有,2.0,浜松市中央区舞阪町,角丸 撤去処分込み,59500,税抜
2403-053,2024-03-22,1063,佐藤,アルミ複合板看板,1800,900,1,枚,3,片面,,グロス,,,支給,無,,,屋内用、FAXにて送付,13600,税抜
2403-054,2024-03-25,9999,鈴木,アルミ複合板看板,900,1800,1,枚,3,片面,,グロス,,,新規,無,,,社内確認中、白フチあり,29700,税込
2403-055,2024-03-25,9999,鈴木,インクジェット出力,900,550,1,枚,,,塩ビ,なし,,,新規,有,1.0,湖西市,電話にて依頼,31900,税込
2403-056,2024-03-25,1091,高橋,インクジェット出力,841,1189,1,枚,,,合成紙,なし,,,修正,無,,,,8000,税抜
2403-057,2024-03-26,1006,佐藤,アルミ複合板看板,300,450,1,枚,3,片面,,マット,,,支給,無,,,オープン前 フルカラー 支払：月末締翌月末,10900,税抜
2403-058,2024-03-26,9999,鈴木,アルミ複合板看板,1200,600,1,枚,3,片面,,グロス,,,支給,無,,,,13100,税抜
2403-059,2024-03-26,1063,鈴木,インクジェット出力,950,800,105,枚,,,透過フィルム,グロス,,,支給,無,,,データ入稿済,291900,税抜
2403-060,2024-03-27,9999,佐藤,インクジェット出力,1000,1550,4,枚,,,塩ビ,マット,,,新規,無,,,,45000,税抜
2403-061,2024-03-27,1063,鈴木,アルミ複合板看板,1200,600,1,枚,3,片面,,なし,,,支給,無,,,,9700,税抜
2403-062,2024-03-27,1053,鈴木,インクジェット出力,420,594,17,枚,,,透過フィルム,グロス,,,修正,無,,,,31000,税抜
2403-063,2024-03-27,1053,高橋,カルプ文字,,250,20,文字,20,,,,シート貼り,,支給,無,,浜松市中央区鍛冶町,現地調査含む、配送希望、白フチあり、屋内用,64850,税抜
2403-064,2024-03-28,9999,田中,インクジェット出力,200,700,10,枚,,,合成紙,なし,,,新規,無,,,,15840,税込
2403-065,2024-03-28,9999,高橋,インクジェット出力,900,1800,10,枚,,,塩ビ,なし,,,修正,有,2.0,浜松市中央区鍛冶町,FAXにて送付、既存看板撤去・処分,101760,税抜
2403-066,2024-03-28,1009,佐藤,袖看板,750,1500,1,台,,両面,,,,なし,支給,有,4.0,浜松市中央区佐鳴台,特急、管理会社承認待ち,304700,税抜
2403-067,2024-03-28,9999,佐藤,インクジェット出力,900,1800,1,枚,,,ターポリン,なし,,,修正,無,,,PDF送付済、2色,11880,税込
2403-068,2024-03-28,1074,高橋,アルミ複合板看板,1150,900,3,枚,3,片面,,グロス,,,新規,有,2.0,浜松市中央区雄踏町,要現調,72920,税抜
2403-069,2024-03-29,9999,高橋,アルミ複合板看板,1200,1150,10,枚,3,片面,,グロス,,,支給,有,3.5,浜松市中央区鍛冶町,現地調査含む,207724,税込
2403-070,2024-03-29,9999,鈴木,インクジェット出力,420,594,2,枚,,,ターポリン,なし,,,修正,有,2.0,浜松市中央区三方原町,,22000,税込
2403-071,2024-03-29,1038,鈴木,カルプ文字,,300,30,文字,20,,,,シート貼り,,新規,有,4.0,湖西市,既存看板撤去・処分,147500,税抜
2403-072,2024-03-29,9999,佐藤,インクジェット出力,900,1800,10,枚,,,塩ビ,グロス,,,新規,無,,,,85800,税込
2404-001,2024-04-01,9999,佐藤,アルミ複合板看板,800,1150,10,枚,3,片面,,マット,,,修正,有,3.5,磐田市,要現調 夜間施工,222090,税込
2404-002,2024-04-01,1041,佐藤,カルプ文字,,450,3,文字,20,,,,シート貼り,,新規,有,4.0,浜松市浜名区引佐町,既存看板撤去／処分,67500,税抜
2404-003,2024-04-01,9999,佐藤,インクジェット出力,1800,900,7,枚,,,合成紙,マット,,,新規,有,2.0,浜松市中央区佐鳴台,オープン前,80520,税込
2404-004,2024-04-01,1012,佐藤,インクジェット出力,728,1030,89,枚,,,ターポリン,なし,,,修正,無,,,,184000,税抜
2404-005,2024-04-01,1089,佐藤,インクジェット出力,500,1150,3,枚,,,塩ビ,グロス,,,新規,有,2.4,浜松市浜名区貴布祢,,40700,税抜
2404-006,2024-04-02,1054,高橋,カルプ文字,,150,23,文字,30,,,,シート貼り,,新規,有,4.5,浜松市浜名区細江町,管理会社承認待ち／駐車場あり／ご担当：店長様,113250,税抜
2404-007,2024-04-03,9999,高橋,インクジェット出力,550,1450,10,枚,,,塩ビ,マット,,,修正,無,,,急ぎではない,37000,税抜
2404-008,2024-04-04,1054,鈴木,カルプ文字,,900,5,文字,20,,,,塗装,,支給,無,,,PDF送付済、新店舗,80600,税抜
2404-009,2024-04-05,9999,佐藤,袖看板,450,1200,1,台,,両面,,,,なし,支給,有,12.0,浜松市浜名区貴布祢,夜間作業,259500,税抜
2404-010,2024-04-05,1079,佐藤,アルミ複合板看板,900,900,2,枚,3,片面,,マット,,,修正,無,,,改装に伴う,20700,税抜
2404-011,2024-04-05,1088,高橋,インクジェット出力,594,841,3,枚,,,合成紙,なし,,,新規,有,3.5,掛川市,配送希望、社内確認中、電話にて依頼,56100,税込
2404-012,2024-04-05,9999,鈴木,インクジェット出力,594,841,10,枚,,,塩ビ,マット,,,支給,有,1.8,浜松市中央区高塚町,既存サイン撤去（処分は先方）,60500,税込
2404-013,2024-04-06,1096,田中,アルミ複合板看板,750,1500,5,枚,3,片面,,グロス,,,支給,無,,,,63000,税抜
2404-014,2024-04-08,1086,高橋,袖看板,450,900,1,台,,両面,,,,LED内照,修正,有,5.0,浜松市中央区鍛冶町,ご担当：店長様,224750,税抜
2404-015,2024-04-08,1063,鈴木,アルミ複合板看板,350,850,15,枚,3,片面,,マット,,,支給,無,,,背景：白、引取り、前回同様,49200,税抜
2404-016,2024-04-08,1064,佐藤,袖看板,700,1800,1,台,,両面,,,,なし,修正,有,6.0,磐田市,現地調査含む,291000,税抜
2404-017,2024-04-09,1085,佐藤,インクジェット出力,1200,1800,1,枚,,,ターポリン,マット,,,新規,無,,,屋内用、2色、社内確認中,21100,税抜
2404-018,2024-04-09,9999,高橋,インクジェット出力,900,3600,3,枚,,,合成紙,グロス,,,支給,有,2.4,浜松市中央区天王町,概算、夜間施工、要現調,89166,税込
2404-019,2024-04-09,1068,高橋,カルプ文字,,350,15,文字,10,,,,シート貼り,,新規,無,,,屋外用、概算,68150,税抜
2404-020,2024-04-09,1045,高橋,インクジェット出力,594,841,1,枚,,,透過フィルム,なし,,,支給,有,2.0,袋井市,色校正あり／雨天順延／既存サイン撤去（処分は先方）／至急,54000,税抜
2404-021,2024-04-09,9999,田中,インクジェット出力,600,1800,4,枚,,,塩ビ,マット,,,修正,無,,,フルカラー 校正2回まで,22600,税抜
2404-022,2024-04-09,1096,佐藤,アルミ複合板看板,450,900,2,枚,3,片面,,なし,,,支給,無,,,屋内用,13300,税抜
2404-023,2024-04-10,1030,佐藤,アルミ複合板看板,1000,2000,3,枚,3,片面,,マット,,,支給,無,,,ご担当：店長様、【特急】,71600,税抜
2404-024,2024-04-11,1041,佐藤,アルミ複合板看板,450,600,2,枚,3,片面,,グロス,,,新規,有,8.0,浜松市中央区鍛冶町,概算、配送希望,62000,税抜
2404-025,2024-04-11,1089,佐藤,カルプ文字,,450,8,文字,50,,,,塗装,,修正,無,,,メールにて依頼,90500,税抜
2404-026,2024-04-11,1053,高橋,アルミ複合板看板,650,250,53,枚,3,片面,,なし,,,支給,有,1.8,浜松市中央区佐鳴台,既存撤去あり,200560,税抜
2404-027,2024-04-11,1035,田中,インクジェット出力,1550,1700,1,枚,,,ターポリン,なし,,,新規,無,,,オープン前,24900,税抜
2404-028,2024-04-12,1072,田中,インクジェット出力,841,1189,1,枚,,,塩ビ,なし,,,支給,無,,,改装に伴う,6000,税抜
2404-029,2024-04-12,1023,田中,アルミ複合板看板,600,600,1,枚,3,片面,,グロス,,,支給,有,2.5,浜松市浜名区細江町,穴あけ 夜間作業,40000,税抜
2404-030,2024-04-12,9999,高橋,アルミ複合板看板,600,600,1,枚,3,片面,,グロス,,,修正,無,,,校正2回まで,16126,税込
2404-031,2024-04-15,1077,高橋,カルプ文字,,150,6,文字,30,,,,シート貼り,,新規,有,4.0,浜松市中央区舞阪町,,39790,税抜
2404-032,2024-04-16,1023,田中,アルミ複合板看板,450,600,1,枚,3,片面,,マット,,,支給,有,2.5,菊川市,菊川店、午前中施工希望、週末施工希望,38000,税抜
2404-033,2024-04-16,1033,田中,アルミ複合板看板,300,450,1,枚,3,片面,,マット,,,修正,有,4.5,浜松市中央区高塚町,前面道路狭い、駐車場あり、撤去は別途,62000,税抜
2404-034,2024-04-16,1077,田中,アルミ複合板看板,1750,500,1,枚,3,片面,,マット,,,支給,無,,,仮見積、請求書は本社宛,12800,税抜
2404-035,2024-04-17,1081,田中,アルミ複合板看板,1750,1050,16,枚,3,片面,,なし,,,支給,無,,,,276000,税抜
2404-036,2024-04-17,1029,田中,アルミ複合板看板,600,900,1,枚,3,片面,,グロス,,,修正,有,2.2,浜松市浜名区貴布祢,配送希望、現地調査不要（写真あり）、フルカラー、支払：月末締翌月末,45000,税抜
2404-037,2024-04-17,1024,高橋,アルミ複合板看板,1700,750,1,枚,3,片面,,なし,,,新規,無,,,角丸、メールにて依頼,24160,税抜
2404-038,2024-04-17,1063,高橋,アルミ複合板看板,600,900,1,枚,3,片面,,グロス,,,支給,有,6.0,浜松市中央区高塚町,前回同様,56430,税抜
2404-039,2024-04-18,9999,高橋,アルミ複合板看板,450,900,2,枚,3,両面,,マット,,,支給,有,8.0,浜松市中央区三方原町,校正2回まで 紹介案件 概算,68200,税抜
2404-040,2024-04-18,9999,田中,インクジェット出力,728,1030,5,枚,,,塩ビ,マット,,,新規,無,,,改装に伴う、FAXにて送付,26000,税抜
2404-041,2024-04-18,1056,高橋,インクジェット出力,700,1350,1,枚,,,ターポリン,なし,,,支給,無,,,,6000,税抜
2404-042,2024-04-19,1013,佐藤,インクジェット出力,841,1189,16,枚,,,ターポリン,なし,,,支給,無,,,,59600,税抜
2404-043,2024-04-19,1074,高橋,アルミ複合板看板,600,1800,1,枚,3,片面,,マット,,,修正,無,,,2色,17740,税抜
2404-044,2024-04-19,9999,高橋,アルミ複合板看板,900,900,10,枚,3,片面,,なし,,,新規,無,,,引取り,96580,税込
2404-045,2024-04-22,1077,高橋,インクジェット出力,841,1189,5,枚,,,塩ビ,グロス,,,支給,無,,,電話番号変更,20900,税抜
2404-046,2024-04-22,1041,佐藤,カルプ文字,,250,4,文字,10,,,,シート貼り,,支給,有,4.0,新城市,イベント用,47800,税抜
2404-047,2024-04-23,1023,田中,インクジェット出力,1000,3000,26,枚,,,塩ビ,なし,,,修正,有,1.5,掛川市,ロゴのみ、白フチあり,364000,税抜
2404-048,2024-04-23,9999,鈴木,インクジェット出力,1000,3000,8,枚,,,合成紙,マット,,,修正,有,2.0,浜松市浜名区貴布祢,,174640,税込
2404-049,2024-04-23,1047,田中,インクジェット出力,841,1189,80,枚,,,塩ビ,グロス,,,支給,無,,,増刷,204000,税抜
2404-050,2024-04-23,1085,佐藤,インクジェット出力,550,1450,3,枚,,,塩ビ,グロス,,,新規,無,,,,19600,税抜
2404-051,2024-04-25,1068,高橋,アルミ複合板看板,900,1200,1,枚,3,片面,,マット,,,新規,無,,,,24740,税抜
2404-052,2024-04-25,1022,佐藤,インクジェット出力,200,1050,2,枚,,,ターポリン,なし,,,新規,無,,,,13000,税抜
2404-053,2024-04-26,1054,佐藤,アルミ複合板看板,450,900,2,枚,3,片面,,マット,,,支給,有,1.5,浜松市浜名区貴布祢,,35800,税抜
2404-054,2024-04-27,1089,田中,袖看板,450,900,2,台,,両面,,,,LED内照,支給,有,6.0,磐田市,現地調査希望、移転に伴い,406000,税抜
2404-055,2024-04-30,1045,高橋,インクジェット出力,300,1150,1,枚,,,合成紙,なし,,,修正,無,,浜松市中央区鍛冶町,要現調,15000,税抜
2404-056,2024-04-30,9999,佐藤,アルミ複合板看板,600,900,2,枚,3,片面,,グロス,,,支給,有,5.0,浜松市中央区高塚町,撤去処分込み、穴あけ,97020,税込
2404-057,2024-04-30,1092,田中,インクジェット出力,1600,400,1,枚,,,塩ビ,マット,,,修正,有,2.0,湖西市,前面道路狭い、仮見積,24000,税抜
2404-058,2024-04-30,1054,高橋,インクジェット出力,1400,1500,38,枚,,,ターポリン,なし,,,支給,無,,,仮見積、屋外用,404190,税抜
2405-001,2024-05-01,9999,鈴木,アルミ複合板看板,1800,900,1,枚,3,片面,,グロス,,,修正,無,,,電話番号変更 見積有効期限1ヶ月 紹介案件,20300,税抜
2405-002,2024-05-02,9999,高橋,袖看板,450,1200,1,台,,両面,,,,LED内照,新規,有,9.0,浜松市中央区鍛冶町,FAXにて送付、既存看板撤去・処分,321600,税抜
2405-003,2024-05-02,9999,佐藤,インクジェット出力,841,1189,3,枚,,,塩ビ,グロス,,,修正,無,,,,18700,税込
2405-004,2024-05-02,9999,鈴木,インクジェット出力,515,728,10,枚,,,透過フィルム,グロス,,,新規,無,,,,31600,税抜
2405-005,2024-05-07,9999,鈴木,アルミ複合板看板,1200,2400,2,枚,3,片面,,グロス,,,新規,無,,,概算、電話番号変更、ご担当：店長様,70290,税込
2405-006,2024-05-07,1025,佐藤,カルプ文字,,300,5,文字,20,,,,シート貼り,,新規,有,2.5,浜松市中央区雄踏町,見積有効期限1ヶ月、既存看板撤去・処分,79000,税抜
2405-007,2024-05-08,1038,田中,アルミ複合板看板,750,1500,1,枚,3,片面,,マット,,,支給,有,2.5,浜松市中央区雄踏町,既存サイン撤去（処分は先方）,53000,税抜
2405-008,2024-05-08,1075,田中,カルプ文字,,150,12,文字,20,,,,シート貼り,,支給,無,,,,24500,税抜
2405-009,2024-05-08,1077,高橋,インクジェット出力,950,1550,3,枚,,,塩ビ,なし,,,支給,無,,,,19390,税抜
2405-010,2024-05-09,1096,佐藤,インクジェット出力,300,650,1,枚,,,塩ビ,グロス,,,新規,無,,,,13000,税抜
2405-011,2024-05-09,1047,田中,インクジェット出力,728,1030,1,枚,,,塩ビ,グロス,,,支給,無,,,移転に伴い、色校正あり、テナント看板,6000,税抜
2405-012,2024-05-09,1002,佐藤,インクジェット出力,594,841,20,枚,,,塩ビ,なし,,,新規,無,,,データ入稿済,38000,税抜
2405-013,2024-05-09,1023,田中,インクジェット出力,1800,900,3,枚,,,ターポリン,なし,,,修正,無,,,紹介案件,20100,税抜
2405-014,2024-05-09,1023,田中,インクジェット出力,728,1030,14,枚,,,ターポリン,なし,,,修正,有,1.8,浜松市中央区三方原町,白フチあり,60000,税抜
2405-015,2024-05-10,1074,高橋,アルミ複合板看板,600,900,2,枚,3,片面,,マット,,,支給,有,2.5,豊川市,撤去処分込み,76680,税抜
2405-016,2024-05-11,1089,田中,インクジェット出力,515,728,1,枚,,,塩ビ,なし,,,新規,有,1.8,浜松市中央区三方原町,,25000,税抜
2405-017,2024-05-13,1067,佐藤,インクジェット出力,450,1200,1,枚,,,塩ビ,グロス,,,支給,有,2.4,浜松市中央区佐鳴台,白フチあり,31000,税抜
2405-018,2024-05-13,1041,佐藤,インクジェット出力,420,594,64,枚,,,塩ビ,グロス,,,支給,無,,,前回データで ご担当：店長様 電話番号変更 期間限定キャンペーン用,69100,税抜
2405-019,2024-05-13,1041,鈴木,袖看板,450,900,2,台,,両面,,,,なし,支給,有,3.5,浜松市中央区鍛冶町,ロゴのみ、納期急ぎません,255000,税抜
2405-020,2024-05-14,1084,田中,アルミ複合板看板,1000,2000,5,枚,3,片面,,グロス,,,支給,無,,,,87000,税抜
2405-021,2024-05-14,1023,田中,袖看板,900,2400,1,台,,両面,,,,LED内照,修正,有,7.0,静岡市葵区,オープン前／既存看板撤去／処分／静岡葵店,425000,税抜
2405-022,2024-05-14,1010,佐藤,カルプ文字,,180,9,文字,10,,,,塗装,,修正,有,3.5,袋井市,新店舗,55400,税抜
2405-023,2024-05-15,1022,佐藤,袖看板,450,1200,1,台,,両面,,,,LED内照,支給,有,9.0,浜松市中央区佐鳴台,,258400,税抜
2405-024,2024-05-15,1023,田中,インクジェット出力,594,841,2,枚,,,塩ビ,グロス,,,修正,有,1.8,浜松市浜名区引佐町,電話番号変更／フルカラー,24200,税抜
2405-025,2024-05-15,1050,鈴木,カルプ文字,,150,8,文字,30,,,,シート貼り,,支給,有,4.5,浜松市中央区雄踏町,要図面／請求書は本社宛,68300,税抜
2405-026,2024-05-15,9999,佐藤,アルミ複合板看板,3000,900,1,枚,3,両面,,グロス,,,新規,有,3.5,浜松市中央区鍛冶町,概算、ビス穴加工,102300,税込
2405-027,2024-05-15,1005,佐藤,インクジェット出力,1200,1500,43,枚,,,塩ビ,マット,,,支給,無,,,,227800,税抜
2405-028,2024-05-15,1023,田中,アルミ複合板看板,1200,950,1,枚,3,片面,,なし,,,新規,有,2.5,豊橋市,店名変更、既存撤去・産廃処分,75000,税抜
2405-029,2024-05-16,1085,佐藤,アルミ複合板看板,900,1800,2,枚,3,片面,,グロス,,,新規,有,2.2,浜松市中央区高塚町,,70300,税抜
2405-030,2024-05-17,1066,佐藤,アルミ複合板看板,200,1500,2,枚,3,片面,,グロス,,,新規,無,,,穴あけ4箇所、色校正あり、角R加工,25400,税抜
2405-031,2024-05-17,1042,佐藤,アルミ複合板看板,2600,1750,1,枚,3,片面,,グロス,,,支給,有,2.5,御前崎市,屋内用、ビス穴加工、FAXにて送付、移転に伴い,110900,税抜
2405-032,2024-05-20,1050,鈴木,袖看板,900,2400,1,台,,両面,,,,LED内照,新規,有,6.0,浜松市浜名区貴布祢,搬入経路要確認,461000,税抜
2405-033,2024-05-20,1009,鈴木,袖看板,600,1200,2,台,,両面,,,,なし,支給,有,3.5,浜松市中央区天王町,現場写真受領,364000,税抜
2405-034,2024-05-20,1022,佐藤,インクジェット出力,900,1800,1,枚,,,塩ビ,グロス,,,新規,無,,,フルカラー,16300,税抜
2405-035,2024-05-21,1075,田中,インクジェット出力,594,841,3,枚,,,塩ビ,グロス,,,新規,無,,,ロゴのみ,16000,税抜
2405-036,2024-05-21,9999,鈴木,袖看板,600,1800,1,台,,両面,,,,LED内照,支給,有,6.0,浜松市中央区雄踏町,納期急ぎません、オープン前、紹介案件、管理会社承認待ち、撤去処分込み,393360,税込
2405-037,2024-05-21,1077,高橋,インクジェット出力,841,1189,1,枚,,,透過フィルム,なし,,,支給,無,,,ロゴのみ,5890,税抜
2405-038,2024-05-21,1077,高橋,アルミ複合板看板,1100,750,5,枚,3,片面,,グロス,,,支給,有,2.2,浜松市浜名区細江町,閉店後夜間施工,91210,税抜
2405-039,2024-05-21,1012,佐藤,インクジェット出力,300,900,15,枚,,,塩ビ,グロス,,,支給,無,,,,16000,税抜
2405-040,2024-05-21,9999,田中,アルミ複合板看板,900,1800,10,枚,3,片面,,マット,,,新規,有,5.0,湖西市,現調あり、既存撤去あり,286000,税込
2405-041,2024-05-21,1015,高橋,袖看板,450,1200,1,台,,両面,,,,LED内照,新規,有,10.0,浜松市中央区舞阪町,テナント看板、2色,325600,税抜
2405-042,2024-05-22,1074,高橋,インクジェット出力,841,1189,10,枚,,,塩ビ,マット,,,新規,有,1.8,湖西市,,75000,税抜
2405-043,2024-05-22,1032,高橋,カルプ文字,,500,11,文字,30,,,,シート貼り,,新規,無,,,色校正あり,88700,税抜
2405-044,2024-05-22,9999,田中,アルミ複合板看板,300,450,1,枚,3,両面,,グロス,,,新規,有,4.5,浜松市中央区鍛冶町,配送希望／紹介案件／現地調査不要（写真あり）／既存撤去・産廃処分,102300,税込
2405-045,2024-05-22,1045,鈴木,カルプ文字,,180,8,文字,30,,,,シート貼り,,支給,有,2.5,浜松市中央区高塚町,紹介案件／電話にて依頼,50500,税抜
2405-046,2024-05-22,1081,田中,袖看板,600,1200,1,台,,両面,,,,LED内照,支給,有,5.0,浜松市中央区鍛冶町,引取り,261000,税抜
2405-047,2024-05-24,9999,田中,インクジェット出力,594,841,2,枚,,,ターポリン,なし,,,新規,有,1.5,磐田市,,32890,税込
2405-048,2024-05-27,1063,鈴木,インクジェット出力,600,1050,112,枚,,,合成紙,グロス,,,支給,無,,,メールにて依頼、電話にて依頼、仮見積,172100,税抜
2405-049,2024-05-27,1053,高橋,アルミ複合板看板,600,900,1,枚,3,片面,,グロス,,,支給,無,,,メールにて依頼、電話にて依頼,11620,税抜
2405-050,2024-05-28,9999,佐藤,インクジェット出力,300,900,1,枚,,,塩ビ,なし,,,新規,無,,,,15400,税込
2405-051,2024-05-28,1022,佐藤,袖看板,750,1500,1,台,,両面,,,,LED内照,支給,有,6.0,浜松市中央区雄踏町,支払：月末締翌月末、現地調査含む,340100,税抜
2405-052,2024-05-28,1054,佐藤,アルミ複合板看板,2850,1600,5,枚,3,片面,,グロス,,,修正,有,4.0,浜松市中央区高塚町,現場写真受領,439300,税抜
2405-053,2024-05-28,1014,高橋,カルプ文字,,800,12,文字,10,,,,シート貼り,,修正,有,4.0,浜松市中央区舞阪町,改装に伴う,147740,税抜
2405-054,2024-05-30,9999,佐藤,アルミ複合板看板,450,600,1,枚,3,両面,,マット,,,新規,無,,,請求書は本社宛,24750,税込
2405-055,2024-05-31,9999,鈴木,アルミ複合板看板,600,1800,1,枚,3,片面,,マット,,,新規,無,,,移転に伴い／支払：月末締翌月末／改装に伴う,27170,税込
2405-056,2024-05-31,1023,田中,インクジェット出力,728,1030,5,枚,,,ターポリン,なし,,,支給,有,1.8,掛川市,電話にて依頼、配送希望、掛川店、既存看板撤去,50000,税抜
2405-057,2024-05-31,1042,佐藤,アルミ複合板看板,1550,1550,1,枚,3,片面,,グロス,,,新規,無,,,,51900,税抜
2406-001,2024-06-03,1045,高橋,インクジェット出力,1000,600,1,枚,,,塩ビ,グロス,,,新規,有,2.0,浜松市浜名区貴布祢,週末施工希望／新店舗,34000,税抜
2406-002,2024-06-03,1023,田中,インクジェット出力,300,900,1,枚,,,ターポリン,なし,,,修正,無,,,ハトメ不要／新店舗,9000,税抜
2406-003,2024-06-03,9999,高橋,カルプ文字,,250,10,文字,10,,,,塗装,,修正,無,,,,44400,税抜
2406-004,2024-06-03,1023,田中,アルミ複合板看板,1800,900,1,枚,3,片面,,マット,,,支給,有,2.0,菊川市,社内確認中、ロゴデータAI支給、屋内用、菊川店,42000,税抜
2406-005,2024-06-05,9999,鈴木,インクジェット出力,300,250,4,枚,,,ターポリン,なし,,,支給,有,2.0,浜松市中央区高塚町,,21000,税抜
2406-006,2024-06-06,1058,佐藤,アルミ複合板看板,1200,2400,10,枚,3,両面,,グロス,,,支給,無,,,FAXにて送付,272900,税抜
2406-007,2024-06-06,9999,佐藤,アルミ複合板看板,900,1800,10,枚,3,両面,,グロス,,,新規,有,3.5,浜松市中央区鍛冶町,新店舗,311630,税込
2406-008,2024-06-06,9999,鈴木,インクジェット出力,900,1800,1,枚,,,塩ビ,グロス,,,新規,無,,,,18480,税込
2406-009,2024-06-06,1012,佐藤,インクジェット出力,600,1800,13,枚,,,ターポリン,なし,,,支給,無,,,PDF送付済、電話にて依頼、電話番号変更,43400,税抜
2406-010,2024-06-06,1054,佐藤,インクジェット出力,1800,900,5,枚,,,合成紙,グロス,,,支給,無,,,白フチあり,30900,税抜
2406-011,2024-06-07,1092,田中,インクジェット出力,594,841,1,枚,,,合成紙,グロス,,,新規,無,,,電話番号変更,14000,税抜
2406-012,2024-06-07,1023,田中,インクジェット出力,900,1800,1,枚,,,塩ビ,なし,,,修正,有,2.0,浜松市中央区天王町,既存看板撤去,42000,税抜
2406-013,2024-06-08,1045,田中,アルミ複合板看板,1600,1750,2,枚,3,片面,,グロス,,,支給,無,,,前回同様／紹介案件,87000,税抜
2406-014,2024-06-08,1023,田中,カルプ文字,,150,8,文字,10,,,,塗装,,修正,有,6.0,周智郡森町,屋内用,80000,税抜
2406-015,2024-06-10,1060,佐藤,インクジェット出力,500,1600,10,枚,,,塩ビ,グロス,,,支給,無,,,改装に伴う 色校正あり 前回同様 メールにて依頼,30400,税抜
2406-016,2024-06-10,1033,田中,インクジェット出力,728,1030,1,枚,,,ターポリン,マット,,,支給,有,1.5,磐田市,新店舗,26000,税抜
2406-017,2024-06-10,1041,佐藤,袖看板,700,1800,1,台,,両面,,,,LED内照,支給,有,5.0,周智郡森町,,347600,税抜
2406-018,2024-06-11,9999,鈴木,カルプ文字,,180,10,文字,50,,,,シート貼り,,修正,有,3.5,磐田市,フルカラー,78100,税込
2406-019,2024-06-11,1077,高橋,カルプ文字,,120,6,文字,20,,,,塗装,,修正,有,3.5,浜松市中央区舞阪町,,44830,税抜
2406-020,2024-06-11,1050,鈴木,アルミ複合板看板,450,900,1,枚,3,両面,,なし,,,支給,無,,,屋外用、メールにて依頼、テナント看板,13100,税抜
2406-021,2024-06-11,1053,高橋,カルプ文字,,150,14,文字,20,,,,塗装,,支給,無,,,,34840,税抜
2406-022,2024-06-12,1077,高橋,アルミ複合板看板,450,600,5,枚,3,片面,,グロス,,,修正,無,,,,24370,税抜
2406-023,2024-06-13,1053,高橋,アルミ複合板看板,600,1800,2,枚,3,片面,,グロス,,,支給,無,,,特急,33190,税抜
2406-024,2024-06-13,1022,佐藤,インクジェット出力,500,1050,3,枚,,,ターポリン,なし,,,修正,無,,,,11398,税抜
2406-025,2024-06-13,1060,佐藤,アルミ複合板看板,750,1500,1,枚,3,両面,,グロス,,,修正,無,,,納期急ぎません,22100,税抜
2406-026,2024-06-13,1068,高橋,インクジェット出力,1600,600,1,枚,,,塩ビ,なし,,,支給,無,,,色校正あり、社内確認中,6000,税抜
2406-027,2024-06-13,1042,高橋,インクジェット出力,600,1800,7,枚,,,ターポリン,なし,,,修正,有,1.8,浜松市中央区三方原町,電話にて依頼 白フチあり,46830,税抜
2406-028,2024-06-14,9999,鈴木,カルプ文字,,180,10,文字,20,,,,シート貼り,,修正,有,4.0,浜松市浜名区引佐町,,66000,税込
2406-029,2024-06-14,9999,佐藤,インクジェット出力,400,1500,6,枚,,,合成紙,マット,,,支給,有,2.4,浜松市中央区佐鳴台,,43120,税込
2406-030,2024-06-17,1054,佐藤,袖看板,900,2400,1,台,,両面,,,,LED内照,新規,無,,,お急ぎとのこと,356200,税抜
2406-031,2024-06-17,1045,高橋,インクジェット出力,515,728,1,枚,,,ターポリン,なし,,,新規,有,3.0,浜松市中央区高塚町,既存撤去あり、現地調査不要（写真あり）、現場写真受領,57000,税抜
2406-032,2024-06-17,1078,佐藤,アルミ複合板看板,750,300,2,枚,3,片面,,グロス,,,修正,有,4.0,磐田市,支払：月末締翌月末,47000,税抜
2406-033,2024-06-18,9999,鈴木,袖看板,600,1200,1,台,,両面,,,,LED内照,新規,有,6.0,浜松市中央区鍛冶町,前面道路狭い、FAXにて送付、平日のみ施工可、撤去処分込み,357280,税込
2406-034,2024-06-18,1063,鈴木,インクジェット出力,900,1800,49,枚,,,塩ビ,マット,,,支給,無,,,支払：月末締翌月末、背景：白,214800,税抜
2406-035,2024-06-18,1006,佐藤,インクジェット出力,1000,3000,1,枚,,,塩ビ,マット,,,支給,有,2.0,浜松市中央区佐鳴台,増刷,31400,税抜
2406-036,2024-06-19,1020,高橋,カルプ文字,,300,6,文字,10,,,,シート貼り,,支給,有,3.5,湖西市,改装に伴う、期間限定キャンペーン用、要現調,55340,税抜
2406-037,2024-06-19,1092,田中,カルプ文字,,450,13,文字,10,,,,塗装,,支給,有,3.0,浜松市浜名区細江町,屋内用、なるべく急ぎで、支払：月末締翌月末,118000,税抜
2406-038,2024-06-19,9999,佐藤,インクジェット出力,900,3600,1,枚,,,塩ビ,グロス,,,修正,無,,,電話にて依頼,18200,税抜
2406-039,2024-06-20,1064,佐藤,袖看板,600,1200,2,台,,両面,,,,なし,修正,有,4.0,浜松市中央区鍛冶町,データ入稿済、屋内用,367000,税抜
2406-040,2024-06-20,9999,高橋,アルミ複合板看板,900,1400,7,枚,3,片面,,グロス,,,新規,有,2.5,静岡市葵区,ロゴデータAI支給,176990,税抜
2406-041,2024-06-20,9999,佐藤,アルミ複合板看板,900,1800,1,枚,3,片面,,なし,,,新規,有,4.5,浜松市中央区天王町,,73300,税抜
2406-042,2024-06-20,9999,鈴木,アルミ複合板看板,450,900,5,枚,3,両面,,マット,,,支給,有,4.0,浜松市中央区佐鳴台,現場写真受領,69300,税抜
2406-043,2024-06-20,1008,鈴木,インクジェット出力,800,1100,1,枚,,,合成紙,グロス,,,新規,無,,,,14000,税抜
2406-044,2024-06-21,1068,高橋,カルプ文字,,300,10,文字,30,,,,シート貼り,,修正,無,,,色校正あり,46100,税抜
2406-045,2024-06-21,1060,田中,インクジェット出力,594,841,2,枚,,,ターポリン,なし,,,支給,無,,,概算、前回同様,6000,税抜
2406-046,2024-06-21,1010,佐藤,アルミ複合板看板,250,500,1,枚,3,片面,,マット,,,支給,有,2.2,湖西市,紹介案件 ロゴのみ,40600,税抜
2406-047,2024-06-21,1041,佐藤,カルプ文字,,80,12,文字,30,,,,塗装,,支給,無,,,ロゴのみ,25900,税抜
2406-048,2024-06-21,1067,佐藤,アルミ複合板看板,600,1800,1,枚,3,片面,,マット,,,支給,有,2.5,菊川市,角R加工,52100,税抜
2406-049,2024-06-21,1074,高橋,アルミ複合板看板,450,750,1,枚,3,片面,,マット,,,修正,無,,,請求書は本社宛、データ入稿済,14660,税抜
2406-050,2024-06-24,1041,佐藤,アルミ複合板看板,600,1800,1,枚,3,片面,,グロス,,,新規,有,3.0,静岡市葵区,角R加工,71100,税抜
2406-051,2024-06-24,1006,佐藤,アルミ複合板看板,600,900,2,枚,3,片面,,グロス,,,新規,有,6.0,湖西市,ビス穴加工、角丸、平日のみ施工可,81000,税抜
2406-052,2024-06-24,1063,鈴木,アルミ複合板看板,1700,1950,1,枚,3,片面,,グロス,,,支給,無,,,テナント看板／穴あけ4箇所,39000,税抜
2406-053,2024-06-25,1074,高橋,インクジェット出力,500,1250,15,枚,,,ターポリン,なし,,,支給,無,,,フルカラー,40700,税抜
2406-054,2024-06-25,1074,鈴木,インクジェット出力,900,1000,12,枚,,,塩ビ,なし,,,支給,無,,,メールにて依頼,32200,税抜
2406-055,2024-06-26,1082,佐藤,アルミ複合板看板,1200,2400,1,枚,3,片面,,グロス,,,修正,無,,御前崎市,現地調査含む,57200,税抜
2406-056,2024-06-26,1077,鈴木,アルミ複合板看板,900,1800,1,枚,3,片面,,マット,,,支給,無,,,,16500,税抜
2406-057,2024-06-26,1029,佐藤,アルミ複合板看板,1200,2400,1,枚,3,片面,,マット,,,修正,無,,,,31200,税抜
2406-058,2024-06-26,1050,鈴木,インクジェット出力,515,728,1,枚,,,塩ビ,なし,,,支給,無,,,前回データで 紹介案件,6000,税抜
2406-059,2024-06-26,1089,佐藤,アルミ複合板看板,2200,1900,1,枚,3,片面,,グロス,,,新規,有,3.5,浜松市中央区鍛冶町,新店舗 紹介案件 角R加工 改装に伴う,90400,税抜
2406-060,2024-06-26,1075,田中,カルプ文字,,150,11,文字,20,,,,シート貼り,,支給,有,2.5,浜松市中央区舞阪町,,52000,税抜
2406-061,2024-06-27,1077,高橋,アルミ複合板看板,300,450,1,枚,3,両面,,グロス,,,支給,有,2.2,浜松市中央区雄踏町,ビス穴加工,37190,税抜
2406-062,2024-06-27,9999,高橋,袖看板,1000,3000,1,台,,両面,,,,LED内照,新規,有,7.0,浜松市天竜区二俣町,雨天順延 配送希望,597300,税込
2406-063,2024-06-27,9999,佐藤,インクジェット出力,450,1200,3,枚,,,塩ビ,グロス,,,支給,無,,,,10120,税込
2406-064,2024-06-27,1045,高橋,アルミ複合板看板,1400,1000,1,枚,3,両面,,グロス,,,新規,有,6.0,浜松市中央区佐鳴台,仮見積、改装に伴う,85820,税抜
2406-065,2024-06-28,1045,高橋,アルミ複合板看板,1200,600,4,枚,3,片面,,グロス,,,新規,無,,,新店舗,57680,税抜
2406-066,2024-06-28,1042,佐藤,アルミ複合板看板,350,1100,3,枚,3,両面,,グロス,,,修正,有,2.5,藤枝市,,76300,税抜
2406-067,2024-06-28,1037,佐藤,アルミ複合板看板,3100,2300,2,枚,3,片面,,マット,,,支給,有,2.0,藤枝市,,234000,税抜
2406-068,2024-06-28,1072,佐藤,インクジェット出力,1450,1500,1,枚,,,塩ビ,グロス,,,新規,無,,,2色,26400,税抜
2407-001,2024-07-01,9999,田中,カルプ文字,,120,5,文字,30,,,,塗装,,修正,有,3.5,湖西市,夜間（22時以降） 屋内用,63800,税込
2407-002,2024-07-01,1074,高橋,インクジェット出力,950,900,1,枚,,,透過フィルム,なし,,,修正,有,1.5,浜松市中央区舞阪町,現地調査希望,35000,税抜
2407-003,2024-07-01,9999,田中,インクジェット出力,1000,3000,10,枚,,,塩ビ,グロス,,,修正,無,,,見積有効期限1ヶ月、背景：白,167200,税込
2407-004,2024-07-01,1022,佐藤,インクジェット出力,728,1030,3,枚,,,塩ビ,グロス,,,新規,無,,,,19000,税抜
2407-005,2024-07-01,9999,佐藤,インクジェット出力,594,841,1,枚,,,合成紙,マット,,,新規,無,,,請求書は本社宛,14000,税抜
2407-006,2024-07-02,9999,田中,アルミ複合板看板,1500,900,10,枚,3,片面,,マット,,,修正,無,,,電話にて依頼,152900,税込
2407-007,2024-07-02,1038,田中,アルミ複合板看板,1400,1500,5,枚,3,片面,,グロス,,,支給,無,,,,201000,税抜
2407-008,2024-07-02,1053,高橋,アルミ複合板看板,1800,2250,1,枚,3,片面,,グロス,,,支給,無,,,店名変更,43800,税抜
2407-009,2024-07-02,1041,佐藤,カルプ文字,,200,3,文字,20,,,,シート貼り,,修正,有,3.5,浜松市中央区天王町,既存撤去（処分不要）、色校正あり,55300,税抜
2407-010,2024-07-02,1074,高橋,アルミ複合板看板,1950,350,1,枚,3,両面,,グロス,,,支給,有,2.0,浜松市中央区佐鳴台,既存看板撤去／処分、色校正あり、角丸,60000,税抜
2407-011,2024-07-02,1065,高橋,アルミ複合板看板,600,900,1,枚,3,片面,,グロス,,,支給,無,,,納期急ぎません／穴あけ／新店舗,12100,税抜
2407-012,2024-07-03,9999,高橋,アルミ複合板看板,1200,600,5,枚,3,片面,,グロス,,,支給,無,,,新店舗,59100,税抜
2407-013,2024-07-03,1004,佐藤,アルミ複合板看板,450,900,3,枚,3,片面,,グロス,,,修正,有,4.5,浜松市中央区鍛冶町,至急でお願いします,76300,税抜
2407-014,2024-07-03,9999,鈴木,カルプ文字,,700,10,文字,20,,,,シート貼り,,新規,有,6.0,浜松市浜名区引佐町,,155000,税抜
2407-015,2024-07-03,1009,佐藤,アルミ複合板看板,450,600,1,枚,3,片面,,なし,,,支給,有,2.0,名古屋市中区,現地調査含む,59300,税抜
2407-016,2024-07-04,1045,佐藤,アルミ複合板看板,1450,250,1,枚,3,片面,,グロス,,,支給,有,3.5,浜松市中央区三方原町,ロゴデータAI支給,36600,税抜
2407-017,2024-07-04,1008,鈴木,アルミ複合板看板,450,600,1,枚,3,片面,,マット,,,修正,有,5.0,浜松市中央区天王町,既存サイン撤去（処分は先方）、角R加工,80600,税抜
2407-018,2024-07-04,1048,田中,アルミ複合板看板,450,600,2,枚,3,片面,,グロス,,,支給,有,3.0,静岡市駿河区,見積有効期限1ヶ月,59000,税抜
2407-019,2024-07-04,1026,高橋,アルミ複合板看板,200,650,2,枚,3,片面,,グロス,,,新規,有,4.0,湖西市,雨天順延／穴あけ／オープン前,54600,税抜
2407-020,2024-07-04,1022,佐藤,インクジェット出力,594,841,5,枚,,,塩ビ,マット,,,支給,無,,,店名変更 見積有効期限1ヶ月,11400,税抜
2407-021,2024-07-05,9999,鈴木,インクジェット出力,900,1800,5,枚,,,透過フィルム,なし,,,支給,無,,,早めの対応希望 メールにて依頼 背景：白 電話番号変更,37700,税抜
2407-022,2024-07-08,1067,佐藤,カルプ文字,,100,9,文字,20,,,,シート貼り,,新規,無,,,仮見積,21200,税抜
2407-023,2024-07-08,1053,高橋,アルミ複合板看板,900,900,2,枚,3,片面,,グロス,,,修正,有,3.0,浜松市中央区鍛冶町,,46300,税抜
2407-024,2024-07-08,1007,高橋,袖看板,450,1200,1,台,,両面,,,,LED内照,支給,有,4.5,浜松市天竜区二俣町,現地調査希望,292400,税抜
2407-025,2024-07-08,9999,鈴木,カルプ文字,,180,5,文字,20,,,,塗装,,新規,無,,,,25000,税抜
2407-026,2024-07-08,1009,佐藤,袖看板,450,900,1,台,,両面,,,,LED内照,修正,有,3.5,浜松市中央区雄踏町,見積有効期限1ヶ月,230000,税抜
2407-027,2024-07-08,1074,高橋,アルミ複合板看板,1650,1850,1,枚,3,片面,,なし,,,支給,有,2.5,浜松市浜名区貴布祢,角R加工,75600,税抜
2407-028,2024-07-08,1009,佐藤,カルプ文字,,150,8,文字,20,,,,シート貼り,,支給,有,2.5,浜松市中央区天王町,,42500,税抜
2407-029,2024-07-09,1080,高橋,袖看板,450,1200,2,台,,両面,,,,LED内照,支給,有,4.5,豊橋市,仮見積、店名変更,505800,税抜
2407-030,2024-07-10,1092,田中,インクジェット出力,594,841,1,枚,,,ターポリン,マット,,,支給,無,,,,6000,税抜
2407-031,2024-07-10,9999,佐藤,インクジェット出力,1000,3000,5,枚,,,ターポリン,なし,,,修正,無,,,,65200,税抜
2407-032,2024-07-10,1042,佐藤,袖看板,900,2400,1,台,,両面,,,,なし,支給,有,12.0,静岡市駿河区,,370800,税抜
2407-033,2024-07-10,9999,高橋,インクジェット出力,1800,900,2,枚,,,塩ビ,グロス,,,新規,無,,,,25960,税込
2407-034,2024-07-10,1032,高橋,カルプ文字,,250,8,文字,50,,,,シート貼り,,修正,有,4.5,浜松市中央区鍛冶町,既存看板撤去・処分、なるべく急ぎで,117100,税抜
2407-035,2024-07-10,1042,佐藤,カルプ文字,,300,9,文字,50,,,,シート貼り,,支給,無,,,屋内用,45600,税抜
2407-036,2024-07-11,9999,高橋,インクジェット出力,594,841,5,枚,,,塩ビ,グロス,,,新規,無,,,,20000,税抜
2407-037,2024-07-12,1009,佐藤,カルプ文字,,500,8,文字,20,,,,シート貼り,,新規,有,4.5,浜松市中央区雄踏町,,110500,税抜
2407-038,2024-07-12,1053,高橋,カルプ文字,,450,16,文字,20,,,,シート貼り,,新規,無,,,,100500,税抜
2407-039,2024-07-12,9999,高橋,インクジェット出力,1100,200,10,枚,,,塩ビ,グロス,,,修正,有,2.0,浜松市中央区三方原町,撤去は別途／夜間施工,39500,税抜
2407-040,2024-07-12,1075,田中,カルプ文字,,300,10,文字,20,,,,シート貼り,,新規,有,3.5,豊橋市,要図面、FAXにて送付,79000,税抜
2407-041,2024-07-16,1079,佐藤,インクジェット出力,600,850,1,枚,,,塩ビ,グロス,,,新規,有,1.0,菊川市,新店舗,41000,税抜
2407-042,2024-07-16,1077,高橋,インクジェット出力,300,900,6,枚,,,透過フィルム,なし,,,支給,無,,,イベント用 白フチあり,9000,税抜
2407-043,2024-07-17,9999,佐藤,アルミ複合板看板,900,1800,4,枚,3,片面,,グロス,,,新規,有,3.0,湖西市,穴あけ、撤去処分込み、現調あり,147400,税抜
2407-044,2024-07-17,1074,高橋,アルミ複合板看板,750,1100,1,枚,3,片面,,グロス,,,新規,有,2.0,湖西市,移転に伴い、ビス穴加工,44100,税抜
2407-045,2024-07-17,9999,佐藤,インクジェット出力,1750,1150,3,枚,,,塩ビ,マット,,,新規,無,,,社内確認中／屋内用,39500,税抜
2407-046,2024-07-18,1048,田中,カルプ文字,,100,17,文字,20,,,,塗装,,支給,無,,,屋外用,33000,税抜
2407-047,2024-07-19,9999,鈴木,アルミ複合板看板,600,900,2,枚,3,片面,,なし,,,新規,無,,,社内確認中／改装に伴う,25200,税抜
2407-048,2024-07-19,1079,佐藤,袖看板,750,1500,1,台,,両面,,,,LED内照,支給,有,7.0,湖西市,配送希望／前回同様／午前中施工希望,352100,税抜
2407-049,2024-07-19,9999,佐藤,インクジェット出力,300,900,1,枚,,,透過フィルム,グロス,,,修正,有,1.5,藤枝市,PDF送付済 白フチあり,48400,税込
2407-050,2024-07-22,1001,佐藤,インクジェット出力,1370,5000,8,枚,,,塩ビ,グロス,,,支給,有,1.8,浜松市浜名区細江町,ご担当：店長様,449600,税抜
2407-051,2024-07-22,1060,佐藤,袖看板,700,1800,1,台,,両面,,,,なし,支給,有,7.0,浜松市浜名区貴布祢,駐車場あり,272000,税抜
2407-052,2024-07-22,1067,佐藤,アルミ複合板看板,600,1800,2,枚,3,両面,,マット,,,新規,無,,,,47100,税抜
2407-053,2024-07-22,1020,高橋,インクジェット出力,841,1189,5,枚,,,塩ビ,なし,,,新規,無,,,屋内用,23200,税抜
2407-054,2024-07-22,1039,田中,インクジェット出力,300,900,14,枚,,,塩ビ,グロス,,,修正,有,1.8,掛川市,要現調,54000,税抜
2407-055,2024-07-22,9999,田中,インクジェット出力,1800,900,1,枚,,,合成紙,グロス,,,修正,無,,,至急,13700,税抜
2407-056,2024-07-23,1079,佐藤,インクジェット出力,841,1189,2,枚,,,合成紙,グロス,,,新規,有,1.0,浜松市中央区鍛冶町,,31300,税抜
2407-057,2024-07-23,1042,佐藤,インクジェット出力,900,3600,5,枚,,,塩ビ,マット,,,支給,有,1.5,袋井市,メールにて依頼,109000,税抜
2407-058,2024-07-23,1022,佐藤,袖看板,900,2400,1,台,,両面,,,,なし,支給,有,4.0,浜松市中央区鍛冶町,,305800,税抜
2407-059,2024-07-23,1060,佐藤,カルプ文字,,400,9,文字,30,,,,シート貼り,,支給,無,,,オープン前 2案提出,50500,税抜
2407-060,2024-07-23,1048,田中,アルミ複合板看板,1200,2400,10,枚,3,両面,,グロス,,,新規,無,,,オープン前 概算,351000,税抜
2407-061,2024-07-23,1047,田中,アルミ複合板看板,1200,2400,2,枚,3,片面,,マット,,,支給,無,,,イベント用、フルカラー、2案提出,43000,税抜
2407-062,2024-07-23,1015,佐藤,インクジェット出力,900,3600,5,枚,,,合成紙,マット,,,新規,有,3.0,磐田市,,113500,税抜
2407-063,2024-07-25,1038,田中,インクジェット出力,350,400,4,枚,,,ターポリン,なし,,,支給,有,2.4,浜松市中央区雄踏町,,35000,税抜
2407-064,2024-07-25,1042,鈴木,袖看板,600,1200,1,台,,両面,,,,なし,修正,有,4.0,静岡市駿河区,現地調査含む、要図面,209400,税抜
2407-065,2024-07-25,9999,高橋,アルミ複合板看板,1800,900,1,枚,3,片面,,グロス,,,新規,無,,,お急ぎとのこと,27300,税抜
2407-066,2024-07-25,1023,田中,アルミ複合板看板,600,1800,4,枚,3,片面,,なし,,,支給,無,,,配送希望,40000,税抜
2407-067,2024-07-25,1033,田中,カルプ文字,,450,10,文字,20,,,,シート貼り,,新規,有,3.0,浜松市浜名区細江町,既存看板撤去,117000,税抜
2407-068,2024-07-26,1008,鈴木,袖看板,500,1500,1,台,,両面,,,,LED内照,修正,有,6.0,磐田市,イベント用,332800,税抜
2407-069,2024-07-26,1072,田中,インクジェット出力,1800,900,10,枚,,,ターポリン,なし,,,修正,無,,,2案提出、FAXにて送付,63000,税抜
2407-070,2024-07-26,1022,佐藤,アルミ複合板看板,3000,900,4,枚,3,片面,,マット,,,支給,有,2.0,浜松市中央区三方原町,請求書は本社宛,206000,税抜
2407-071,2024-07-26,1008,鈴木,インクジェット出力,515,728,1,枚,,,合成紙,なし,,,修正,有,2.0,豊橋市,,36000,税抜
2407-072,2024-07-29,1088,高橋,カルプ文字,,180,27,文字,10,,,,シート貼り,,新規,有,6.0,浜松市中央区佐鳴台,電話番号変更、要現調,132990,税込
2407-073,2024-07-29,1048,田中,インクジェット出力,900,1800,2,枚,,,塩ビ,マット,,,新規,無,,,データ入稿済、2案提出、色校正あり,23600,税抜
2407-074,2024-07-29,1019,田中,インクジェット出力,420,594,16,枚,,,塩ビ,グロス,,,支給,無,,,紹介案件,16900,税抜
2407-075,2024-07-29,1042,佐藤,アルミ複合板看板,900,1600,9,枚,3,片面,,なし,,,支給,無,,浜松市浜名区貴布祢,穴あけ4箇所、現調あり、請求書は本社宛,152600,税抜
2407-076,2024-07-30,9999,佐藤,袖看板,600,1800,1,台,,両面,,,,LED内照,新規,有,8.0,浜松市浜名区細江町,夜間施工 データ入稿済 現地調査含む,378100,税抜
2407-077,2024-07-30,9999,田中,アルミ複合板看板,450,600,1,枚,3,片面,,マット,,,新規,有,5.0,浜松市中央区雄踏町,見積有効期限1ヶ月、穴あけ4箇所,74000,税抜
2407-078,2024-07-30,9999,田中,アルミ複合板看板,750,1450,1,枚,3,片面,,マット,,,修正,無,,,配送希望、白フチあり,19470,税込
2407-079,2024-07-30,1048,田中,インクジェット出力,420,594,82,枚,,,透過フィルム,グロス,,,修正,有,1.8,浜松市中央区雄踏町,,170000,税抜
2407-080,2024-07-30,1045,高橋,カルプ文字,,450,8,文字,30,,,,塗装,,修正,無,,,,84200,税抜
2407-081,2024-07-30,1011,佐藤,袖看板,400,800,1,台,,両面,,,,LED内照,修正,有,9.0,豊橋市,既存撤去（処分不要）,276000,税抜
2407-082,2024-07-31,1056,高橋,アルミ複合板看板,910,1820,1,枚,3,片面,,マット,,,修正,無,,,FAXにて送付,20300,税抜
2407-083,2024-07-31,9999,田中,アルミ複合板看板,900,1800,1,枚,3,両面,,グロス,,,新規,有,2.5,浜松市中央区舞阪町,,70400,税込
2407-084,2024-07-31,1050,鈴木,カルプ文字,,250,19,文字,20,,,,シート貼り,,修正,有,3.5,浜松市中央区雄踏町,,99400,税抜
2408-001,2024-08-01,1012,佐藤,インクジェット出力,594,841,11,枚,,,合成紙,マット,,,支給,無,,,,16500,税抜
2408-002,2024-08-01,1095,高橋,インクジェット出力,700,1200,3,枚,,,ターポリン,なし,,,新規,無,,,,19900,税抜
2408-003,2024-08-01,1090,佐藤,カルプ文字,,100,6,文字,10,,,,シート貼り,,修正,有,2.5,浜松市中央区鍛冶町,特急対応 撤去は別途 オープン前,41200,税抜
2408-004,2024-08-05,1079,佐藤,インクジェット出力,450,1200,1,枚,,,合成紙,グロス,,,支給,無,,,色校正あり,6000,税抜
2408-005,2024-08-05,1033,田中,アルミ複合板看板,600,900,1,枚,3,片面,,グロス,,,修正,無,,,背景：白 ビス穴加工,15800,税抜
2408-006,2024-08-06,1041,佐藤,カルプ文字,,150,7,文字,50,,,,シート貼り,,新規,有,4.0,磐田市,,55700,税抜
2408-007,2024-08-06,1049,高橋,アルミ複合板看板,1000,2000,1,枚,3,片面,,グロス,,,支給,有,3.5,浜松市中央区天王町,新店舗／前回同様,47300,税抜
2408-008,2024-08-07,1089,佐藤,インクジェット出力,594,841,1,枚,,,塩ビ,なし,,,新規,有,1.0,浜松市浜名区細江町,,34000,税抜
2408-009,2024-08-07,9999,田中,インクジェット出力,950,1800,2,枚,,,塩ビ,マット,,,新規,有,1.0,浜松市中央区鍛冶町,見積有効期限1ヶ月、仮見積,48400,税込
2408-010,2024-08-07,1041,佐藤,アルミ複合板看板,900,1800,5,枚,3,片面,,なし,,,支給,有,2.0,浜松市中央区高塚町,,96100,税抜
2408-011,2024-08-07,1030,高橋,インクジェット出力,900,1800,1,枚,,,塩ビ,グロス,,,支給,無,,,,7000,税抜
2408-012,2024-08-07,1096,佐藤,インクジェット出力,515,728,1,枚,,,塩ビ,マット,,,修正,有,1.8,浜松市浜名区細江町,期間限定キャンペーン用／前面道路狭い,29000,税抜
2408-013,2024-08-08,1025,佐藤,アルミ複合板看板,2400,1200,1,枚,3,片面,,グロス,,,修正,無,,,白フチあり,31200,税抜
2408-014,2024-08-08,1080,高橋,アルミ複合板看板,1200,2400,1,枚,3,片面,,グロス,,,支給,無,,,リピート／見積有効期限1ヶ月,24900,税抜
2408-015,2024-08-08,1056,高橋,カルプ文字,,300,11,文字,30,,,,塗装,,新規,有,4.5,袋井市,校正2回まで 見積有効期限1ヶ月 背景：白,128300,税抜
2408-016,2024-08-08,9999,高橋,アルミ複合板看板,900,1800,2,枚,3,片面,,グロス,,,支給,有,2.0,豊橋市,夜間作業,78100,税込
2408-017,2024-08-09,1050,鈴木,カルプ文字,,300,5,文字,30,,,,シート貼り,,支給,有,5.0,湖西市,特急,91520,税抜
2408-018,2024-08-09,1041,佐藤,カルプ文字,,600,12,文字,10,,,,シート貼り,,修正,有,4.5,袋井市,校正2回まで、改装に伴う、現調不要、イベント用,135900,税抜
2408-019,2024-08-10,1041,田中,袖看板,450,900,1,台,,両面,,,,なし,支給,有,4.5,浜松市中央区天王町,既存サイン撤去（処分は先方）／FAXにて送付,181000,税抜
2408-020,2024-08-19,1007,高橋,袖看板,700,1800,1,台,,両面,,,,LED内照,支給,有,3.5,浜松市浜名区貴布祢,イベント用、夜間（22時以降）,353200,税抜
2408-021,2024-08-19,1011,佐藤,インクジェット出力,841,1189,3,枚,,,塩ビ,グロス,,,新規,無,,,電話番号変更,22000,税抜
2408-022,2024-08-19,1041,佐藤,カルプ文字,,300,5,文字,20,,,,シート貼り,,新規,有,6.0,浜松市中央区高塚町,引取り,72000,税抜
2408-023,2024-08-19,1089,佐藤,アルミ複合板看板,1000,2000,8,枚,3,片面,,グロス,,,新規,無,,,PDF送付済,174600,税抜
2408-024,2024-08-20,1048,田中,アルミ複合板看板,300,450,1,枚,3,両面,,マット,,,新規,有,1.5,浜松市中央区高塚町,屋外用,37000,税抜
2408-025,2024-08-21,1081,田中,アルミ複合板看板,1450,1050,1,枚,3,片面,,マット,,,支給,無,,,至急対応希望,27800,税抜
2408-026,2024-08-21,1041,佐藤,アルミ複合板看板,1200,2400,4,枚,3,片面,,グロス,,,修正,有,1.5,浜松市中央区雄踏町,白フチあり、支払：月末締翌月末,151400,税抜
2408-027,2024-08-21,1041,佐藤,アルミ複合板看板,1500,900,2,枚,3,片面,,グロス,,,修正,有,3.5,新城市,,75500,税抜
2408-028,2024-08-22,1041,佐藤,インクジェット出力,1350,1250,15,枚,,,塩ビ,グロス,,,新規,有,1.5,磐田市,,158800,税抜
2408-029,2024-08-23,1077,高橋,アルミ複合板看板,1000,2000,1,枚,3,片面,,マット,,,修正,有,6.0,浜松市中央区高塚町,既存撤去・産廃処分、角丸、ロゴデータAI支給,97400,税抜
2408-030,2024-08-23,1042,田中,アルミ複合板看板,600,900,5,枚,3,片面,,マット,,,支給,有,2.0,磐田市,管理会社承認待ち FAXにて送付,54000,税抜
2408-031,2024-08-23,1025,佐藤,アルミ複合板看板,900,900,1,枚,3,片面,,マット,,,新規,無,,,,23800,税抜
2408-032,2024-08-23,1060,鈴木,カルプ文字,,400,13,文字,10,,,,シート貼り,,修正,無,,,,54600,税抜
2408-033,2024-08-23,1096,高橋,カルプ文字,,450,13,文字,20,,,,塗装,,修正,無,,,イベント用、フルカラー,137300,税抜
2408-034,2024-08-26,1050,鈴木,インクジェット出力,1800,900,1,枚,,,塩ビ,なし,,,新規,無,,,校正2回まで、イベント用、2色,14700,税抜
2408-035,2024-08-26,1015,佐藤,アルミ複合板看板,1800,1550,9,枚,3,両面,,マット,,,支給,無,,,紹介案件,462900,税抜
2408-036,2024-08-26,9999,鈴木,インクジェット出力,420,594,9,枚,,,合成紙,グロス,,,支給,無,,,,12210,税込
2408-037,2024-08-26,1047,田中,カルプ文字,,150,5,文字,30,,,,シート貼り,,支給,無,,,屋外用,11200,税抜
2408-038,2024-08-27,9999,鈴木,インクジェット出力,1370,5000,10,枚,,,塩ビ,マット,,,修正,無,,,PDF送付済,487740,税込
2408-010-2,2024-08-27,1041,佐藤,アルミ複合板看板,900,1800,2,枚,3,片面,,なし,,,支給,有,2.0,浜松市中央区高塚町,再見積（数量変更）,43300,税抜
2408-039,2024-08-28,1023,田中,インクジェット出力,700,650,11,枚,,,塩ビ,グロス,,,支給,無,,,,21100,税抜
2408-040,2024-08-29,1045,高橋,カルプ文字,,300,5,文字,20,,,,シート貼り,,支給,無,,,改装に伴う,20000,税抜
2408-041,2024-08-29,1060,佐藤,アルミ複合板看板,1800,1000,16,枚,3,片面,,グロス,,,修正,無,,,データ入稿済,318400,税抜
2408-042,2024-08-29,1041,佐藤,アルミ複合板看板,900,1800,3,枚,3,両面,,グロス,,,支給,無,,,ロゴのみ,59400,税抜
2408-043,2024-08-29,1025,佐藤,インクジェット出力,900,1800,2,枚,,,ターポリン,なし,,,支給,有,1.5,浜松市中央区雄踏町,メールにて依頼 夜間作業 現調不要,41100,税抜
2408-044,2024-08-29,1089,佐藤,カルプ文字,,120,20,文字,10,,,,シート貼り,,修正,無,,,支払：月末締翌月末、移転に伴い,34600,税抜
2408-045,2024-08-29,1078,佐藤,カルプ文字,,400,6,文字,20,,,,シート貼り,,新規,有,2.0,浜松市中央区舞阪町,,57100,税抜
2408-046,2024-08-30,1022,佐藤,アルミ複合板看板,600,600,5,枚,3,片面,,グロス,,,修正,有,3.5,豊橋市,午前中施工希望,69500,税抜
2408-047,2024-08-30,1092,田中,カルプ文字,,700,10,文字,50,,,,塗装,,新規,無,,,,187000,税抜
2409-001,2024-09-02,9999,佐藤,インクジェット出力,1150,1100,1,枚,,,透過フィルム,なし,,,支給,無,,,,9790,税込
2409-002,2024-09-02,1096,田中,袖看板,600,1200,2,台,,両面,,,,LED内照,支給,有,6.0,浜松市中央区鍛冶町,既存撤去あり,517000,税抜
2409-003,2024-09-02,1056,高橋,カルプ文字,,120,22,文字,10,,,,シート貼り,,新規,有,4.0,浜松市中央区天王町,管理会社承認待ち、週末施工希望,69400,税抜
2409-004,2024-09-03,9999,田中,袖看板,700,1800,1,台,,両面,,,,なし,新規,有,6.0,浜松市中央区高塚町,,321200,税込
2409-005,2024-09-03,1074,高橋,インクジェット出力,515,728,2,枚,,,透過フィルム,なし,,,支給,有,1.5,浜松市中央区高塚町,,21000,税抜
2409-006,2024-09-03,1023,田中,アルミ複合板看板,450,600,2,枚,3,片面,,なし,,,修正,有,3.0,豊川市,既存サイン撤去（処分は先方）／豊川店,69000,税抜
2409-007,2024-09-03,1012,佐藤,カルプ文字,,250,5,文字,10,,,,シート貼り,,支給,無,,,見積有効期限1ヶ月 仮見積,14000,税抜
2409-008,2024-09-03,1084,田中,インクジェット出力,841,1189,5,枚,,,塩ビ,グロス,,,支給,無,,,2案提出,17600,税抜
2409-009,2024-09-04,9999,田中,インクジェット出力,728,1030,4,枚,,,塩ビ,グロス,,,修正,無,,,2案提出,19580,税込
2409-010,2024-09-04,1012,佐藤,インクジェット出力,1800,900,1,枚,,,ターポリン,なし,,,支給,無,,,ハトメ不要、増刷,6000,税抜
2409-011,2024-09-04,1064,佐藤,アルミ複合板看板,450,600,2,枚,3,片面,,マット,,,新規,有,2.5,岡崎市,,69000,税抜
2409-012,2024-09-05,1023,田中,アルミ複合板看板,600,900,5,枚,3,両面,,グロス,,,修正,有,3.0,浜松市中央区佐鳴台,穴あけ 夜間作業 佐鳴台店,80000,税抜
2409-013,2024-09-05,1023,田中,インクジェット出力,950,700,1,枚,,,塩ビ,マット,,,支給,有,3.0,浜松市中央区高塚町,,31000,税抜
2409-014,2024-09-05,1068,高橋,袖看板,600,1200,1,台,,両面,,,,LED内照,支給,有,7.0,周智郡森町,リピート／要図面,298800,税抜
2409-015,2024-09-05,1023,田中,インクジェット出力,1200,1800,5,枚,,,塩ビ,グロス,,,支給,無,,,,45000,税抜
2409-016,2024-09-06,1082,佐藤,インクジェット出力,1200,1400,3,枚,,,塩ビ,グロス,,,新規,無,,,,33000,税抜
2409-017,2024-09-06,1050,鈴木,アルミ複合板看板,1250,800,1,枚,3,片面,,グロス,,,修正,有,1.8,袋井市,夜間（22時以降）,51800,税抜
2409-018,2024-09-06,1091,高橋,袖看板,450,900,1,台,,両面,,,,LED内照,新規,有,5.0,掛川市,メールにて依頼、要図面,272000,税抜
2409-019,2024-09-06,1074,高橋,アルミ複合板看板,1200,2400,3,枚,3,片面,,グロス,,,支給,有,3.5,浜松市中央区舞阪町,新店舗,132200,税抜
2409-020,2024-09-06,9999,佐藤,アルミ複合板看板,600,1800,1,枚,3,両面,,グロス,,,支給,有,2.0,浜松市中央区鍛冶町,午前中施工希望、改装に伴う,34509,税抜
2409-021,2024-09-06,1072,鈴木,インクジェット出力,950,400,5,枚,,,合成紙,グロス,,,支給,有,1.5,浜松市中央区鍛冶町,駐車場あり 夜間作業,31300,税抜
2409-022,2024-09-09,1080,高橋,カルプ文字,,180,21,文字,30,,,,塗装,,修正,有,2.0,浜松市中央区鍛冶町,納期急ぎません、既存撤去あり,115000,税抜
2409-023,2024-09-09,1085,佐藤,アルミ複合板看板,300,450,3,枚,3,片面,,マット,,,支給,無,,,リピート,14800,税抜
2409-024,2024-09-09,9999,佐藤,アルミ複合板看板,1200,600,5,枚,3,片面,,マット,,,新規,有,4.5,浜松市中央区三方原町,ビス穴加工、2色,134420,税込
2409-025,2024-09-09,1095,高橋,アルミ複合板看板,1500,550,8,枚,3,両面,,なし,,,新規,無,,,白フチあり、穴あけ,119000,税抜
2409-026,2024-09-09,9999,田中,インクジェット出力,841,1189,1,枚,,,塩ビ,グロス,,,新規,無,,,データ入稿済、請求書は本社宛,15400,税込
2409-027,2024-09-10,9999,田中,インクジェット出力,594,841,2,枚,,,塩ビ,マット,,,修正,無,,,,9000,税抜
2409-028,2024-09-11,9999,鈴木,アルミ複合板看板,600,900,1,枚,3,片面,,マット,,,支給,無,,,支払：月末締翌月末、ご担当：店長様、電話にて依頼,13750,税込
2409-029,2024-09-11,9999,鈴木,アルミ複合板看板,450,900,1,枚,3,片面,,マット,,,支給,有,6.0,浜松市中央区天王町,ロゴデータAI支給,66110,税込
2409-030,2024-09-11,1030,佐藤,インクジェット出力,594,841,5,枚,,,ターポリン,なし,,,支給,無,,,社内確認中 オープン前,9500,税抜
2409-031,2024-09-12,9999,高橋,アルミ複合板看板,3450,1350,2,枚,3,片面,,マット,,,新規,有,3.5,湖西市,屋外用,226820,税込
2409-032,2024-09-13,9999,鈴木,カルプ文字,,200,10,文字,20,,,,塗装,,新規,有,2.5,浜松市浜名区貴布祢,フルカラー、白フチあり,77660,税込
2409-033,2024-09-17,1096,佐藤,インクジェット出力,450,1200,7,枚,,,ターポリン,なし,,,新規,無,,,色校正あり,25000,税抜
2409-034,2024-09-17,1026,高橋,アルミ複合板看板,900,1800,2,枚,3,片面,,グロス,,,新規,有,4.0,磐田市,引取り、背景：白、管理会社承認待ち,75300,税抜
2409-035,2024-09-17,1048,田中,袖看板,600,1800,1,台,,両面,,,,なし,新規,無,,,,185000,税抜
2409-036,2024-09-18,1048,田中,アルミ複合板看板,1800,900,1,枚,3,片面,,グロス,,,新規,有,3.0,御前崎市,2案提出 配送希望,72000,税抜
2409-037,2024-09-18,9999,佐藤,アルミ複合板看板,600,1800,7,枚,3,片面,,グロス,,,新規,無,,,お急ぎとのこと,101100,税抜
2409-038,2024-09-18,1023,田中,インクジェット出力,300,900,1,枚,,,合成紙,なし,,,支給,無,,,電話にて依頼,6000,税抜
2409-039,2024-09-18,1025,佐藤,インクジェット出力,900,3600,12,枚,,,塩ビ,マット,,,修正,無,,,移転に伴い,147500,税抜
2409-040,2024-09-18,9999,田中,インクジェット出力,841,1189,1,枚,,,透過フィルム,グロス,,,新規,無,,,請求書は本社宛,16940,税抜
2409-041,2024-09-18,1089,佐藤,カルプ文字,,350,14,文字,20,,,,塗装,,新規,有,4.0,湖西市,至急,147600,税抜
2409-042,2024-09-19,1009,佐藤,カルプ文字,,350,20,文字,20,,,,シート貼り,,修正,有,4.5,浜松市浜名区引佐町,夜間作業 社内確認中,155500,税抜
2409-043,2024-09-19,1077,高橋,アルミ複合板看板,1400,1150,1,枚,3,両面,,なし,,,修正,有,1.5,豊橋市,既存撤去・産廃処分、至急、ビス穴加工,73900,税抜
2409-044,2024-09-19,9999,佐藤,アルミ複合板看板,1800,1150,1,枚,3,片面,,マット,,,修正,有,2.2,浜松市浜名区貴布祢,,63470,税込
2409-045,2024-09-19,1023,田中,インクジェット出力,1000,350,1,枚,,,塩ビ,なし,,,新規,無,,,2色,14000,税抜
2409-046,2024-09-19,9999,鈴木,インクジェット出力,420,594,6,枚,,,合成紙,なし,,,新規,有,2.0,袋井市,至急でお願いします,48400,税込
2409-047,2024-09-20,1042,佐藤,アルミ複合板看板,300,450,1,枚,3,片面,,グロス,,,支給,有,2.2,浜松市中央区佐鳴台,社内確認中,35600,税抜
2409-048,2024-09-20,1091,高橋,アルミ複合板看板,1800,900,1,枚,3,片面,,グロス,,,支給,有,3.0,掛川市,前面道路狭い／白フチあり／屋内用,54300,税抜
2409-049,2024-09-24,1077,鈴木,袖看板,450,1200,1,台,,両面,,,,なし,支給,有,5.0,湖西市,メールにて依頼 既存撤去（処分不要）,221400,税抜
2409-050,2024-09-25,1077,高橋,インクジェット出力,1030,1456,2,枚,,,ターポリン,なし,,,支給,有,1.8,湖西市,週末施工希望、背景：白,29900,税抜
2409-051,2024-09-25,1091,高橋,アルミ複合板看板,1550,300,1,枚,3,片面,,グロス,,,支給,無,,,,12100,税抜
2409-052,2024-09-26,1023,田中,インクジェット出力,300,900,2,枚,,,ターポリン,なし,,,支給,無,,,,6000,税抜
2409-053,2024-09-26,1088,高橋,インクジェット出力,1000,3000,1,枚,,,ターポリン,なし,,,新規,有,2.4,菊川市,現地調査希望、請求書は本社宛、ロゴのみ,72820,税込
2409-054,2024-09-26,1094,田中,インクジェット出力,900,3600,1,枚,,,塩ビ,なし,,,新規,有,1.5,浜松市中央区高塚町,オープン前／新店舗,34000,税抜
2409-055,2024-09-26,1095,高橋,袖看板,900,2400,1,台,,両面,,,,LED内照,新規,有,6.0,浜松市中央区天王町,現場写真受領、メールにて依頼、屋外用,456200,税抜
2409-056,2024-09-27,1090,鈴木,アルミ複合板看板,200,1300,1,枚,3,片面,,グロス,,,修正,有,8.0,浜松市中央区天王町,,62200,税抜
2409-057,2024-09-27,1045,高橋,アルミ複合板看板,950,200,19,枚,3,片面,,グロス,,,新規,無,,,四隅R／ロゴのみ,105100,税抜
2409-058,2024-09-30,1045,高橋,袖看板,600,1200,1,台,,両面,,,,なし,新規,有,6.0,浜松市中央区鍛冶町,FAXにて送付,225000,税抜
2409-059,2024-09-30,1019,佐藤,インクジェット出力,420,594,91,枚,,,塩ビ,マット,,,支給,無,,,,80200,税抜
2409-060,2024-09-30,1023,高橋,アルミ複合板看板,300,450,3,枚,3,片面,,なし,,,支給,有,3.5,静岡市駿河区,色校正あり、イベント用、ロゴデータAI支給,58800,税抜
2409-061,2024-09-30,1022,佐藤,インクジェット出力,1000,1100,1,枚,,,塩ビ,マット,,,支給,無,,,仮見積、納期急ぎません、支払：月末締翌月末,7600,税抜
2410-001,2024-10-01,1026,高橋,アルミ複合板看板,450,600,4,枚,3,片面,,グロス,,,支給,無,,,なるべく急ぎで 穴あけ FAXにて送付 データ入稿済,20800,税抜
2410-002,2024-10-01,1075,田中,インクジェット出力,1200,1800,1,枚,,,塩ビ,グロス,,,新規,無,,,,19800,税抜
2410-003,2024-10-01,1023,田中,アルミ複合板看板,1500,900,1,枚,3,片面,,グロス,,,新規,無,,,,23600,税抜
2410-004,2024-10-02,9999,高橋,袖看板,450,1200,1,台,,両面,,,,なし,修正,有,8.0,御前崎市,午前中施工希望,256300,税込
2410-005,2024-10-03,9999,高橋,アルミ複合板看板,350,350,1,枚,3,片面,,グロス,,,修正,無,,,オープン前,14200,税抜
2410-006,2024-10-03,1095,高橋,インクジェット出力,594,841,20,枚,,,塩ビ,マット,,,新規,無,,,期間限定キャンペーン用,41600,税抜
2410-007,2024-10-04,9999,田中,アルミ複合板看板,900,1800,2,枚,3,両面,,マット,,,修正,無,,,特急（3営業日） オープン前,65000,税抜
2410-008,2024-10-04,9999,鈴木,アルミ複合板看板,900,1800,1,枚,3,片面,,グロス,,,支給,有,2.5,浜松市中央区鍛冶町,既存看板撤去・処分,65300,税抜
2410-009,2024-10-04,1023,田中,インクジェット出力,1800,900,3,枚,,,塩ビ,マット,,,支給,無,,,,19700,税抜
2410-010,2024-10-04,1092,田中,袖看板,750,1500,1,台,,両面,,,,なし,新規,有,4.0,岡崎市,,279000,税抜
2410-011,2024-10-05,1015,田中,インクジェット出力,1550,350,1,枚,,,合成紙,マット,,,支給,無,,,仮見積、データ入稿済、移転に伴い,6000,税抜
2410-012,2024-10-07,1063,鈴木,アルミ複合板看板,1500,900,1,枚,3,片面,,マット,,,支給,無,,,なるべく急ぎで 配送希望 ご担当：店長様 概算,12800,税抜
2410-013,2024-10-07,9999,高橋,インクジェット出力,594,841,10,枚,,,塩ビ,グロス,,,修正,無,,,データ入稿済、概算,27500,税込
2410-014,2024-10-07,1033,田中,袖看板,450,900,2,台,,両面,,,,LED内照,新規,有,3.0,浜松市中央区鍛冶町,要現調,433000,税抜
2410-015,2024-10-07,1041,佐藤,カルプ文字,,300,10,文字,20,,,,シート貼り,,支給,有,4.0,菊川市,,69800,税抜
2410-016,2024-10-07,1002,佐藤,アルミ複合板看板,600,900,1,枚,3,片面,,マット,,,支給,無,,,オープン前,12500,税抜
2410-017,2024-10-08,1068,高橋,アルミ複合板看板,1300,950,2,枚,3,両面,,マット,,,新規,無,,,,61800,税抜
2410-018,2024-10-08,1082,佐藤,インクジェット出力,600,1800,3,枚,,,塩ビ,マット,,,新規,無,,,,23200,税抜
2410-019,2024-10-08,1005,佐藤,カルプ文字,,250,6,文字,20,,,,塗装,,支給,無,,,概算、仮見積,24200,税抜
2410-020,2024-10-08,9999,佐藤,インクジェット出力,1800,900,5,枚,,,ターポリン,なし,,,修正,無,,,店名変更,37510,税込
2410-021,2024-10-08,1075,田中,カルプ文字,,600,6,文字,20,,,,シート貼り,,支給,無,,,至急対応希望,63000,税抜
2410-022,2024-10-08,1042,佐藤,インクジェット出力,900,1800,49,枚,,,合成紙,マット,,,支給,無,,袋井市,見積有効期限1ヶ月 現調あり 校正2回まで,235100,税抜
2410-023,2024-10-09,1002,佐藤,インクジェット出力,900,1800,3,枚,,,ターポリン,なし,,,修正,無,,,,22400,税抜
2410-024,2024-10-09,1063,鈴木,カルプ文字,,500,6,文字,20,,,,シート貼り,,支給,無,,,,31600,税抜
2410-025,2024-10-09,1074,田中,インクジェット出力,1400,400,1,枚,,,ターポリン,なし,,,支給,有,1.5,浜松市中央区雄踏町,搬入経路要確認,26000,税抜
2410-026,2024-10-09,1092,佐藤,アルミ複合板看板,1200,2400,2,枚,3,片面,,グロス,,,修正,無,,,新店舗／ご担当：店長様,54700,税抜
2410-027,2024-10-09,1079,佐藤,インクジェット出力,728,1030,1,枚,,,合成紙,なし,,,新規,有,3.5,周智郡森町,夜間（22時以降） 管理会社承認待ち 屋内用,58500,税抜
2410-028,2024-10-09,9999,佐藤,アルミ複合板看板,450,950,1,枚,3,片面,,マット,,,支給,無,,,社内確認中、穴あけ、フルカラー,13640,税込
2410-029,2024-10-10,1019,田中,インクジェット出力,300,800,82,枚,,,ターポリン,なし,,,支給,無,,,イベント用、店名変更,78000,税抜
2410-030,2024-10-10,1063,高橋,インクジェット出力,1200,1800,37,枚,,,ターポリン,マット,,,支給,無,,,,271700,税抜
2410-031,2024-10-10,1012,佐藤,インクジェット出力,1800,750,51,枚,,,ターポリン,なし,,,修正,無,,,PDF送付済,171000,税抜
2410-032,2024-10-11,1042,佐藤,カルプ文字,,200,11,文字,30,,,,シート貼り,,新規,有,3.0,浜松市浜名区貴布祢,社内確認中,68100,税抜
2410-033,2024-10-11,1042,高橋,カルプ文字,,450,9,文字,30,,,,シート貼り,,支給,有,3.0,浜松市中央区鍛冶町,,89800,税抜
2410-034,2024-10-11,1025,佐藤,アルミ複合板看板,900,1800,1,枚,3,片面,,グロス,,,修正,無,,,,18600,税抜
2410-035,2024-10-11,1004,佐藤,インクジェット出力,1200,1800,2,枚,,,合成紙,マット,,,新規,無,,,移転に伴い,26700,税抜
2410-036,2024-10-11,1031,佐藤,袖看板,500,1500,1,台,,両面,,,,なし,支給,有,4.5,浜松市中央区三方原町,増刷、平日のみ施工可、前面道路狭い,239500,税抜
2410-037,2024-10-15,9999,田中,カルプ文字,,500,6,文字,20,,,,シート貼り,,新規,有,4.0,浜松市浜名区細江町,急ぎではない,75000,税抜
2410-038,2024-10-15,1057,高橋,アルミ複合板看板,900,1800,1,枚,3,片面,,マット,,,支給,無,,,前回同様、四隅R,15700,税抜
2410-039,2024-10-15,1023,田中,アルミ複合板看板,1500,900,1,枚,3,片面,,マット,,,支給,有,1.8,浜松市中央区雄踏町,前回同様、既存サイン撤去（処分は先方）、至急,53000,税抜
2410-040,2024-10-15,1042,佐藤,アルミ複合板看板,1200,600,1,枚,3,片面,,グロス,,,支給,有,6.0,浜松市中央区舞阪町,平日のみ施工可、増刷、ビス穴加工,64100,税抜
2410-041,2024-10-15,9999,田中,インクジェット出力,900,1800,10,枚,,,塩ビ,マット,,,修正,無,,,PDF送付済,80300,税込
2410-042,2024-10-15,1048,田中,アルミ複合板看板,1000,450,15,枚,3,片面,,マット,,,支給,有,2.5,湖西市,配送希望,153000,税抜
2410-043,2024-10-16,9999,鈴木,アルミ複合板看板,600,1800,8,枚,3,片面,,グロス,,,修正,有,4.5,浜松市中央区高塚町,ビス穴加工 現地調査含む 既存撤去（処分不要）,202700,税抜
2410-044,2024-10-16,1012,鈴木,インクジェット出力,300,900,45,枚,,,ターポリン,なし,,,支給,無,,,請求書は本社宛、メールにて依頼、紹介案件,46900,税抜
2410-045,2024-10-16,1091,高橋,カルプ文字,,200,7,文字,30,,,,シート貼り,,支給,有,2.5,浜松市中央区雄踏町,屋内用、管理会社承認待ち、店名変更,52800,税抜
2410-046,2024-10-17,1067,佐藤,袖看板,500,1500,1,台,,両面,,,,LED内照,修正,有,5.0,袋井市,新店舗、見積有効期限1ヶ月,339800,税抜
2410-047,2024-10-17,1012,佐藤,アルミ複合板看板,600,1800,1,枚,3,片面,,マット,,,支給,無,,,2色,11700,税抜
2410-048,2024-10-18,1056,高橋,アルミ複合板看板,600,900,18,枚,3,片面,,マット,,,修正,有,6.0,浜松市中央区雄踏町,駐車場あり,191400,税抜
2410-049,2024-10-18,1041,佐藤,カルプ文字,,900,10,文字,20,,,,塗装,,修正,有,4.0,浜松市中央区佐鳴台,移転に伴い,183700,税抜
2410-050,2024-10-19,1079,田中,袖看板,450,1200,1,台,,両面,,,,なし,修正,有,12.0,袋井市,ロゴのみ,240000,税抜
2410-051,2024-10-19,1050,田中,アルミ複合板看板,1500,900,1,枚,3,片面,,グロス,,,支給,有,1.5,浜松市浜名区貴布祢,角R加工,36000,税抜
2410-052,2024-10-19,1050,田中,アルミ複合板看板,1500,900,1,枚,3,片面,,グロス,,,支給,有,1.5,浜松市浜名区貴布祢,角R加工,36000,税抜
2410-053,2024-10-21,1084,田中,インクジェット出力,900,1800,47,枚,,,合成紙,なし,,,支給,無,,,,114000,税抜
2410-054,2024-10-22,1084,田中,インクジェット出力,900,3600,3,枚,,,塩ビ,グロス,,,支給,無,,,,33000,税抜
2410-055,2024-10-23,1025,佐藤,アルミ複合板看板,1450,1400,2,枚,3,両面,,グロス,,,支給,無,,,ビス穴加工,102500,税抜
2410-056,2024-10-23,1094,田中,アルミ複合板看板,1650,950,1,枚,3,片面,,グロス,,,修正,無,,,引取り 穴あけ4箇所,25800,税抜
2410-057,2024-10-23,9999,高橋,アルミ複合板看板,900,900,2,枚,3,片面,,グロス,,,支給,無,,,メールにて依頼,19300,税抜
2410-058,2024-10-23,1041,佐藤,カルプ文字,,200,16,文字,30,,,,シート貼り,,修正,有,3.5,浜松市中央区雄踏町,データ入稿済,75800,税抜
2410-059,2024-10-24,1009,佐藤,アルミ複合板看板,850,850,1,枚,3,片面,,グロス,,,新規,無,,,請求書は本社宛,23400,税抜
2410-060,2024-10-24,9999,鈴木,カルプ文字,,300,10,文字,30,,,,シート貼り,,支給,無,,,フルカラー,47410,税込
2410-061,2024-10-24,1023,田中,袖看板,600,1200,1,台,,両面,,,,なし,修正,有,3.0,新城市,2色,190000,税抜
2410-062,2024-10-24,9999,田中,インクジェット出力,300,900,1,枚,,,塩ビ,マット,,,新規,無,,,配送希望、引取り,15400,税込
2410-063,2024-10-24,1063,高橋,インクジェット出力,728,1030,77,枚,,,塩ビ,グロス,,,支給,無,,,リピート,157600,税抜
2410-064,2024-10-25,1092,田中,インクジェット出力,1000,1600,1,枚,,,塩ビ,マット,,,支給,無,,,フルカラー,10200,税抜
2410-065,2024-10-25,9999,佐藤,インクジェット出力,950,600,10,枚,,,ターポリン,なし,,,新規,無,,,背景：白,32800,税抜
2410-066,2024-10-25,1047,田中,インクジェット出力,550,500,83,枚,,,塩ビ,グロス,,,支給,無,,,2案提出,73000,税抜
2410-067,2024-10-28,1056,高橋,袖看板,700,1800,1,台,,両面,,,,なし,新規,無,,,,214000,税抜
2410-068,2024-10-28,9999,高橋,インクジェット出力,728,1030,9,枚,,,塩ビ,マット,,,修正,有,1.8,浜松市浜名区貴布祢,ご担当：店長様／要図面,59180,税込
2410-069,2024-10-28,1075,田中,袖看板,600,1200,2,台,,両面,,,,なし,支給,有,4.5,浜松市中央区天王町,紹介案件,387000,税抜
2410-070,2024-10-28,9999,田中,カルプ文字,,200,7,文字,10,,,,シート貼り,,支給,有,3.0,湖西市,撤去処分込み,68200,税込
2410-071,2024-10-30,9999,鈴木,インクジェット出力,420,594,5,枚,,,ターポリン,なし,,,新規,有,2.0,湖西市,前面道路狭い,36300,税込
2410-072,2024-10-30,1065,高橋,インクジェット出力,1370,5000,1,枚,,,塩ビ,グロス,,,修正,有,1.8,浜松市浜名区引佐町,,76900,税抜
2410-073,2024-10-31,1049,高橋,袖看板,450,1200,1,台,,両面,,,,なし,新規,有,8.0,浜松市中央区鍛冶町,至急でお願いします,264600,税抜
2410-074,2024-10-31,9999,鈴木,アルミ複合板看板,2400,1200,1,枚,3,片面,,グロス,,,新規,無,,,角R加工,42460,税込
2410-075,2024-10-31,1071,鈴木,アルミ複合板看板,3500,1600,4,枚,3,片面,,グロス,,,修正,無,,,,233900,税抜
2411-001,2024-11-01,9999,佐藤,インクジェット出力,1200,1800,1,枚,,,塩ビ,グロス,,,新規,無,,,,21780,税込
2411-002,2024-11-01,1023,田中,アルミ複合板看板,900,1800,1,枚,3,片面,,グロス,,,修正,有,2.5,豊川市,穴あけ4箇所／屋内用／豊川店／閉店後夜間施工,62000,税抜
2411-003,2024-11-01,9999,田中,カルプ文字,,200,10,文字,30,,,,シート貼り,,新規,有,3.0,浜松市中央区鍛冶町,,62000,税抜
2411-004,2024-11-05,1071,佐藤,インクジェット出力,750,1300,2,枚,,,塩ビ,なし,,,支給,無,,,見積有効期限1ヶ月,6000,税抜
2411-005,2024-11-05,9999,佐藤,袖看板,600,1800,1,台,,両面,,,,LED内照,修正,無,,,電話にて依頼／引取り／2案提出,255860,税込
2411-006,2024-11-05,1077,高橋,アルミ複合板看板,1350,350,2,枚,3,片面,,マット,,,新規,無,,,店名変更、お急ぎとのこと,25000,税抜
2411-007,2024-11-06,1054,佐藤,アルミ複合板看板,2400,2150,1,枚,3,片面,,マット,,,新規,有,6.0,浜松市天竜区二俣町,既存撤去（処分不要）,153500,税抜
2411-008,2024-11-06,1009,佐藤,カルプ文字,,80,25,文字,30,,,,シート貼り,,新規,有,4.5,周智郡森町,データ入稿済、見積有効期限1ヶ月,112300,税抜
2411-009,2024-11-06,1033,田中,アルミ複合板看板,500,1150,1,枚,3,片面,,グロス,,,支給,無,,,仮見積,12500,税抜
2411-010,2024-11-06,1077,高橋,アルミ複合板看板,600,600,1,枚,3,片面,,マット,,,支給,有,2.2,豊橋市,引取り／2案提出,36000,税抜
2411-011,2024-11-06,1074,高橋,インクジェット出力,728,1030,1,枚,,,塩ビ,グロス,,,新規,無,,,,14000,税抜
2411-012,2024-11-06,1047,田中,インクジェット出力,650,250,17,枚,,,塩ビ,グロス,,,支給,無,,,至急対応希望,16200,税抜
2411-013,2024-11-06,9999,佐藤,アルミ複合板看板,1800,900,1,枚,3,片面,,マット,,,新規,有,2.0,浜松市中央区高塚町,ビス穴加工、撤去は別途,46860,税込
2411-014,2024-11-07,1023,田中,アルミ複合板看板,450,600,54,枚,3,片面,,マット,,,修正,有,1.5,岡崎市,穴あけ、角丸、岡崎店、特急対応,348000,税抜
2411-015,2024-11-08,1096,佐藤,インクジェット出力,850,1500,62,枚,,,塩ビ,グロス,,,修正,有,1.5,浜松市中央区三方原町,,408100,税抜
2411-016,2024-11-11,9999,鈴木,アルミ複合板看板,900,1800,3,枚,3,片面,,グロス,,,修正,無,,,2案提出,56210,税込
2411-017,2024-11-11,1075,田中,アルミ複合板看板,600,900,2,枚,3,片面,,グロス,,,新規,有,2.0,豊橋市,前面道路狭い 夜間施工,61000,税抜
2411-018,2024-11-11,1042,佐藤,カルプ文字,,200,9,文字,20,,,,塗装,,支給,無,,,,29900,税抜
2411-019,2024-11-11,1022,佐藤,アルミ複合板看板,900,900,2,枚,3,片面,,マット,,,支給,有,6.0,湖西市,現調あり、屋外用、週末施工希望、急ぎではない、既存看板撤去,95300,税抜
2411-020,2024-11-12,1085,佐藤,インクジェット出力,1750,850,9,枚,,,塩ビ,マット,,,修正,無,,,,59000,税抜
2411-021,2024-11-12,1047,田中,アルミ複合板看板,1000,2000,2,枚,3,片面,,グロス,,,支給,無,,,,37000,税抜
2411-022,2024-11-13,1085,佐藤,アルミ複合板看板,750,1250,1,枚,3,片面,,グロス,,,新規,無,,,オープン前、引取り,24300,税抜
2411-023,2024-11-13,9999,佐藤,カルプ文字,,200,7,文字,20,,,,シート貼り,,新規,無,,,,28160,税込
2411-024,2024-11-13,9999,田中,アルミ複合板看板,1750,1250,1,枚,3,片面,,なし,,,支給,無,,,2案提出、仮見積,40000,税抜
2411-025,2024-11-14,1023,田中,袖看板,600,1200,1,台,,両面,,,,LED内照,支給,有,4.5,掛川市,前面道路狭い,270000,税抜
2411-026,2024-11-14,1082,佐藤,カルプ文字,,180,6,文字,10,,,,シート貼り,,支給,有,2.0,湖西市,,35200,税抜
2411-027,2024-11-14,1064,佐藤,インクジェット出力,841,1189,1,枚,,,合成紙,マット,,,新規,無,,,,14000,税抜
2411-028,2024-11-15,1023,田中,アルミ複合板看板,450,600,1,枚,3,片面,,グロス,,,修正,有,1.5,浜松市中央区鍛冶町,鍛冶店、メールにて依頼、社内確認中,27800,税抜
2411-029,2024-11-15,1023,田中,インクジェット出力,841,1189,1,枚,,,塩ビ,マット,,,新規,有,2.0,豊橋市,既存撤去あり 豊橋店,59000,税抜
2411-030,2024-11-18,9999,佐藤,カルプ文字,,100,9,文字,10,,,,塗装,,支給,有,4.5,掛川市,,84700,税込
2411-031,2024-11-18,9999,田中,カルプ文字,,250,6,文字,20,,,,シート貼り,,修正,無,,,,26300,税抜
2411-032,2024-11-18,1026,高橋,アルミ複合板看板,550,500,1,枚,3,両面,,なし,,,修正,無,,,ロゴデータAI支給,14800,税抜
2411-033,2024-11-18,9999,田中,アルミ複合板看板,2400,1200,1,枚,3,片面,,マット,,,修正,有,2.0,浜松市中央区天王町,店名変更／改装に伴う／閉店後夜間施工／要現調,61000,税抜
2411-034,2024-11-19,1050,鈴木,インクジェット出力,1200,1800,2,枚,,,塩ビ,グロス,,,新規,無,,,電話にて依頼,29700,税抜
2411-035,2024-11-19,1077,高橋,インクジェット出力,1250,1650,38,枚,,,塩ビ,マット,,,支給,有,1.5,浜松市中央区佐鳴台,,427700,税抜
2411-036,2024-11-19,1089,佐藤,アルミ複合板看板,900,1800,2,枚,3,両面,,グロス,,,新規,無,,,穴あけ4箇所,55900,税抜
2411-037,2024-11-19,1023,田中,インクジェット出力,841,1189,68,枚,,,塩ビ,グロス,,,修正,無,,,色校正あり、至急,245000,税抜
2411-038,2024-11-19,1010,佐藤,カルプ文字,,500,6,文字,20,,,,シート貼り,,支給,有,4.5,浜松市中央区佐鳴台,夜間作業,93000,税抜
2411-039,2024-11-20,1067,鈴木,カルプ文字,,200,6,文字,30,,,,塗装,,修正,有,2.0,浜松市天竜区二俣町,,55800,税抜
2411-040,2024-11-20,1074,高橋,カルプ文字,,300,4,文字,20,,,,塗装,,新規,無,,,校正2回まで 移転に伴い 請求書は本社宛,27300,税抜
2411-041,2024-11-21,1050,鈴木,アルミ複合板看板,900,1800,1,枚,3,片面,,マット,,,支給,有,5.0,浜松市中央区鍛冶町,既存撤去・産廃処分、PDF送付済、背景：白、ビス穴加工,88600,税抜
2411-042,2024-11-21,1035,田中,袖看板,450,1200,1,台,,両面,,,,なし,支給,無,,,店名変更,132000,税抜
2411-043,2024-11-21,1096,佐藤,アルミ複合板看板,1050,550,23,枚,3,片面,,グロス,,,支給,有,2.5,浜松市中央区三方原町,校正2回まで、移転に伴い,288900,税抜
2411-044,2024-11-21,1096,佐藤,アルミ複合板看板,1100,1700,1,枚,3,両面,,グロス,,,支給,有,3.0,新城市,紹介案件,75600,税抜
2411-045,2024-11-22,1022,佐藤,アルミ複合板看板,400,250,1,枚,3,片面,,グロス,,,支給,有,2.0,掛川市,駐車場あり、角R加工,38000,税抜
2411-046,2024-11-22,1084,佐藤,インクジェット出力,594,841,86,枚,,,合成紙,なし,,,支給,無,,,,69700,税抜
2411-047,2024-11-22,1023,田中,インクジェット出力,515,728,4,枚,,,塩ビ,グロス,,,支給,無,,,,7300,税抜
2411-048,2024-11-22,1045,高橋,アルミ複合板看板,450,600,1,枚,3,片面,,グロス,,,新規,有,2.5,浜松市中央区鍛冶町,仮見積、角R加工、平日のみ施工可,46600,税抜
2411-049,2024-11-22,9999,田中,カルプ文字,,180,9,文字,20,,,,塗装,,新規,有,2.5,浜松市中央区鍛冶町,,62000,税抜
2411-050,2024-11-25,1068,高橋,アルミ複合板看板,1200,2400,1,枚,3,片面,,グロス,,,新規,有,2.2,磐田市,請求書は本社宛,69400,税抜
2411-051,2024-11-26,1023,鈴木,インクジェット出力,650,350,8,枚,,,透過フィルム,グロス,,,支給,有,2.4,浜松市中央区舞阪町,屋内用 早めの対応希望,42700,税抜
2411-052,2024-11-26,1047,田中,アルミ複合板看板,900,1800,1,枚,3,片面,,マット,,,支給,有,2.2,浜松市中央区高塚町,,38000,税抜
2411-053,2024-11-27,1020,高橋,インクジェット出力,1200,850,40,枚,,,透過フィルム,なし,,,新規,無,,,,215800,税抜
2411-054,2024-11-27,1022,佐藤,アルミ複合板看板,450,900,1,枚,3,片面,,グロス,,,支給,有,3.5,菊川市,,48400,税抜
2411-055,2024-11-27,1082,佐藤,アルミ複合板看板,650,750,1,枚,3,片面,,マット,,,修正,有,1.5,掛川市,穴あけ／テナント看板／至急対応希望,46100,税抜
2411-056,2024-11-28,9999,佐藤,インクジェット出力,420,594,4,枚,,,塩ビ,グロス,,,支給,無,,,見積有効期限1ヶ月、テナント看板,6800,税抜
2411-057,2024-11-28,1050,鈴木,袖看板,450,900,1,台,,両面,,,,なし,修正,有,3.5,浜松市中央区鍛冶町,,153000,税抜
2411-058,2024-11-28,9999,高橋,アルミ複合板看板,3600,1350,1,枚,3,両面,,グロス,,,修正,無,,,,97600,税抜
2411-059,2024-11-28,1007,高橋,インクジェット出力,594,841,6,枚,,,ターポリン,なし,,,修正,有,1.8,浜松市中央区高塚町,請求書は本社宛,31100,税抜
2411-060,2024-11-29,9999,佐藤,アルミ複合板看板,200,1300,1,枚,3,両面,,グロス,,,修正,有,4.5,浜松市浜名区引佐町,メールにて依頼 特急（3営業日）,79530,税込
2411-061,2024-11-29,9999,佐藤,カルプ文字,,600,10,文字,30,,,,塗装,,支給,有,6.0,浜松市中央区鍛冶町,期間限定キャンペーン用、色校正あり,192170,税込
2411-062,2024-11-29,1007,高橋,袖看板,700,1800,1,台,,両面,,,,LED内照,修正,有,6.0,浜松市中央区鍛冶町,前面道路狭い、現地調査含む,357700,税抜
2411-063,2024-11-30,1012,田中,アルミ複合板看板,1800,900,1,枚,3,片面,,グロス,,,支給,有,5.0,浜松市中央区高塚町,特急、既存看板撤去／処分、リピート,86000,税抜
2412-001,2024-12-02,1004,佐藤,インクジェット出力,1700,1550,5,枚,,,塩ビ,マット,,,新規,無,,,テナント看板,89500,税抜
2412-002,2024-12-02,1032,高橋,インクジェット出力,550,1300,1,枚,,,塩ビ,なし,,,修正,無,,,白フチあり、電話にて依頼、見積有効期限1ヶ月,9000,税抜
2412-003,2024-12-03,1038,田中,アルミ複合板看板,1200,900,1,枚,3,両面,,なし,,,新規,無,,,屋内用,26900,税抜
2412-004,2024-12-04,1077,高橋,袖看板,600,1800,1,台,,両面,,,,LED内照,修正,有,4.5,磐田市,引取り、校正2回まで,321100,税抜
2412-005,2024-12-04,1072,田中,アルミ複合板看板,900,1800,2,枚,3,片面,,グロス,,,修正,有,3.0,豊橋市,現地調査希望,81000,税抜
2412-006,2024-12-05,1048,田中,袖看板,400,800,1,台,,両面,,,,LED内照,修正,有,4.0,浜松市中央区天王町,既存撤去・産廃処分、現調あり、白フチあり,252000,税抜
2412-007,2024-12-05,1046,佐藤,インクジェット出力,500,300,3,枚,,,塩ビ,マット,,,支給,有,1.5,浜松市中央区天王町,2色、増刷,21000,税抜
2412-008,2024-12-05,9999,高橋,アルミ複合板看板,1300,1850,10,枚,3,両面,,マット,,,新規,有,3.0,浜松市中央区舞阪町,フルカラー、仮見積、期間限定キャンペーン用,669130,税込
2412-009,2024-12-05,9999,高橋,インクジェット出力,594,841,1,枚,,,塩ビ,マット,,,新規,無,,,特急（3営業日）／電話にて依頼,17000,税込
2412-010,2024-12-05,1031,佐藤,アルミ複合板看板,1820,3640,1,枚,3,片面,,マット,,,修正,有,3.0,袋井市,PDF送付済,131300,税抜
2412-011,2024-12-05,1091,高橋,アルミ複合板看板,2800,2200,3,枚,3,片面,,マット,,,支給,有,1.5,湖西市,午前中施工希望 ロゴデータAI支給,299900,税抜
2412-012,2024-12-06,1091,高橋,アルミ複合板看板,1500,1450,1,枚,3,片面,,なし,,,新規,無,,,,50500,税抜
2412-013,2024-12-06,1041,佐藤,カルプ文字,,600,10,文字,10,,,,塗装,,支給,有,3.5,浜松市中央区高塚町,管理会社承認待ち,106700,税抜
2412-014,2024-12-09,1092,田中,インクジェット出力,1200,1700,1,枚,,,ターポリン,なし,,,新規,無,,,屋内用,17300,税抜
2412-015,2024-12-10,9999,佐藤,インクジェット出力,841,1189,4,枚,,,ターポリン,なし,,,修正,無,,,紹介案件,19400,税抜
2412-016,2024-12-10,1050,鈴木,インクジェット出力,600,1800,33,枚,,,合成紙,マット,,,修正,無,,,屋外用,116000,税抜
2412-017,2024-12-10,1020,高橋,インクジェット出力,300,900,5,枚,,,塩ビ,グロス,,,支給,無,,,,7600,税抜
2412-018,2024-12-11,9999,佐藤,インクジェット出力,750,1400,1,枚,,,塩ビ,マット,,,支給,無,,,お急ぎとのこと,7040,税込
2412-019,2024-12-11,1074,高橋,アルミ複合板看板,910,1820,1,枚,3,片面,,グロス,,,支給,有,2.5,島田市,データ入稿済 現調あり,68300,税抜
2412-020,2024-12-11,9999,鈴木,アルミ複合板看板,1200,850,1,枚,3,片面,,グロス,,,新規,有,3.0,岡崎市,既存撤去（処分不要）,87700,税抜
2412-021,2024-12-11,1058,佐藤,アルミ複合板看板,350,1750,1,枚,3,片面,,グロス,,,支給,無,,,仮見積,10300,税抜
2412-022,2024-12-12,1006,田中,アルミ複合板看板,300,450,1,枚,3,片面,,グロス,,,新規,有,1.8,掛川市,撤去処分込み、屋内用,71000,税抜
2412-023,2024-12-12,1080,高橋,カルプ文字,,250,15,文字,10,,,,塗装,,支給,有,3.5,浜松市浜名区細江町,概算／見積有効期限1ヶ月,87300,税抜
2412-024,2024-12-12,1074,高橋,インクジェット出力,841,1189,1,枚,,,塩ビ,グロス,,,新規,無,,,概算,14000,税抜
2412-025,2024-12-13,9999,高橋,インクジェット出力,594,841,10,枚,,,合成紙,なし,,,修正,無,,,改装に伴う、ロゴのみ,16000,税抜
2412-026,2024-12-13,1045,高橋,袖看板,450,900,1,台,,両面,,,,なし,支給,有,6.0,菊川市,要現調、至急でお願いします,219500,税抜
2412-027,2024-12-13,1031,佐藤,カルプ文字,,700,11,文字,20,,,,シート貼り,,支給,有,5.0,浜松市中央区天王町,,147900,税抜
2412-028,2024-12-13,1075,田中,インクジェット出力,200,1800,35,枚,,,塩ビ,マット,,,修正,無,,,,61000,税抜
2412-029,2024-12-13,1080,高橋,カルプ文字,,120,9,文字,20,,,,シート貼り,,支給,無,,,見積有効期限1ヶ月、請求書は本社宛,18200,税抜
2412-030,2024-12-14,1023,田中,アルミ複合板看板,600,600,2,枚,3,両面,,なし,,,支給,無,,,増刷,12300,税抜
2412-031,2024-12-17,9999,佐藤,袖看板,600,1200,1,台,,両面,,,,なし,支給,有,6.0,磐田市,校正2回まで／ご担当：店長様／納期急ぎません／撤去処分込み,238000,税抜
2412-032,2024-12-17,1006,佐藤,インクジェット出力,1250,1050,4,枚,,,塩ビ,なし,,,新規,無,,,電話番号変更、電話にて依頼,29900,税抜
2412-033,2024-12-18,1023,田中,インクジェット出力,1100,1000,2,枚,,,塩ビ,グロス,,,新規,無,,,改装に伴う,19900,税抜
2412-034,2024-12-18,1092,田中,アルミ複合板看板,350,1100,2,枚,3,両面,,グロス,,,修正,有,6.0,袋井市,管理会社承認待ち,78000,税抜
2412-035,2024-12-18,1077,高橋,アルミ複合板看板,1300,850,1,枚,3,両面,,グロス,,,修正,有,4.0,豊橋市,午前中施工希望、データ入稿済、夜間施工、紹介案件,54900,税抜
2412-036,2024-12-18,1050,佐藤,インクジェット出力,594,841,4,枚,,,塩ビ,マット,,,修正,無,,,,13000,税抜
2412-037,2024-12-19,9999,高橋,インクジェット出力,728,1030,10,枚,,,合成紙,グロス,,,支給,無,,,,31900,税込
2412-038,2024-12-19,9999,田中,アルミ複合板看板,1800,900,1,枚,3,片面,,グロス,,,支給,有,2.0,浜松市中央区鍛冶町,夜間（22時以降）、撤去は別途,42900,税込
2412-039,2024-12-19,1079,佐藤,アルミ複合板看板,1100,900,1,枚,3,片面,,マット,,,修正,有,1.5,湖西市,,36500,税抜
2412-040,2024-12-19,1041,高橋,カルプ文字,,200,9,文字,30,,,,シート貼り,,支給,有,3.5,浜松市中央区佐鳴台,,50500,税抜
2412-041,2024-12-20,1010,佐藤,袖看板,450,900,1,台,,両面,,,,LED内照,支給,無,,,見積有効期限1ヶ月／引取り／白フチあり,137700,税抜
2412-042,2024-12-20,1009,高橋,インクジェット出力,1800,900,5,枚,,,塩ビ,マット,,,新規,無,,,ロゴデータAI支給、支払：月末締翌月末、屋外用,44000,税抜
2412-043,2024-12-20,1074,高橋,アルミ複合板看板,1500,900,3,枚,3,両面,,グロス,,,支給,無,,,ビス穴加工、急ぎではない,54000,税抜
2412-044,2024-12-23,9999,佐藤,カルプ文字,,120,10,文字,30,,,,塗装,,修正,有,3.0,浜松市中央区高塚町,,65890,税込
2412-045,2024-12-23,1054,佐藤,インクジェット出力,594,841,3,枚,,,塩ビ,グロス,,,修正,無,,,,11000,税抜
2412-046,2024-12-23,1048,田中,カルプ文字,,80,6,文字,50,,,,シート貼り,,修正,有,5.0,湖西市,前面道路狭い,71000,税抜
2412-047,2024-12-23,1082,佐藤,カルプ文字,,200,7,文字,30,,,,シート貼り,,新規,有,4.0,豊川市,,65800,税抜
2412-048,2024-12-23,1009,田中,アルミ複合板看板,300,450,1,枚,3,片面,,グロス,,,支給,無,,,リピート／移転に伴い,9200,税抜
2412-049,2024-12-24,1073,佐藤,アルミ複合板看板,1150,550,1,枚,3,片面,,グロス,,,支給,無,,,前回同様,10400,税抜
2412-050,2024-12-25,1023,佐藤,アルミ複合板看板,750,1500,1,枚,3,片面,,マット,,,支給,有,3.0,湖西市,店名変更、湖西店,42900,税抜
2412-051,2024-12-25,1045,高橋,カルプ文字,,300,7,文字,20,,,,塗装,,修正,有,7.5,浜松市中央区佐鳴台,夜間施工、撤去は別途、新店舗,93200,税抜
2412-052,2024-12-25,9999,高橋,アルミ複合板看板,600,1800,4,枚,3,両面,,グロス,,,新規,有,2.5,静岡市葵区,電話にて依頼 引取り 現地調査含む 管理会社承認待ち,142200,税抜
2412-053,2024-12-25,1054,佐藤,カルプ文字,,200,9,文字,50,,,,シート貼り,,修正,有,2.0,磐田市,データ入稿済 現調あり,63500,税抜
2412-054,2024-12-25,1045,高橋,アルミ複合板看板,1000,900,1,枚,3,片面,,グロス,,,修正,有,3.5,湖西市,移転に伴い,46800,税抜
2412-055,2024-12-26,1042,佐藤,アルミ複合板看板,350,200,1,枚,3,片面,,グロス,,,支給,有,4.5,浜松市中央区三方原町,現調あり 請求書は本社宛,64600,税抜
2412-056,2024-12-26,9999,高橋,アルミ複合板看板,1800,1800,1,枚,3,片面,,グロス,,,新規,有,3.0,浜松市浜名区貴布祢,角丸、穴あけ、現地調査希望、雨天順延,97200,税抜
2412-057,2024-12-26,1042,佐藤,アルミ複合板看板,350,200,1,枚,3,片面,,グロス,,,支給,有,4.5,浜松市中央区三方原町,現調あり 請求書は本社宛,64600,税抜
2412-058,2024-12-26,1064,佐藤,アルミ複合板看板,1250,500,2,枚,3,片面,,グロス,,,修正,有,5.0,浜松市中央区天王町,,74900,税抜
2412-059,2024-12-26,1005,佐藤,インクジェット出力,900,1800,34,枚,,,合成紙,グロス,,,支給,無,,,ご担当：店長様,127300,税抜
2412-060,2024-12-26,1019,田中,インクジェット出力,1200,1800,37,枚,,,塩ビ,なし,,,支給,無,,,,165000,税抜
2412-061,2024-12-27,1063,鈴木,インクジェット出力,728,1030,16,枚,,,ターポリン,なし,,,支給,無,,,ハトメ不要,32300,税抜
2412-062,2024-12-27,9999,田中,インクジェット出力,594,841,4,枚,,,塩ビ,マット,,,新規,無,,,早めの対応希望、イベント用、メールにて依頼、支払：月末締翌月末,18000,税抜
2412-063,2024-12-27,9999,高橋,インクジェット出力,1370,5000,10,枚,,,塩ビ,マット,,,新規,無,,,見積有効期限1ヶ月,493240,税込
2412-064,2024-12-27,1026,鈴木,インクジェット出力,1200,1800,3,枚,,,透過フィルム,なし,,,新規,無,,,急ぎではない,41000,税抜
2501-001,2025-01-06,1007,高橋,アルミ複合板看板,300,450,7,枚,3,片面,,なし,,,支給,無,,,,24300,税抜
2501-002,2025-01-06,1012,佐藤,インクジェット出力,1550,1050,1,枚,,,塩ビ,グロス,,,支給,無,,,,8600,税抜
2501-003,2025-01-06,1096,佐藤,インクジェット出力,594,841,1,枚,,,合成紙,なし,,,支給,無,,,,6000,税抜
2501-004,2025-01-06,1048,田中,カルプ文字,,150,10,文字,30,,,,塗装,,修正,有,2.5,湖西市,期間限定キャンペーン用,64000,税抜
2501-005,2025-01-06,1007,高橋,アルミ複合板看板,1550,500,1,枚,3,片面,,グロス,,,支給,有,2.5,浜松市中央区鍛冶町,前回データで,35800,税抜
2501-006,2025-01-07,1012,佐藤,アルミ複合板看板,900,1800,1,枚,3,片面,,マット,,,支給,無,,,PDF送付済,13900,税抜
2501-007,2025-01-07,1077,高橋,アルミ複合板看板,600,900,1,枚,3,片面,,グロス,,,支給,有,5.0,浜松市中央区鍛冶町,前回同様、フルカラー、イベント用,58000,税抜
2501-008,2025-01-07,1023,田中,袖看板,900,2400,1,台,,両面,,,,LED内照,新規,有,8.0,浜松市中央区鍛冶町,夜間（22時以降）／鍛冶店,427000,税抜
2501-009,2025-01-08,1045,高橋,カルプ文字,,350,8,文字,20,,,,塗装,,修正,有,2.5,豊橋市,雨天順延、紹介案件,93100,税抜
2501-010,2025-01-08,1023,田中,アルミ複合板看板,450,600,1,枚,3,片面,,マット,,,新規,無,,,オープン前 FAXにて送付,19500,税抜
2501-011,2025-01-09,1023,田中,袖看板,450,1200,1,台,,両面,,,,LED内照,新規,有,3.5,周智郡森町,要現調,266000,税抜
2501-012,2025-01-14,1039,高橋,インクジェット出力,750,950,1,枚,,,塩ビ,グロス,,,修正,無,,,白フチあり,9000,税抜
2501-013,2025-01-15,9999,田中,カルプ文字,,200,10,文字,20,,,,シート貼り,,支給,有,3.5,浜松市天竜区二俣町,,63000,税抜
2501-014,2025-01-16,1041,佐藤,アルミ複合板看板,1650,1650,1,枚,3,片面,,マット,,,修正,有,4.0,浜松市中央区天王町,既存看板撤去／処分,93000,税抜
2501-015,2025-01-17,1022,佐藤,インクジェット出力,1150,250,18,枚,,,塩ビ,マット,,,新規,有,1.0,浜松市中央区佐鳴台,ロゴのみ、夜間施工、データ入稿済,52900,税抜
2501-016,2025-01-20,1067,鈴木,袖看板,450,1200,1,台,,両面,,,,なし,支給,有,5.0,静岡市駿河区,特急（3営業日）／駐車場あり／移転に伴い／色校正あり,269600,税抜
2501-017,2025-01-20,1020,佐藤,袖看板,700,1800,1,台,,両面,,,,LED内照,修正,有,3.0,袋井市,駐車場あり,340700,税抜
2501-018,2025-01-20,9999,鈴木,アルミ複合板看板,550,1750,1,枚,3,片面,,グロス,,,新規,有,6.0,浜松市浜名区貴布祢,仮見積／ご担当：店長様,77300,税抜
2501-019,2025-01-20,1095,高橋,カルプ文字,,450,6,文字,30,,,,シート貼り,,支給,有,3.0,浜松市中央区舞阪町,撤去処分込み,99700,税抜
2501-020,2025-01-21,1023,田中,アルミ複合板看板,1200,600,2,枚,3,片面,,マット,,,支給,有,1.5,浜松市中央区舞阪町,仮見積、舞阪店、メールにて依頼,36000,税抜
2501-021,2025-01-21,1023,田中,アルミ複合板看板,300,450,1,枚,3,片面,,マット,,,支給,有,2.5,藤枝市,引取り、搬入経路要確認、駐車場あり、増刷、藤枝店,52000,税抜
2501-022,2025-01-22,9999,佐藤,アルミ複合板看板,910,1820,9,枚,3,両面,,グロス,,,修正,有,5.0,袋井市,データ入稿済,316030,税込
2501-023,2025-01-22,1008,鈴木,アルミ複合板看板,900,900,2,枚,3,片面,,マット,,,新規,有,3.0,豊川市,新店舗、イベント用,66300,税抜
2501-024,2025-01-22,1096,佐藤,アルミ複合板看板,600,900,1,枚,3,片面,,マット,,,支給,有,2.5,豊橋市,お急ぎとのこと,48900,税抜
2501-025,2025-01-22,1065,高橋,インクジェット出力,700,1450,39,枚,,,塩ビ,なし,,,修正,有,2.0,磐田市,現地調査不要（写真あり）,191800,税抜
2501-026,2025-01-22,1023,田中,インクジェット出力,300,900,79,枚,,,塩ビ,マット,,,新規,無,,,,32000,税抜
2501-027,2025-01-22,9999,鈴木,インクジェット出力,1370,5000,10,枚,,,塩ビ,マット,,,新規,無,,,,448400,税抜
2501-028,2025-01-22,9999,田中,カルプ文字,,150,10,文字,10,,,,シート貼り,,新規,有,3.5,浜松市中央区舞阪町,引取り,59400,税込
2501-029,2025-01-23,1039,高橋,袖看板,600,1200,1,台,,両面,,,,LED内照,新規,有,7.0,湖西市,改装に伴う,306800,税抜
2501-030,2025-01-24,1033,田中,カルプ文字,,800,12,文字,30,,,,塗装,,新規,有,4.0,浜松市中央区佐鳴台,要図面 改装に伴う,246000,税抜
2501-031,2025-01-24,1074,高橋,カルプ文字,,250,21,文字,30,,,,シート貼り,,修正,無,,,オープン前、電話番号変更、PDF送付済,89066,税抜
2501-032,2025-01-24,1050,田中,カルプ文字,,150,12,文字,30,,,,塗装,,支給,有,5.0,静岡市葵区,,108000,税抜
2501-033,2025-01-27,9999,佐藤,インクジェット出力,420,594,10,枚,,,合成紙,グロス,,,新規,有,1.8,浜松市中央区佐鳴台,引取り、電話にて依頼,38720,税込
2501-034,2025-01-27,1085,佐藤,インクジェット出力,600,1150,1,枚,,,塩ビ,なし,,,新規,無,,,ロゴデータAI支給,14000,税抜
2501-035,2025-01-28,1080,高橋,インクジェット出力,1150,1050,5,枚,,,ターポリン,なし,,,支給,無,,,電話番号変更、メールにて依頼,28700,税抜
2501-036,2025-01-28,1023,田中,アルミ複合板看板,1600,500,2,枚,3,片面,,グロス,,,支給,無,,,2案提出,21100,税抜
2501-037,2025-01-28,1012,高橋,インクジェット出力,250,500,73,枚,,,合成紙,なし,,,支給,無,,,校正2回まで,27200,税抜
2501-038,2025-01-28,9999,鈴木,アルミ複合板看板,900,900,1,枚,3,片面,,グロス,,,支給,有,4.5,浜松市浜名区引佐町,,73480,税込
2501-039,2025-01-28,1012,佐藤,インクジェット出力,594,841,15,枚,,,塩ビ,マット,,,支給,無,,,期間限定キャンペーン用、特急対応、FAXにて送付,33200,税抜
2501-040,2025-01-29,1089,佐藤,袖看板,450,900,1,台,,両面,,,,LED内照,修正,有,8.0,豊川市,週末施工希望,252700,税抜
2501-041,2025-01-29,9999,田中,インクジェット出力,594,841,5,枚,,,ターポリン,なし,,,支給,無,,浜松市中央区鍛冶町,現地調査希望,19690,税込
2501-042,2025-01-31,1074,高橋,カルプ文字,,200,8,文字,30,,,,シート貼り,,支給,有,3.5,浜松市中央区高塚町,前面道路狭い／2色／お急ぎとのこと／オープン前,50500,税抜
2501-043,2025-01-31,1077,高橋,アルミ複合板看板,450,600,1,枚,3,片面,,グロス,,,支給,無,,,オープン前,10600,税抜
2502-001,2025-02-03,9999,田中,アルミ複合板看板,450,950,1,枚,3,片面,,マット,,,支給,有,1.5,浜松市中央区鍛冶町,,27100,税抜
2502-002,2025-02-03,9999,佐藤,カルプ文字,,150,4,文字,20,,,,シート貼り,,新規,無,,,引取り,16500,税抜
2502-003,2025-02-03,1065,高橋,アルミ複合板看板,900,1750,19,枚,3,片面,,なし,,,新規,無,,,穴あけ,233800,税抜
2502-004,2025-02-04,1026,高橋,インクジェット出力,515,728,3,枚,,,ターポリン,なし,,,支給,無,,,移転に伴い、校正2回まで,7000,税抜
2502-005,2025-02-04,1092,田中,アルミ複合板看板,900,1800,1,枚,3,片面,,グロス,,,支給,無,,,,21400,税抜
2502-006,2025-02-04,9999,佐藤,インクジェット出力,841,1189,3,枚,,,透過フィルム,グロス,,,新規,有,1.0,袋井市,,58520,税込
2502-007,2025-02-04,9999,佐藤,インクジェット出力,1800,900,10,枚,,,合成紙,マット,,,支給,無,,,期間限定キャンペーン用、仮見積、社内確認中,59800,税抜
2502-008,2025-02-05,9999,高橋,アルミ複合板看板,1950,1650,9,枚,3,片面,,マット,,,支給,無,,,電話にて依頼、見積有効期限1ヶ月,403100,税抜
2502-009,2025-02-05,1092,田中,インクジェット出力,1200,1800,1,枚,,,合成紙,マット,,,支給,無,,,社内確認中、屋外用,9800,税抜
2502-010,2025-02-06,1091,鈴木,インクジェット出力,300,900,1,枚,,,透過フィルム,グロス,,,修正,有,2.4,浜松市中央区雄踏町,メールにて依頼、平日のみ施工可,39000,税抜
2502-011,2025-02-06,9999,佐藤,インクジェット出力,1750,1000,1,枚,,,塩ビ,なし,,,新規,無,,,引取り／ロゴデータAI支給,18590,税込
2502-012,2025-02-06,9999,鈴木,インクジェット出力,1750,200,10,枚,,,合成紙,なし,,,支給,無,,,FAXにて送付,11880,税込
2502-013,2025-02-07,9999,田中,カルプ文字,,350,4,文字,20,,,,塗装,,新規,有,3.5,磐田市,ロゴのみ,70400,税込
2502-014,2025-02-07,9999,高橋,インクジェット出力,1550,600,10,枚,,,ターポリン,なし,,,修正,無,,,,46420,税込
2502-015,2025-02-07,1025,佐藤,インクジェット出力,900,1800,4,枚,,,塩ビ,マット,,,支給,有,1.0,浜松市中央区鍛冶町,リピート、要図面、2案提出,42200,税抜
2502-016,2025-02-10,1007,高橋,アルミ複合板看板,2400,1200,3,枚,3,片面,,グロス,,,新規,有,3.0,浜松市中央区天王町,既存撤去（処分不要）、請求書は本社宛、見積有効期限1ヶ月、夜間（22時以降）,169400,税抜
2502-017,2025-02-10,1023,田中,カルプ文字,,350,9,文字,20,,,,シート貼り,,支給,有,2.0,袋井市,袋井店、お急ぎとのこと,65000,税抜
2502-018,2025-02-10,1005,佐藤,インクジェット出力,300,900,44,枚,,,塩ビ,グロス,,,支給,無,,,メールにて依頼、ご担当：店長様、データ入稿済,43800,税抜
2502-019,2025-02-10,1063,鈴木,インクジェット出力,1400,1300,16,枚,,,塩ビ,グロス,,,支給,無,,,配送希望、見積有効期限1ヶ月、屋外用,89900,税抜
2502-020,2025-02-12,1025,佐藤,アルミ複合板看板,650,1250,2,枚,3,片面,,グロス,,,新規,有,1.8,菊川市,駐車場あり／週末施工希望／仮見積,62700,税抜
2502-021,2025-02-12,1085,佐藤,袖看板,900,2400,1,台,,両面,,,,なし,新規,有,12.0,浜松市中央区鍛冶町,前面道路狭い／雨天順延,379000,税抜
2502-022,2025-02-12,1023,田中,インクジェット出力,900,3600,24,枚,,,塩ビ,グロス,,,支給,無,,,増刷,215000,税抜
2502-023,2025-02-12,1068,高橋,インクジェット出力,594,841,2,枚,,,塩ビ,マット,,,支給,無,,,概算,6000,税抜
2502-024,2025-02-12,1049,田中,アルミ複合板看板,3000,900,1,枚,3,片面,,グロス,,,支給,無,,,,45000,税抜
2502-025,2025-02-12,9999,鈴木,インクジェット出力,841,1189,6,枚,,,塩ビ,なし,,,新規,無,,,,29480,税込
2502-026,2025-02-13,9999,田中,アルミ複合板看板,1150,750,1,枚,3,片面,,なし,,,新規,無,,,データ入稿済 PDF送付済,24970,税込
2502-027,2025-02-13,9999,佐藤,アルミ複合板看板,1200,2400,1,枚,3,片面,,グロス,,,支給,無,,,校正2回まで、見積有効期限1ヶ月,28200,税抜
2502-028,2025-02-13,1033,田中,アルミ複合板看板,1000,2000,15,枚,3,片面,,グロス,,,支給,有,4.0,浜松市浜名区引佐町,駐車場あり／PDF送付済,436000,税抜
2502-029,2025-02-13,1064,佐藤,カルプ文字,,900,10,文字,10,,,,シート貼り,,支給,有,2.5,浜松市中央区鍛冶町,請求書は本社宛,135200,税抜
2502-030,2025-02-13,1051,鈴木,カルプ文字,,120,3,文字,50,,,,シート貼り,,新規,無,,,白フチあり,16800,税抜
2502-031,2025-02-14,1022,佐藤,アルミ複合板看板,3100,1650,1,枚,3,片面,,マット,,,支給,有,4.0,浜松市中央区舞阪町,増刷,107900,税抜
2502-032,2025-02-14,1064,佐藤,アルミ複合板看板,900,1800,2,枚,3,片面,,マット,,,支給,無,,,屋外用、背景：白,32700,税抜
2502-033,2025-02-14,1001,佐藤,インクジェット出力,841,1189,1,枚,,,塩ビ,なし,,,支給,無,,,前回データで,6000,税抜
2502-034,2025-02-17,1045,鈴木,アルミ複合板看板,600,600,1,枚,3,片面,,グロス,,,新規,無,,,概算、電話番号変更、改装に伴う,21600,税抜
2502-035,2025-02-17,1010,佐藤,インクジェット出力,1800,900,19,枚,,,塩ビ,マット,,,支給,無,,,概算,112300,税抜
2502-036,2025-02-17,9999,高橋,アルミ複合板看板,1600,350,1,枚,3,片面,,グロス,,,支給,無,,浜松市浜名区貴布祢,現地調査含む 穴あけ4箇所,26180,税込
2502-037,2025-02-17,1071,佐藤,インクジェット出力,841,1189,1,枚,,,塩ビ,マット,,,支給,無,,,ロゴデータAI支給、概算、データ入稿済,6000,税抜
2502-038,2025-02-18,9999,田中,カルプ文字,,200,6,文字,20,,,,シート貼り,,支給,有,3.0,浜松市浜名区貴布祢,要図面、校正2回まで,51700,税込
2502-039,2025-02-18,1085,佐藤,アルミ複合板看板,600,1550,17,枚,3,片面,,グロス,,,支給,有,3.0,浜松市中央区佐鳴台,配送希望、要現調、屋外用,281200,税抜
2502-040,2025-02-19,9999,高橋,インクジェット出力,1500,1500,2,枚,,,塩ビ,グロス,,,修正,有,3.0,浜松市中央区三方原町,ロゴデータAI支給／夜間作業／FAXにて送付,77330,税込
2502-041,2025-02-19,1085,佐藤,アルミ複合板看板,600,1550,17,枚,3,片面,,グロス,,,支給,有,3.0,浜松市中央区佐鳴台,配送希望、要現調、屋外用,281200,税抜
2502-006-2,2025-02-19,9999,佐藤,インクジェット出力,841,1189,3,枚,,,透過フィルム,グロス,,,新規,有,1.0,袋井市,再見積,52800,税込
2502-042,2025-02-19,1085,佐藤,アルミ複合板看板,1000,2000,4,枚,3,片面,,なし,,,支給,無,,,穴あけ,82800,税抜
2502-043,2025-02-20,9999,鈴木,カルプ文字,,350,10,文字,30,,,,シート貼り,,支給,有,2.0,浜松市中央区佐鳴台,校正2回まで、撤去処分込み,96700,税抜
2502-044,2025-02-20,1089,佐藤,インクジェット出力,900,1800,18,枚,,,ターポリン,なし,,,新規,無,,,ハトメなし,88300,税抜
2502-045,2025-02-20,1045,田中,カルプ文字,,350,19,文字,30,,,,塗装,,支給,有,2.5,浜松市中央区三方原町,増刷、引取り、FAXにて送付,145000,税抜
2502-046,2025-02-20,1041,佐藤,袖看板,1000,3000,1,台,,両面,,,,LED内照,支給,有,3.5,浜松市中央区佐鳴台,,451400,税抜
2502-047,2025-02-21,1067,佐藤,カルプ文字,,150,10,文字,20,,,,塗装,,支給,有,3.0,豊橋市,,64200,税抜
2502-048,2025-02-21,1077,高橋,カルプ文字,,250,8,文字,10,,,,シート貼り,,修正,有,3.0,浜松市浜名区貴布祢,屋内用,52600,税抜
2502-049,2025-02-21,1048,田中,インクジェット出力,594,841,16,枚,,,ターポリン,なし,,,支給,有,2.0,御前崎市,2案提出、現地調査含む、電話にて依頼、既存看板撤去,93000,税抜
2502-050,2025-02-25,1078,佐藤,アルミ複合板看板,1200,2400,5,枚,3,両面,,マット,,,支給,無,,,支払：月末締翌月末 概算 穴あけ4箇所 2色,185800,税抜
2502-051,2025-02-25,1022,佐藤,インクジェット出力,250,1400,1,枚,,,塩ビ,マット,,,支給,無,,,,6000,税抜
2502-052,2025-02-25,1077,田中,インクジェット出力,1050,1550,12,枚,,,塩ビ,なし,,,新規,無,,,,72000,税抜
2502-053,2025-02-25,1008,鈴木,インクジェット出力,700,1650,5,枚,,,透過フィルム,グロス,,,支給,無,,磐田市,現調あり,45400,税抜
2502-054,2025-02-25,1081,佐藤,袖看板,600,1200,2,台,,両面,,,,LED内照,新規,有,10.0,袋井市,,548900,税抜
2502-055,2025-02-25,1063,鈴木,アルミ複合板看板,200,900,5,枚,3,片面,,グロス,,,支給,無,,,ビス穴加工,19200,税抜
2502-056,2025-02-26,1077,高橋,インクジェット出力,420,594,4,枚,,,塩ビ,なし,,,支給,無,,,,6000,税抜
2502-057,2025-02-26,1009,佐藤,袖看板,600,1200,2,台,,両面,,,,LED内照,支給,有,5.0,浜松市中央区舞阪町,現場写真受領、至急でお願いします、駐車場あり,635600,税抜
2502-058,2025-02-26,1064,佐藤,インクジェット出力,600,400,1,枚,,,ターポリン,なし,,,修正,無,,,改装に伴う,9000,税抜
2502-059,2025-02-26,1046,佐藤,アルミ複合板看板,1850,1400,1,枚,3,片面,,グロス,,,支給,無,,,穴あけ、移転に伴い、前回同様、見積有効期限1ヶ月,43200,税抜
2502-060,2025-02-26,1038,佐藤,アルミ複合板看板,750,1800,1,枚,3,片面,,グロス,,,新規,有,1.8,浜松市中央区天王町,撤去処分込み／色校正あり,64000,税抜
2502-061,2025-02-27,1023,田中,アルミ複合板看板,600,1800,1,枚,3,両面,,マット,,,支給,有,1.8,浜松市中央区佐鳴台,見積有効期限1ヶ月、増刷、佐鳴台店,29900,税抜
2502-062,2025-02-27,1023,田中,アルミ複合板看板,1000,2000,15,枚,3,片面,,グロス,,,支給,有,2.0,浜松市中央区鍛冶町,仮見積、鍛冶店,374000,税抜
2502-063,2025-02-27,1004,佐藤,アルミ複合板看板,1900,600,1,枚,3,片面,,グロス,,,修正,無,,,メールにて依頼,30000,税抜
2502-064,2025-02-27,1012,佐藤,インクジェット出力,550,700,1,枚,,,ターポリン,なし,,,支給,無,,,ハトメなし／改装に伴う,6000,税抜
2502-065,2025-02-27,1041,佐藤,カルプ文字,,450,8,文字,10,,,,シート貼り,,支給,有,4.0,浜松市中央区鍛冶町,,64800,税抜
2502-066,2025-02-27,1041,鈴木,アルミ複合板看板,1800,900,3,枚,3,片面,,グロス,,,支給,有,3.5,浜松市中央区佐鳴台,穴あけ4箇所、ロゴデータAI支給,77200,税抜
2502-067,2025-02-27,9999,高橋,インクジェット出力,420,594,1,枚,,,合成紙,グロス,,,新規,無,,,屋外用,15400,税込
2502-068,2025-02-27,1078,佐藤,アルミ複合板看板,450,600,1,枚,3,片面,,グロス,,,支給,有,2.0,浜松市中央区高塚町,イベント用、撤去は別途、角R加工、引取り,26600,税抜
2502-069,2025-02-28,1042,佐藤,アルミ複合板看板,1200,2400,2,枚,3,片面,,グロス,,,支給,有,1.5,浜松市中央区三方原町,仮見積 既存看板撤去／処分 2案提出 ロゴデータAI支給,101000,税抜
2502-070,2025-02-28,1045,高橋,アルミ複合板看板,1200,600,1,枚,3,片面,,なし,,,支給,有,1.8,浜松市中央区雄踏町,穴あけ、ご担当：店長様,32700,税抜
2502-071,2025-02-28,1005,佐藤,インクジェット出力,1250,1800,35,枚,,,ターポリン,なし,,,支給,無,,,2案提出／見積有効期限1ヶ月,190800,税抜
2503-001,2025-03-03,1084,田中,インクジェット出力,1030,1456,50,枚,,,ターポリン,なし,,,支給,無,,,テナント看板、リピート,226000,税抜
2503-002,2025-03-03,1096,佐藤,袖看板,600,1200,2,台,,両面,,,,LED内照,支給,有,9.0,豊橋市,前回同様／要現調,517900,税抜
2503-003,2025-03-04,1056,高橋,インクジェット出力,750,1400,1,枚,,,塩ビ,マット,,,支給,無,,,,6400,税抜
2503-004,2025-03-05,9999,田中,カルプ文字,,450,6,文字,50,,,,塗装,,支給,有,4.0,浜松市中央区雄踏町,至急でお願いします,141900,税込
2503-005,2025-03-05,1023,田中,アルミ複合板看板,1800,900,2,枚,3,片面,,グロス,,,新規,有,4.0,湖西市,撤去処分込み,93000,税抜
2503-006,2025-03-05,1045,高橋,インクジェット出力,1800,900,2,枚,,,塩ビ,なし,,,新規,無,,,,19500,税抜
2503-007,2025-03-06,1080,高橋,アルミ複合板看板,1150,1250,4,枚,3,片面,,マット,,,支給,無,,,新店舗,78200,税抜
2503-008,2025-03-06,1047,田中,アルミ複合板看板,450,600,12,枚,3,片面,,マット,,,修正,無,,,背景：白、電話番号変更、FAXにて送付,41000,税抜
2503-009,2025-03-07,1026,高橋,インクジェット出力,841,1189,3,枚,,,合成紙,マット,,,新規,無,,,イベント用、期間限定キャンペーン用、データ入稿済,20200,税抜
2503-010,2025-03-07,9999,佐藤,アルミ複合板看板,600,1800,4,枚,3,片面,,グロス,,,新規,有,2.0,豊橋市,電話番号変更,96300,税抜
2503-011,2025-03-07,1054,佐藤,アルミ複合板看板,1900,1550,1,枚,3,片面,,グロス,,,新規,無,,,電話にて依頼,56700,税抜
2503-012,2025-03-07,1019,田中,インクジェット出力,1370,5000,1,枚,,,透過フィルム,なし,,,支給,無,,,リピート,46000,税抜
2503-013,2025-03-07,1046,佐藤,袖看板,500,1500,1,台,,両面,,,,LED内照,新規,有,3.5,浜松市中央区鍛冶町,,316800,税抜
2503-014,2025-03-07,1069,鈴木,カルプ文字,,600,11,文字,20,,,,塗装,,支給,有,2.0,浜松市中央区佐鳴台,前回同様,127800,税抜
2503-015,2025-03-08,1066,田中,インクジェット出力,728,1030,75,枚,,,塩ビ,なし,,,新規,無,,,屋外用、支払：月末締翌月末、期間限定キャンペーン用、【特急】,185000,税抜
2503-016,2025-03-08,1036,田中,インクジェット出力,420,594,48,枚,,,透過フィルム,なし,,,支給,無,,,店名変更,49000,税抜
2503-017,2025-03-10,1092,田中,インクジェット出力,1200,1800,11,枚,,,ターポリン,なし,,,修正,無,,,急ぎではない,83000,税抜
2503-018,2025-03-10,1046,佐藤,インクジェット出力,900,700,86,枚,,,透過フィルム,なし,,,支給,無,,,2案提出 前回データで,202200,税抜
2503-019,2025-03-10,9999,鈴木,インクジェット出力,1600,1350,1,枚,,,透過フィルム,グロス,,,新規,有,1.8,磐田市,支払：月末締翌月末,58960,税込
2503-020,2025-03-11,9999,佐藤,インクジェット出力,1050,550,1,枚,,,塩ビ,グロス,,,支給,有,3.5,浜松市浜名区貴布祢,PDF送付済、FAXにて送付,36000,税抜
2503-021,2025-03-11,1065,高橋,袖看板,600,1800,1,台,,両面,,,,なし,支給,有,8.0,浜松市天竜区二俣町,,251500,税抜
2503-022,2025-03-11,1047,田中,カルプ文字,,100,8,文字,10,,,,塗装,,支給,無,,,屋外用／特急対応／移転に伴い,16100,税抜
2503-023,2025-03-11,1045,高橋,アルミ複合板看板,900,900,1,枚,3,片面,,マット,,,支給,無,,,,13800,税抜
2503-024,2025-03-11,1063,鈴木,インクジェット出力,650,350,52,枚,,,塩ビ,グロス,,,支給,無,,,ご担当：店長様,51500,税抜
2503-025,2025-03-12,1010,佐藤,カルプ文字,,500,9,文字,10,,,,シート貼り,,修正,無,,,,49900,税抜
2503-026,2025-03-12,1063,田中,インクジェット出力,1200,1750,38,枚,,,合成紙,マット,,,支給,無,,,移転に伴い,205000,税抜
2503-027,2025-03-12,1023,田中,アルミ複合板看板,750,1100,5,枚,3,片面,,なし,,,支給,有,2.0,菊川市,テナント看板、菊川店,80000,税抜
2503-028,2025-03-12,9999,高橋,アルミ複合板看板,300,450,1,枚,3,片面,,グロス,,,新規,有,1.8,浜松市中央区佐鳴台,移転に伴い、既存撤去・産廃処分、駐車場あり、校正2回まで,65120,税込
2503-029,2025-03-12,1045,高橋,アルミ複合板看板,900,900,1,枚,3,片面,,マット,,,支給,無,,,,13800,税抜
2503-030,2025-03-12,1023,田中,袖看板,400,800,1,台,,両面,,,,LED内照,支給,有,9.0,浜松市中央区鍛冶町,週末施工希望,185000,税抜
2503-031,2025-03-12,1074,高橋,袖看板,450,900,1,台,,両面,,,,なし,修正,有,5.0,浜松市浜名区細江町,既存看板撤去・処分、現地調査希望,210000,税抜
2503-032,2025-03-13,9999,鈴木,アルミ複合板看板,450,600,10,枚,3,片面,,グロス,,,新規,無,,,仮見積,58300,税込
2503-033,2025-03-13,9999,佐藤,インクジェット出力,1150,750,10,枚,,,塩ビ,なし,,,新規,無,,浜松市中央区三方原町,現地調査希望／PDF送付済,41200,税抜
2503-034,2025-03-13,1006,佐藤,アルミ複合板看板,300,450,3,枚,3,片面,,マット,,,支給,無,,,2案提出,16800,税抜
2503-035,2025-03-13,1041,佐藤,カルプ文字,,300,9,文字,30,,,,シート貼り,,支給,有,4.0,周智郡森町,現地調査希望,78200,税抜
2503-036,2025-03-14,1063,鈴木,インクジェット出力,515,728,6,枚,,,塩ビ,グロス,,,支給,無,,,,9200,税抜
2503-037,2025-03-14,1074,鈴木,アルミ複合板看板,600,900,2,枚,3,両面,,マット,,,支給,有,1.5,湖西市,校正2回まで／ロゴデータAI支給／支払：月末締翌月末／穴あけ,37500,税抜
2503-038,2025-03-14,1077,高橋,インクジェット出力,900,1800,1,枚,,,塩ビ,グロス,,,新規,無,,,支払：月末締翌月末,16300,税抜
2503-039,2025-03-14,1008,鈴木,アルミ複合板看板,1800,900,5,枚,3,両面,,マット,,,修正,有,2.5,浜松市中央区天王町,雨天順延、特急,188800,税抜
2503-040,2025-03-14,1024,高橋,アルミ複合板看板,1200,2400,1,枚,3,片面,,マット,,,新規,無,,,,38200,税抜
2503-041,2025-03-15,1023,田中,インクジェット出力,420,594,1,枚,,,合成紙,マット,,,支給,有,1.8,浜松市中央区天王町,至急対応希望 新店舗,24000,税抜
2503-042,2025-03-15,1031,田中,アルミ複合板看板,900,1800,1,枚,3,両面,,マット,,,新規,有,1.8,名古屋市中区,電話番号変更,76000,税抜
2503-043,2025-03-17,1021,田中,アルミ複合板看板,1200,600,1,枚,3,片面,,グロス,,,修正,有,2.5,浜松市浜名区細江町,引取り、仮見積,46000,税抜
2503-044,2025-03-17,1012,佐藤,インクジェット出力,1800,900,49,枚,,,ターポリン,なし,,,支給,無,,,特急（3営業日）、電話にて依頼、2色、ハトメなし,209900,税抜
2503-045,2025-03-17,1073,佐藤,アルミ複合板看板,650,400,1,枚,3,片面,,グロス,,,修正,無,,,,13600,税抜
2503-046,2025-03-17,9999,佐藤,袖看板,450,900,2,台,,両面,,,,LED内照,支給,無,,,紹介案件,290000,税抜
2503-047,2025-03-18,1073,鈴木,インクジェット出力,1200,1650,19,枚,,,合成紙,マット,,,支給,無,,,急ぎではない,130500,税抜
2503-048,2025-03-18,1074,高橋,インクジェット出力,300,900,1,枚,,,ターポリン,なし,,,新規,無,,,色校正あり 請求書は本社宛 ロゴのみ,14000,税抜
2503-049,2025-03-19,1014,高橋,袖看板,450,1200,1,台,,両面,,,,なし,支給,有,5.0,浜松市浜名区細江町,2色、背景：白、午前中施工希望,215000,税抜
2503-050,2025-03-19,1012,佐藤,インクジェット出力,450,1200,4,枚,,,合成紙,なし,,,支給,無,,湖西市,FAXにて送付／現地調査含む,17000,税抜
2503-051,2025-03-19,1075,田中,カルプ文字,,200,8,文字,30,,,,塗装,,支給,有,3.5,浜松市中央区雄踏町,屋外用,63000,税抜
2503-052,2025-03-19,1005,鈴木,インクジェット出力,450,1200,108,枚,,,透過フィルム,グロス,,,支給,無,,,メールにて依頼 前回データで 期間限定キャンペーン用,223900,税抜
2503-053,2025-03-19,1007,高橋,インクジェット出力,300,900,4,枚,,,塩ビ,マット,,,新規,無,,,電話番号変更／白フチあり,14400,税抜
2503-054,2025-03-21,1064,佐藤,インクジェット出力,500,350,20,枚,,,ターポリン,なし,,,支給,無,,,紹介案件、前回データで、配送希望,16800,税抜
2503-055,2025-03-21,1023,田中,アルミ複合板看板,2400,1500,1,枚,3,片面,,グロス,,,修正,有,1.5,浜松市中央区雄踏町,イベント用、雄踏店、現地調査不要（写真あり）,68000,税抜
2503-056,2025-03-21,9999,鈴木,アルミ複合板看板,2400,1200,1,枚,3,片面,,マット,,,修正,無,,,,31200,税抜
2503-057,2025-03-22,1012,田中,インクジェット出力,841,1189,1,枚,,,ターポリン,マット,,,支給,無,,,ロゴデータAI支給、屋外用,6000,税抜
2503-058,2025-03-24,1021,田中,インクジェット出力,420,594,1,枚,,,塩ビ,マット,,,支給,無,,,電話にて依頼、2色,6000,税抜
2503-059,2025-03-24,1026,高橋,袖看板,600,1200,1,台,,両面,,,,LED内照,支給,無,,,新店舗,186800,税抜
2503-060,2025-03-25,1042,佐藤,カルプ文字,,100,10,文字,20,,,,シート貼り,,新規,有,3.0,豊橋市,要図面,58600,税抜
2503-061,2025-03-25,9999,田中,インクジェット出力,1000,1200,1,枚,,,塩ビ,グロス,,,新規,無,,,テナント看板,18150,税込
2503-062,2025-03-25,1014,高橋,カルプ文字,,150,6,文字,10,,,,シート貼り,,修正,有,4.0,御前崎市,前面道路狭い 仮見積 店名変更,60400,税抜
2503-063,2025-03-25,9999,高橋,インクジェット出力,900,1800,5,枚,,,塩ビ,マット,,,修正,無,,,仮見積 ご担当：店長様,42900,税込
2503-064,2025-03-26,1020,高橋,インクジェット出力,900,1800,5,枚,,,塩ビ,グロス,,,支給,無,,,新店舗,34200,税抜
2503-065,2025-03-26,1063,鈴木,インクジェット出力,1000,1300,27,枚,,,ターポリン,なし,,,支給,無,,,納期急ぎません,118400,税抜
2503-015-2,2025-03-26,1066,田中,インクジェット出力,728,1030,75,枚,,,塩ビ,なし,,,新規,無,,,屋外用、支払：月末締翌月末、期間限定キャンペーン用、【特急】、再見積,169000,税抜
2503-066,2025-03-26,9999,高橋,袖看板,900,2400,1,台,,両面,,,,なし,新規,有,10.0,浜松市中央区佐鳴台,テナント看板、夜間作業,441650,税込
2503-067,2025-03-27,9999,高橋,インクジェット出力,1200,1800,1,枚,,,塩ビ,グロス,,,新規,無,,,新店舗／至急対応希望,25740,税込
2503-068,2025-03-27,1071,佐藤,インクジェット出力,900,1800,49,枚,,,塩ビ,グロス,,,支給,無,,,前回同様 改装に伴う 電話番号変更,213200,税抜
2503-069,2025-03-27,1023,田中,インクジェット出力,594,841,1,枚,,,塩ビ,マット,,,支給,無,,,,6000,税抜
2503-070,2025-03-27,1063,高橋,アルミ複合板看板,650,1850,1,枚,3,両面,,マット,,,支給,無,,浜松市中央区鍛冶町,ご担当：店長様 現地調査希望,27500,税抜
2503-071,2025-03-27,1033,佐藤,インクジェット出力,900,3600,1,枚,,,塩ビ,グロス,,,修正,無,,,,18200,税抜
2503-072,2025-03-28,1079,佐藤,アルミ複合板看板,600,1800,5,枚,3,片面,,マット,,,修正,有,2.5,磐田市,屋外用,105300,税抜
2503-073,2025-03-28,9999,高橋,袖看板,600,1200,2,台,,両面,,,,LED内照,新規,有,3.5,浜松市浜名区細江町,撤去は別途,515600,税抜
2503-074,2025-03-28,1071,佐藤,アルミ複合板看板,600,900,1,枚,3,片面,,マット,,,支給,無,,,請求書は本社宛,240000,税抜
2503-075,2025-03-28,1048,高橋,アルミ複合板看板,1800,900,1,枚,3,片面,,グロス,,,新規,有,1.8,磐田市,午前中施工希望、現調あり,53300,税抜
2503-076,2025-03-28,9999,鈴木,アルミ複合板看板,910,1820,1,枚,3,片面,,なし,,,支給,有,1.8,浜松市浜名区貴布祢,管理会社承認待ち／FAXにて送付,35300,税抜
2503-077,2025-03-28,1056,高橋,インクジェット出力,594,841,1,枚,,,塩ビ,グロス,,,新規,有,1.8,浜松市中央区天王町,,29000,税抜
2503-078,2025-03-29,9999,田中,袖看板,700,1800,2,台,,両面,,,,LED内照,支給,有,7.0,浜松市中央区鍛冶町,ロゴデータAI支給、平日のみ施工可、ご担当：店長様,734800,税込
2503-079,2025-03-31,1068,高橋,インクジェット出力,420,594,4,枚,,,合成紙,なし,,,支給,無,,,屋内用、イベント用、概算,6000,税抜
2503-080,2025-03-31,9999,鈴木,インクジェット出力,1750,250,5,枚,,,塩ビ,グロス,,,新規,無,,,概算,22000,税込
2503-081,2025-03-31,1023,田中,袖看板,700,1800,1,台,,両面,,,,LED内照,支給,無,,,前回データで、屋外用,222000,税抜
2503-082,2025-03-31,9999,佐藤,インクジェット出力,515,728,1,枚,,,ターポリン,なし,,,支給,無,,,背景：白,6600,税込
2503-083,2025-03-31,1036,佐藤,アルミ複合板看板,450,900,2,枚,3,片面,,グロス,,,支給,無,,,,12600,税抜
2503-084,2025-03-31,1041,佐藤,カルプ文字,,400,6,文字,20,,,,シート貼り,,新規,有,3.0,菊川市,,70900,税抜
2504-001,2025-04-01,1095,高橋,アルミ複合板看板,600,900,1,枚,3,片面,,グロス,,,新規,無,,,角丸、社内確認中,22900,税抜
2504-002,2025-04-01,1025,佐藤,アルミ複合板看板,700,1250,4,枚,3,片面,,マット,,,新規,有,2.0,静岡市駿河区,既存撤去あり／納期急ぎません／社内確認中,130500,税抜
2504-003,2025-04-01,9999,佐藤,インクジェット出力,250,1350,1,枚,,,塩ビ,グロス,,,新規,有,2.4,浜松市中央区佐鳴台,新店舗、社内確認中、オープン前,39000,税抜
2504-004,2025-04-01,1079,高橋,インクジェット出力,1800,900,11,枚,,,ターポリン,なし,,,新規,有,2.0,磐田市,現地調査含む,117500,税抜
2504-005,2025-04-01,1058,鈴木,インクジェット出力,600,1800,3,枚,,,塩ビ,マット,,,修正,無,,,,15100,税抜
2504-006,2025-04-02,1022,佐藤,アルミ複合板看板,450,900,1,枚,3,片面,,マット,,,新規,無,,,特急、フルカラー,24900,税抜
2504-007,2025-04-02,1047,田中,アルミ複合板看板,1500,1800,4,枚,3,片面,,グロス,,,支給,無,,,,136000,税抜
2504-008,2025-04-02,1091,高橋,カルプ文字,,150,13,文字,20,,,,シート貼り,,修正,有,3.0,袋井市,搬入経路要確認、なるべく急ぎで、フルカラー,66200,税抜
2504-009,2025-04-02,1041,佐藤,インクジェット出力,1000,3000,9,枚,,,ターポリン,なし,,,支給,無,,,,99400,税抜
2504-010,2025-04-03,1077,高橋,カルプ文字,,300,18,文字,10,,,,シート貼り,,支給,有,4.5,浜松市浜名区引佐町,駐車場あり,99300,税抜
2504-011,2025-04-03,1056,高橋,アルミ複合板看板,1000,650,7,枚,3,両面,,マット,,,支給,無,,,背景：白,100400,税抜
2504-012,2025-04-03,1009,佐藤,インクジェット出力,800,1800,2,枚,,,塩ビ,なし,,,新規,無,,,背景：白,18400,税抜
2504-013,2025-04-03,9999,佐藤,アルミ複合板看板,600,1800,1,枚,3,片面,,グロス,,,支給,有,3.0,浜松市中央区雄踏町,ご担当：店長様,44700,税抜
2504-014,2025-04-03,1048,田中,アルミ複合板看板,1800,900,1,枚,3,両面,,なし,,,支給,有,1.5,湖西市,ビス穴加工、紹介案件、電話にて依頼,41000,税抜
2504-015,2025-04-04,1081,田中,カルプ文字,,200,12,文字,30,,,,塗装,,支給,有,3.0,浜松市中央区鍛冶町,,70000,税抜
2504-016,2025-04-04,1023,田中,インクジェット出力,1800,900,1,枚,,,合成紙,なし,,,支給,有,1.5,静岡市葵区,,43000,税抜
2504-017,2025-04-04,1067,佐藤,アルミ複合板看板,850,1250,1,枚,3,片面,,グロス,,,支給,有,2.5,周智郡森町,既存撤去・産廃処分、見積有効期限1ヶ月,74700,税抜
2504-018,2025-04-04,9999,佐藤,アルミ複合板看板,1800,900,2,枚,3,片面,,マット,,,支給,無,,,穴あけ、電話番号変更、概算,36630,税込
2504-019,2025-04-07,1011,佐藤,アルミ複合板看板,1450,1800,4,枚,3,片面,,なし,,,修正,有,1.8,浜松市中央区天王町,穴あけ4箇所,206000,税抜
2504-020,2025-04-07,1042,佐藤,インクジェット出力,900,1300,1,枚,,,透過フィルム,なし,,,修正,無,,,,9600,税抜
2504-021,2025-04-07,1091,高橋,カルプ文字,,120,16,文字,30,,,,シート貼り,,修正,有,3.5,掛川市,,77100,税抜
2504-022,2025-04-07,1067,佐藤,袖看板,500,1500,1,台,,両面,,,,LED内照,支給,有,7.0,岡崎市,電話にて依頼／撤去処分込み,367800,税抜
2504-023,2025-04-08,1092,田中,インクジェット出力,594,841,15,枚,,,塩ビ,グロス,,,新規,無,,,白フチあり 改装に伴う,38000,税抜
2504-024,2025-04-09,9999,鈴木,アルミ複合板看板,500,1700,4,枚,3,両面,,グロス,,,修正,有,4.0,磐田市,,111210,税込
2504-025,2025-04-09,1095,高橋,カルプ文字,,300,15,文字,30,,,,シート貼り,,新規,有,3.0,袋井市,ご担当：店長様,105900,税抜
2504-026,2025-04-09,1012,佐藤,インクジェット出力,300,900,3,枚,,,合成紙,なし,,,支給,無,,,特急（3営業日）、新店舗、テナント看板,9000,税抜
2504-027,2025-04-09,1078,佐藤,カルプ文字,,120,5,文字,20,,,,シート貼り,,新規,無,,,,18200,税抜
2504-028,2025-04-10,9999,高橋,インクジェット出力,515,728,4,枚,,,塩ビ,マット,,,修正,無,,,移転に伴い,12540,税込
2504-029,2025-04-10,1067,佐藤,アルミ複合板看板,1600,1850,10,枚,3,片面,,マット,,,修正,無,,,FAXにて送付、ビス穴加工,428600,税抜
2504-030,2025-04-11,1074,高橋,インクジェット出力,1700,950,49,枚,,,塩ビ,マット,,,新規,無,,,テナント看板、2色,375100,税抜
2504-031,2025-04-11,1031,佐藤,カルプ文字,,700,8,文字,20,,,,塗装,,支給,無,,,,98200,税抜
2504-032,2025-04-11,1065,田中,インクジェット出力,900,1800,11,枚,,,合成紙,マット,,,新規,無,,,支払：月末締翌月末,70000,税抜
2504-033,2025-04-14,1022,佐藤,インクジェット出力,841,1189,1,枚,,,塩ビ,マット,,,支給,無,,,,6000,税抜
2504-034,2025-04-14,1096,佐藤,アルミ複合板看板,1500,900,11,枚,3,片面,,マット,,,修正,有,2.5,浜松市浜名区引佐町,既存撤去（処分不要）、角丸、仮見積,233000,税抜
2504-035,2025-04-14,1009,佐藤,アルミ複合板看板,1500,900,2,枚,3,片面,,グロス,,,支給,無,,,リピート,28100,税抜
2504-036,2025-04-14,1065,高橋,アルミ複合板看板,1500,1600,1,枚,3,片面,,グロス,,,新規,無,,,支払：月末締翌月末,51800,税抜
2504-037,2025-04-14,1071,佐藤,インクジェット出力,841,1189,62,枚,,,合成紙,マット,,,支給,無,,,屋内用／白フチあり,136500,税抜
2504-038,2025-04-15,9999,鈴木,アルミ複合板看板,1200,2400,1,枚,3,片面,,なし,,,支給,有,3.5,浜松市中央区鍛冶町,穴あけ4箇所 既存撤去あり,69200,税抜
2504-039,2025-04-15,1074,高橋,アルミ複合板看板,300,450,2,枚,3,両面,,マット,,,支給,有,3.5,豊橋市,配送希望／屋内用／既存撤去あり／平日のみ施工可,71600,税抜
2504-040,2025-04-15,9999,佐藤,インクジェット出力,300,900,4,枚,,,塩ビ,マット,,,新規,無,,,メールにて依頼／紹介案件,14800,税抜
2504-041,2025-04-15,9999,佐藤,アルミ複合板看板,800,1550,1,枚,3,両面,,なし,,,修正,無,,,オープン前 メールにて依頼 紹介案件,21200,税抜
2504-042,2025-04-15,1009,佐藤,アルミ複合板看板,300,450,39,枚,3,片面,,なし,,,支給,無,,,2色 増刷,117700,税抜
2504-043,2025-04-15,9999,高橋,アルミ複合板看板,900,900,1,枚,3,片面,,グロス,,,支給,有,5.0,浜松市中央区天王町,ロゴのみ,67980,税込
2504-044,2025-04-16,1015,佐藤,インクジェット出力,1800,900,1,枚,,,塩ビ,グロス,,,新規,無,,,メールにて依頼 背景：白,16800,税抜
2504-045,2025-04-16,9999,鈴木,インクジェット出力,841,1189,4,枚,,,塩ビ,なし,,,新規,無,,,,23320,税込
2504-046,2025-04-16,1063,鈴木,アルミ複合板看板,450,600,2,枚,3,片面,,グロス,,,修正,無,,,,14200,税抜
2504-047,2025-04-16,1091,高橋,インクジェット出力,1550,1050,1,枚,,,ターポリン,マット,,,修正,有,2.0,磐田市,配送希望／既存撤去・産廃処分,58000,税抜
2504-048,2025-04-16,1023,田中,アルミ複合板看板,1250,1750,1,枚,3,片面,,グロス,,,支給,有,4.5,豊川市,請求書は本社宛,96000,税抜
2504-049,2025-04-16,9999,高橋,カルプ文字,,800,10,文字,30,,,,シート貼り,,新規,有,2.5,湖西市,白フチあり,170300,税抜
2504-050,2025-04-17,1065,高橋,カルプ文字,,500,12,文字,50,,,,塗装,,支給,有,4.5,磐田市,,194800,税抜
2504-051,2025-04-18,1045,高橋,インクジェット出力,250,1050,92,枚,,,塩ビ,マット,,,支給,有,1.5,湖西市,電話番号変更 なるべく急ぎで,154700,税抜
2504-052,2025-04-18,1068,高橋,インクジェット出力,1100,750,13,枚,,,塩ビ,なし,,,新規,無,,,,42700,税抜
2504-053,2025-04-18,1092,田中,アルミ複合板看板,400,1600,5,枚,3,片面,,グロス,,,新規,有,3.5,浜松市中央区鍛冶町,穴あけ4箇所、期間限定キャンペーン用、夜間施工、現地調査含む,95000,税抜
2504-054,2025-04-18,1068,高橋,アルミ複合板看板,450,600,2,枚,3,片面,,グロス,,,支給,無,,,白フチあり,14000,税抜
2504-055,2025-04-18,9999,佐藤,袖看板,600,1200,1,台,,両面,,,,LED内照,支給,有,3.0,浜松市中央区鍛冶町,配送希望 要図面 撤去処分込み,315480,税込
2504-056,2025-04-21,1091,高橋,インクジェット出力,420,594,3,枚,,,塩ビ,マット,,,支給,有,2.0,周智郡森町,既存看板撤去／処分,56000,税抜
2504-057,2025-04-21,1012,鈴木,アルミ複合板看板,1200,2400,1,枚,3,片面,,マット,,,支給,無,,,,22600,税抜
2504-058,2025-04-21,9999,高橋,インクジェット出力,1000,500,5,枚,,,合成紙,マット,,,修正,無,,,,13500,税抜
2504-059,2025-04-21,9999,佐藤,袖看板,600,1200,1,台,,両面,,,,なし,新規,有,10.0,湖西市,支払：月末締翌月末、データ入稿済,252000,税抜
2504-060,2025-04-21,1071,佐藤,インクジェット出力,1200,1800,17,枚,,,ターポリン,なし,,,支給,無,,,屋内用 店名変更 フルカラー,103500,税抜
2504-061,2025-04-22,1085,佐藤,袖看板,600,1800,1,台,,両面,,,,なし,新規,有,8.0,浜松市中央区鍛冶町,移転に伴い,263000,税抜
2504-062,2025-04-22,9999,佐藤,カルプ文字,,300,6,文字,30,,,,シート貼り,,新規,無,,,オープン前 支払：月末締翌月末,36520,税込
2504-063,2025-04-22,1015,佐藤,インクジェット出力,900,1800,2,枚,,,塩ビ,マット,,,新規,有,2.4,御前崎市,移転に伴い／雨天順延／見積有効期限1ヶ月,68600,税抜
2504-064,2025-04-22,9999,高橋,インクジェット出力,600,1800,1,枚,,,ターポリン,なし,,,新規,無,,,,15400,税込
2504-065,2025-04-22,1092,田中,アルミ複合板看板,350,500,1,枚,3,片面,,グロス,,,新規,有,1.8,袋井市,既存撤去・産廃処分,70000,税抜
2504-066,2025-04-23,1041,佐藤,アルミ複合板看板,910,1820,2,枚,3,片面,,なし,,,修正,有,3.0,浜松市中央区天王町,既存看板撤去／処分、穴あけ4箇所,80200,税抜
2504-067,2025-04-23,1022,佐藤,カルプ文字,,300,7,文字,20,,,,塗装,,新規,無,,,,38900,税抜
2504-068,2025-04-23,9999,高橋,袖看板,600,1200,1,台,,両面,,,,LED内照,支給,有,10.0,浜松市浜名区引佐町,週末施工希望、閉店後夜間施工,369930,税込
2504-069,2025-04-23,1072,田中,袖看板,600,1200,2,台,,両面,,,,LED内照,支給,有,3.0,浜松市浜名区貴布祢,既存撤去・産廃処分／白フチあり,518000,税抜
2504-070,2025-04-23,1090,佐藤,アルミ複合板看板,950,700,20,枚,3,片面,,マット,,,新規,無,,,穴あけ4箇所,231400,税抜
2504-071,2025-04-23,9999,高橋,インクジェット出力,841,1189,10,枚,,,塩ビ,マット,,,修正,無,,,,49500,税込
2504-072,2025-04-23,1092,佐藤,カルプ文字,,150,4,文字,20,,,,シート貼り,,支給,無,,,前回データで、仮見積,6600,税抜
2504-073,2025-04-23,1074,高橋,カルプ文字,,200,8,文字,10,,,,シート貼り,,新規,有,3.0,浜松市中央区鍛冶町,至急,55900,税抜
2504-074,2025-04-23,1047,田中,アルミ複合板看板,600,900,1,枚,3,両面,,なし,,,支給,無,,,,10900,税抜
2504-075,2025-04-24,1023,田中,インクジェット出力,841,1189,1,枚,,,塩ビ,マット,,,支給,有,1.5,浜松市浜名区貴布祢,現地調査含む,32000,税抜
2504-076,2025-04-24,9999,佐藤,カルプ文字,,400,10,文字,10,,,,シート貼り,,修正,無,,,,50160,税込
2504-077,2025-04-24,1022,佐藤,カルプ文字,,100,3,文字,30,,,,塗装,,支給,無,,,特急,12300,税抜
2504-078,2025-04-24,1039,高橋,アルミ複合板看板,1450,400,1,枚,3,片面,,グロス,,,新規,有,2.0,浜松市浜名区細江町,撤去処分込み 四隅R,65900,税抜
2504-079,2025-04-25,1050,鈴木,カルプ文字,,200,13,文字,20,,,,シート貼り,,新規,有,6.0,浜松市中央区鍛冶町,,87400,税抜
2504-080,2025-04-28,1050,鈴木,インクジェット出力,300,1450,10,枚,,,塩ビ,グロス,,,新規,有,1.0,浜松市中央区天王町,,45000,税抜
2504-081,2025-04-28,1057,高橋,カルプ文字,,200,10,文字,20,,,,シート貼り,,支給,有,3.0,浜松市浜名区細江町,現場写真受領,56500,税抜
2504-082,2025-04-28,1038,田中,アルミ複合板看板,3400,1150,1,枚,3,片面,,グロス,,,新規,有,4.5,浜松市中央区鍛冶町,なるべく急ぎで、角R加工、要現調、概算,120000,税抜
2504-083,2025-04-28,1041,佐藤,カルプ文字,,600,4,文字,10,,,,塗装,,修正,有,3.5,菊川市,支払：月末締翌月末,74500,税抜
2504-084,2025-04-28,9999,田中,インクジェット出力,900,3600,5,枚,,,塩ビ,グロス,,,新規,有,1.5,浜松市中央区鍛冶町,現地調査不要（写真あり）、既存看板撤去／処分,131000,税抜
2504-085,2025-04-28,9999,佐藤,アルミ複合板看板,1450,1250,1,枚,3,片面,,グロス,,,修正,有,4.5,浜松市浜名区貴布祢,既存看板撤去／処分,132880,税込
2504-086,2025-04-30,1048,田中,アルミ複合板看板,910,1820,1,枚,3,片面,,マット,,,修正,有,6.0,藤枝市,オープン前、午前中施工希望,88000,税抜
2504-087,2025-04-30,1038,田中,カルプ文字,,400,6,文字,30,,,,シート貼り,,支給,有,3.5,浜松市浜名区細江町,ご担当：店長様、フルカラー,66000,税抜
2504-088,2025-04-30,1038,田中,アルミ複合板看板,600,1800,1,枚,3,片面,,グロス,,,修正,有,3.0,浜松市天竜区二俣町,雨天順延、移転に伴い、屋内用,54000,税抜
2504-089,2025-04-30,1026,高橋,アルミ複合板看板,1820,3640,1,枚,3,片面,,グロス,,,新規,有,5.0,浜松市中央区天王町,背景：白,153400,税抜
2504-090,2025-04-30,1082,佐藤,アルミ複合板看板,450,600,1,枚,3,片面,,グロス,,,修正,有,2.0,浜松市中央区高塚町,既存看板撤去／処分、週末施工希望,52200,税抜
2504-091,2025-04-30,9999,鈴木,インクジェット出力,500,550,4,枚,,,塩ビ,マット,,,支給,無,,,,6800,税抜
2505-001,2025-05-01,1096,佐藤,アルミ複合板看板,900,900,2,枚,3,両面,,グロス,,,修正,有,1.8,磐田市,支払：月末締翌月末,48800,税抜
2505-002,2025-05-01,1023,田中,アルミ複合板看板,1000,2000,1,枚,3,両面,,マット,,,支給,有,4.5,浜松市中央区鍛冶町,既存撤去あり／鍛冶店,94000,税抜
2505-003,2025-05-01,1063,鈴木,インクジェット出力,550,450,15,枚,,,ターポリン,なし,,,支給,無,,,,16700,税抜
2505-004,2025-05-02,1078,佐藤,アルミ複合板看板,600,900,5,枚,3,片面,,なし,,,支給,無,,,屋外用,31900,税抜
2505-005,2025-05-02,9999,佐藤,インクジェット出力,900,1800,1,枚,,,合成紙,なし,,,新規,無,,,フルカラー,14000,税抜
2505-006,2025-05-02,1068,鈴木,インクジェット出力,1000,3000,5,枚,,,塩ビ,グロス,,,新規,無,,浜松市中央区鍛冶町,現地調査含む,89900,税抜
2505-007,2025-05-02,9999,鈴木,アルミ複合板看板,650,1600,10,枚,3,両面,,なし,,,新規,有,3.5,磐田市,FAXにて送付／新店舗／角R加工／屋外用,237270,税込
2505-008,2025-05-03,1014,田中,アルミ複合板看板,900,900,1,枚,3,片面,,グロス,,,新規,有,3.5,掛川市,テナント看板,60000,税抜
2505-009,2025-05-07,9999,佐藤,カルプ文字,,150,3,文字,20,,,,シート貼り,,新規,有,3.0,浜松市中央区天王町,搬入経路要確認、PDF送付済、社内確認中、撤去は別途,39700,税抜
2505-010,2025-05-07,1042,佐藤,袖看板,450,900,1,台,,両面,,,,なし,新規,有,3.5,浜松市中央区鍛冶町,既存撤去あり,178200,税抜
2505-011,2025-05-08,9999,田中,袖看板,600,1800,1,台,,両面,,,,LED内照,支給,無,,,特急対応,298000,税抜
2505-012,2025-05-08,9999,高橋,アルミ複合板看板,600,900,10,枚,3,片面,,グロス,,,支給,有,3.0,豊橋市,既存サイン撤去（処分は先方）、背景：白、四隅R、仮見積,137900,税抜
2505-013,2025-05-08,1041,佐藤,袖看板,450,900,1,台,,両面,,,,LED内照,支給,有,4.0,浜松市中央区三方原町,新店舗／改装に伴う／要現調,213500,税抜
2505-014,2025-05-09,9999,佐藤,インクジェット出力,594,841,3,枚,,,合成紙,なし,,,支給,有,2.0,浜松市中央区三方原町,,21000,税抜
2505-015,2025-05-09,9999,佐藤,アルミ複合板看板,1250,1500,1,枚,3,片面,,なし,,,支給,有,3.5,浜松市浜名区引佐町,,76450,税込
2505-016,2025-05-12,1091,高橋,インクジェット出力,1750,1400,1,枚,,,ターポリン,なし,,,修正,有,3.5,磐田市,メールにて依頼 撤去処分込み,73600,税抜
2505-017,2025-05-12,1068,高橋,アルミ複合板看板,300,450,1,枚,3,片面,,グロス,,,修正,有,4.5,磐田市,至急でお願いします,70500,税抜
2505-018,2025-05-12,1073,鈴木,アルミ複合板看板,500,950,1,枚,3,片面,,グロス,,,新規,有,2.5,磐田市,改装に伴う、現調不要、平日のみ施工可、穴あけ4箇所,51700,税抜
2505-019,2025-05-12,9999,田中,カルプ文字,,300,10,文字,30,,,,塗装,,修正,無,,,イベント用、改装に伴う、電話にて依頼,66000,税込
2505-020,2025-05-13,1038,田中,インクジェット出力,728,1030,1,枚,,,ターポリン,なし,,,支給,有,2.0,浜松市浜名区引佐町,ハトメなし、支払：月末締翌月末、改装に伴う,26000,税抜
2505-021,2025-05-13,1023,高橋,アルミ複合板看板,900,900,1,枚,3,片面,,グロス,,,支給,無,,,,11700,税抜
2505-022,2025-05-13,1050,鈴木,カルプ文字,,450,10,文字,20,,,,シート貼り,,新規,有,4.0,掛川市,,106500,税抜
2505-023,2025-05-13,9999,佐藤,インクジェット出力,728,1030,10,枚,,,合成紙,グロス,,,支給,無,,,,29200,税抜
2505-024,2025-05-14,1023,田中,袖看板,900,2400,1,台,,両面,,,,LED内照,新規,有,4.0,磐田市,夜間（22時以降）、磐田店、FAXにて送付、撤去処分込み,432000,税抜
2505-025,2025-05-14,9999,田中,インクジェット出力,728,1030,10,枚,,,ターポリン,なし,,,修正,無,,,ハトメ不要、期間限定キャンペーン用,31900,税込
2505-026,2025-05-14,1004,佐藤,アルミ複合板看板,250,350,2,枚,3,片面,,マット,,,新規,無,,,期間限定キャンペーン用,24000,税抜
2505-027,2025-05-15,9999,田中,カルプ文字,,300,9,文字,20,,,,シート貼り,,修正,有,4.5,袋井市,紹介案件,96000,税抜
2505-028,2025-05-15,9999,田中,アルミ複合板看板,1200,600,2,枚,3,片面,,なし,,,修正,有,2.2,浜松市中央区天王町,穴あけ4箇所 週末施工希望,50600,税込
2505-029,2025-05-16,1023,田中,アルミ複合板看板,1050,1350,1,枚,3,両面,,グロス,,,新規,無,,,仮見積、2案提出、穴あけ,34000,税抜
2505-030,2025-05-16,1089,鈴木,インクジェット出力,420,594,3,枚,,,塩ビ,グロス,,,新規,無,,,,14000,税抜
2505-031,2025-05-16,1031,佐藤,インクジェット出力,1030,1456,1,枚,,,ターポリン,なし,,,支給,無,,,,8400,税抜
2505-032,2025-05-16,1085,佐藤,カルプ文字,,200,5,文字,20,,,,シート貼り,,支給,有,3.5,浜松市浜名区貴布祢,,45000,税抜
2505-033,2025-05-16,1050,鈴木,アルミ複合板看板,3000,900,1,枚,3,片面,,グロス,,,支給,無,,周智郡森町,穴あけ、紹介案件、現地調査含む,63600,税抜
2505-034,2025-05-19,1023,田中,アルミ複合板看板,850,1550,2,枚,3,片面,,マット,,,支給,有,1.8,掛川市,前回同様 掛川店 穴あけ,51000,税抜
2505-035,2025-05-19,9999,田中,カルプ文字,,200,6,文字,20,,,,塗装,,新規,有,3.5,浜松市中央区天王町,駐車場あり,53000,税抜
2505-036,2025-05-19,1020,高橋,インクジェット出力,728,1030,1,枚,,,塩ビ,グロス,,,修正,有,2.0,新城市,駐車場あり、移転に伴い,44000,税抜
2505-037,2025-05-20,1067,佐藤,袖看板,600,1200,1,台,,両面,,,,LED内照,新規,有,6.0,浜松市中央区佐鳴台,紹介案件,301800,税抜
2505-038,2025-05-20,9999,鈴木,カルプ文字,,150,10,文字,20,,,,塗装,,支給,有,6.0,袋井市,テナント看板、配送希望,95920,税込
2505-039,2025-05-20,1012,佐藤,アルミ複合板看板,1200,2400,3,枚,3,両面,,マット,,,支給,無,,,支払：月末締翌月末,89100,税抜
2505-040,2025-05-21,1080,高橋,インクジェット出力,594,841,3,枚,,,合成紙,グロス,,,支給,有,1.8,湖西市,,26700,税抜
2505-041,2025-05-21,1042,佐藤,インクジェット出力,841,1189,1,枚,,,塩ビ,マット,,,支給,無,,菊川市,現地調査含む、見積有効期限1ヶ月,24000,税抜
2505-042,2025-05-22,1041,佐藤,アルミ複合板看板,600,900,1,枚,3,片面,,マット,,,支給,有,3.0,浜松市中央区舞阪町,,41200,税抜
2505-043,2025-05-22,1072,田中,アルミ複合板看板,450,600,1,枚,3,片面,,グロス,,,修正,無,,,至急対応希望,17500,税抜
2505-044,2025-05-23,9999,田中,アルミ複合板看板,1150,900,4,枚,3,片面,,マット,,,新規,無,,,移転に伴い,68200,税込
2505-045,2025-05-23,9999,佐藤,インクジェット出力,1050,1400,10,枚,,,合成紙,なし,,,新規,有,1.0,浜松市浜名区貴布祢,,86500,税抜
2505-046,2025-05-23,1041,佐藤,カルプ文字,,800,10,文字,20,,,,シート貼り,,新規,有,3.5,豊橋市,管理会社承認待ち,132200,税抜
2505-047,2025-05-26,9999,高橋,アルミ複合板看板,1800,900,7,枚,3,片面,,マット,,,新規,無,,,請求書は本社宛、フルカラー,114400,税抜
2505-048,2025-05-26,9999,高橋,アルミ複合板看板,1500,900,1,枚,3,片面,,なし,,,支給,無,,,,14300,税抜
2505-049,2025-05-26,1020,高橋,インクジェット出力,300,900,3,枚,,,塩ビ,なし,,,支給,無,,,,6000,税抜
2505-050,2025-05-26,9999,佐藤,アルミ複合板看板,1600,1950,1,枚,3,片面,,グロス,,,修正,無,,,背景：白、四隅R、電話番号変更,55990,税込
2505-051,2025-05-26,1089,佐藤,インクジェット出力,1800,900,4,枚,,,塩ビ,グロス,,,新規,無,,,ロゴデータAI支給,35700,税抜
2505-052,2025-05-28,1022,佐藤,アルミ複合板看板,750,1500,11,枚,3,片面,,マット,,,支給,有,6.0,浜松市中央区佐鳴台,色校正あり、前回同様、ビス穴加工,217700,税抜
2505-021-2,2025-05-28,1023,高橋,アルミ複合板看板,900,900,1,枚,3,片面,,グロス,,,支給,無,,,再見積,11000,税抜
2505-053,2025-05-28,1023,田中,インクジェット出力,800,1500,66,枚,,,塩ビ,なし,,,修正,無,,,,155000,税抜
2505-054,2025-05-29,9999,高橋,アルミ複合板看板,1250,1050,1,枚,3,片面,,グロス,,,支給,有,4.0,浜松市中央区鍛冶町,,51260,税込
2505-055,2025-05-29,9999,高橋,アルミ複合板看板,900,1800,1,枚,3,片面,,グロス,,,支給,無,,,角R加工 屋内用,19470,税込
2505-056,2025-05-30,9999,鈴木,インクジェット出力,728,1030,10,枚,,,塩ビ,グロス,,,支給,無,,,ロゴのみ 校正2回まで,37400,税込
2505-057,2025-05-30,1023,田中,アルミ複合板看板,450,600,1,枚,3,片面,,グロス,,,支給,有,2.5,浜松市中央区雄踏町,前面道路狭い,39000,税抜
2505-058,2025-05-30,1050,鈴木,インクジェット出力,300,900,3,枚,,,塩ビ,グロス,,,支給,無,,,納期急ぎません,6000,税抜
2505-059,2025-05-30,1024,高橋,袖看板,500,1500,1,台,,両面,,,,LED内照,新規,無,,,,239800,税抜
2506-001,2025-06-02,9999,鈴木,袖看板,450,900,1,台,,両面,,,,LED内照,支給,有,5.0,浜松市中央区舞阪町,白フチあり,250000,税抜
2506-002,2025-06-02,1020,高橋,インクジェット出力,1800,1000,1,枚,,,ターポリン,なし,,,修正,有,1.5,磐田市,見積有効期限1ヶ月,32600,税抜
2506-003,2025-06-03,1073,鈴木,アルミ複合板看板,910,1820,5,枚,3,片面,,グロス,,,支給,有,2.0,袋井市,店名変更、既存サイン撤去（処分は先方）,154000,税抜
2506-004,2025-06-03,9999,佐藤,インクジェット出力,900,1800,10,枚,,,合成紙,グロス,,,支給,無,,,背景：白、仮見積、電話番号変更,59800,税抜
2506-005,2025-06-03,9999,高橋,アルミ複合板看板,1100,600,1,枚,3,片面,,グロス,,,修正,無,,,オープン前,17490,税込
2506-006,2025-06-03,1032,高橋,カルプ文字,,200,7,文字,20,,,,塗装,,支給,有,2.5,袋井市,平日のみ施工可、前回データで,58700,税抜
2506-007,2025-06-04,1007,佐藤,アルミ複合板看板,900,1350,2,枚,3,片面,,マット,,,支給,無,,,2色,27700,税抜
2506-008,2025-06-05,9999,鈴木,カルプ文字,,120,7,文字,10,,,,シート貼り,,新規,有,3.0,浜松市浜名区貴布祢,現地調査含む,55900,税抜
2506-009,2025-06-05,1064,佐藤,アルミ複合板看板,450,900,1,枚,3,片面,,グロス,,,支給,無,,,,12100,税抜
2506-010,2025-06-05,1074,高橋,インクジェット出力,350,200,1,枚,,,塩ビ,マット,,,新規,無,,,フルカラー,14000,税抜
2506-011,2025-06-05,1023,佐藤,インクジェット出力,300,900,1,枚,,,塩ビ,マット,,,修正,有,1.0,浜松市中央区天王町,要図面／天王店／週末施工希望,24000,税抜
2506-012,2025-06-06,9999,田中,アルミ複合板看板,1500,900,1,枚,3,片面,,グロス,,,新規,無,,,特急対応,30000,税抜
2506-013,2025-06-06,1079,佐藤,インクジェット出力,600,1800,1,枚,,,塩ビ,マット,,,支給,無,,,屋外用 仮見積 急ぎではない,6000,税抜
2506-014,2025-06-06,1050,鈴木,アルミ複合板看板,2550,1950,1,枚,3,片面,,マット,,,修正,有,2.5,浜松市中央区佐鳴台,至急でお願いします,132000,税抜
2506-015,2025-06-09,1045,高橋,アルミ複合板看板,900,1800,2,枚,3,片面,,マット,,,支給,有,4.0,浜松市浜名区貴布祢,,65300,税抜
2506-016,2025-06-09,9999,鈴木,袖看板,400,800,1,台,,両面,,,,なし,新規,有,7.0,掛川市,,200000,税抜
2506-017,2025-06-10,9999,佐藤,カルプ文字,,300,9,文字,50,,,,シート貼り,,修正,有,2.5,浜松市中央区三方原町,ロゴのみ、前面道路狭い,83600,税込
2506-018,2025-06-10,9999,鈴木,カルプ文字,,80,5,文字,30,,,,シート貼り,,支給,有,6.0,豊橋市,要現調／電話番号変更,85030,税込
2506-019,2025-06-10,1091,鈴木,インクジェット出力,600,1050,2,枚,,,透過フィルム,なし,,,支給,有,2.0,浜松市中央区高塚町,雨天順延、撤去処分込み,45800,税抜
2506-020,2025-06-11,1032,高橋,カルプ文字,,150,7,文字,50,,,,塗装,,支給,有,3.5,豊川市,現地調査希望,71300,税抜
2506-021,2025-06-12,1048,田中,アルミ複合板看板,1500,900,1,枚,3,両面,,グロス,,,修正,無,,,角R加工,25600,税抜
2506-022,2025-06-12,1025,佐藤,インクジェット出力,1400,1100,3,枚,,,ターポリン,なし,,,修正,無,,,PDF送付済,24400,税抜
2506-023,2025-06-13,1007,高橋,インクジェット出力,900,3600,1,枚,,,ターポリン,なし,,,支給,有,3.5,藤枝市,配送希望／2色,57400,税抜
2506-024,2025-06-16,1077,高橋,インクジェット出力,1030,1456,10,枚,,,塩ビ,なし,,,支給,有,3.0,岡崎市,引取り,91000,税抜
2506-025,2025-06-16,9999,高橋,インクジェット出力,841,1189,10,枚,,,塩ビ,マット,,,支給,有,1.8,豊橋市,既存撤去・産廃処分、現地調査含む、期間限定キャンペーン用,113300,税込
2506-026,2025-06-17,1063,鈴木,インクジェット出力,900,1800,10,枚,,,ターポリン,なし,,,支給,無,,,ロゴデータAI支給／PDF送付済／見積有効期限1ヶ月,48100,税抜
2506-027,2025-06-17,1023,田中,袖看板,500,1500,1,台,,両面,,,,LED内照,支給,無,,,,191000,税抜
2506-028,2025-06-17,9999,田中,インクジェット出力,450,1200,1,枚,,,塩ビ,マット,,,修正,無,,,至急,13200,税込
2506-029,2025-06-17,1042,佐藤,袖看板,1000,3000,1,台,,両面,,,,LED内照,支給,有,4.0,御前崎市,,492200,税抜
2506-030,2025-06-17,1009,鈴木,アルミ複合板看板,600,900,28,枚,3,片面,,グロス,,,新規,無,,,見積有効期限1ヶ月,184500,税抜
2506-031,2025-06-18,1072,田中,カルプ文字,,250,13,文字,30,,,,塗装,,支給,有,6.0,浜松市中央区舞阪町,,126000,税抜
2506-032,2025-06-18,9999,高橋,アルミ複合板看板,1800,900,2,枚,3,片面,,なし,,,新規,有,3.0,浜松市浜名区貴布祢,仮見積、メールにて依頼、特急対応,87780,税込
2506-033,2025-06-18,1050,鈴木,アルミ複合板看板,450,600,1,枚,3,片面,,マット,,,修正,有,3.0,浜松市中央区高塚町,電話にて依頼、ビス穴加工,39500,税抜
2506-034,2025-06-18,1068,高橋,インクジェット出力,420,594,3,枚,,,ターポリン,なし,,,新規,無,,,引取り,14000,税抜
2506-035,2025-06-18,9999,鈴木,アルミ複合板看板,1800,900,3,枚,3,片面,,グロス,,,修正,有,2.2,袋井市,既存看板撤去・処分 メールにて依頼 配送希望,119200,税抜
2506-036,2025-06-19,9999,田中,カルプ文字,,150,10,文字,20,,,,シート貼り,,支給,有,4.5,浜松市中央区鍛冶町,,75900,税込
2506-037,2025-06-19,1074,高橋,アルミ複合板看板,600,900,55,枚,3,片面,,マット,,,新規,無,,,請求書は本社宛、ロゴのみ,332200,税抜
2506-038,2025-06-20,1048,田中,アルミ複合板看板,900,900,1,枚,3,片面,,マット,,,支給,無,,,,13800,税抜
2506-039,2025-06-20,1091,高橋,アルミ複合板看板,2500,1200,5,枚,3,片面,,グロス,,,支給,有,4.0,浜松市浜名区細江町,至急でお願いします／請求書は本社宛,358000,税抜
2506-040,2025-06-20,1058,鈴木,インクジェット出力,600,1800,74,枚,,,塩ビ,なし,,,支給,無,,,2色、至急、仮見積,191700,税抜
2506-041,2025-06-23,9999,鈴木,袖看板,600,1200,1,台,,両面,,,,なし,修正,有,4.5,浜松市浜名区細江町,概算 既存撤去・産廃処分,265100,税込
2506-042,2025-06-23,1023,田中,袖看板,450,1200,1,台,,両面,,,,なし,修正,有,5.0,御前崎市,テナント看板、御前崎店,213000,税抜
2506-043,2025-06-24,1022,佐藤,袖看板,600,1200,1,台,,両面,,,,なし,支給,無,,,なるべく急ぎで,125400,税抜
2506-044,2025-06-25,9999,佐藤,カルプ文字,,700,2,文字,10,,,,塗装,,新規,有,4.0,浜松市中央区佐鳴台,データ入稿済,61270,税込
2506-045,2025-06-25,9999,高橋,カルプ文字,,250,5,文字,20,,,,塗装,,修正,無,,,,31680,税込
2506-046,2025-06-25,1025,佐藤,カルプ文字,,150,7,文字,30,,,,シート貼り,,支給,有,4.0,浜松市中央区三方原町,増刷,39700,税抜
2506-047,2025-06-25,1047,鈴木,インクジェット出力,1650,950,51,枚,,,合成紙,なし,,,支給,無,,,配送希望／前回同様／仮見積／校正2回まで,167200,税抜
2506-048,2025-06-25,9999,佐藤,インクジェット出力,1800,400,1,枚,,,合成紙,グロス,,,新規,無,,,オープン前,14000,税抜
2506-049,2025-06-26,1031,佐藤,カルプ文字,,200,6,文字,30,,,,シート貼り,,支給,無,,,色校正あり／支払：月末締翌月末,19000,税抜
2506-050,2025-06-26,1019,田中,インクジェット出力,900,3600,1,枚,,,塩ビ,なし,,,支給,無,,,FAXにて送付、配送希望、請求書は本社宛,8900,税抜
2506-051,2025-06-26,1068,高橋,インクジェット出力,1000,3000,1,枚,,,塩ビ,グロス,,,修正,無,,,,21400,税抜
2506-052,2025-06-26,1089,佐藤,袖看板,600,1800,1,台,,両面,,,,なし,新規,有,7.0,浜松市中央区鍛冶町,,254500,税抜
2506-053,2025-06-27,1033,田中,カルプ文字,,80,11,文字,20,,,,シート貼り,,支給,有,4.0,豊橋市,前回データで、週末施工希望、社内確認中,51000,税抜
2506-054,2025-06-27,1095,高橋,アルミ複合板看板,450,900,1,枚,3,片面,,グロス,,,支給,有,2.2,豊川市,新店舗、既存撤去・産廃処分,72100,税抜
2506-055,2025-06-27,1049,田中,インクジェット出力,594,841,5,枚,,,塩ビ,マット,,,新規,有,3.0,浜松市中央区舞阪町,期間限定キャンペーン用,50000,税抜
2506-056,2025-06-27,9999,高橋,インクジェット出力,1200,1800,1,枚,,,塩ビ,グロス,,,支給,有,2.0,浜松市中央区鍛冶町,平日のみ施工可、校正2回まで、PDF送付済,26800,税抜
2506-057,2025-06-28,9999,田中,アルミ複合板看板,910,1820,3,枚,3,両面,,グロス,,,修正,有,2.0,浜松市中央区鍛冶町,2案提出,92000,税抜
2506-058,2025-06-28,1064,田中,インクジェット出力,600,1800,17,枚,,,合成紙,なし,,,修正,有,1.0,湖西市,,87000,税抜
2506-059,2025-06-28,1047,田中,アルミ複合板看板,450,900,2,枚,3,片面,,グロス,,,支給,無,,,校正2回まで,12600,税抜
2506-060,2025-06-30,9999,高橋,アルミ複合板看板,450,600,1,枚,3,片面,,マット,,,修正,無,,,,15620,税込
2506-061,2025-06-30,1054,佐藤,インクジェット出力,1000,3000,1,枚,,,合成紙,マット,,,修正,有,2.0,浜松市中央区天王町,前面道路狭い,33900,税抜
2506-062,2025-06-30,1012,佐藤,インクジェット出力,841,1189,5,枚,,,塩ビ,なし,,,支給,無,,,色校正あり、ご担当：店長様,12800,税抜
2506-063,2025-06-30,9999,高橋,インクジェット出力,1300,1350,2,枚,,,ターポリン,なし,,,新規,無,,,期間限定キャンペーン用,22900,税抜
2506-064,2025-06-30,1065,高橋,アルミ複合板看板,1800,900,1,枚,3,片面,,マット,,,支給,有,1.5,浜松市浜名区細江町,撤去は別途、イベント用,36500,税抜
2506-065,2025-06-30,1050,鈴木,アルミ複合板看板,2900,1550,1,枚,3,片面,,マット,,,支給,有,1.8,浜松市中央区天王町,四隅R PDF送付済 特急対応,114900,税抜
2506-066,2025-06-30,1064,佐藤,カルプ文字,,250,12,文字,20,,,,シート貼り,,新規,無,,湖西市,現調あり,60100,税抜
2507-001,2025-07-01,1042,佐藤,インクジェット出力,900,3600,5,枚,,,透過フィルム,なし,,,新規,有,2.4,豊橋市,既存撤去・産廃処分、配送希望,160400,税抜
2507-002,2025-07-01,1009,佐藤,袖看板,450,900,1,台,,両面,,,,LED内照,修正,有,10.0,浜松市中央区天王町,平日のみ施工可 【特急】 屋外用,314000,税抜
2507-003,2025-07-01,9999,高橋,アルミ複合板看板,450,600,2,枚,3,片面,,グロス,,,修正,無,,,PDF送付済,19470,税込
2507-004,2025-07-01,1023,田中,カルプ文字,,100,6,文字,10,,,,シート貼り,,支給,有,5.0,磐田市,支払：月末締翌月末、引取り、電話番号変更、既存看板撤去、磐田店,79000,税抜
2507-005,2025-07-02,1025,佐藤,カルプ文字,,300,5,文字,10,,,,シート貼り,,修正,無,,,店名変更 急ぎではない オープン前 配送希望,21000,税抜
2507-006,2025-07-02,1033,田中,インクジェット出力,600,1700,2,枚,,,ターポリン,なし,,,新規,無,,,校正2回まで,19900,税抜
2507-007,2025-07-03,1007,高橋,インクジェット出力,1030,1456,14,枚,,,塩ビ,グロス,,,支給,無,,,前回同様,108200,税抜
2507-008,2025-07-03,1058,佐藤,インクジェット出力,515,728,81,枚,,,ターポリン,なし,,,支給,無,,,フルカラー,114800,税抜
2507-009,2025-07-03,1011,佐藤,アルミ複合板看板,450,900,1,枚,3,片面,,グロス,,,新規,無,,,メールにて依頼,24300,税抜
2507-010,2025-07-04,1068,高橋,袖看板,600,1200,1,台,,両面,,,,なし,新規,有,7.0,新城市,白フチあり,248000,税抜
2507-011,2025-07-04,1010,佐藤,袖看板,600,1200,1,台,,両面,,,,LED内照,新規,有,7.0,浜松市中央区高塚町,要現調／既存サイン撤去（処分は先方）／電話にて依頼,372600,税抜
2507-012,2025-07-04,1012,佐藤,アルミ複合板看板,1150,350,1,枚,3,片面,,グロス,,,支給,有,8.0,磐田市,引取り 仮見積 屋外用 現調不要,62800,税抜
2507-013,2025-07-07,1026,高橋,インクジェット出力,1000,3000,13,枚,,,塩ビ,マット,,,新規,無,,,,180900,税抜
2507-014,2025-07-07,1081,田中,インクジェット出力,1800,850,4,枚,,,塩ビ,マット,,,修正,有,1.8,浜松市中央区鍛冶町,テナント看板／引取り／夜間作業／移転に伴い,51000,税抜
2507-015,2025-07-07,9999,佐藤,カルプ文字,,80,8,文字,10,,,,シート貼り,,支給,有,5.0,浜松市中央区天王町,既存看板撤去、新店舗、現地調査希望,92730,税込
2507-016,2025-07-07,9999,高橋,カルプ文字,,250,10,文字,20,,,,シート貼り,,新規,無,,,イベント用 データ入稿済 仮見積,47850,税込
2507-017,2025-07-07,9999,鈴木,アルミ複合板看板,650,1050,2,枚,3,片面,,グロス,,,支給,有,2.0,浜松市中央区鍛冶町,角丸,44330,税込
2507-018,2025-07-07,1084,田中,インクジェット出力,594,841,46,枚,,,塩ビ,なし,,,支給,無,,,,52000,税抜
2507-019,2025-07-08,1042,鈴木,カルプ文字,,700,9,文字,20,,,,塗装,,修正,有,3.5,掛川市,引取り,150100,税抜
2507-020,2025-07-08,1020,佐藤,インクジェット出力,594,841,1,枚,,,ターポリン,なし,,,新規,有,1.5,浜松市中央区天王町,現場写真受領、ハトメ不要,30000,税抜
2507-021,2025-07-08,1023,田中,アルミ複合板看板,600,900,2,枚,3,片面,,グロス,,,支給,無,,,屋内用 仮見積 早めの対応希望,14500,税抜
2507-022,2025-07-09,1012,佐藤,アルミ複合板看板,200,900,2,枚,3,片面,,グロス,,,支給,無,,,メールにて依頼、増刷、校正2回まで、角R加工、ロゴデータAI支給,10400,税抜
2507-023,2025-07-09,9999,佐藤,インクジェット出力,750,750,10,枚,,,塩ビ,マット,,,修正,無,,,メールにて依頼,35090,税込
2507-024,2025-07-09,1073,田中,カルプ文字,,150,8,文字,30,,,,シート貼り,,支給,有,3.5,浜松市中央区舞阪町,急ぎではない,49000,税抜
2507-025,2025-07-09,1067,佐藤,アルミ複合板看板,2400,1200,1,枚,3,片面,,マット,,,新規,無,,,移転に伴い、角R加工,41800,税抜
2507-026,2025-07-09,9999,高橋,アルミ複合板看板,1800,900,1,枚,3,片面,,マット,,,修正,無,,,,21500,税抜
2507-027,2025-07-09,9999,高橋,インクジェット出力,1000,3000,1,枚,,,塩ビ,グロス,,,新規,無,,,FAXにて送付、ロゴデータAI支給、概算,31900,税込
2507-028,2025-07-09,1007,高橋,カルプ文字,,200,10,文字,20,,,,シート貼り,,支給,無,,,,25100,税抜
2507-029,2025-07-10,1006,佐藤,インクジェット出力,1800,900,7,枚,,,塩ビ,なし,,,支給,無,,,早めの対応希望,38800,税抜
2507-030,2025-07-11,9999,鈴木,アルミ複合板看板,450,1350,1,枚,3,片面,,グロス,,,新規,有,1.8,浜松市中央区佐鳴台,,44220,税込
2506-046-2,2025-07-11,1025,佐藤,カルプ文字,,150,10,文字,30,,,,シート貼り,,支給,有,4.0,浜松市中央区三方原町,増刷、数量変更につき再見積,46000,税抜
2507-031,2025-07-11,1077,高橋,インクジェット出力,1800,1250,2,枚,,,塩ビ,グロス,,,修正,無,,,社内確認中,26000,税抜
2507-032,2025-07-11,9999,佐藤,インクジェット出力,594,841,1,枚,,,塩ビ,なし,,,新規,無,,,PDF送付済,14000,税抜
2507-033,2025-07-11,9999,田中,アルミ複合板看板,600,900,5,枚,3,片面,,なし,,,支給,無,,,角R加工,34000,税抜
2507-034,2025-07-11,9999,田中,アルミ複合板看板,900,1800,8,枚,3,両面,,グロス,,,支給,有,3.5,磐田市,紹介案件,273900,税込
2507-035,2025-07-11,1065,高橋,カルプ文字,,300,13,文字,20,,,,シート貼り,,支給,有,3.5,静岡市駿河区,撤去処分込み,95000,税抜
2507-036,2025-07-11,9999,佐藤,アルミ複合板看板,900,1800,2,枚,3,片面,,マット,,,新規,無,,,特急、店名変更、データ入稿済,61930,税込
2507-037,2025-07-11,1075,高橋,アルミ複合板看板,450,600,4,枚,3,片面,,マット,,,支給,無,,,電話にて依頼,20100,税抜
2507-038,2025-07-14,1015,佐藤,アルミ複合板看板,900,900,1,枚,3,片面,,グロス,,,支給,有,4.0,豊橋市,穴あけ,51500,税抜
2507-039,2025-07-14,9999,佐藤,アルミ複合板看板,900,1800,4,枚,3,片面,,マット,,,支給,有,2.5,浜松市中央区鍛冶町,データ入稿済,104900,税抜
2507-040,2025-07-14,1020,高橋,袖看板,700,1800,1,台,,両面,,,,なし,新規,有,3.0,浜松市中央区天王町,雨天順延、見積有効期限1ヶ月,262000,税抜
2507-041,2025-07-14,1067,佐藤,アルミ複合板看板,750,1500,5,枚,3,片面,,グロス,,,修正,無,,,背景：白 角丸,75800,税抜
2507-042,2025-07-14,1012,鈴木,インクジェット出力,420,594,13,枚,,,合成紙,グロス,,,支給,無,,,白フチあり,13100,税抜
2507-043,2025-07-15,1022,佐藤,アルミ複合板看板,300,450,5,枚,3,片面,,グロス,,,修正,有,2.2,浜松市中央区鍛冶町,夜間施工 屋内用 要図面 既存看板撤去・処分,80900,税抜
2507-044,2025-07-15,9999,高橋,袖看板,600,1800,1,台,,両面,,,,なし,支給,有,4.5,袋井市,オープン前,260000,税抜
2507-045,2025-07-15,1091,高橋,アルミ複合板看板,1200,600,2,枚,3,両面,,グロス,,,新規,無,,,,45100,税抜
2507-046,2025-07-15,1074,高橋,袖看板,450,900,2,台,,両面,,,,LED内照,支給,有,6.0,浜松市浜名区細江町,背景：白,440000,税抜
2507-047,2025-07-16,1012,鈴木,アルミ複合板看板,600,1800,1,枚,3,片面,,グロス,,,支給,無,,,新店舗、穴あけ4箇所、至急対応希望,16000,税抜
2507-048,2025-07-16,1054,佐藤,アルミ複合板看板,3000,900,1,枚,3,片面,,グロス,,,修正,無,,,ロゴデータAI支給／フルカラー,49900,税抜
2507-049,2025-07-16,1063,鈴木,インクジェット出力,1350,950,4,枚,,,ターポリン,なし,,,支給,無,,,ハトメ不要 ロゴデータAI支給,21800,税抜
2507-050,2025-07-16,1023,田中,アルミ複合板看板,600,600,1,枚,3,片面,,マット,,,支給,有,2.2,浜松市中央区三方原町,既存撤去あり／管理会社承認待ち／穴あけ／増刷,51000,税抜
2507-051,2025-07-16,9999,佐藤,アルミ複合板看板,1000,2000,10,枚,3,片面,,グロス,,,新規,無,,,ロゴのみ 校正2回まで 新店舗 ビス穴加工,262240,税込
2507-052,2025-07-17,9999,田中,カルプ文字,,300,10,文字,30,,,,塗装,,修正,無,,,,66000,税込
2507-053,2025-07-17,1067,佐藤,アルミ複合板看板,1400,1500,1,枚,3,片面,,グロス,,,修正,無,,,角丸,47400,税抜
2507-054,2025-07-18,1065,高橋,アルミ複合板看板,900,1800,1,枚,3,片面,,グロス,,,支給,有,1.5,掛川市,既存看板撤去、増刷,60200,税抜
2507-055,2025-07-18,1007,高橋,インクジェット出力,1200,1800,1,枚,,,合成紙,マット,,,支給,無,,,請求書は本社宛,10500,税抜
2507-056,2025-07-18,1023,田中,アルミ複合板看板,600,600,59,枚,3,片面,,マット,,,修正,有,4.0,浜松市中央区雄踏町,屋外用、雄踏店、ご担当：店長様、オープン前、既存看板撤去・処分,394000,税抜
2507-057,2025-07-18,9999,鈴木,アルミ複合板看板,900,900,1,枚,3,両面,,なし,,,支給,無,,,配送希望／角R加工,18260,税込
2507-058,2025-07-18,1009,佐藤,アルミ複合板看板,950,1650,4,枚,3,両面,,グロス,,,修正,無,,,角丸、社内確認中、見積有効期限1ヶ月、店名変更,116300,税抜
2507-059,2025-07-19,9999,田中,アルミ複合板看板,600,900,1,枚,3,片面,,マット,,,支給,有,1.8,周智郡森町,引取り,42900,税込
2507-060,2025-07-22,9999,鈴木,カルプ文字,,150,9,文字,30,,,,シート貼り,,支給,有,7.5,袋井市,夜間（22時以降）、至急対応希望、紹介案件,96600,税抜
2507-061,2025-07-22,1033,田中,カルプ文字,,300,15,文字,30,,,,シート貼り,,新規,有,3.0,袋井市,PDF送付済,200000,税抜
2507-062,2025-07-22,9999,高橋,アルミ複合板看板,1750,1850,2,枚,3,両面,,なし,,,新規,有,2.0,浜松市浜名区貴布祢,管理会社承認待ち、ご担当：店長様、イベント用,167530,税込
2507-063,2025-07-22,1067,佐藤,インクジェット出力,728,1030,6,枚,,,塩ビ,マット,,,支給,有,3.0,掛川市,至急、仮見積,67000,税抜
2507-064,2025-07-22,1096,佐藤,インクジェット出力,841,1189,1,枚,,,合成紙,なし,,,支給,無,,,2色,6000,税抜
2507-065,2025-07-22,1085,田中,アルミ複合板看板,450,600,1,枚,3,片面,,グロス,,,新規,無,,,移転に伴い、校正2回まで、メールにて依頼,32300,税抜
2507-066,2025-07-22,1012,佐藤,インクジェット出力,1030,1456,53,枚,,,ターポリン,マット,,,支給,無,,,,357800,税抜
2507-067,2025-07-23,1068,高橋,カルプ文字,,350,13,文字,30,,,,塗装,,新規,無,,,配送希望,107400,税抜
2507-068,2025-07-23,9999,佐藤,アルミ複合板看板,450,600,1,枚,3,片面,,グロス,,,新規,無,,,,23300,税抜
2507-069,2025-07-23,1012,佐藤,インクジェット出力,600,1800,9,枚,,,塩ビ,グロス,,,支給,無,,,紹介案件、ご担当：店長様、校正2回まで,36400,税抜
2507-070,2025-07-24,9999,佐藤,アルミ複合板看板,200,1250,1,枚,3,片面,,グロス,,,修正,有,2.0,浜松市中央区鍛冶町,,29800,税抜
2507-071,2025-07-24,1048,田中,インクジェット出力,420,594,53,枚,,,塩ビ,なし,,,支給,無,,,改装に伴う、移転に伴い,51000,税抜
2507-072,2025-07-24,1089,鈴木,インクジェット出力,900,3600,24,枚,,,合成紙,マット,,,支給,無,,,,224600,税抜
2507-073,2025-07-24,9999,高橋,アルミ複合板看板,1800,1600,4,枚,3,片面,,マット,,,新規,無,,,背景：白、データ入稿済、電話にて依頼,209110,税込
2507-074,2025-07-24,1036,佐藤,アルミ複合板看板,500,1250,1,枚,3,片面,,グロス,,,支給,無,,,電話にて依頼,10600,税抜
2507-075,2025-07-25,1048,田中,アルミ複合板看板,3000,900,11,枚,3,片面,,グロス,,,新規,有,3.0,袋井市,ロゴのみ、撤去は別途、四隅R,625000,税抜
2507-076,2025-07-25,1095,高橋,インクジェット出力,350,350,10,枚,,,塩ビ,グロス,,,支給,有,2.0,周智郡森町,社内確認中、駐車場あり,37800,税抜
2507-077,2025-07-26,1065,田中,アルミ複合板看板,1800,900,1,枚,3,片面,,グロス,,,支給,無,,,穴あけ 角丸,17800,税抜
2507-078,2025-07-28,1077,高橋,袖看板,400,800,1,台,,両面,,,,なし,支給,有,7.0,浜松市中央区三方原町,現地調査含む、至急,201300,税抜
2507-079,2025-07-28,9999,佐藤,アルミ複合板看板,300,450,1,枚,3,片面,,なし,,,修正,無,,,ビス穴加工,16170,税込
2507-080,2025-07-28,1026,高橋,インクジェット出力,1370,5000,4,枚,,,ターポリン,なし,,,支給,有,1.5,浜松市中央区鍛冶町,ハトメなし,201400,税抜
2507-081,2025-07-28,1012,佐藤,インクジェット出力,1600,250,30,枚,,,塩ビ,グロス,,,支給,無,,,,43800,税抜
2507-082,2025-07-28,9999,田中,アルミ複合板看板,600,350,1,枚,3,片面,,マット,,,修正,有,1.5,浜松市中央区天王町,屋内用,32780,税込
2507-083,2025-07-28,1091,高橋,インクジェット出力,594,841,1,枚,,,塩ビ,なし,,,支給,無,,,電話にて依頼,6000,税抜
2507-084,2025-07-29,1068,高橋,アルミ複合板看板,900,1550,5,枚,3,片面,,マット,,,修正,有,4.0,浜松市中央区天王町,ご担当：店長様／至急対応希望,137400,税抜
2507-085,2025-07-29,1065,高橋,アルミ複合板看板,450,600,9,枚,3,片面,,グロス,,,支給,有,6.0,浜松市中央区鍛冶町,現地調査含む,93100,税抜
2507-086,2025-07-30,1075,田中,袖看板,600,1200,1,台,,両面,,,,なし,支給,有,3.5,静岡市葵区,前回データで、特急（3営業日）,249000,税抜
2507-087,2025-07-30,1077,高橋,アルミ複合板看板,1750,1000,1,枚,3,片面,,グロス,,,修正,有,1.5,浜松市中央区天王町,,41400,税抜
2507-088,2025-07-30,9999,田中,インクジェット出力,1600,1700,10,枚,,,ターポリン,なし,,,新規,無,,,概算、テナント看板,160000,税抜
2507-089,2025-07-30,1046,佐藤,インクジェット出力,594,841,19,枚,,,ターポリン,なし,,,新規,無,,,,52900,税抜
2507-090,2025-07-30,1042,佐藤,アルミ複合板看板,1000,2000,1,枚,3,両面,,グロス,,,修正,有,3.0,浜松市中央区高塚町,見積有効期限1ヶ月,61400,税抜
2507-091,2025-07-31,1064,佐藤,アルミ複合板看板,1150,1800,3,枚,3,両面,,グロス,,,修正,有,2.2,浜松市中央区雄踏町,,143400,税抜
2507-092,2025-07-31,1096,佐藤,袖看板,600,1800,1,台,,両面,,,,LED内照,修正,有,10.0,浜松市中央区鍛冶町,概算、新店舗、校正2回まで、要現調,349600,税抜
2507-093,2025-07-31,1078,佐藤,袖看板,1000,3000,1,台,,両面,,,,LED内照,支給,有,4.0,浜松市浜名区引佐町,,498000,税抜
2507-094,2025-07-31,1096,佐藤,アルミ複合板看板,600,1800,1,枚,3,両面,,グロス,,,修正,有,2.5,浜松市中央区高塚町,お急ぎとのこと,47900,税抜
2507-095,2025-07-31,1050,鈴木,アルミ複合板看板,750,1500,2,枚,3,片面,,グロス,,,支給,有,2.0,浜松市中央区高塚町,オープン前,44300,税抜
2507-096,2025-07-31,9999,佐藤,カルプ文字,,400,10,文字,20,,,,塗装,,支給,有,2.5,浜松市浜名区引佐町,既存看板撤去・処分,130460,税込
2507-097,2025-07-31,1082,佐藤,アルミ複合板看板,450,900,1,枚,3,両面,,グロス,,,修正,有,1.5,豊橋市,見積有効期限1ヶ月、既存撤去あり、校正2回まで,63200,税抜
2508-001,2025-08-01,9999,田中,インクジェット出力,450,1200,5,枚,,,ターポリン,なし,,,修正,無,,,,18200,税抜
2508-002,2025-08-01,1031,佐藤,カルプ文字,,100,4,文字,20,,,,シート貼り,,支給,有,4.5,浜松市中央区鍛冶町,,56200,税抜
2508-003,2025-08-02,9999,田中,カルプ文字,,200,7,文字,50,,,,シート貼り,,修正,有,4.0,豊橋市,背景：白／現地調査含む,81400,税込
2508-004,2025-08-04,1081,高橋,アルミ複合板看板,1800,900,1,枚,3,片面,,グロス,,,支給,有,4.5,岡崎市,既存看板撤去／処分,108100,税抜
2508-005,2025-08-04,9999,高橋,カルプ文字,,250,10,文字,20,,,,シート貼り,,支給,有,2.5,袋井市,,80850,税込
2508-006,2025-08-05,1054,佐藤,インクジェット出力,841,1189,1,枚,,,ターポリン,なし,,,修正,有,1.5,湖西市,,29500,税抜
2508-007,2025-08-05,9999,鈴木,インクジェット出力,1150,1200,1,枚,,,塩ビ,グロス,,,修正,無,,,テナント看板,13970,税込
2508-008,2025-08-06,1083,高橋,インクジェット出力,1300,500,5,枚,,,ターポリン,なし,,,支給,無,,,店名変更、背景：白、配送希望,16300,税抜
2508-009,2025-08-06,1012,佐藤,アルミ複合板看板,910,1820,1,枚,3,片面,,グロス,,,支給,有,3.5,掛川市,仮見積／メールにて依頼／増刷,49800,税抜
2508-010,2025-08-07,1014,高橋,袖看板,600,1800,1,台,,両面,,,,なし,修正,有,3.5,浜松市浜名区貴布祢,,233500,税抜
2508-011,2025-08-07,1082,佐藤,アルミ複合板看板,350,1250,1,枚,3,片面,,グロス,,,支給,有,3.5,袋井市,撤去は別途 閉店後夜間施工 午前中施工希望,56800,税抜
2508-012,2025-08-07,1006,佐藤,アルミ複合板看板,1550,1200,3,枚,3,片面,,グロス,,,新規,有,1.5,菊川市,ビス穴加工,120300,税抜
2508-013,2025-08-07,1022,佐藤,アルミ複合板看板,200,800,1,枚,3,片面,,グロス,,,支給,無,,,FAXにて送付,10700,税抜
2508-014,2025-08-07,1022,佐藤,アルミ複合板看板,2750,1300,1,枚,3,片面,,グロス,,,支給,有,2.0,豊橋市,現場写真受領／雨天順延／屋外用,95900,税抜
2508-015,2025-08-08,1092,高橋,インクジェット出力,600,1800,54,枚,,,塩ビ,マット,,,支給,有,1.8,浜松市中央区雄踏町,屋内用 午前中施工希望 要現調,328300,税抜
2508-016,2025-08-08,1007,高橋,アルミ複合板看板,600,900,4,枚,3,片面,,グロス,,,支給,有,4.5,浜松市中央区高塚町,現調あり／要図面,84700,税抜
2508-017,2025-08-08,1031,佐藤,アルミ複合板看板,3250,1300,1,枚,3,両面,,グロス,,,修正,有,6.0,浜松市浜名区貴布祢,角丸,151000,税抜
2508-018,2025-08-12,1022,佐藤,インクジェット出力,600,1800,1,枚,,,塩ビ,グロス,,,修正,有,2.4,浜松市中央区佐鳴台,,34900,税抜
2508-019,2025-08-12,9999,鈴木,インクジェット出力,420,594,3,枚,,,合成紙,なし,,,新規,無,,,,15000,税抜
2508-020,2025-08-18,9999,佐藤,アルミ複合板看板,600,1800,1,枚,3,片面,,マット,,,新規,無,,,角R加工,30250,税込
2508-021,2025-08-18,1091,高橋,インクジェット出力,1800,900,49,枚,,,塩ビ,グロス,,,修正,無,,,至急対応希望、PDF送付済、紹介案件,387200,税抜
2508-022,2025-08-18,1023,田中,インクジェット出力,841,1189,23,枚,,,合成紙,なし,,,支給,無,,,オープン前,43000,税抜
2508-023,2025-08-19,1068,高橋,インクジェット出力,900,1800,1,枚,,,合成紙,グロス,,,支給,無,,,オープン前,8200,税抜
2508-024,2025-08-19,1009,佐藤,アルミ複合板看板,1800,900,2,枚,3,片面,,グロス,,,新規,無,,,,46100,税抜
2508-025,2025-08-19,9999,鈴木,カルプ文字,,300,10,文字,20,,,,シート貼り,,支給,有,4.5,浜松市中央区天王町,特急（3営業日）,104940,税込
2508-026,2025-08-20,9999,佐藤,アルミ複合板看板,600,600,1,枚,3,片面,,なし,,,新規,無,,,期間限定キャンペーン用,23300,税抜
2508-027,2025-08-20,1012,佐藤,アルミ複合板看板,900,1800,17,枚,3,片面,,マット,,,支給,無,,,リピート,207300,税抜
2508-028,2025-08-20,1079,佐藤,アルミ複合板看板,1500,550,36,枚,3,片面,,グロス,,,支給,無,,,,390200,税抜
2508-029,2025-08-21,9999,高橋,インクジェット出力,350,1450,1,枚,,,塩ビ,グロス,,,支給,無,,,,6600,税込
2508-030,2025-08-21,1012,佐藤,インクジェット出力,1650,450,67,枚,,,塩ビ,なし,,,修正,無,,,フルカラー,111400,税抜
2508-031,2025-08-21,9999,鈴木,アルミ複合板看板,900,900,1,枚,3,片面,,なし,,,支給,無,,,穴あけ、色校正あり,13300,税抜
2508-032,2025-08-21,1077,高橋,インクジェット出力,350,1700,5,枚,,,合成紙,なし,,,修正,無,,,白フチあり,12200,税抜
2508-033,2025-08-22,1095,高橋,インクジェット出力,1800,900,1,枚,,,塩ビ,マット,,,修正,無,,,,12900,税抜
2508-034,2025-08-22,1022,佐藤,カルプ文字,,500,8,文字,30,,,,塗装,,支給,有,5.0,浜松市浜名区細江町,管理会社承認待ち,130100,税抜
2508-035,2025-08-22,1050,鈴木,カルプ文字,,200,27,文字,20,,,,塗装,,新規,無,,,,91200,税抜
2508-036,2025-08-25,1050,鈴木,インクジェット出力,1000,3000,5,枚,,,塩ビ,マット,,,支給,無,,,社内確認中,83300,税抜
2508-037,2025-08-25,1074,高橋,アルミ複合板看板,910,1820,13,枚,3,片面,,マット,,,支給,有,5.0,浜松市中央区佐鳴台,お急ぎとのこと、白フチあり,314700,税抜
2508-038,2025-08-25,1019,田中,アルミ複合板看板,1200,600,1,枚,3,片面,,グロス,,,支給,無,,浜松市中央区高塚町,屋内用、校正2回まで、要現調,16900,税抜
2508-039,2025-08-25,9999,佐藤,アルミ複合板看板,910,1820,1,枚,3,片面,,グロス,,,新規,有,2.0,磐田市,既存看板撤去／ロゴのみ,74800,税込
2508-040,2025-08-26,9999,鈴木,アルミ複合板看板,600,1800,5,枚,3,片面,,マット,,,新規,有,2.5,浜松市中央区鍛冶町,四隅R、穴あけ4箇所、2案提出,118300,税抜
2508-041,2025-08-26,1019,田中,アルミ複合板看板,1200,600,1,枚,3,片面,,グロス,,,支給,無,,浜松市中央区高塚町,屋内用、校正2回まで、要現調,16900,税抜
2508-042,2025-08-28,1012,佐藤,インクジェット出力,1300,1150,1,枚,,,塩ビ,グロス,,,支給,無,,,,7800,税抜
2508-043,2025-08-28,1096,佐藤,インクジェット出力,1200,550,4,枚,,,合成紙,マット,,,修正,無,,,,15200,税抜
2508-044,2025-08-28,1086,田中,アルミ複合板看板,1200,2400,10,枚,3,片面,,グロス,,,新規,有,3.5,浜松市浜名区貴布祢,現調あり、白フチあり、配送希望,389000,税抜
2508-045,2025-08-28,1036,佐藤,インクジェット出力,200,500,76,枚,,,塩ビ,グロス,,,支給,無,,,特急対応,71600,税抜
2508-046,2025-08-29,9999,田中,インクジェット出力,728,1030,9,枚,,,ターポリン,なし,,,新規,無,,,色校正あり,41000,税抜
2508-047,2025-08-29,1004,佐藤,袖看板,600,1200,1,台,,両面,,,,なし,修正,有,6.0,浜松市中央区鍛冶町,期間限定キャンペーン用、2案提出、概算,213500,税抜
2508-048,2025-08-29,1085,佐藤,カルプ文字,,300,22,文字,50,,,,シート貼り,,支給,無,,,ご担当：店長様 支払：月末締翌月末,110900,税抜
2509-001,2025-09-01,1075,田中,袖看板,700,1800,1,台,,両面,,,,LED内照,新規,有,10.0,磐田市,既存看板撤去・処分、管理会社承認待ち、ロゴデータAI支給,429000,税抜
2509-002,2025-09-02,1082,佐藤,インクジェット出力,900,1800,15,枚,,,塩ビ,マット,,,新規,無,,,ロゴのみ、特急対応,142800,税抜
2509-003,2025-09-02,1079,佐藤,インクジェット出力,594,841,5,枚,,,透過フィルム,なし,,,新規,無,,,,19800,税抜
2509-004,2025-09-02,9999,高橋,インクジェット出力,594,841,10,枚,,,合成紙,なし,,,新規,無,,,配送希望、ロゴデータAI支給、電話にて依頼,23000,税抜
2509-005,2025-09-02,9999,高橋,インクジェット出力,1000,3000,1,枚,,,透過フィルム,なし,,,新規,無,,,,29900,税抜
2509-006,2025-09-02,9999,佐藤,カルプ文字,,150,10,文字,10,,,,シート貼り,,新規,有,2.5,浜松市中央区三方原町,,47000,税抜
2509-007,2025-09-02,1012,佐藤,インクジェット出力,350,650,71,枚,,,透過フィルム,なし,,,支給,有,3.5,磐田市,現調あり、既存看板撤去,143500,税抜
2509-008,2025-09-02,1073,鈴木,インクジェット出力,841,1189,3,枚,,,ターポリン,なし,,,修正,無,,,テナント看板／店名変更,16800,税抜
2509-009,2025-09-03,9999,鈴木,インクジェット出力,420,594,1,枚,,,塩ビ,マット,,,新規,無,,,,15000,税抜
2509-010,2025-09-03,1022,佐藤,カルプ文字,,450,10,文字,20,,,,シート貼り,,新規,有,2.5,菊川市,,104300,税抜
2509-011,2025-09-03,9999,高橋,アルミ複合板看板,1850,1850,1,枚,3,片面,,マット,,,新規,無,,,早めの対応希望、穴あけ4箇所,62600,税抜
2509-012,2025-09-03,1022,佐藤,インクジェット出力,450,1200,1,枚,,,ターポリン,なし,,,新規,無,,,引取り、電話にて依頼,15000,税抜
2509-013,2025-09-04,1041,佐藤,アルミ複合板看板,450,600,2,枚,3,片面,,グロス,,,新規,有,3.0,浜松市浜名区細江町,現地調査含む データ入稿済 2色,58600,税抜
2509-014,2025-09-04,1068,高橋,カルプ文字,,200,7,文字,20,,,,シート貼り,,修正,無,,,,23100,税抜
2509-015,2025-09-04,1074,高橋,カルプ文字,,100,10,文字,10,,,,塗装,,支給,無,,,増刷、オープン前,15000,税抜
2509-016,2025-09-04,1041,佐藤,袖看板,700,1800,1,台,,両面,,,,LED内照,支給,有,4.0,浜松市中央区舞阪町,,317600,税抜
2509-017,2025-09-04,9999,田中,袖看板,1000,3000,1,台,,両面,,,,LED内照,新規,有,6.0,浜松市浜名区貴布祢,社内確認中、既存看板撤去・処分,618200,税込
2509-018,2025-09-04,1042,佐藤,袖看板,450,900,1,台,,両面,,,,LED内照,修正,有,8.0,藤枝市,FAXにて送付,261200,税抜
2509-019,2025-09-05,1022,佐藤,インクジェット出力,1800,900,1,枚,,,ターポリン,なし,,,支給,有,2.0,静岡市葵区,ロゴのみ、前回同様,43600,税抜
2509-020,2025-09-05,1046,佐藤,インクジェット出力,1030,1456,22,枚,,,塩ビ,グロス,,,新規,無,,,,190000,税抜
2509-021,2025-09-05,1074,高橋,アルミ複合板看板,910,1820,1,枚,3,片面,,マット,,,支給,無,,,,18000,税抜
2509-022,2025-09-05,1077,高橋,インクジェット出力,841,1189,59,枚,,,塩ビ,なし,,,修正,有,1.8,浜松市中央区舞阪町,,262400,税抜
2509-023,2025-09-08,1048,鈴木,アルミ複合板看板,450,900,1,枚,3,両面,,グロス,,,新規,有,4.0,周智郡森町,ご担当：店長様,63700,税抜
2509-024,2025-09-08,1048,田中,アルミ複合板看板,900,1800,4,枚,3,片面,,グロス,,,新規,無,,,,68000,税抜
2509-025,2025-09-08,1012,鈴木,インクジェット出力,900,1800,23,枚,,,ターポリン,なし,,,支給,無,,,リピート,108300,税抜
2509-026,2025-09-08,1012,佐藤,アルミ複合板看板,1500,1200,2,枚,3,片面,,グロス,,,支給,無,,,,37000,税抜
2509-027,2025-09-09,9999,佐藤,インクジェット出力,1050,1000,1,枚,,,ターポリン,なし,,,新規,有,2.0,浜松市中央区舞阪町,,40260,税込
2509-028,2025-09-09,9999,佐藤,アルミ複合板看板,900,900,2,枚,3,片面,,グロス,,,新規,無,,,電話番号変更,32000,税抜
2509-029,2025-09-09,1025,佐藤,袖看板,600,1800,1,台,,両面,,,,LED内照,新規,有,3.5,浜松市中央区天王町,現調あり,330600,税抜
2509-030,2025-09-10,1077,鈴木,カルプ文字,,200,21,文字,20,,,,シート貼り,,新規,有,2.0,袋井市,ロゴデータAI支給、現地調査不要（写真あり）,72600,税抜
2509-031,2025-09-10,1019,鈴木,アルミ複合板看板,3050,1400,1,枚,3,片面,,グロス,,,支給,無,,,ビス穴加工 仮見積 四隅R,58200,税抜
2509-032,2025-09-10,1030,佐藤,アルミ複合板看板,1500,900,2,枚,3,両面,,マット,,,支給,有,2.0,浜松市中央区高塚町,要図面／リピート／現場写真受領／現地調査希望,55500,税抜
2509-033,2025-09-10,1074,高橋,袖看板,700,1800,2,台,,両面,,,,LED内照,支給,無,,,概算 電話にて依頼 支払：月末締翌月末,523600,税抜
2509-034,2025-09-10,9999,佐藤,インクジェット出力,420,594,1,枚,,,透過フィルム,グロス,,,新規,無,,,フルカラー／至急,19800,税込
2509-035,2025-09-10,1041,佐藤,アルミ複合板看板,450,900,2,枚,3,片面,,マット,,,支給,有,3.0,浜松市中央区天王町,穴あけ4箇所,40100,税抜
2509-036,2025-09-10,1089,佐藤,インクジェット出力,1350,1800,5,枚,,,合成紙,マット,,,新規,無,,,屋外用,88900,税抜
2509-037,2025-09-10,1057,高橋,インクジェット出力,594,841,1,枚,,,透過フィルム,なし,,,新規,無,,,PDF送付済／引取り,18000,税抜
2509-038,2025-09-12,1089,佐藤,袖看板,400,800,2,台,,両面,,,,なし,修正,有,8.0,浜松市中央区高塚町,見積有効期限1ヶ月,307000,税抜
2509-039,2025-09-12,1041,高橋,アルミ複合板看板,1500,900,1,枚,3,両面,,グロス,,,支給,有,3.0,浜松市浜名区細江町,,51000,税抜
2509-040,2025-09-12,1005,佐藤,インクジェット出力,650,1150,103,枚,,,塩ビ,グロス,,,支給,無,,,,233600,税抜
2509-041,2025-09-12,1085,佐藤,インクジェット出力,1000,1150,4,枚,,,塩ビ,グロス,,,支給,有,3.0,浜松市中央区舞阪町,,60900,税抜
2509-042,2025-09-12,9999,高橋,インクジェット出力,1000,1250,1,枚,,,塩ビ,グロス,,,新規,無,,,移転に伴い／校正2回まで,20680,税込
2509-043,2025-09-16,1046,佐藤,アルミ複合板看板,1800,900,1,枚,3,片面,,マット,,,修正,有,4.5,磐田市,,74500,税抜
2509-044,2025-09-16,1069,鈴木,袖看板,600,1200,1,台,,両面,,,,なし,新規,有,10.0,浜松市中央区鍛冶町,概算、午前中施工希望、見積有効期限1ヶ月,250000,税抜
2509-045,2025-09-17,1007,高橋,アルミ複合板看板,600,1800,1,枚,3,片面,,マット,,,支給,有,2.5,浜松市中央区天王町,期間限定キャンペーン用,39400,税抜
2509-046,2025-09-18,1023,田中,インクジェット出力,900,3600,1,枚,,,塩ビ,グロス,,,新規,無,,,配送希望、背景：白,23000,税抜
2509-047,2025-09-18,1026,高橋,カルプ文字,,100,11,文字,20,,,,シート貼り,,支給,有,2.5,浜松市中央区鍛冶町,仮見積,42000,税抜
2509-048,2025-09-18,1008,鈴木,アルミ複合板看板,1450,1700,12,枚,3,片面,,マット,,,新規,無,,,ロゴのみ,507200,税抜
2509-049,2025-09-18,9999,佐藤,アルミ複合板看板,900,1800,9,枚,3,片面,,グロス,,,修正,有,2.5,浜松市中央区佐鳴台,仮見積,230670,税込
2509-050,2025-09-19,1054,佐藤,カルプ文字,,100,6,文字,20,,,,塗装,,修正,有,5.0,浜松市中央区雄踏町,,70500,税抜
2509-051,2025-09-19,1063,鈴木,カルプ文字,,200,9,文字,30,,,,塗装,,支給,無,,,屋内用,29600,税抜
2509-052,2025-09-19,9999,鈴木,インクジェット出力,500,750,10,枚,,,合成紙,なし,,,新規,無,,浜松市中央区雄踏町,要現調 店名変更,31600,税抜
2509-053,2025-09-19,1047,田中,アルミ複合板看板,450,600,12,枚,3,片面,,グロス,,,支給,無,,,穴あけ,42000,税抜
2509-054,2025-09-19,9999,鈴木,カルプ文字,,120,3,文字,50,,,,シート貼り,,修正,有,3.0,磐田市,ご担当：店長様,49280,税込
2509-055,2025-09-20,9999,田中,カルプ文字,,500,10,文字,10,,,,シート貼り,,修正,有,4.5,浜松市中央区天王町,,116600,税込
2509-056,2025-09-22,1072,田中,アルミ複合板看板,1200,1800,2,枚,3,両面,,グロス,,,修正,有,2.5,浜松市中央区鍛冶町,現地調査希望、データ入稿済、フルカラー,112000,税抜
2509-057,2025-09-22,1045,高橋,アルミ複合板看板,600,1800,5,枚,3,片面,,マット,,,新規,無,,,,79900,税抜
2509-058,2025-09-22,1007,高橋,インクジェット出力,450,1200,2,枚,,,合成紙,グロス,,,修正,有,1.0,浜松市中央区雄踏町,,29600,税抜
2509-059,2025-09-22,1001,佐藤,インクジェット出力,1800,900,1,枚,,,ターポリン,なし,,,修正,無,,,改装に伴う 2案提出 引取り,11500,税抜
2509-060,2025-09-22,1029,田中,袖看板,900,2400,1,台,,両面,,,,LED内照,修正,有,3.0,浜松市浜名区引佐町,現調あり、新店舗、2色、撤去は別途、紹介案件、特急（3営業日）,535000,税抜
2509-061,2025-09-24,1007,高橋,カルプ文字,,100,5,文字,20,,,,シート貼り,,修正,有,3.0,浜松市中央区佐鳴台,PDF送付済 2案提出 2色,38000,税抜
2509-062,2025-09-24,1074,高橋,アルミ複合板看板,350,1000,1,枚,3,片面,,マット,,,支給,有,3.5,浜松市中央区高塚町,雨天順延、角丸,37200,税抜
2509-063,2025-09-24,1077,高橋,アルミ複合板看板,600,1800,3,枚,3,片面,,グロス,,,支給,有,3.0,豊川市,2案提出、既存看板撤去／処分、夜間（22時以降）,98700,税抜
2509-064,2025-09-24,1033,田中,アルミ複合板看板,600,900,2,枚,3,片面,,グロス,,,支給,有,3.0,静岡市駿河区,,62000,税抜
2509-065,2025-09-24,9999,佐藤,アルミ複合板看板,1000,1800,1,枚,3,片面,,グロス,,,支給,有,2.0,浜松市中央区鍛冶町,社内確認中,39100,税抜
2509-066,2025-09-25,9999,鈴木,袖看板,1000,3000,1,台,,両面,,,,LED内照,支給,有,7.0,浜松市浜名区貴布祢,2案提出,573100,税込
2509-067,2025-09-25,1022,佐藤,インクジェット出力,450,1200,92,枚,,,塩ビ,グロス,,,新規,無,,,,195400,税抜
2509-068,2025-09-25,1036,佐藤,アルミ複合板看板,1000,500,1,枚,3,両面,,マット,,,支給,無,,,社内確認中,11700,税抜
2509-069,2025-09-26,1074,高橋,インクジェット出力,841,1189,3,枚,,,合成紙,なし,,,修正,有,2.0,浜松市中央区舞阪町,閉店後夜間施工,40200,税抜
2509-070,2025-09-26,9999,高橋,カルプ文字,,200,10,文字,30,,,,塗装,,新規,有,6.0,浜松市中央区舞阪町,ご担当：店長様、店名変更,100800,税抜
2509-071,2025-09-26,1095,高橋,カルプ文字,,250,19,文字,30,,,,シート貼り,,支給,有,4.0,浜松市中央区三方原町,校正2回まで、移転に伴い、社内確認中,103900,税抜
2509-072,2025-09-26,9999,高橋,アルミ複合板看板,1500,900,1,枚,3,片面,,グロス,,,修正,有,2.5,浜松市中央区天王町,配送希望,45100,税抜
2509-073,2025-09-29,1037,佐藤,インクジェット出力,850,1100,1,枚,,,合成紙,なし,,,修正,無,,,屋外用,9500,税抜
2509-074,2025-09-29,1035,佐藤,アルミ複合板看板,1050,600,4,枚,3,片面,,マット,,,支給,無,,,,47000,税抜
2509-075,2025-09-29,1068,高橋,インクジェット出力,1250,650,2,枚,,,合成紙,なし,,,修正,無,,,ご担当：店長様,9800,税抜
2509-076,2025-09-29,1015,佐藤,アルミ複合板看板,900,1800,1,枚,3,片面,,マット,,,新規,有,1.5,浜松市中央区雄踏町,FAXにて送付、オープン前,50000,税抜
2509-077,2025-09-29,1082,佐藤,インクジェット出力,594,841,1,枚,,,ターポリン,なし,,,支給,有,1.8,浜松市天竜区二俣町,,33000,税抜
2509-078,2025-09-29,1011,佐藤,インクジェット出力,1200,1800,5,枚,,,塩ビ,グロス,,,支給,無,,,,56200,税抜
2509-079,2025-09-29,9999,田中,アルミ複合板看板,450,600,2,枚,3,片面,,グロス,,,新規,無,,,請求書は本社宛、支払：月末締翌月末、穴あけ4箇所、電話番号変更,29480,税込
2509-080,2025-09-30,1051,鈴木,アルミ複合板看板,900,1800,1,枚,3,両面,,マット,,,支給,無,,,角R加工／メールにて依頼,25200,税抜
2509-081,2025-09-30,1023,田中,アルミ複合板看板,1000,1250,12,枚,3,両面,,グロス,,,支給,有,2.0,浜松市中央区佐鳴台,佐鳴台店、校正2回まで、週末施工希望,299000,税抜
2509-082,2025-09-30,1036,佐藤,カルプ文字,,150,25,文字,20,,,,塗装,,支給,無,,,屋内用,48700,税抜
2509-083,2025-09-30,1085,田中,インクジェット出力,750,500,1,枚,,,合成紙,なし,,,支給,無,,,フルカラー,6000,税抜
