quote_id,quote_date,customer_code,rep,product,size,paper,colors,pages,finishing,quantity,kinds,delivery,due_date,notes,amount,tax_label,tax_amount
Q2210-001,2022-10-03,C001,高橋,名刺,91x55,上質180kg,4/0,,,100,6,市内,,肩書変更あり、新規デザイン（2案）,18000,税抜,
Q2210-002,2022-10-03,C006,鈴木,名刺,91x55,マットコート220kg,4/0,,,1000,2,市内,2022-10-07,Word入稿（要変換）,16530,,
Q2210-003,2022-10-04,C040,鈴木,名刺,91x55,マットコート220kg,1/0,,角丸,200,3,市外,2022-10-12,修正なし,9370,,
Q2210-004,2022-10-04,C040,鈴木,封筒,角2,クラフト85g,2/0,,,1500,1,市外,,,28590,,
Q2210-005,2022-10-05,C035,鈴木,冊子,A4,コート110kg,1/1,16,中綴じ,500,1,市内,2022-10-24,データ修正あり,40400,,
Q2210-006,2022-10-05,C037,高橋,リーフレット,A3,コート110kg,4/4,,三つ折,5000,1,市内,2022-10-19,Illustrator入稿,81000,税抜,
Q2210-007,2022-10-05,C009,田中,名刺,91x55,ヴァンヌーボ195kg,4/4,,,100,3,県外,2022-10-14,相見積,11060,税抜,
Q2210-008,2022-10-05,C009,田中,名刺,91x55,上質180kg,1/1,,,100,6,県外,2022-10-12,,15090,税抜,
Q2210-009,2022-10-06,C033,鈴木,名刺,91x55,マットコート220kg,4/4,,,100,1,市外,,修正なし,4900,,
Q2210-010,2022-10-06,一般,田中,チラシ,A3,マットコート135kg,4/4,,片面PP,100,1,引取,2022-10-17,,16731,,
Q2210-011,2022-10-06,D05,田中,リーフレット,A3,コート110kg,4/4,,二つ折,5000,1,引取,2022-10-18,帯掛け希望、校正はPDFで,68980,税抜,
Q2210-012,2022-10-06,D02,高橋,チラシ,B5,コート110kg,4/0,,,3000,1,市外,2022-10-17,校正はPDFで／納品書同梱,24500,,
Q2210-013,2022-10-07,D01,高橋,リーフレット,A4,コート110kg,4/4,,三つ折,5000,1,市外,2022-10-18,要確認,54000,税抜,
Q2210-014,2022-10-07,C002,高橋,リーフレット,A4,コート110kg,4/4,,三つ折,3000,1,市外,2022-10-17,PDF入稿,55500,,
Q2210-015,2022-10-07,一般,田中,名刺,91x55,パール紙180kg,1/1,,,100,1,引取,2022-10-18,PDF入稿、QRコード入り,3190,税込,
Q2210-016,2022-10-07,C017,田中,封筒,長3,クラフト70g,1/0,,,1000,1,市外,2022-10-20,特色（DIC 221）、完全データ入稿,11080,税抜,
Q2210-017,2022-10-11,K007,田中,チラシ,A4,マットコート135kg,4/4,,,100,1,引取,2022-10-18,請求書は本社宛,6347,,
Q2210-018,2022-10-11,C034,鈴木,リーフレット,A4,コート90kg,4/4,,三つ折,5000,1,市内,2022-10-13,特急でお願いします／Word入稿（要変換）,81870,,
Q2210-019,2022-10-11,D01,高橋,リーフレット,A4,コート110kg,4/4,,Z折,500,1,市外,2022-10-13,検討中／特急でお願いします,23000,,
Q2210-020,2022-10-11,一般,田中,名刺,91x55,上質180kg,1/0,,,100,1,引取,2022-10-14,データ修正（電話番号変更）,2860,,
Q2210-021,2022-10-11,C003,高橋,名刺,91x55,上質180kg,1/1,,,100,8,市外,2022-10-19,QRコード入り、サンプル5部別送,21500,,
Q2210-022,2022-10-11,C038,田中,名刺,91x55,マットコート220kg,4/0,,,100,2,市内,2022-10-14,新規デザイン（2案）、QRコード入り、データ修正（電話番号変更）、見積有効期限1ヶ月,10100,税抜,
Q2210-023,2022-10-11,C036,田中,封筒,角2,クラフト85g,1/0,,,2000,1,市内,2022-10-25,他社相見積あり、社名DIC 182,26410,,
Q2210-024,2022-10-12,C001,高橋,チラシ,B4,コート90kg,4/0,,,3000,3,市内,2022-10-21,ポスティング用,72500,,
Q2210-025,2022-10-12,C020,田中,チラシ,A4,マットコート135kg,4/0,,,1000,1,市内,2022-10-26,Word入稿（要変換） データ修正（電話番号変更）,26750,税抜,
Q2210-026,2022-10-12,C040,鈴木,封筒,長3,クラフト70g,1/0,,,1000,1,引取,2022-10-26,,6510,,
Q2210-027,2022-10-12,C003,高橋,封筒,角2,クラフト85g,1/0,,,1000,1,市外,2022-10-25,担当者様不在のため後日連絡,15500,税抜,
Q2210-028,2022-10-12,D02,高橋,チラシ,A4,コート110kg,4/4,,,2000,1,引取,,,35500,税抜,
Q2210-029,2022-10-13,D05,田中,冊子,A4,上質70kg,4/4,16,中綴じ,200,1,市内,2022-11-01,,39920,税抜,
Q2210-030,2022-10-13,C033,鈴木,チラシ,A4,コート90kg,4/0,,,20000,1,市外,2022-10-31,ポスティング用、支払は月末締め翌月末,64650,,
Q2210-031,2022-10-17,C035,鈴木,名刺,91x55,ヴァンヌーボ195kg,4/0,,,100,10,市内,2022-10-21,,25650,,
Q2210-032,2022-10-17,C002,高橋,名刺,91x55,上質180kg,4/0,,,300,1,市外,2022-10-21,,5300,税抜,
Q2210-033,2022-10-17,D04,鈴木,リーフレット,A4,コート110kg,4/4,,三つ折,300,1,県外,2022-10-20,,13640,,
Q2210-034,2022-10-17,一般,鈴木,名刺,91x55,上質180kg,1/0,,,100,1,引取,2022-10-24,FAX送付済,1760,,
Q2210-035,2022-10-17,C033,田中,チラシ,A4,コート90kg,4/0,,,20000,1,引取,2022-10-27,新聞折込用,64650,税抜,
Q2210-036,2022-10-17,C018,田中,チラシ,A3,コート110kg,4/0,,,500,1,市内,2022-10-25,色校あり、修正なし,21100,,
Q2210-037,2022-10-18,G04,鈴木,チラシ,B5,上質70kg,1/0,,,300,1,市外,2022-10-27,,7150,,
Q2210-038,2022-10-19,C001,高橋,チラシ,B4,コート90kg,4/0,,,3000,3,引取,2022-11-02,リピート,72500,税抜,
Q2210-039,2022-10-19,C007,田中,封筒,長3,クラフト70g,2/0,,,500,1,引取,2022-10-25,特色（DIC 221） 社名・住所入り 急ぎ,27180,,
Q2210-040,2022-10-19,D05,田中,チラシ,A4,コート90kg,4/0,,,30000,1,市内,2022-10-31,,75480,,
Q2210-041,2022-10-20,一般,鈴木,名刺,91x55,上質180kg,1/1,,角丸,200,1,県外,,新規デザイン（2案）,8162,,
Q2210-042,2022-10-20,D01,高橋,リーフレット,A4,コート110kg,4/4,,Z折,500,1,市外,2022-10-27,折り見本あり、前回同様（数量のみ変更）,17500,税抜,
Q2210-043,2022-10-20,C004,鈴木,チラシ,A4,コート90kg,4/0,,,10000,2,市外,,見積のみ、修正あり（PDF校正2回）,89780,,
Q2210-044,2022-10-20,D05,田中,冊子,A4,上質70kg,4/4,16,中綴じ,500,1,市内,2022-11-10,,74630,税抜,
Q2210-045,2022-10-21,C015,田中,封筒,角2,白ケント100g,1/0,,,1500,1,市内,2022-11-07,修正なし,26700,税抜,
Q2210-046,2022-10-21,C009,田中,名刺,91x55,ヴァンヌーボ195kg,4/4,,,200,3,県外,2022-10-26,リピート、QRコード入り、裏面英語表記,14770,税抜,
Q2210-047,2022-10-24,C012,鈴木,名刺,91x55,上質180kg,1/1,,片面PP+角丸,100,8,市内,2022-11-01,Illustrator入稿,25640,,
Q2210-048,2022-10-24,C035,鈴木,名刺,91x55,ヴァンヌーボ195kg,4/0,,,100,10,市内,,担当者様不在のため後日連絡、Illustrator入稿、前回同様（数量のみ変更）,25650,,
Q2210-049,2022-10-24,C003,高橋,封筒,角2,白ケント100g,1/0,,,300,1,市外,2022-11-04,,13000,,
Q2210-050,2022-10-25,C038,田中,冊子,A5,上質70kg,4/4,8,中綴じ,200,1,市内,2022-11-14,ページ数変更の可能性あり、検討中、他社相見積あり,18860,,
Q2210-051,2022-10-26,C001,高橋,チラシ,B5,コート90kg,4/0,,,10000,2,市内,,新聞折込用,61500,税抜,
Q2210-052,2022-10-27,C002,高橋,チラシ,B5,コート110kg,4/0,,,500,1,市外,2022-10-28,FAX送付済、特急でお願いします,15500,税抜,
Q2210-053,2022-10-27,C001,高橋,チラシ,B5,コート90kg,4/0,,,10000,1,市内,2022-11-15,紙は前回と同じ,31000,税抜,
Q2210-054,2022-10-27,C007,田中,名刺,91x55,上質135kg,4/4,,,200,1,市内,2022-11-02,,4980,税抜,
Q2210-055,2022-10-27,一般,田中,チラシ,B5,上質90kg,4/0,,,200,1,引取,,地図差替えあり／PDF入稿,6490,,
Q2210-056,2022-10-27,C006,鈴木,名刺,91x55,マットコート220kg,1/0,,,100,10,市内,2022-11-01,,14440,,
Q2210-057,2022-10-28,C033,鈴木,チラシ,A4,コート90kg,4/0,,,20000,1,市外,2022-11-08,リピート,64650,,
Q2210-058,2022-10-28,C024,鈴木,名刺,91x55,マットコート220kg,4/0,,,100,15,市内,2022-11-07,納品書同梱,32400,,
Q2210-059,2022-10-28,一般,田中,名刺,91x55,上質180kg,4/4,,角丸,200,2,引取,2022-11-08,QRコード入り,10780,税込,
Q2210-060,2022-10-28,C017,田中,封筒,長3,クラフト70g,1/0,,,500,1,市外,,,7080,税抜,
Q2210-061,2022-10-31,C040,鈴木,名刺,91x55,マットコート220kg,1/0,,角丸,100,5,市外,2022-11-04,メールにて見積送付、至急,12520,,
Q2210-062,2022-10-31,C040,鈴木,名刺,91x55,マットコート220kg,1/0,,角丸,200,4,市外,2022-11-09,FAX送付済、サンプル5部別送,12000,,
Q2210-063,2022-10-31,C002,高橋,チラシ,B5,コート110kg,4/0,,,1000,1,市外,2022-11-16,リピート,25500,税抜,
Q2210-064,2022-10-31,C001,高橋,チラシ,B5,コート90kg,4/0,,,15000,2,引取,,ロゴ特色指定,77000,税抜,
Q2211-001,2022-11-01,K010,田中,名刺,91x55,マットコート220kg,4/0,,,200,1,引取,2022-11-10,新規作成（ロゴ支給）,6710,税込,
Q2211-002,2022-11-01,D04,鈴木,チラシ,A5,マットコート135kg,4/0,,,10000,1,県外,2022-11-17,担当者様不在のため後日連絡,32530,,
Q2211-003,2022-11-01,C001,高橋,チラシ,A4,コート110kg,4/0,,,10000,1,市内,2022-11-02,完全データ入稿／特急,53000,税抜,
Q2211-004,2022-11-01,一般,田中,名刺,91x55,上質180kg,4/4,,角丸,100,2,引取,2022-11-08,,8580,税込,
Q2211-005,2022-11-02,C002,高橋,リーフレット,A4,コート90kg,4/4,,Z折,2000,1,市外,2022-11-17,,48500,,
Q2211-006,2022-11-02,C017,田中,封筒,長3,クラフト70g,1/0,,,1000,1,市外,2022-11-10,FAX送付済、リピート,7080,税抜,
Q2211-007,2022-11-02,C012,田中,名刺,91x55,マットコート220kg,1/0,,片面PP,300,2,市内,2022-11-11,文字修正3箇所,9360,,
Q2211-008,2022-11-02,D01,高橋,リーフレット,A4,コート110kg,4/4,,Z折,500,1,市外,2022-11-09,請求書は本社宛、FAX送付済、前回同様（数量のみ変更）,17500,,
Q2211-009,2022-11-02,C022,田中,封筒,長3,クラフト70g,2/0,,,2000,1,引取,2022-11-17,メールにて見積送付、特色（DIC 221）,16920,税抜,
Q2211-010,2022-11-04,K013,鈴木,チラシ,A4,マットコート135kg,4/0,,,100,1,市内,2022-11-08,地図差替えあり／至急,6380,,
Q2211-011,2022-11-04,一般,田中,名刺,91x55,マットコート220kg,4/4,,,100,1,引取,2022-11-10,修正なし,3740,税込,
Q2211-012,2022-11-04,C025,鈴木,チラシ,A4,コート90kg,4/0,,,3000,1,市外,,要確認,26600,,
Q2211-013,2022-11-07,C012,高橋,名刺,91x55,ヴァンヌーボ195kg,4/0,,,100,8,市内,2022-11-14,修正なし,18500,税抜,
Q2211-014,2022-11-07,C029,高橋,名刺,91x55,ヴァンヌーボ195kg,4/0,,,100,4,市内,2022-11-14,校正はPDFで、肩書変更あり,10000,税抜,
Q2211-015,2022-11-07,C006,鈴木,封筒,洋長3,白ケント80g,2/0,,,1000,1,市内,2022-11-11,至急 ロゴDIC指定,16540,,
Q2211-016,2022-11-07,C015,田中,名刺,91x55,上質135kg,1/0,,,500,2,市内,2022-11-11,文字修正あり,8200,税抜,
Q2211-017,2022-11-08,C030,高橋,名刺,91x55,上質180kg,1/0,,,100,1,引取,2022-11-10,特急,2000,,
Q2211-018,2022-11-09,C007,田中,リーフレット,A3,コート110kg,4/4,,二つ折,1000,1,市内,2022-11-17,,45220,税抜,
Q2211-019,2022-11-09,C002,高橋,チラシ,B5,コート110kg,4/0,,,500,1,市外,2022-11-11,至急／リピート／PDF入稿,11500,,
Q2211-020,2022-11-09,C016,高橋,名刺,91x55,マットコート220kg,4/0,,,100,10,市内,2022-11-14,,22500,,
Q2211-021,2022-11-09,C006,鈴木,封筒,洋長3,白ケント80g,2/0,,,1000,1,市内,2022-11-24,特色（DIC 221）、前回同様,16540,,
Q2211-022,2022-11-10,C014,鈴木,チラシ,A4,マットコート135kg,1/0,,,500,1,市内,2022-11-18,担当者様不在のため後日連絡,6730,,
Q2211-023,2022-11-10,C035,鈴木,封筒,長3,白ケント80g,1/0,,,10000,1,市内,2022-11-24,修正なし,49200,,
Q2211-024,2022-11-10,C022,田中,封筒,長3,クラフト70g,2/0,,,2000,1,市内,2022-11-17,リピート,12920,税抜,
Q2211-025,2022-11-10,C007,田中,封筒,長3,クラフト70g,2/0,,,5000,1,市内,2022-11-18,ロゴDIC指定／見積のみ／前回同様,27180,税抜,
Q2211-026,2022-11-10,C037,高橋,リーフレット,A3,コート110kg,4/4,,三つ折,3000,1,市内,2022-11-17,,64500,税抜,
Q2211-027,2022-11-10,C006,鈴木,リーフレット,A3,コート110kg,4/4,,二つ折,5000,1,市内,2022-11-18,修正なし,74860,,
Q2211-028,2022-11-10,D05,田中,冊子,A5,コート110kg,4/4,16,中綴じ,500,1,市内,2022-11-24,表紙・本文共紙,43860,税抜,
Q2211-029,2022-11-10,C004,鈴木,チラシ,A4,コート90kg,4/0,,,5000,3,市外,2022-11-28,,96120,,
Q2211-030,2022-11-11,G08,田中,チラシ,A4,上質90kg,4/0,,,300,1,市内,2022-11-18,,8514,税込,
Q2211-031,2022-11-11,C040,鈴木,名刺,91x55,マットコート220kg,1/0,,角丸,200,3,市外,2022-11-18,,9370,,
Q2211-032,2022-11-11,C004,鈴木,チラシ,A4,コート90kg,4/4,,,30000,1,市外,,Illustrator入稿,132720,,
Q2211-033,2022-11-12,C037,高橋,リーフレット,A4,コート110kg,4/4,,三つ折,2000,1,引取,2022-11-14,特色1色（DIC 156）、特急対応、担当者様不在のため後日連絡、100枚ごと帯掛け,67000,,
Q2211-034,2022-11-15,C004,鈴木,チラシ,A4,コート90kg,4/0,,,3000,3,市外,2022-12-02,前回同様,77380,,
Q2211-035,2022-11-15,C023,高橋,チラシ,A5,コート90kg,1/1,,,2000,1,県外,2022-11-25,修正あり（PDF校正2回） 新聞折込用,17000,税抜,
Q2211-036,2022-11-15,一般,田中,チラシ,A4,コート110kg,4/4,,,200,1,引取,2022-11-21,色校正出力1部／要確認,11550,,
Q2211-037,2022-11-15,C036,田中,封筒,角2,白ケント100g,1/0,,,1000,1,市内,2022-11-24,〒枠なし 他社相見積あり 納品書同梱,16920,税抜,
Q2211-038,2022-11-15,D03,田中,リーフレット,A4,マットコート135kg,4/4,,三つ折,1000,1,引取,2022-11-21,お急ぎ,38970,,
Q2211-039,2022-11-16,C037,高橋,チラシ,B5,コート90kg,1/0,,二つ折,500,1,引取,2022-11-28,Word入稿（要変換）,8970,税抜,
Q2211-040,2022-11-16,C036,田中,封筒,角2,白ケント100g,1/0,,,1000,1,市内,2022-11-30,サンプル5部別送／前回同様,16920,税抜,
Q2211-041,2022-11-16,C001,高橋,リーフレット,A4,コート110kg,4/4,,三つ折,2000,1,市内,2022-12-02,FAX送付済,45000,税抜,
Q2211-042,2022-11-17,C040,鈴木,名刺,91x55,マットコート220kg,1/0,,角丸,100,4,市外,2022-11-22,,10320,,
Q2211-043,2022-11-17,C030,高橋,チラシ,B5,コート90kg,4/4,,,500,1,市内,2022-11-28,検討中,17500,税抜,
Q2211-044,2022-11-18,D04,鈴木,リーフレット,A4,マットコート135kg,4/4,,三つ折,1000,1,県外,2022-12-06,折り見本あり,35680,,
Q2211-045,2022-11-18,一般,鈴木,名刺,91x55,上質135kg,4/0,,,100,1,引取,2022-11-24,,2772,,
Q2211-046,2022-11-18,D01,高橋,リーフレット,A4,コート90kg,4/4,,三つ折,500,1,市外,2022-11-21,紙は前回と同じ,23000,税抜,
Q2211-047,2022-11-18,C006,鈴木,冊子,A4,コート110kg,4/4,12,中綴じ,300,1,市内,2022-11-22,急ぎ,64220,,
Q2211-048,2022-11-21,D05,田中,冊子,A5,コート110kg,4/4,16,中綴じ,500,1,市内,2022-12-06,ページ数変更の可能性あり、請求書は本社宛,43860,税抜,
Q2211-049,2022-11-21,C037,高橋,リーフレット,A4,マットコート135kg,4/4,,二つ折,2000,1,市内,2022-12-01,修正なし／納品書同梱,51000,税抜,
Q2211-050,2022-11-21,G05,高橋,封筒,角2,クラフト85g,2/0,,,1500,1,市外,2022-11-24,特急（翌日納品希望）、Word入稿（要変換）,35200,税込,
Q2211-051,2022-11-21,C024,鈴木,名刺,91x55,マットコート220kg,4/0,,,300,1,市内,2022-11-25,メールにて見積送付、裏面英語表記、急ぎ,4600,,
Q2211-052,2022-11-21,C021,鈴木,名刺,91x55,ヴァンヌーボ195kg,4/4,,角丸,100,10,市内,2022-11-28,メールにて見積送付,43890,,
Q2211-053,2022-11-21,一般,鈴木,名刺,91x55,マットコート220kg,1/0,,,200,1,引取,2022-11-30,QRコード入り、PDF入稿,2200,,
Q2211-054,2022-11-22,一般,鈴木,名刺,91x55,マットコート220kg,4/0,,,100,2,引取,2022-11-29,納品書同梱,5280,,
Q2211-055,2022-11-22,一般,鈴木,チラシ,A5,マットコート135kg,1/0,,,500,1,引取,2022-11-28,請求書は本社宛,5500,,
Q2211-056,2022-11-22,C003,高橋,封筒,角2,クラフト85g,1/0,,,1000,1,引取,2022-12-05,紙は前回と同じ,14000,,
Q2211-057,2022-11-24,C001,高橋,チラシ,A4,コート110kg,4/4,,,10000,1,引取,2022-12-08,データ修正あり,66500,税抜,
Q2211-058,2022-11-24,C001,高橋,チラシ,B4,コート90kg,4/0,,,2000,3,市内,2022-12-01,リピート、PDF入稿,64500,税抜,
Q2211-059,2022-11-24,G05,高橋,冊子,A4,コート110kg,4/4,32,中綴じ,100,1,市外,,要確認、メールにて見積送付,52800,税込,
Q2211-060,2022-11-25,D01,高橋,封筒,角2,クラフト85g,1/0,,,300,1,市外,2022-12-08,Word入稿（要変換）、Illustrator入稿,9180,税抜,
Q2211-061,2022-11-25,C002,高橋,リーフレット,A4,コート110kg,4/4,,三つ折,1000,1,市外,,,44500,税抜,
Q2211-062,2022-11-28,C012,高橋,名刺,91x55,マットコート220kg,1/0,,片面PP,300,2,市内,2022-12-02,前回同様（数量のみ変更）,8360,税抜,
Q2211-063,2022-11-28,C030,高橋,名刺,91x55,ヴァンヌーボ195kg,4/0,,,100,1,市内,2022-12-01,見積のみ,3500,,
Q2211-064,2022-11-29,C026,田中,チラシ,A3,コート90kg,4/4,,,10000,1,市内,,Illustrator入稿,93850,,
Q2211-065,2022-11-29,C006,田中,冊子,A5,マットコート135kg,4/4,8,中綴じ,300,1,市内,2022-12-09,担当者様不在のため後日連絡、ページ数変更の可能性あり,27500,税抜,
Q2211-066,2022-11-29,C037,高橋,リーフレット,A4,マットコート135kg,4/4,,二つ折,2000,1,市内,2022-12-14,校正はPDFで／修正なし,51000,税抜,
Q2211-067,2022-11-30,C026,田中,チラシ,A3,コート90kg,4/4,,,15000,1,引取,2022-12-15,,126400,税抜,
Q2211-068,2022-11-30,一般,田中,チラシ,A4,マットコート135kg,1/0,,,200,1,引取,2022-12-05,要確認,5500,,
Q2212-001,2022-12-01,C040,鈴木,冊子,A4,マットコート135kg,4/4,8,中綴じ,1000,1,市外,2022-12-15,,67040,,
Q2212-002,2022-12-01,D05,田中,冊子,A5,コート110kg,4/4,16,中綴じ,300,1,市内,2022-12-16,前回同様（数量のみ変更）,42160,,
Q2212-003,2022-12-02,C007,田中,封筒,長3,クラフト70g,2/0,,,3000,1,市内,2022-12-09,検討中／前回同様（数量のみ変更）,16340,税抜,
Q2212-004,2022-12-02,C020,田中,チラシ,A4,マットコート135kg,4/0,,,1500,1,引取,,,28700,税抜,
Q2212-005,2022-12-03,C009,田中,冊子,A5,コート110kg,4/4,16,中綴じ,1000,1,県外,2022-12-19,Illustrator入稿,61280,税抜,
Q2212-006,2022-12-05,C006,鈴木,リーフレット,A4,マットコート135kg,4/4,,Z折,2000,1,引取,2022-12-21,検討中,49780,,
Q2212-007,2022-12-05,C040,鈴木,名刺,91x55,マットコート220kg,1/0,,角丸,200,1,市外,,検討中、担当者様不在のため後日連絡,4120,,
Q2212-008,2022-12-05,C002,高橋,チラシ,B5,コート110kg,4/0,,,1000,1,市外,,担当者様不在のため後日連絡,25500,税抜,
Q2212-009,2022-12-05,C037,高橋,チラシ,B5,コート90kg,1/0,,二つ折,500,1,市内,2022-12-12,修正なし、前回同様,8270,税抜,
Q2212-010,2022-12-06,C006,鈴木,名刺,91x55,マットコート220kg,4/0,,,1000,2,市内,2022-12-12,担当者様不在のため後日連絡,16530,,
Q2212-011,2022-12-07,一般,鈴木,名刺,91x55,マットコート220kg,1/0,,,200,2,市内,2022-12-15,新規作成（ロゴ支給）／文字修正3箇所,10230,,
Q2212-012,2022-12-08,一般,田中,名刺,91x55,ヴァンヌーボ195kg,4/4,,,500,1,市外,2022-12-14,,11440,税込,
Q2212-013,2022-12-08,C001,高橋,チラシ,A4,コート110kg,4/0,,,10000,1,市内,2022-12-15,ポスティング用、地図差替えあり,42000,税抜,
Q2212-014,2022-12-09,C005,鈴木,名刺,91x55,パール紙180kg,4/4,,片面PP,100,2,市内,2022-12-14,,9400,,
Q2212-015,2022-12-09,C001,高橋,チラシ,B4,コート90kg,4/0,,,10000,1,引取,2022-12-16,PDF入稿,45000,,
Q2212-016,2022-12-09,C035,鈴木,リーフレット,A4,マットコート135kg,4/4,,Z折,1000,2,市内,2022-12-16,,88400,,
Q2212-017,2022-12-09,C001,高橋,チラシ,B4,コート90kg,4/0,,,3000,3,市内,2022-12-21,ポスティング用／見積有効期限1ヶ月,72500,税抜,
Q2212-018,2022-12-10,C001,高橋,チラシ,A4,コート110kg,4/0,,,15000,1,市内,2022-12-13,納品書同梱 前回より部数増 特急,64500,,
Q2212-019,2022-12-12,一般,田中,チラシ,B5,マットコート135kg,4/0,,,200,2,引取,,PDF入稿,12793,税込,
Q2212-020,2022-12-12,C003,高橋,封筒,角2,白ケント100g,1/0,,,300,1,引取,2022-12-21,メールにて見積送付,11500,税抜,
Q2212-021,2022-12-12,C020,田中,チラシ,A4,マットコート135kg,4/0,,,1000,1,市内,2022-12-22,新聞折込用,23750,税抜,
Q2212-022,2022-12-13,D02,高橋,チラシ,A4,コート110kg,4/4,,,3000,1,市外,2022-12-21,新聞折込用／前回同様,38500,税抜,
Q2212-023,2022-12-13,C028,田中,チラシ,B4,コート90kg,4/0,,,1000,1,市内,,支払は月末締め翌月末、見積有効期限1ヶ月,20830,税抜,
Q2212-024,2022-12-13,一般,田中,名刺,91x55,上質180kg,1/1,,,100,1,引取,2022-12-20,担当者様不在のため後日連絡,2860,税込,
Q2212-025,2022-12-14,C007,田中,リーフレット,A3,コート110kg,4/4,,二つ折,1000,1,引取,2022-12-22,リピート、納品書同梱、500枚ごと帯掛け,45000,税抜,
Q2212-026,2022-12-14,C007,田中,封筒,長3,クラフト70g,2/0,,,5000,1,市内,2022-12-28,社名DIC 182,27180,税抜,
Q2212-027,2022-12-14,一般,鈴木,名刺,91x55,マットコート220kg,4/0,,,100,1,引取,2022-12-19,新規デザイン、FAX送付済、要確認,5940,,
Q2212-028,2022-12-14,一般,田中,名刺,91x55,マットコート220kg,1/0,,,300,2,市内,2022-12-22,,6160,,
Q2212-029,2022-12-14,C030,高橋,リーフレット,A4,コート110kg,4/4,,三つ折,1000,1,市内,2022-12-15,特急対応、データ修正あり,58500,,
Q2212-030,2022-12-14,C031,鈴木,封筒,洋長3,白ケント80g,2/0,,,1000,1,県外,2022-12-23,特色（DIC 221）、校正はPDFで,18500,,
Q2212-031,2022-12-16,C003,高橋,封筒,長3,白ケント80g,1/0,,,3000,1,市外,2022-12-26,,18500,税抜,
Q2212-032,2022-12-16,一般,田中,名刺,91x55,上質180kg,1/1,,,200,1,引取,2022-12-22,担当者様不在のため後日連絡／他社相見積あり,3740,,
Q2212-033,2022-12-16,D01,高橋,リーフレット,A4,コート110kg,4/4,,三つ折,5000,1,市外,2023-01-10,前回同様,54000,,
Q2212-034,2022-12-16,C002,高橋,チラシ,B4,コート90kg,4/0,,,1000,1,市外,2022-12-28,,24500,税抜,
Q2212-035,2022-12-16,C036,田中,封筒,角2,クラフト85g,1/0,,,2500,1,市内,2022-12-23,社名DIC 182、前回同様（数量のみ変更）、社名・住所入り、前回より部数増,31540,,
Q2212-036,2022-12-19,C006,鈴木,名刺,91x55,マットコート220kg,4/0,,,1000,3,市内,2022-12-27,他社相見積あり、前回同様（数量のみ変更）、裏面英語表記,24790,,
Q2212-037,2022-12-19,C003,高橋,リーフレット,A4,コート110kg,4/4,,三つ折,1000,1,市外,2023-01-11,要確認,44500,税抜,
Q2212-038,2022-12-20,D04,鈴木,リーフレット,A3,コート110kg,4/4,,二つ折,500,1,県外,2022-12-28,,27400,,
Q2212-039,2022-12-20,C004,田中,チラシ,A4,コート110kg,4/4,,,30000,1,市外,,,143640,税抜,
Q2212-040,2022-12-20,D05,田中,リーフレット,A3,コート110kg,4/4,,二つ折,3000,1,市内,,前回同様／折り見本あり／担当者様不在のため後日連絡,53720,税抜,
Q2212-041,2022-12-21,C017,田中,チラシ,A4,コート90kg,1/1,,二つ折,1000,1,市外,2023-01-13,地図差替えあり,16030,税抜,
Q2212-042,2022-12-21,C001,高橋,チラシ,A4,コート110kg,4/0,,,10000,1,市内,2022-12-28,修正なし,42000,税抜,
Q2212-043,2022-12-22,C022,田中,封筒,長3,クラフト70g,2/0,,,2000,1,市内,2023-01-10,修正なし／見積のみ,12920,,
Q2212-044,2022-12-22,C025,鈴木,チラシ,A4,コート90kg,4/0,,,3000,1,市外,2023-01-16,500枚ごと帯掛け DIC指定あり 前回同様（数量のみ変更） 見積有効期限1ヶ月,30300,,
Q2212-045,2022-12-22,C006,鈴木,封筒,洋長3,白ケント80g,2/0,,,1000,1,市内,2023-01-11,前回同様（数量のみ変更）、納品書同梱,12540,,
Q2212-046,2022-12-23,C030,高橋,チラシ,A4,コート90kg,4/4,,,2000,1,市内,2023-01-10,校正はPDFで,43000,,
Q2212-047,2022-12-23,C030,高橋,冊子,A5,上質70kg,4/4,16,中綴じ,100,1,市内,2023-01-11,Illustrator入稿,17500,税抜,
Q2212-048,2022-12-24,C001,高橋,チラシ,A4,上質70kg,4/0,,,50000,1,市内,2023-01-17,Word入稿（要変換）、修正なし,108000,税抜,
Q2212-049,2022-12-26,C006,鈴木,リーフレット,A3,コート110kg,4/4,,二つ折,3000,1,引取,2023-01-13,,60040,,
Q2212-050,2022-12-26,C031,鈴木,封筒,洋長3,白ケント80g,2/0,,,1200,1,県外,2023-01-11,ロゴDIC指定、前回同様（数量のみ変更）,25300,,
Q2212-051,2022-12-26,D05,田中,チラシ,A4,コート90kg,4/0,,,30000,1,市内,2023-01-18,地図差替えあり／前回同様,75480,,
Q2212-052,2022-12-26,C001,高橋,チラシ,A4,コート90kg,4/4,,二つ折,5000,1,市内,2023-01-12,,56500,税抜,
Q2212-053,2022-12-27,C002,高橋,チラシ,A4,コート90kg,4/0,,,2000,1,市外,2023-01-17,ポスティング用 新聞折込用 文字修正3箇所,29500,,
Q2212-054,2022-12-27,C018,田中,名刺,91x55,マットコート220kg,4/4,,,100,1,市内,2023-01-10,修正なし,4200,,
Q2212-055,2022-12-27,C030,高橋,名刺,91x55,マットコート220kg,1/0,,片面PP+角丸,100,2,市内,,見積有効期限1ヶ月／担当者様不在のため後日連絡／新規作成（ロゴ支給）,9700,税抜,
Q2212-056,2022-12-27,D02,高橋,チラシ,A4,コート110kg,4/4,,,1500,1,市外,2023-01-13,文字修正あり 前回同様,38500,,
Q2212-057,2022-12-27,C001,高橋,チラシ,A4,コート90kg,4/4,,,20000,1,市内,2023-01-13,Word入稿（要変換）,84000,税抜,
Q2212-058,2022-12-28,C020,田中,チラシ,B4,コート110kg,4/4,,,1000,1,市内,2023-01-19,,42050,税抜,
Q2212-059,2022-12-28,C020,田中,チラシ,A4,マットコート135kg,4/0,,,1000,1,市内,2023-01-13,請求書は本社宛、修正なし,23750,税抜,
Q2301-001,2023-01-05,C005,鈴木,名刺,91x55,マットコート220kg,1/0,,,100,2,引取,2023-01-16,Illustrator入稿,3200,,
Q2301-002,2023-01-05,C006,鈴木,リーフレット,A3,コート110kg,4/4,,二つ折,5000,1,市内,2023-01-19,納品書同梱 メールにて見積送付,74860,,
Q2301-003,2023-01-05,一般,鈴木,名刺,91x55,上質180kg,1/1,,,100,2,引取,,他社相見積あり,5720,,
Q2301-004,2023-01-05,K004,田中,冊子,A5,マットコート135kg,1/1,24,中綴じ,50,1,引取,2023-01-17,,9922,税込,
Q2301-005,2023-01-06,C012,田中,名刺,91x55,マットコート220kg,1/0,,片面PP,300,4,市内,2023-01-17,リピート、要確認,15120,,
Q2301-006,2023-01-06,C012,田中,封筒,角2,クラフト85g,1/0,,,2000,1,市内,2023-01-17,〒枠なし,22410,税抜,
Q2301-007,2023-01-06,C033,鈴木,チラシ,A4,コート90kg,4/0,,,200,1,市外,2023-01-12,前回同様、文字修正あり,9500,,
Q2301-008,2023-01-12,C007,田中,リーフレット,A3,コート110kg,4/4,,二つ折,500,1,市内,2023-01-17,折り見本あり、前回同様（数量のみ変更）,31630,,
Q2301-009,2023-01-13,C007,高橋,リーフレット,A3,コート110kg,4/4,,二つ折,500,1,市内,2023-01-23,,31300,税抜,
Q2301-010,2023-01-14,C035,鈴木,リーフレット,A4,マットコート135kg,4/4,,Z折,1000,2,市内,2023-01-17,特急（翌日納品希望）、請求書は本社宛、Illustrator入稿,110500,,
Q2301-011,2023-01-16,C038,田中,チラシ,A4,コート110kg,4/4,,,1000,2,市内,,サンプル5部別送、見積のみ,80400,税抜,
Q2301-012,2023-01-16,G02,高橋,冊子,A4,上質70kg,4/4,32,中綴じ,150,1,市外,2023-02-01,,62700,税込,
Q2301-013,2023-01-16,C003,高橋,チラシ,B5,コート90kg,4/0,,,500,1,市外,2023-01-20,Illustrator入稿,12500,税抜,
Q2301-014,2023-01-17,C012,高橋,名刺,91x55,マットコート220kg,1/0,,片面PP,200,1,引取,2023-01-24,肩書変更あり,2880,税抜,
Q2301-015,2023-01-17,C004,鈴木,チラシ,B4,上質70kg,4/0,,,20000,1,市外,2023-01-30,校正はPDFで 新聞折込用,73080,,
Q2301-016,2023-01-18,C033,鈴木,チラシ,A4,コート90kg,4/0,,,20000,1,市外,2023-01-25,新聞折込用,64650,,
Q2301-017,2023-01-18,C035,鈴木,封筒,長3,クラフト70g,2/0,,,1000,1,市内,2023-01-26,,10000,,
Q2301-018,2023-01-18,C004,鈴木,名刺,91x55,上質180kg,4/4,,,100,3,市外,2023-01-23,QRコード入り,12210,,
Q2301-019,2023-01-18,G08,田中,封筒,長3,クラフト70g,2/0,,,2000,1,市内,2023-01-30,修正なし,13464,,
Q2301-020,2023-01-19,G05,高橋,冊子,A5,上質70kg,4/4,16,中綴じ,150,1,市外,,見積のみ,27500,,
Q2301-021,2023-01-20,C003,高橋,名刺,91x55,パール紙180kg,4/4,,,300,1,市外,,完全データ入稿、新規作成（ロゴ支給）,10500,,
Q2301-022,2023-01-20,D05,田中,チラシ,A4,コート90kg,4/4,,,3000,1,市内,,地図差替えあり,39310,,
Q2301-023,2023-01-23,C026,田中,チラシ,B4,コート90kg,4/4,,,10000,1,市内,2023-02-06,他社相見積あり,74100,税抜,
Q2301-024,2023-01-23,C017,田中,封筒,長3,クラフト70g,1/0,,,1000,1,引取,,見積有効期限1ヶ月、校正はPDFで、ロゴDIC指定,9580,税抜,
Q2301-025,2023-01-23,C002,高橋,チラシ,B4,コート90kg,4/0,,,1000,1,市外,,,24500,税抜,
Q2301-026,2023-01-25,C025,鈴木,チラシ,A4,コート110kg,4/0,,,1000,1,引取,2023-01-26,納品書同梱／特急でお願いします,28250,,
Q2301-027,2023-01-25,C004,鈴木,チラシ,A4,コート90kg,4/0,,,8000,2,市外,2023-02-09,リピート,74280,,
Q2301-028,2023-01-25,C040,鈴木,名刺,91x55,マットコート220kg,1/0,,角丸,200,1,市外,2023-02-01,,4120,,
Q2301-029,2023-01-27,C017,田中,封筒,長3,クラフト70g,1/0,,,500,1,市外,,前回同様（数量のみ変更）、見積のみ,7080,税抜,
Q2301-030,2023-01-28,C022,田中,封筒,長3,クラフト70g,2/0,,,2000,1,引取,2023-02-06,前回同様（数量のみ変更）、〒枠なし、窓なし,12920,,
Q2301-031,2023-01-30,C040,鈴木,封筒,洋長3,白ケント80g,2/0,,,2000,1,市外,2023-02-07,,22500,,
Q2301-032,2023-01-30,C006,鈴木,リーフレット,A4,マットコート135kg,4/4,,Z折,3000,1,市内,2023-02-07,PDF入稿、前回同様、要確認,56000,,
Q2302-001,2023-02-01,C001,高橋,チラシ,A4,コート90kg,4/4,,,20000,1,市内,,ポスティング用／修正なし,84000,,
Q2302-002,2023-02-01,C003,高橋,封筒,角2,クラフト85g,1/0,,,1200,1,引取,,修正なし／完全データ入稿,20000,,
Q2302-003,2023-02-02,C001,高橋,チラシ,A4,コート90kg,4/4,,,50000,3,市内,2023-02-10,Illustrator入稿,500000,,
Q2302-004,2023-02-03,C001,田中,チラシ,B4,コート90kg,4/0,,,5000,3,市内,2023-02-10,前回同様,92110,税抜,
Q2302-005,2023-02-03,C004,鈴木,チラシ,A4,コート90kg,4/4,,,5000,1,市外,2023-02-13,,57750,,
Q2302-006,2023-02-06,C002,高橋,チラシ,B5,コート110kg,4/0,,,500,1,引取,2023-02-09,前回同様,10000,,
Q2302-007,2023-02-06,C006,鈴木,リーフレット,A3,コート110kg,4/4,,二つ折,3000,1,市内,2023-02-17,リピート、要確認,60040,,
Q2302-008,2023-02-06,C001,高橋,チラシ,B4,コート90kg,4/0,,,5000,3,市内,2023-02-13,前回同様、納品書同梱,92000,,
Q2302-009,2023-02-06,C008,高橋,冊子,A4,マットコート135kg,4/4,16,中綴じ,300,1,市内,2023-02-20,校正はPDFで,88000,,
Q2302-010,2023-02-07,C026,田中,チラシ,B4,コート90kg,4/4,,,5000,1,市内,2023-02-20,メールにて見積送付,59800,税抜,
Q2302-011,2023-02-07,C040,鈴木,名刺,91x55,マットコート220kg,1/0,,角丸,200,3,市外,2023-02-15,データ修正あり,10370,,
Q2302-012,2023-02-07,D02,高橋,チラシ,A4,コート110kg,4/4,,,2000,1,市外,2023-02-15,相見積、リピート、新聞折込用,35500,税抜,
Q2302-013,2023-02-07,C007,田中,チラシ,B4,コート110kg,4/0,,,20000,1,市内,2023-02-15,,83360,税抜,
Q2302-014,2023-02-08,C017,田中,封筒,長3,クラフト70g,1/0,,,1000,1,市外,2023-02-21,要確認,5580,税抜,
Q2302-015,2023-02-08,C002,高橋,チラシ,B5,コート110kg,4/0,,,500,1,引取,2023-02-14,新聞折込用、リピート,10000,税抜,
Q2302-016,2023-02-08,C025,鈴木,チラシ,A4,コート90kg,4/0,,,5000,1,市外,2023-02-15,請求書は本社宛、相見積、前回同様（数量のみ変更）、修正なし,31050,,
Q2302-017,2023-02-09,D05,田中,冊子,A5,マットコート135kg,4/4,24,中綴じ,300,1,市内,2023-02-20,ページ数変更の可能性あり,60690,,
Q2302-018,2023-02-10,K003,鈴木,名刺,91x55,上質180kg,4/0,,,100,1,市内,,他社相見積あり,3520,,
Q2302-019,2023-02-10,C036,田中,名刺,91x55,マットコート220kg,1/0,,,100,1,市内,2023-02-17,,2240,税抜,
Q2302-020,2023-02-10,C020,田中,チラシ,A4,マットコート135kg,4/0,,,1000,1,引取,,ポスティング用,23750,,
Q2302-021,2023-02-10,一般,鈴木,名刺,91x55,マットコート220kg,1/0,,,300,2,引取,2023-02-20,,5280,,
Q2302-022,2023-02-10,C026,田中,チラシ,B4,コート90kg,4/4,,,1000,1,市内,2023-02-22,本機色校正あり,49150,,
Q2302-023,2023-02-10,D05,田中,チラシ,A4,コート110kg,4/0,,,3000,1,市内,,,22440,税抜,
Q2302-024,2023-02-13,一般,田中,名刺,91x55,ヴァンヌーボ195kg,4/4,,,100,1,市外,2023-02-16,,5720,,
Q2302-025,2023-02-13,C023,高橋,チラシ,A5,コート90kg,1/1,,,2000,1,県外,2023-02-27,本機色校正あり、リピート,22000,税抜,
Q2302-026,2023-02-13,C007,田中,チラシ,A3,コート90kg,4/0,,,5000,3,引取,2023-02-24,文字修正あり,121890,,
Q2302-027,2023-02-13,C015,田中,名刺,91x55,上質135kg,1/0,,,500,2,引取,2023-02-17,前回同様（数量のみ変更）,6400,税抜,
Q2302-028,2023-02-13,一般,鈴木,チラシ,A4,上質90kg,1/1,,,1000,1,引取,2023-02-28,,14377,,
Q2302-029,2023-02-14,C022,田中,封筒,長3,クラフト70g,2/0,,,5000,1,市内,,急ぎ、前回同様、請求書は本社宛、前回より部数増、支払は月末締め翌月末,23180,税抜,
Q2302-030,2023-02-14,C003,高橋,チラシ,B5,コート90kg,4/0,,,500,1,市外,2023-02-24,ポスティング用 完全データ入稿,12500,税抜,
Q2302-031,2023-02-14,C022,田中,封筒,長3,クラフト70g,2/0,,,1500,1,市内,2023-02-21,請求書は本社宛、社名・住所入り,12920,,
Q2302-032,2023-02-14,C006,鈴木,封筒,角2,クラフト85g,1/0,,,2000,1,市内,,修正あり（PDF校正2回）,26700,,
Q2302-033,2023-02-14,C018,田中,名刺,91x55,マットコート220kg,1/1,,,100,4,市内,2023-02-21,,10400,税抜,
Q2302-034,2023-02-14,一般,鈴木,チラシ,A3,コート110kg,4/0,,,100,1,引取,2023-02-20,支払は月末締め翌月末,6600,,
Q2302-035,2023-02-14,C026,田中,チラシ,A4,コート90kg,4/4,,,3000,1,市内,2023-02-27,,46250,税抜,
Q2302-036,2023-02-15,C017,田中,封筒,長3,クラフト70g,1/0,,,1000,1,市外,2023-03-01,特色（DIC 221）,11080,税抜,
Q2302-037,2023-02-15,C003,高橋,封筒,長3,クラフト70g,1/0,,,3000,1,市外,2023-02-28,修正なし,13500,,
Q2302-038,2023-02-16,D05,田中,チラシ,B5,コート110kg,4/4,,,1000,1,市内,2023-03-06,ポスティング用,35470,税抜,
Q2302-039,2023-02-16,D01,高橋,リーフレット,A4,コート90kg,4/4,,三つ折,1000,1,市外,2023-02-22,お急ぎ,35000,税抜,
Q2302-040,2023-02-16,C031,鈴木,封筒,洋長3,白ケント80g,2/0,,,1000,1,県外,2023-02-24,リピート,14500,,
Q2302-041,2023-02-16,D05,田中,チラシ,A5,コート110kg,4/0,,,30000,1,市内,2023-03-06,地図差替えあり,48960,,
Q2302-042,2023-02-17,D01,高橋,リーフレット,A3,コート110kg,4/4,,二つ折,500,1,市外,,サンプル5部別送,29000,税抜,
Q2302-043,2023-02-17,C007,田中,チラシ,B4,コート110kg,4/0,,,20000,1,市内,2023-02-27,ポスティング用、帯掛け希望,91360,税抜,
Q2302-044,2023-02-17,C036,田中,名刺,91x55,マットコート220kg,1/1,,,100,3,市内,2023-02-22,,7820,税抜,
Q2302-040-R2,2023-02-20,C031,鈴木,封筒,洋長3,白ケント80g,2/0,,,500,1,県外,2023-03-01,再見積（数量変更）、リピート,14500,,
Q2302-045,2023-02-20,C001,高橋,チラシ,B5,コート90kg,4/0,,,15000,2,市内,2023-03-03,,73000,税抜,
Q2302-046,2023-02-21,C003,高橋,封筒,角2,クラフト85g,1/0,,,1000,1,市外,,検討中 窓なし 前回同様,15500,,
Q2302-047,2023-02-21,C006,鈴木,封筒,長3,クラフト70g,1/0,,,2000,1,市内,2023-03-07,紙は前回と同じ,9540,,
Q2302-048,2023-02-21,一般,田中,冊子,A4,コート110kg,1/1,20,中綴じ,30,1,引取,2023-03-13,校正はPDFで、サンプル5部別送,9240,税込,
Q2302-049,2023-02-21,C016,高橋,名刺,91x55,上質180kg,4/0,,,100,5,市内,2023-02-27,,12000,税抜,
Q2302-050,2023-02-22,C016,高橋,名刺,91x55,上質180kg,4/0,,,100,5,市内,2023-03-03,QRコード入り,12000,,
Q2302-051,2023-02-24,C007,田中,チラシ,A4,コート90kg,4/4,,,5000,1,市内,2023-03-08,納品書同梱,52250,税抜,
Q2302-052,2023-02-24,C001,高橋,チラシ,A4,コート90kg,4/4,,,20000,1,市内,,校正はPDFで,84000,税抜,
Q2302-053,2023-02-24,D02,高橋,チラシ,A3,コート90kg,1/0,,,10000,1,市外,2023-03-08,見積のみ,34000,税抜,
Q2302-054,2023-02-25,C006,鈴木,名刺,91x55,マットコート220kg,4/4,,,100,4,市内,2023-03-03,メールにて見積送付,12920,,
Q2302-055,2023-02-25,G05,高橋,冊子,A5,上質70kg,4/4,16,中綴じ,100,1,市外,,前回同様,1925,税込,
Q2302-056,2023-02-27,G02,高橋,チラシ,A4,上質70kg,1/0,,,200,1,市外,2023-03-03,紙は前回と同じ,7150,税込,
Q2302-057,2023-02-28,D01,高橋,冊子,A4,コート110kg,4/4,8,中綴じ,300,1,市外,2023-03-17,,39500,税抜,
Q2302-058,2023-02-28,C002,高橋,リーフレット,A4,マットコート135kg,4/4,,三つ折,2000,1,市外,2023-03-02,納品書同梱／特急,65500,税抜,
Q2302-059,2023-02-28,C018,田中,リーフレット,A4,マットコート135kg,4/4,,三つ折,10000,1,市内,2023-03-13,修正なし,96200,税抜,
Q2302-060,2023-02-28,一般,田中,名刺,91x55,上質135kg,4/4,,,100,1,引取,2023-03-06,,3740,税込,
Q2302-061,2023-02-28,C015,田中,名刺,91x55,上質135kg,1/0,,,500,1,市内,2023-03-06,校正はPDFで,4000,,
Q2303-001,2023-03-01,G08,田中,冊子,A4,上質70kg,1/1,24,中綴じ,300,1,市内,2023-03-17,紙は前回と同じ、表紙・本文共紙,41910,,
Q2303-002,2023-03-01,G01,高橋,冊子,A4,上質70kg,1/1,12,中綴じ,300,1,市内,,納品書同梱、本機色校正あり,33000,税込,
Q2303-003,2023-03-01,一般,田中,名刺,91x55,マットコート220kg,4/0,,角丸,100,1,引取,2023-03-07,,3190,税込,
Q2303-004,2023-03-02,C028,田中,チラシ,A4,コート110kg,4/0,,,1000,1,引取,2023-03-15,,20340,,
Q2303-005,2023-03-02,C006,鈴木,封筒,長3,クラフト70g,2/0,,,5000,1,市内,2023-03-10,2色目DIC指定,27200,,
Q2303-006,2023-03-02,一般,田中,名刺,91x55,上質180kg,1/1,,,500,1,引取,,裏面英語表記,6380,税込,
Q2303-007,2023-03-02,一般,田中,名刺,91x55,ヴァンヌーボ195kg,1/1,,,100,1,引取,2023-03-09,データ修正あり／納品書同梱,4290,,
Q2303-008,2023-03-02,C020,田中,チラシ,A4,マットコート135kg,4/0,,,1000,1,市内,,支払は月末締め翌月末,23750,税抜,
Q2303-009,2023-03-03,C026,田中,チラシ,A3,コート90kg,4/4,,,10000,1,市内,2023-03-07,急ぎ、メールにて見積送付,93850,税抜,
Q2303-010,2023-03-03,C040,鈴木,封筒,長3,クラフト70g,1/0,,,1500,1,引取,,支払は月末締め翌月末,9660,,
Q2303-011,2023-03-03,D05,田中,チラシ,A5,マットコート135kg,4/4,,,5000,1,市内,2023-03-14,地図差替えあり,39690,,
Q2303-012,2023-03-03,C003,高橋,封筒,長3,クラフト70g,1/0,,,3000,1,市外,,要確認、リピート,13500,,
Q2303-013,2023-03-06,C012,高橋,名刺,91x55,マットコート220kg,1/0,,片面PP,200,3,市内,2023-03-10,前回同様、紙は前回と同じ、文字修正3箇所,10000,,
Q2303-014,2023-03-06,D05,田中,冊子,A4,コート110kg,4/4,24,中綴じ,500,1,市内,2023-03-28,修正なし,116870,,
Q2303-015,2023-03-06,C036,田中,名刺,91x55,マットコート220kg,4/4,,,100,1,市内,2023-03-09,,3860,税抜,
Q2303-016,2023-03-06,C004,鈴木,名刺,91x55,上質180kg,4/4,,,100,6,市外,2023-03-10,リピート,22560,,
Q2303-017,2023-03-06,C007,田中,チラシ,A3,コート90kg,4/0,,,5000,3,市内,2023-03-15,サンプル5部別送、要確認,118890,,
Q2303-011-R2,2023-03-07,D05,田中,チラシ,A5,マットコート135kg,4/4,,,5000,1,市内,2023-03-13,地図差替えあり,36900,税抜,
Q2303-018,2023-03-07,C003,高橋,封筒,角2,クラフト85g,1/0,,,2000,1,市外,2023-03-15,,72000,,
Q2303-019,2023-03-07,D01,高橋,チラシ,A4,マットコート135kg,4/4,,,20000,1,市外,,Illustrator入稿,90500,税抜,
Q2303-020,2023-03-07,D02,高橋,チラシ,A4,コート110kg,4/4,,,2000,1,市外,2023-03-16,見積有効期限1ヶ月、前回同様（数量のみ変更）,35500,,
Q2303-021,2023-03-07,G05,高橋,冊子,A5,上質70kg,4/4,16,中綴じ,150,1,市外,2023-03-16,リピート、Illustrator入稿,25850,,
Q2303-022,2023-03-08,C037,高橋,封筒,長3,白ケント80g,2/0,,,3000,1,市内,,要確認 検討中,22000,,
Q2303-023,2023-03-09,D01,高橋,チラシ,A5,コート110kg,1/1,,,30000,1,市外,2023-03-23,サンプル5部別送、特色（DIC 2585）,39500,税抜,
Q2303-024,2023-03-09,一般,田中,名刺,91x55,上質180kg,1/0,,片面PP,100,1,引取,,支払は月末締め翌月末,2420,税込,
Q2303-025,2023-03-09,C036,田中,封筒,角2,クラフト85g,1/0,,,2500,1,市内,2023-03-16,修正なし、前回同様（数量のみ変更）、要確認、特色（DIC 221）,31540,税抜,
Q2303-026,2023-03-09,C005,鈴木,名刺,91x55,マットコート220kg,1/0,,,100,3,市内,,データ修正（電話番号変更）,6600,,
Q2303-027,2023-03-09,C012,高橋,名刺,91x55,マットコート220kg,1/0,,片面PP,5000,1,市内,,,6380,,
Q2303-028,2023-03-09,C005,鈴木,名刺,91x55,上質180kg,1/0,,,100,1,市内,2023-03-15,紙は前回と同じ,2400,,
Q2303-029,2023-03-10,D04,鈴木,リーフレット,A4,コート110kg,4/4,,三つ折,500,1,県外,2023-03-20,校正はPDFで、前回より部数増、PDF入稿,17760,,
Q2303-030,2023-03-10,C017,田中,封筒,長3,クラフト70g,1/0,,,500,1,市外,2023-03-20,校正はPDFで,7080,税抜,
Q2303-031,2023-03-10,C026,田中,チラシ,B4,コート90kg,4/4,,,10000,1,市内,2023-03-27,,74100,税抜,
Q2303-032,2023-03-10,C025,鈴木,チラシ,A4,コート90kg,4/0,,,3000,1,市外,2023-03-20,前回同様、サンプル5部別送、修正なし,26600,,
Q2303-033,2023-03-10,C038,田中,チラシ,A4,コート110kg,4/0,,,5000,1,市内,2023-03-29,支払は月末締め翌月末、修正なし,33000,税抜,
Q2303-034,2023-03-10,一般,田中,名刺,91x55,ヴァンヌーボ195kg,1/0,,,500,1,引取,2023-03-20,裏面英語表記、修正なし,5170,税込,
Q2303-035,2023-03-10,C036,田中,封筒,洋長3,白ケント80g,1/0,,,10000,1,市内,2023-03-27,社名DIC 182、Word入稿（要変換）,62680,,
Q2303-036,2023-03-10,C007,高橋,封筒,角2,白ケント100g,2/0,,,1500,1,市内,,FAX送付済、〒枠なし,30500,税抜,
Q2303-037,2023-03-10,C009,田中,冊子,A5,コート110kg,4/4,16,中綴じ,50,1,県外,2023-04-03,リピート、校正はPDFで,10990,税抜,
Q2303-038,2023-03-10,C020,田中,チラシ,A4,マットコート135kg,4/0,,,1000,1,市内,2023-03-24,校正はPDFで,23750,税抜,
Q2303-039,2023-03-11,C002,高橋,チラシ,B4,コート90kg,4/0,,,1000,1,市外,2023-03-17,前回同様（数量のみ変更）、文字修正あり、特色1色（DIC 156）,30000,,
Q2303-040,2023-03-13,一般,鈴木,名刺,91x55,上質180kg,1/1,,,1000,1,引取,2023-03-17,急ぎ,10780,,
Q2303-041,2023-03-13,C003,高橋,封筒,角2,白ケント100g,1/0,,,300,1,市外,2023-03-28,修正なし、ロゴDIC指定,17000,税抜,
Q2303-042,2023-03-13,C033,鈴木,チラシ,A4,コート90kg,4/0,,,10000,1,市外,,地図差替えあり,43300,,
Q2303-043,2023-03-13,C029,高橋,名刺,91x55,ヴァンヌーボ195kg,4/0,,,100,7,市内,2023-03-20,修正なし、前回同様,17000,税抜,
Q2303-044,2023-03-14,C007,田中,チラシ,A3,コート90kg,4/0,,,5000,3,市内,2023-03-17,お急ぎ、前回同様（数量のみ変更）、他社相見積あり,118890,,
Q2303-045,2023-03-15,C038,田中,チラシ,A4,コート110kg,4/0,,,5000,1,市内,2023-03-29,FAX送付済、リピート,33000,税抜,
Q2303-046,2023-03-15,C003,高橋,冊子,A5,マットコート135kg,4/4,32,中綴じ,1000,1,市外,2023-03-27,Word入稿（要変換）,119500,税抜,
Q2303-047,2023-03-15,K001,田中,冊子,A5,マットコート135kg,4/4,8,中綴じ,100,1,引取,,修正なし,13651,税込,
Q2303-048,2023-03-15,D04,鈴木,リーフレット,A4,コート110kg,4/4,,三つ折,300,1,県外,,FAX送付済、前回同様、修正なし,12510,,
Q2303-049,2023-03-17,C003,高橋,冊子,A4,マットコート135kg,4/4,8,中綴じ,200,1,市外,2023-03-30,,31000,,
Q2303-050,2023-03-17,G05,高橋,冊子,A5,上質70kg,4/4,16,中綴じ,150,1,市外,,表紙・本文共紙,27500,税込,
Q2303-051,2023-03-17,一般,鈴木,名刺,91x55,上質180kg,1/1,,,300,4,引取,2023-03-23,,18480,,
Q2303-052,2023-03-17,G05,高橋,冊子,A5,上質70kg,4/4,16,中綴じ,100,1,引取,,リピート,17600,税込,
Q2303-053,2023-03-17,C002,高橋,冊子,A4,上質70kg,4/4,8,中綴じ,100,1,市外,2023-04-07,PDF入稿,19000,税抜,
Q2303-054,2023-03-20,一般,鈴木,冊子,A4,上質70kg,4/4,28,中綴じ,30,1,引取,2023-03-30,他社相見積あり,19624,,
Q2303-055,2023-03-20,D01,高橋,チラシ,A5,コート90kg,4/0,,,5000,3,市外,2023-03-29,修正なし、帯掛け希望,62000,,
Q2303-056,2023-03-20,一般,鈴木,冊子,A5,マットコート135kg,4/4,16,中綴じ,50,1,引取,2023-04-10,校正はPDFで,13101,,
Q2303-057,2023-03-20,C025,鈴木,チラシ,A4,コート110kg,4/0,,,1000,1,市外,2023-03-28,修正なし、ポスティング用、特色1色（DIC 156）,28100,,
Q2303-058,2023-03-20,D02,高橋,チラシ,A4,コート110kg,4/4,,,1500,1,市外,2023-03-29,前回同様（数量のみ変更）、サンプル5部別送,35500,税抜,
Q2303-059,2023-03-20,C021,鈴木,名刺,91x55,上質180kg,4/4,,,200,1,市内,2023-03-28,FAX送付済,5640,,
Q2303-060,2023-03-22,C015,田中,名刺,91x55,マットコート220kg,1/0,,片面PP,500,1,引取,2023-03-24,新規デザイン、Illustrator入稿、特急,10750,,
Q2303-061,2023-03-22,D05,田中,冊子,A5,マットコート135kg,4/4,24,中綴じ,300,1,市内,2023-04-03,表紙・本文共紙 紙は前回と同じ,60690,税抜,
Q2303-062,2023-03-22,一般,田中,チラシ,A4,コート110kg,4/0,,,300,1,引取,2023-03-28,,8635,,
Q2303-063,2023-03-22,C020,田中,チラシ,A4,マットコート135kg,4/0,,,1000,1,引取,2023-04-06,リピート,23750,,
Q2303-064,2023-03-23,C007,田中,名刺,91x55,上質135kg,4/0,,,500,3,市内,2023-03-28,データ修正あり、紙は前回と同じ、FAX送付済,15820,,
Q2303-065,2023-03-23,一般,鈴木,名刺,91x55,上質135kg,1/0,,,100,1,引取,2023-03-31,新規作成（ロゴ支給）,5060,,
Q2303-066,2023-03-23,C009,田中,冊子,A5,コート110kg,4/4,16,中綴じ,1000,1,県外,2023-03-27,納品書同梱、特急、表紙・本文共紙,75620,税抜,
Q2303-067,2023-03-23,C002,高橋,リーフレット,A4,マットコート135kg,4/4,,三つ折,2000,1,市外,2023-04-07,請求書は本社宛、折り見本あり,52000,税抜,
Q2303-068,2023-03-23,D04,鈴木,チラシ,A5,マットコート135kg,4/0,,,10000,1,県外,,前回同様,32530,,
Q2303-069,2023-03-23,C001,田中,チラシ,A4,コート110kg,4/0,,,15000,1,市内,2023-04-07,リピート、Illustrator入稿,51840,税抜,
Q2303-070,2023-03-23,C002,高橋,リーフレット,A4,マットコート135kg,4/4,,Z折,1000,1,市外,2023-03-27,特急対応,57000,,
Q2303-071,2023-03-23,一般,鈴木,名刺,91x55,上質135kg,1/0,,,100,1,引取,2023-03-31,新規作成（ロゴ支給）,5060,,
Q2303-072,2023-03-24,C012,高橋,名刺,91x55,マットコート220kg,1/0,,片面PP,300,3,市内,2023-03-30,Word入稿（要変換）,11000,,
Q2303-073,2023-03-24,C022,田中,チラシ,A4,コート110kg,4/0,,,3000,1,市内,2023-03-28,文字修正あり、急ぎ、Illustrator入稿,28080,,
Q2303-074,2023-03-24,C003,高橋,名刺,91x55,マットコート220kg,4/4,,,100,4,市外,2023-03-31,新規デザイン（2案）、裏面英語表記,19500,税抜,
Q2303-075,2023-03-24,C040,鈴木,封筒,長3,クラフト70g,1/0,,,1200,1,市外,2023-04-06,Illustrator入稿,11160,,
Q2303-076,2023-03-24,一般,田中,チラシ,B5,上質90kg,1/1,,,100,1,引取,2023-03-27,特急でお願いします、請求書は本社宛,6875,税込,
Q2303-077,2023-03-24,C003,高橋,名刺,91x55,マットコート220kg,1/0,,,100,3,市外,2023-03-31,,6300,,
Q2303-078,2023-03-24,C003,高橋,封筒,角2,クラフト85g,1/0,,,1000,1,市外,2023-03-31,支払は月末締め翌月末,15500,,
Q2303-079,2023-03-24,C001,高橋,チラシ,B4,コート90kg,4/0,,,3000,3,市内,2023-04-11,見積有効期限1ヶ月 要確認,72500,,
Q2303-080,2023-03-27,C018,田中,チラシ,B5,上質70kg,1/0,,,1000,1,市内,,修正なし,9700,税抜,
Q2303-081,2023-03-27,C023,高橋,名刺,91x55,マットコート220kg,4/0,,,100,5,県外,2023-03-31,メールにて見積送付,12500,税抜,
Q2303-082,2023-03-27,C038,田中,チラシ,A4,コート110kg,4/0,,,200,1,市内,2023-04-05,修正なし,6800,,
Q2303-083,2023-03-28,C022,田中,封筒,長3,クラフト70g,2/0,,,2000,1,市内,2023-04-10,,12920,,
Q2303-084,2023-03-28,D05,田中,チラシ,A3,コート90kg,4/0,,,10000,1,引取,,ポスティング用,54950,税抜,
Q2303-085,2023-03-29,C002,高橋,リーフレット,A4,マットコート135kg,4/4,,Z折,1000,1,市外,2023-04-11,前回同様（数量のみ変更）,45500,税抜,
Q2303-086,2023-03-29,C007,田中,封筒,長3,クラフト70g,2/0,,,5000,1,市内,2023-04-06,前回同様（数量のみ変更）、2色目DIC指定,27180,,
Q2303-087,2023-03-29,C038,田中,チラシ,A4,コート110kg,4/0,,,20000,1,市内,,文字修正あり,74800,税抜,
Q2303-088,2023-03-29,D05,田中,チラシ,A4,コート90kg,4/0,,,2000,1,市内,,地図差替えあり、修正なし,21330,税抜,
Q2303-089,2023-03-29,C006,鈴木,冊子,A4,マットコート135kg,4/4,28,中綴じ,1000,1,市内,2023-03-31,特急対応,223900,,
Q2303-090,2023-03-29,一般,鈴木,名刺,91x55,マットコート220kg,1/1,,,100,1,引取,2023-03-30,文字修正3箇所／特急,4675,,
Q2303-091,2023-03-30,C012,高橋,名刺,91x55,マットコート220kg,1/1,,,200,4,市内,2023-04-04,新規作成（ロゴ支給）,16500,,
Q2303-092,2023-03-30,C026,田中,チラシ,B4,コート90kg,4/4,,,5000,1,市内,2023-04-07,前回同様／Illustrator入稿,59800,税抜,
Q2303-093,2023-03-30,C026,田中,チラシ,A4,コート110kg,4/0,,,30000,2,市内,,見積のみ,197600,税抜,
Q2303-094,2023-03-31,一般,鈴木,名刺,91x55,ヴァンヌーボ195kg,4/0,,,100,1,引取,2023-04-05,要確認,2970,,
Q2304-001,2023-04-03,D01,田中,チラシ,A4,コート90kg,4/0,,,5000,1,引取,2023-04-17,データ修正（電話番号変更）／Word入稿（要変換）,28980,税抜,
Q2304-002,2023-04-03,C029,高橋,名刺,91x55,マットコート220kg,4/0,,,100,2,市内,2023-04-06,新規作成（ロゴ支給）、QRコード入り,8860,税抜,
Q2304-003,2023-04-03,C001,高橋,チラシ,B4,コート90kg,4/0,,,20000,1,市内,2023-04-14,見積有効期限1ヶ月、修正なし,70000,,
Q2304-004,2023-04-03,C036,田中,封筒,洋長3,白ケント80g,1/0,,,10000,1,市内,2023-04-05,社名DIC 182、修正なし、特急,77350,税抜,
Q2304-005,2023-04-03,C031,鈴木,封筒,洋長3,白ケント80g,2/0,,,1000,1,県外,,〒枠なし、社名・住所入り,1517,,
Q2304-006,2023-04-03,C012,高橋,名刺,91x55,マットコート220kg,4/0,,,100,12,引取,2023-04-07,校正はPDFで,23500,税抜,
Q2304-007,2023-04-04,一般,鈴木,チラシ,A4,コート110kg,4/4,,,50,1,引取,2023-04-13,Word入稿（要変換）,5500,,
Q2304-008,2023-04-04,C014,鈴木,封筒,角2,クラフト85g,1/0,,,1000,1,市内,2023-04-14,窓なし,14000,,
Q2304-009,2023-04-04,C009,田中,冊子,A5,コート110kg,4/4,16,中綴じ,1500,1,県外,2023-04-19,前回同様,78440,税抜,
Q2304-010,2023-04-05,一般,田中,名刺,91x55,マットコート220kg,4/4,,,100,1,引取,2023-04-13,データ修正（電話番号変更）,4840,,
Q2304-011,2023-04-06,D01,高橋,リーフレット,A4,コート110kg,4/4,,Z折,500,1,市外,,折り見本あり,19000,税抜,
Q2304-012,2023-04-06,C001,高橋,チラシ,B5,コート90kg,4/0,,,10000,2,市内,,ポスティング用、前回同様（数量のみ変更）,65000,,
Q2304-013,2023-04-06,C023,高橋,リーフレット,A4,コート90kg,4/4,,三つ折,500,1,引取,2023-04-12,メールにて見積送付,21500,税抜,
Q2304-014,2023-04-06,C004,鈴木,名刺,91x55,上質180kg,4/4,,,100,5,市外,2023-04-11,前回同様（数量のみ変更）、見積有効期限1ヶ月、紙は前回と同じ,19350,,
Q2304-015,2023-04-06,D01,高橋,リーフレット,A4,コート110kg,4/4,,Z折,500,1,市外,2023-04-14,文字修正3箇所、見積有効期限1ヶ月,22000,税抜,
Q2304-016,2023-04-06,C007,田中,チラシ,A4,コート90kg,4/4,,,20000,2,市内,2023-04-13,完全データ入稿、PDF入稿,187480,税抜,
Q2304-017,2023-04-07,C031,鈴木,封筒,洋長3,白ケント80g,2/0,,,1000,1,県外,2023-04-21,前回同様（数量のみ変更）／社名・住所入り／担当者様不在のため後日連絡,15170,,
Q2304-018,2023-04-10,C034,鈴木,リーフレット,A4,マットコート135kg,4/4,,Z折,5000,1,引取,2023-04-20,折り見本あり,75700,,
Q2304-019,2023-04-10,C038,田中,チラシ,A4,コート110kg,4/0,,,5000,1,市内,2023-04-24,新聞折込用、特色1色（DIC 156）,38720,税抜,
Q2304-020,2023-04-10,C001,高橋,チラシ,B5,コート90kg,4/0,,,10000,2,市内,2023-04-26,要確認／納品書同梱,65000,,
Q2304-021,2023-04-11,D05,田中,冊子,A5,マットコート135kg,4/4,24,中綴じ,500,1,市内,2023-04-28,ページ数変更の可能性あり,67440,税抜,
Q2304-022,2023-04-12,C019,鈴木,封筒,長3,クラフト70g,1/0,,,2000,1,市内,2023-04-21,紙は前回と同じ、データ修正（電話番号変更）,12290,,
Q2304-023,2023-04-12,C017,田中,リーフレット,A4,コート110kg,4/4,,三つ折,2000,1,市外,,PDF入稿,46120,税抜,
Q2304-024,2023-04-13,C016,高橋,封筒,角2,白ケント100g,2/0,,,3000,1,市内,2023-04-26,見積有効期限1ヶ月、データ修正（電話番号変更）,58000,税抜,
Q2304-025,2023-04-13,C038,田中,チラシ,A4,コート110kg,4/0,,,5000,1,市内,2023-04-20,特色1色（DIC 156）／メールにて見積送付,38720,,
Q2304-026,2023-04-13,C031,鈴木,冊子,A5,上質70kg,4/4,24,中綴じ,3000,1,県外,2023-05-01,支払は月末締め翌月末,157900,,
Q2304-027,2023-04-14,C020,田中,チラシ,A5,マットコート135kg,4/4,,,500,1,引取,2023-04-19,,11120,税抜,
Q2304-028,2023-04-14,C002,高橋,リーフレット,A3,コート90kg,4/4,,二つ折,3000,1,市外,2023-04-26,修正なし,62500,税抜,
Q2304-029,2023-04-14,一般,田中,名刺,91x55,上質180kg,1/1,,,100,1,県外,,リピート,3432,,
Q2304-030,2023-04-17,C040,鈴木,封筒,長3,クラフト70g,1/0,,,1200,1,引取,2023-04-27,社名DIC 182,14260,,
Q2304-031,2023-04-17,C017,田中,封筒,角2,クラフト85g,2/0,,,500,1,市外,2023-04-28,,14460,,
Q2304-032,2023-04-17,C040,鈴木,封筒,長3,クラフト70g,1/0,,,1500,1,市外,,請求書は本社宛、窓なし、リピート,11760,,
Q2304-033,2023-04-17,C003,高橋,封筒,角2,クラフト85g,1/0,,,1000,1,市外,2023-04-28,ロゴDIC指定,21000,,
Q2304-034,2023-04-18,G05,高橋,冊子,A5,上質70kg,4/4,16,中綴じ,30,1,市外,2023-05-09,文字修正あり,14300,,
Q2304-035,2023-04-18,G04,鈴木,チラシ,A4,上質70kg,1/1,,,200,1,市外,2023-04-26,FAX送付済、地図差替えあり,7150,,
Q2304-036,2023-04-19,K008,田中,冊子,A5,上質70kg,4/4,24,中綴じ,50,1,引取,2023-05-10,,16588,,
Q2304-037,2023-04-19,C006,鈴木,封筒,長3,クラフト70g,2/0,,,2000,1,市内,2023-05-08,Word入稿（要変換）,13470,,
Q2304-038,2023-04-19,C031,鈴木,リーフレット,A4,コート90kg,4/4,,三つ折,3000,1,県外,2023-05-10,,57570,,
Q2304-039,2023-04-20,C001,高橋,チラシ,A4,コート90kg,4/4,,,15000,1,市内,2023-05-09,サンプル5部別送、前回同様,73500,税抜,
Q2304-040,2023-04-20,C037,高橋,封筒,長3,クラフト70g,2/0,,,1000,1,市内,2023-05-09,,10000,税抜,
Q2304-041,2023-04-20,C007,田中,チラシ,A3,コート90kg,4/0,,,100,3,市内,2023-04-26,,15490,税抜,
Q2304-042,2023-04-21,D05,田中,チラシ,A4,コート90kg,4/4,,,2000,1,市内,2023-05-11,完全データ入稿、Illustrator入稿、前回同様（数量のみ変更）,37440,,
Q2304-043,2023-04-21,C002,高橋,チラシ,B4,コート90kg,4/0,,,1000,1,市外,2023-05-08,前回同様（数量のみ変更）、支払は月末締め翌月末,24500,税抜,
Q2304-044,2023-04-21,C033,鈴木,チラシ,A4,コート90kg,4/0,,,2000,1,市外,2023-05-01,担当者様不在のため後日連絡,26600,,
Q2304-045,2023-04-24,K001,田中,名刺,91x55,マットコート220kg,4/0,,,200,1,引取,,,3410,税込,
Q2304-046,2023-04-24,C001,高橋,チラシ,B4,上質70kg,4/4,,,20000,1,市内,2023-05-08,ロゴ特色指定、紙は前回と同じ,98000,税抜,
Q2304-047,2023-04-25,一般,田中,名刺,91x55,パール紙180kg,1/1,,,100,1,引取,2023-04-28,,3190,税込,
Q2304-048,2023-04-25,C031,鈴木,リーフレット,A4,コート90kg,4/4,,三つ折,3000,1,県外,2023-05-16,FAX送付済,57570,,
Q2304-049,2023-04-25,C028,田中,チラシ,A3,コート90kg,4/4,,,500,1,市内,2023-05-01,ポスティング用,27930,,
Q2304-050,2023-04-25,C022,田中,封筒,長3,クラフト70g,2/0,,,2500,1,市内,2023-05-09,前回より部数増、2色目DIC指定、前回同様、窓なし,21160,,
Q2304-051,2023-04-25,C021,鈴木,名刺,91x55,上質180kg,4/4,,,200,1,市内,2023-04-28,肩書変更あり、リピート,5640,,
Q2304-052,2023-04-26,D05,田中,チラシ,A4,コート90kg,4/4,,,3000,1,市内,2023-05-10,完全データ入稿、前回同様（数量のみ変更）,40520,税抜,
Q2304-053,2023-04-27,G08,田中,封筒,長3,クラフト70g,2/0,,,2500,1,市内,2023-05-10,Illustrator入稿／窓なし,17886,,
Q2304-054,2023-04-27,G02,高橋,冊子,A4,上質70kg,4/4,16,中綴じ,100,1,市外,2023-05-23,色校正出力1部,31350,,
Q2304-055,2023-04-28,D02,高橋,名刺,91x55,上質180kg,4/4,,,200,3,引取,,Illustrator入稿,10500,,
Q2304-056,2023-04-28,K003,高橋,名刺,91x55,マットコート220kg,4/4,,,100,1,引取,,新規デザイン,7040,税込,
Q2304-057,2023-04-29,C006,鈴木,リーフレット,A3,コート110kg,4/4,,二つ折,5000,1,市内,2023-05-01,特急,97670,,
Q2305-001,2023-05-01,C021,鈴木,冊子,A5,マットコート135kg,4/4,8,中綴じ,1000,1,市内,2023-05-19,支払は月末締め翌月末,44990,,
Q2305-002,2023-05-01,C002,高橋,リーフレット,A4,マットコート135kg,4/4,,Z折,1000,1,市外,2023-05-18,サンプル5部別送,45500,税抜,
Q2305-003,2023-05-08,C003,高橋,名刺,91x55,上質180kg,4/0,,角丸,100,5,市外,2023-05-15,サンプル5部別送、新規デザイン,21000,,
Q2305-004,2023-05-08,D03,田中,リーフレット,A4,マットコート135kg,4/4,,三つ折,1000,1,市内,2023-05-16,リピート,39610,税抜,
Q2305-005,2023-05-09,C038,田中,リーフレット,A4,コート110kg,4/4,,三つ折,2000,1,市内,2023-05-19,,51250,税抜,
Q2305-006,2023-05-09,一般,田中,チラシ,A4,上質90kg,4/0,,,200,1,引取,2023-05-17,,6600,税込,
Q2305-007,2023-05-10,C001,高橋,チラシ,A4,上質70kg,4/0,,,50000,1,市内,2023-05-26,,117000,税抜,
Q2305-008,2023-05-11,一般,田中,チラシ,B5,マットコート135kg,4/4,,,300,1,引取,2023-05-19,納品書同梱,14179,,
Q2305-009,2023-05-12,C034,鈴木,チラシ,A4,上質70kg,1/0,,,5000,1,市内,2023-05-25,修正なし／担当者様不在のため後日連絡,10500,,
Q2305-010,2023-05-12,D04,鈴木,リーフレット,A3,コート110kg,4/4,,二つ折,1000,1,県外,2023-05-26,前回同様（数量のみ変更）、請求書は本社宛、PDF入稿,39160,,
Q2305-011,2023-05-16,C030,高橋,名刺,91x55,上質135kg,4/0,,,100,1,引取,2023-05-24,PDF入稿、新規デザイン,5400,,
Q2305-012,2023-05-17,C004,鈴木,冊子,A4,マットコート135kg,4/4,8,中綴じ,300,1,市外,2023-05-31,データ修正あり,59070,,
Q2305-013,2023-05-18,C029,高橋,チラシ,A4,コート90kg,4/4,,,500,1,市内,,FAX送付済、メールにて見積送付,16500,税抜,
Q2305-014,2023-05-18,K007,田中,名刺,91x55,上質135kg,4/0,,,100,1,引取,2023-05-24,QRコード入り,2640,税込,
Q2305-015,2023-05-18,C012,高橋,封筒,洋長3,白ケント80g,1/0,,,500,1,市内,2023-05-30,特色（DIC 221）、要確認,13000,,
Q2305-016,2023-05-18,D02,高橋,チラシ,A4,コート110kg,4/4,,,2000,1,市外,,リピート,36000,税抜,
Q2305-017,2023-05-19,一般,鈴木,名刺,91x55,ヴァンヌーボ195kg,1/0,,,200,1,引取,2023-05-23,特急、担当者様不在のため後日連絡,3575,,
Q2305-018,2023-05-19,C004,鈴木,チラシ,A4,コート90kg,4/0,,,5000,3,市外,,至急,100610,,
Q2305-019,2023-05-19,一般,田中,名刺,91x55,上質180kg,4/0,,,200,1,引取,2023-05-26,,3410,税込,
Q2305-010-R2,2023-05-22,D04,鈴木,リーフレット,A3,コート110kg,4/4,,二つ折,1500,1,県外,2023-05-26,再見積（数量変更）、前回同様（数量のみ変更）、請求書は本社宛、PDF入稿,43340,,
Q2305-020,2023-05-22,C031,鈴木,リーフレット,A4,コート90kg,4/4,,三つ折,3000,1,県外,2023-06-05,前回同様、見積有効期限1ヶ月,57570,,
Q2305-021,2023-05-22,C020,田中,名刺,91x55,マットコート220kg,1/0,,角丸,100,3,市内,2023-05-30,検討中,7100,,
Q2305-022,2023-05-22,一般,鈴木,名刺,91x55,上質180kg,1/0,,片面PP,200,1,引取,2023-05-30,リピート,3520,,
Q2305-023,2023-05-22,一般,田中,名刺,91x55,上質135kg,1/0,,片面PP+角丸,100,2,引取,2023-05-30,QRコード入り、新規作成（ロゴ支給）,9790,税込,
Q2305-024,2023-05-22,C004,鈴木,チラシ,A4,コート90kg,4/0,,,10000,2,市外,,色校1回、見積のみ,100260,,
Q2305-025,2023-05-22,C026,田中,チラシ,A3,コート90kg,4/4,,,10000,1,市内,2023-06-06,ポスティング用、見積のみ、前回同様（数量のみ変更）,99070,税抜,
Q2305-026,2023-05-23,D05,田中,冊子,A5,マットコート135kg,4/4,24,中綴じ,300,1,市内,,メールにて見積送付、リピート、検討中,61960,,
Q2305-027,2023-05-23,一般,田中,リーフレット,A3,マットコート135kg,4/4,,二つ折,1000,1,引取,2023-06-01,修正なし,56540,税込,
Q2305-028,2023-05-23,D05,田中,名刺,91x55,マットコート220kg,1/1,,,200,3,市内,2023-05-31,請求書は本社宛、見積有効期限1ヶ月,9470,税抜,
Q2305-029,2023-05-24,G04,鈴木,チラシ,A4,上質70kg,1/1,,,200,1,市外,2023-05-31,見積有効期限1ヶ月／リピート／完全データ入稿,7150,,
Q2305-030,2023-05-24,一般,田中,名刺,91x55,マットコート220kg,4/4,,,100,1,引取,2023-05-30,要確認,3740,税込,
Q2305-031,2023-05-25,C028,田中,冊子,A5,コート110kg,4/4,16,中綴じ,2000,1,市内,2023-06-12,,77820,,
Q2305-032,2023-05-26,D02,高橋,チラシ,A5,コート110kg,4/0,,,5000,1,市外,2023-06-06,PDF入稿,23500,,
Q2305-033,2023-05-26,C017,田中,名刺,91x55,マットコート220kg,1/0,,片面PP+角丸,500,4,市外,,見積有効期限1ヶ月,25620,税抜,
Q2305-034,2023-05-26,C001,高橋,チラシ,A3,コート90kg,4/0,,,10000,1,市内,2023-05-29,特急（翌日納品希望）、検討中、支払は月末締め翌月末,78500,,
Q2305-035,2023-05-29,C037,高橋,リーフレット,A4,マットコート135kg,4/4,,二つ折,3000,1,市内,2023-06-13,帯掛け希望、色校1回、見積のみ、前回同様,68500,税抜,
Q2305-036,2023-05-29,C007,田中,チラシ,A4,コート90kg,4/4,,,10000,1,市内,2023-06-14,,66260,,
Q2305-037,2023-05-30,C030,高橋,リーフレット,A4,マットコート135kg,4/4,,Z折,2000,1,市内,2023-06-08,,52000,税抜,
Q2305-038,2023-05-30,D05,田中,リーフレット,A3,コート110kg,4/4,,二つ折,3000,1,市内,2023-06-15,リピート,55670,,
Q2305-039,2023-05-31,C006,鈴木,封筒,角2,白ケント100g,2/0,,,1000,2,市内,2023-06-07,,48030,,
Q2305-040,2023-05-31,C040,鈴木,チラシ,B5,マットコート135kg,4/4,,片面PP,1000,1,市外,,,61870,,
Q2306-001,2023-06-01,C003,高橋,封筒,角2,白ケント100g,1/0,,,1000,1,市外,2023-06-14,社名DIC 182、サンプル5部別送、メールにて見積送付,28050,税抜,
Q2306-002,2023-06-01,C009,田中,冊子,A5,コート110kg,4/4,16,中綴じ,1500,1,県外,2023-06-15,色校1回 紙は前回と同じ,86440,,
Q2306-003,2023-06-02,C004,鈴木,名刺,91x55,上質180kg,4/4,,,200,2,市外,,納品書同梱、前回より部数増、完全データ入稿,10740,,
Q2306-004,2023-06-02,C035,鈴木,封筒,長3,白ケント80g,1/0,,,2500,1,引取,2023-06-16,見積のみ,18440,,
Q2306-005,2023-06-05,C023,高橋,名刺,91x55,マットコート220kg,4/0,,,100,7,県外,2023-06-13,前回同様,16500,税抜,
Q2306-006,2023-06-05,一般,田中,名刺,91x55,マットコート220kg,4/4,,,300,1,引取,2023-06-13,前回より部数増 前回同様（数量のみ変更） 見積のみ,5940,税込,
Q2306-007,2023-06-06,C017,田中,名刺,91x55,上質180kg,1/0,,,100,12,市外,2023-06-14,完全データ入稿,17480,税抜,
Q2306-008,2023-06-06,D05,田中,チラシ,A4,コート90kg,4/4,,,3000,1,市内,2023-06-21,見積有効期限1ヶ月,40520,,
Q2306-009,2023-06-07,C007,渡辺,名刺,91x55,上質180kg,1/1,,,100,2,市内,2023-06-09,新規作成（ロゴ支給）、検討中、特急でお願いします,10470,,
Q2306-010,2023-06-07,C031,鈴木,リーフレット,A4,コート90kg,4/4,,三つ折,3000,1,県外,2023-06-19,要確認、検討中、前回同様,57570,,
Q2306-011,2023-06-07,K007,田中,名刺,91x55,マットコート220kg,1/0,,,500,1,引取,2023-06-15,Word入稿（要変換）、新規デザイン,6200,,
Q2306-012,2023-06-07,C038,田中,チラシ,A4,コート110kg,4/0,,,3000,1,引取,2023-06-16,前回同様／修正あり（PDF校正2回）／完全データ入稿,30550,税抜,
Q2306-013,2023-06-07,C022,渡辺,封筒,長3,クラフト70g,2/0,,,2000,1,市内,,,13470,税抜,
Q2306-014,2023-06-08,C031,鈴木,封筒,長3,白ケント80g,1/0,,,10000,2,県外,,検討中、ロゴDIC指定,121100,,
Q2306-015,2023-06-08,D05,田中,チラシ,A4,コート90kg,4/0,,,20000,1,市内,2023-06-21,前回同様,59390,税抜,
Q2306-016,2023-06-08,C036,渡辺,封筒,角2,白ケント100g,1/0,,,500,1,市内,2023-06-22,リピート、社名DIC 182、納品書同梱,15370,税抜,
Q2306-017,2023-06-08,C007,渡辺,チラシ,A3,コート90kg,4/0,,,5000,3,市内,2023-06-16,本機色校正あり,134560,税抜,
Q2306-018,2023-06-09,C003,高橋,チラシ,B5,マットコート135kg,4/0,,,5000,1,市外,2023-06-16,,34500,,
Q2306-019,2023-06-09,C006,鈴木,封筒,角2,白ケント100g,2/0,,,2000,1,引取,2023-06-19,見積のみ,40620,,
Q2306-020,2023-06-09,D02,高橋,チラシ,A4,上質90kg,4/0,,,5000,1,市外,2023-06-22,,27500,税抜,
Q2306-021,2023-06-09,C037,高橋,名刺,91x55,マットコート220kg,1/0,,片面PP,100,1,市内,2023-06-16,,3000,税抜,
Q2306-022,2023-06-09,C033,鈴木,チラシ,A4,コート90kg,4/0,,,20000,1,市外,2023-06-23,前回同様,69870,,
Q2306-023,2023-06-12,C004,田中,チラシ,A4,コート90kg,4/4,,,30000,1,引取,2023-06-22,地図差替えあり,140700,税抜,
Q2306-024,2023-06-12,C033,鈴木,チラシ,A4,コート90kg,4/0,,,20000,1,市外,,見積のみ,69870,,
Q2306-025,2023-06-12,C007,渡辺,リーフレット,A3,コート110kg,4/4,,二つ折,1000,1,市内,2023-06-27,前回同様,46310,,
Q2306-026,2023-06-12,D04,鈴木,リーフレット,A4,マットコート135kg,4/4,,三つ折,500,1,県外,2023-06-15,前回同様,17310,,
Q2306-027,2023-06-13,C017,田中,リーフレット,A4,コート110kg,4/4,,三つ折,2000,1,市外,2023-06-21,折り見本あり,46120,税抜,
Q2306-028,2023-06-13,C003,田中,冊子,A5,マットコート135kg,4/4,32,中綴じ,1500,1,市外,,前回より部数増,154300,税抜,
Q2306-029,2023-06-13,G08,渡辺,冊子,A4,上質70kg,1/1,24,中綴じ,200,1,引取,2023-06-29,メールにて見積送付,27489,,
Q2306-030,2023-06-13,G02,高橋,チラシ,B5,上質70kg,4/0,,,1500,1,市外,,特色（DIC 2585）、地図差替えあり,28600,税込,
Q2306-031,2023-06-13,C029,高橋,名刺,91x55,ヴァンヌーボ195kg,4/0,,,100,5,市内,2023-06-20,,12500,,
Q2306-032,2023-06-13,C040,鈴木,チラシ,B5,マットコート135kg,4/4,,片面PP,500,1,市外,,前回同様（数量のみ変更）,28670,,
Q2306-033,2023-06-14,D05,田中,チラシ,A4,コート90kg,4/4,,,2000,1,市内,2023-06-29,,37440,税抜,
Q2306-034,2023-06-14,C009,田中,冊子,A5,コート110kg,4/4,16,中綴じ,1500,1,県外,2023-07-05,前回より部数増,78440,税抜,
Q2306-035,2023-06-14,C036,渡辺,名刺,91x55,マットコート220kg,4/4,,,100,2,市内,2023-06-22,肩書変更あり,6920,,
Q2306-036,2023-06-14,C005,鈴木,名刺,91x55,マットコート220kg,1/0,,,100,2,市内,2023-06-21,請求書は本社宛 メールにて見積送付 前回同様,4000,,
Q2306-037,2023-06-15,C040,鈴木,名刺,91x55,上質180kg,4/4,,,100,6,市外,2023-06-20,Word入稿（要変換）,22560,,
Q2306-038,2023-06-15,G04,鈴木,チラシ,A4,上質70kg,1/1,,,200,1,市外,,修正なし,7150,,
Q2306-039,2023-06-15,C024,鈴木,封筒,角2,白ケント100g,1/0,,,1000,1,市内,2023-06-22,社名・住所入り,20480,,
Q2306-040,2023-06-16,C037,高橋,封筒,長3,クラフト70g,1/0,,,1000,1,市内,2023-06-26,,7290,税抜,
Q2306-041,2023-06-19,C001,高橋,チラシ,A4,コート110kg,4/0,,,10000,1,市内,2023-06-28,リピート、特色1色（DIC 156）、支払は月末締め翌月末,49500,,
Q2306-042,2023-06-19,C002,高橋,リーフレット,A4,マットコート135kg,4/4,,三つ折,2000,1,市外,2023-07-05,Word入稿（要変換）、紙は前回と同じ,53500,税抜,
Q2306-043,2023-06-20,C022,渡辺,封筒,長3,クラフト70g,2/0,,,2000,1,市内,2023-06-27,前回同様（数量のみ変更）、窓なし,13470,税抜,
Q2306-044,2023-06-20,D05,田中,チラシ,A4,コート90kg,4/4,,,5000,1,引取,2023-07-06,前回同様／メールにて見積送付,48360,税抜,
Q2306-045,2023-06-20,G05,高橋,冊子,A5,上質70kg,4/4,16,中綴じ,150,1,市外,2023-07-07,,27500,税込,
Q2306-046,2023-06-20,C037,高橋,冊子,A4,コート110kg,4/4,24,中綴じ,3000,1,市内,2023-07-11,色校1回／完全データ入稿／表紙・本文共紙,285000,税抜,
Q2306-047,2023-06-21,D01,高橋,リーフレット,A4,コート110kg,4/4,,三つ折,20000,1,市外,2023-07-04,前回同様、相見積、請求書は本社宛、前回より部数増,113000,税抜,
Q2306-048,2023-06-22,K005,田中,名刺,91x55,上質180kg,4/4,,,100,1,引取,2023-06-23,特急（翌日納品希望）、Word入稿（要変換）,4675,,
Q2306-049,2023-06-22,C034,鈴木,リーフレット,A4,コート90kg,4/4,,三つ折,8000,1,市内,2023-07-04,前回同様（数量のみ変更）,75820,,
Q2306-050,2023-06-23,C001,高橋,チラシ,B5,コート90kg,4/0,,,15000,2,引取,2023-07-04,請求書は本社宛、地図差替えあり,78500,,
Q2306-051,2023-06-26,C026,田中,チラシ,B4,コート90kg,4/4,,,5000,1,市内,2023-07-07,納品書同梱,62400,税抜,
Q2306-052,2023-06-26,C035,鈴木,リーフレット,A4,マットコート135kg,4/4,,Z折,1500,2,市内,2023-07-10,要確認、修正あり（PDF校正2回）、前回より部数増、FAX送付済、セット価格,178000,,
Q2306-053,2023-06-26,C031,鈴木,名刺,91x55,上質135kg,1/1,,,100,4,引取,2023-06-29,文字修正あり／裏面英語表記,11400,,
Q2306-054,2023-06-27,C019,鈴木,封筒,長3,クラフト70g,1/0,,,2000,1,市内,2023-07-11,リピート／特色（DIC 221）／紙は前回と同じ,13290,,
Q2306-055,2023-06-27,C006,鈴木,名刺,91x55,上質180kg,1/0,,,100,6,市内,2023-06-30,完全データ入稿,9760,,
Q2306-056,2023-06-29,C028,田中,冊子,A5,コート110kg,4/4,16,中綴じ,2000,1,市内,2023-07-03,データ修正（電話番号変更）／紙は前回と同じ,100280,,
Q2306-057,2023-06-29,C001,高橋,名刺,91x55,上質180kg,4/4,,片面PP,200,2,市内,2023-07-03,QRコード入り／特急,12500,税抜,
Q2306-058,2023-06-30,C001,高橋,チラシ,B4,コート90kg,4/0,,,5000,1,引取,2023-07-11,,32500,,
Q2307-001,2023-07-01,C031,鈴木,冊子,A5,上質70kg,4/4,24,中綴じ,3000,1,県外,,要確認,157900,,
Q2307-002,2023-07-03,D02,高橋,名刺,91x55,ヴァンヌーボ195kg,1/1,,,100,2,市外,2023-07-11,FAX送付済,6140,,
Q2307-003,2023-07-03,D04,鈴木,冊子,A5,マットコート135kg,4/4,8,中綴じ,300,1,引取,2023-07-19,文字修正あり,25270,,
Q2307-004,2023-07-03,C006,鈴木,冊子,A5,マットコート135kg,4/4,8,中綴じ,300,1,市内,,前回同様、ページ数変更の可能性あり,28210,,
Q2307-005,2023-07-03,D01,高橋,チラシ,A4,コート90kg,4/4,,,5000,1,市外,2023-07-14,特色（DIC 2585）,49500,,
Q2307-006,2023-07-03,一般,田中,名刺,91x55,上質180kg,4/0,,,100,1,引取,2023-07-11,,2640,税込,
Q2307-007,2023-07-04,C005,鈴木,名刺,91x55,マットコート220kg,1/0,,,100,3,市内,2023-07-10,校正はPDFで,5600,,
Q2307-008,2023-07-05,K003,鈴木,名刺,91x55,上質180kg,4/4,,片面PP+角丸,100,1,引取,2023-07-13,,4950,,
Q2307-009,2023-07-06,C024,鈴木,名刺,91x55,上質180kg,1/1,,片面PP,100,2,市内,2023-07-13,,7200,,
Q2307-010,2023-07-06,C033,鈴木,チラシ,A4,コート90kg,4/0,,,20000,1,市外,2023-07-19,前回同様（数量のみ変更）,69870,,
Q2307-011,2023-07-06,C030,高橋,名刺,91x55,上質135kg,4/0,,,100,1,市内,2023-07-07,特急でお願いします、見積のみ,3800,税抜,
Q2307-012,2023-07-06,一般,渡辺,チラシ,A5,マットコート135kg,4/0,,,50,1,市内,2023-07-13,,6380,,
Q2307-013,2023-07-06,C007,渡辺,チラシ,B4,コート110kg,4/0,,,20000,1,引取,2023-07-19,修正なし,91720,税抜,
Q2307-014,2023-07-07,C040,鈴木,チラシ,A4,コート90kg,4/4,,,500,1,市外,2023-07-13,Word入稿（要変換）、請求書は本社宛、修正あり（PDF校正2回）,23160,,
Q2307-015,2023-07-07,K004,田中,チラシ,A4,コート110kg,4/0,,,500,1,引取,2023-07-19,PDF入稿／地図差替えあり／修正あり（PDF校正2回）,16313,,
Q2307-016,2023-07-07,C006,鈴木,名刺,91x55,マットコート220kg,4/0,,,1000,2,市内,2023-07-14,前回同様（数量のみ変更）、文字修正あり、QRコード入り,17530,,
Q2307-017,2023-07-07,G04,鈴木,チラシ,A4,上質70kg,1/1,,,100,1,引取,2023-07-19,FAX送付済,5500,,
Q2307-018,2023-07-10,C020,渡辺,名刺,91x55,マットコート220kg,1/0,,角丸,100,3,市内,2023-07-19,校正はPDFで,7100,,
Q2307-019,2023-07-10,一般,田中,名刺,91x55,上質180kg,1/1,,,100,2,引取,2023-07-18,新規デザイン、修正なし,9570,税込,
Q2307-020,2023-07-10,C006,鈴木,冊子,A5,マットコート135kg,4/4,8,中綴じ,300,1,引取,2023-07-11,修正なし、前回同様（数量のみ変更）、特急でお願いします,35260,,
Q2307-021,2023-07-11,K013,鈴木,チラシ,A4,コート110kg,4/4,,,500,1,引取,2023-07-18,,19943,,
Q2307-022,2023-07-12,D04,鈴木,冊子,A5,マットコート135kg,4/4,8,中綴じ,500,1,県外,2023-07-24,データ修正（電話番号変更） 紙は前回と同じ,28070,,
Q2307-023,2023-07-12,C012,高橋,封筒,洋長3,白ケント80g,1/0,,,300,1,市内,2023-07-27,支払は月末締め翌月末、前回同様,9860,税抜,
Q2307-024,2023-07-12,K004,田中,リーフレット,A3,コート110kg,4/4,,二つ折,1000,1,引取,,検討中,53625,税込,
Q2307-025,2023-07-13,C021,鈴木,冊子,A4,上質70kg,4/4,16,中綴じ,300,1,引取,2023-07-28,文字修正3箇所／サンプル5部別送,98700,,
Q2307-026,2023-07-13,D05,田中,リーフレット,A3,コート110kg,4/4,,二つ折,5000,1,市内,2023-08-01,支払は月末締め翌月末／折り見本あり／相見積,68910,税抜,
Q2307-027,2023-07-13,C002,高橋,チラシ,B4,コート90kg,4/0,,,1000,1,市外,2023-07-31,FAX送付済,25000,税抜,
Q2307-028,2023-07-13,C007,渡辺,チラシ,B5,コート110kg,4/4,,,10000,1,市内,2023-07-26,サンプル5部別送,63270,税抜,
Q2307-029,2023-07-13,G02,高橋,冊子,A4,上質70kg,4/4,32,中綴じ,150,1,市外,2023-08-02,前回同様、見積有効期限1ヶ月,62150,,
Q2307-030,2023-07-14,一般,鈴木,チラシ,A4,コート110kg,4/0,,,200,1,引取,,前回同様、校正はPDFで、支払は月末締め翌月末,5500,,
Q2307-031,2023-07-18,C037,高橋,リーフレット,A4,マットコート135kg,4/4,,二つ折,1500,1,市内,2023-07-26,前回同様（数量のみ変更）,52500,税抜,
Q2307-032,2023-07-18,C007,渡辺,リーフレット,A3,コート110kg,4/4,,二つ折,1000,1,市内,2023-08-03,担当者様不在のため後日連絡,46310,税抜,
Q2307-033,2023-07-18,C001,高橋,チラシ,A3,コート90kg,4/4,,,20000,1,市内,2023-07-28,PDF入稿、本機色校正あり,154500,税抜,
Q2307-034,2023-07-18,一般,渡辺,名刺,91x55,マットコート220kg,4/0,,,500,1,県外,2023-07-24,検討中,6292,,
Q2307-035,2023-07-18,一般,鈴木,チラシ,A4,上質90kg,1/0,,,500,1,県外,2023-07-27,データ修正あり,11385,,
Q2307-036,2023-07-19,C023,高橋,冊子,A5,マットコート135kg,1/1,16,中綴じ,3000,1,引取,2023-08-07,請求書は本社宛,84500,税抜,
Q2307-037,2023-07-19,K014,鈴木,名刺,91x55,上質180kg,4/4,,,100,1,県外,,納品書同梱,4312,,
Q2307-038,2023-07-20,D05,田中,チラシ,A4,コート90kg,4/0,,,30000,1,引取,2023-08-03,修正なし、要確認、前回同様（数量のみ変更）,81940,税抜,
Q2307-039,2023-07-20,C016,高橋,名刺,91x55,上質180kg,4/0,,,100,8,引取,2023-07-27,リピート、肩書変更あり、裏面英語表記,18000,,
Q2307-040,2023-07-20,C001,高橋,チラシ,A4,コート90kg,4/4,,,30000,1,引取,2023-08-02,Word入稿（要変換）、本機色校正あり、完全データ入稿,128500,,
Q2307-041,2023-07-21,C033,鈴木,チラシ,A4,コート90kg,4/0,,,20000,1,市外,2023-08-01,文字修正3箇所,72870,,
Q2307-042,2023-07-21,C040,鈴木,名刺,91x55,マットコート220kg,1/0,,角丸,100,4,市外,2023-07-28,担当者様不在のため後日連絡、前回同様、修正なし,10320,,
Q2307-043,2023-07-21,C017,田中,リーフレット,A4,コート110kg,4/4,,三つ折,200,1,市外,,完全データ入稿、検討中,13390,,
Q2307-044,2023-07-21,C003,高橋,チラシ,B5,コート90kg,4/0,,,500,1,市外,,見積有効期限1ヶ月／ポスティング用,12500,税抜,
Q2307-045,2023-07-24,G05,高橋,冊子,A5,上質70kg,4/4,16,中綴じ,150,1,市外,2023-08-03,前回同様（数量のみ変更）、要確認,25850,,
Q2307-046,2023-07-24,C039,鈴木,チラシ,B5,上質70kg,1/1,,,1000,1,引取,2023-08-02,,13950,,
Q2307-047,2023-07-24,一般,鈴木,名刺,91x55,マットコート220kg,4/0,,,100,1,引取,2023-07-31,,2640,,
Q2307-048,2023-07-24,G04,鈴木,チラシ,A4,上質70kg,1/1,,,100,1,市外,2023-07-28,請求書は本社宛,7150,,
Q2307-049,2023-07-24,K001,田中,チラシ,A4,コート110kg,4/4,,,200,1,市内,2023-07-28,,10901,,
Q2307-050,2023-07-24,D01,高橋,チラシ,A5,コート90kg,4/0,,,5000,3,市外,2023-08-08,前回同様,58000,税抜,
Q2307-051,2023-07-25,C001,高橋,チラシ,A4,上質70kg,4/0,,,30000,1,市内,2023-08-04,前回同様,77500,税抜,
Q2307-052,2023-07-25,C031,鈴木,名刺,91x55,マットコート220kg,4/0,,,500,3,県外,2023-07-28,QRコード入り,16900,,
Q2307-053,2023-07-25,C008,高橋,封筒,角2,クラフト85g,2/0,,,1000,1,市内,,,19000,税抜,
Q2307-054,2023-07-25,C003,高橋,名刺,91x55,上質135kg,1/0,,,100,6,市外,2023-07-31,修正なし、FAX送付済、新規デザイン,16000,,
Q2307-055,2023-07-25,D02,高橋,名刺,91x55,上質180kg,4/4,,,100,3,市外,2023-08-02,メールにて見積送付,9660,税抜,
Q2307-056,2023-07-26,C015,渡辺,名刺,91x55,上質135kg,1/0,,,500,2,市内,,急ぎ,7200,税抜,
Q2307-057,2023-07-26,一般,鈴木,名刺,91x55,上質180kg,1/1,,,1000,2,県外,,,22990,,
Q2307-058,2023-07-26,C020,渡辺,名刺,91x55,マットコート220kg,1/0,,,300,2,市内,2023-08-01,PDF入稿,5600,,
Q2307-059,2023-07-26,C018,田中,チラシ,B5,上質70kg,1/0,,,1000,1,市内,,PDF入稿,10250,税抜,
Q2307-060,2023-07-27,D01,高橋,チラシ,A4,コート90kg,4/0,,,20000,1,引取,,,55500,,
Q2307-061,2023-07-27,一般,鈴木,名刺,91x55,マットコート220kg,1/0,,片面PP+角丸,200,1,引取,2023-08-04,新規作成（ロゴ支給）,7370,,
Q2307-062,2023-07-27,C001,高橋,チラシ,A4,コート90kg,4/4,,,30000,1,市内,2023-08-04,前回同様（数量のみ変更）／前回より部数増,120500,税抜,
Q2307-063,2023-07-27,G05,高橋,冊子,A4,コート110kg,4/4,12,中綴じ,200,1,市外,2023-08-21,納品書同梱,44550,税込,
Q2307-064,2023-07-28,C009,田中,名刺,91x55,マットコート220kg,4/4,,,100,10,引取,2023-08-03,修正なし,30700,税抜,
Q2307-065,2023-07-28,D05,田中,リーフレット,A3,コート110kg,4/4,,二つ折,5000,1,引取,2023-08-03,急ぎ／検討中／見積有効期限1ヶ月,69910,,
Q2307-066,2023-07-28,C004,鈴木,チラシ,A4,コート90kg,4/4,,,10000,2,市外,2023-08-04,,145630,,
Q2307-067,2023-07-28,C012,高橋,封筒,洋長3,白ケント80g,1/0,,,500,1,市内,2023-08-01,前回同様、急ぎ,9860,税抜,
Q2307-068,2023-07-31,C002,高橋,チラシ,B4,コート90kg,4/0,,,1000,1,市外,2023-08-21,見積有効期限1ヶ月、特色1色（DIC 156）、前回同様,29000,税抜,
Q2308-001,2023-08-01,C028,田中,チラシ,A3,コート90kg,4/4,,,500,1,市内,2023-08-07,ポスティング用,28300,,
Q2308-002,2023-08-02,C031,高橋,リーフレット,A4,コート90kg,4/4,,三つ折,2000,1,県外,,要確認,49500,税抜,
Q2308-003,2023-08-03,一般,鈴木,名刺,91x55,上質180kg,1/1,,,500,4,引取,,前回同様（数量のみ変更）、肩書変更あり、お急ぎ,25520,,
Q2308-004,2023-08-03,D01,高橋,チラシ,B5,コート90kg,4/4,,,1000,1,市外,2023-08-21,PDF入稿,33000,税抜,
Q2308-005,2023-08-03,C003,高橋,封筒,長3,クラフト70g,1/0,,,500,1,市外,2023-08-17,Illustrator入稿,7990,,
Q2308-006,2023-08-04,C013,高橋,チラシ,A4,コート110kg,1/0,,,500,1,市内,2023-08-21,メールにて見積送付,7130,,
Q2308-007,2023-08-04,G02,高橋,封筒,長3,クラフト70g,2/0,,,10000,1,市外,2023-08-21,社名・住所入り,44550,税込,
Q2308-008,2023-08-04,C021,鈴木,冊子,A5,マットコート135kg,4/4,8,中綴じ,500,1,市内,2023-08-23,見積有効期限1ヶ月,34870,,
Q2307-060-R2,2023-08-07,D01,高橋,チラシ,A4,コート90kg,4/0,,,20000,1,引取,,再見積（お値引き）,51600,税抜,
Q2308-009,2023-08-07,C039,鈴木,チラシ,A4,上質70kg,1/0,,,1000,1,引取,2023-08-22,担当者様不在のため後日連絡、新聞折込用,8300,,
Q2308-010,2023-08-07,D05,田中,冊子,A5,コート110kg,4/4,16,中綴じ,500,1,市内,2023-08-09,表紙・本文共紙、修正なし,56040,税抜,
Q2308-011,2023-08-07,一般,田中,チラシ,A5,上質90kg,4/0,,,500,1,市内,2023-08-17,完全データ入稿,8492,,
Q2308-012,2023-08-08,C023,高橋,チラシ,A5,コート90kg,1/1,,,2000,1,県外,2023-08-24,ポスティング用、文字修正あり,17500,税抜,
Q2308-013,2023-08-08,一般,渡辺,名刺,91x55,マットコート220kg,1/0,,,100,1,引取,2023-08-22,,1760,税込,
Q2308-014,2023-08-08,K005,田中,冊子,A4,コート110kg,4/4,20,中綴じ,30,1,引取,2023-09-04,色校あり／紙は前回と同じ,18337,税込,
Q2308-015,2023-08-08,D05,田中,冊子,A5,マットコート135kg,4/4,24,中綴じ,300,1,市内,2023-08-24,,61960,税抜,
Q2308-016,2023-08-09,C040,鈴木,リーフレット,A4,コート110kg,4/4,,三つ折,500,1,市外,2023-08-21,,24850,,
Q2308-017,2023-08-09,C002,鈴木,チラシ,B5,コート110kg,4/0,,,500,1,引取,2023-08-18,請求書は本社宛、要確認,11830,,
Q2308-018,2023-08-10,C016,高橋,リーフレット,A3,マットコート135kg,4/4,,二つ折,300,1,市内,2023-08-22,,24500,,
Q2308-019,2023-08-10,C023,高橋,名刺,91x55,マットコート220kg,4/0,,,100,1,県外,2023-08-21,支払は月末締め翌月末、新規デザイン（2案）,5920,税抜,
Q2308-020,2023-08-21,D05,田中,チラシ,A4,コート110kg,4/0,,,2000,1,市内,2023-09-06,見積有効期限1ヶ月、帯掛け希望,24210,税抜,
Q2308-021,2023-08-21,C028,田中,冊子,A5,コート110kg,4/4,16,中綴じ,1500,1,市内,2023-08-23,担当者様不在のため後日連絡、特急でお願いします,86730,税抜,
Q2308-022,2023-08-21,D05,田中,チラシ,A4,コート90kg,4/4,,,3000,1,市内,2023-08-28,前回同様（数量のみ変更）,40520,税抜,
Q2308-023,2023-08-23,一般,鈴木,チラシ,B5,コート110kg,1/0,,,300,2,引取,,完全データ入稿,9504,,
Q2308-024,2023-08-23,D06,鈴木,チラシ,A4,コート90kg,4/4,,,2000,1,県外,2023-09-07,,36540,,
Q2308-025,2023-08-23,C038,田中,チラシ,A4,コート110kg,4/0,,,3000,1,市内,2023-09-01,,27550,税抜,
Q2308-026,2023-08-24,C034,鈴木,チラシ,B4,コート90kg,1/0,,,5000,1,市内,2023-09-05,納品書同梱,21000,,
Q2308-027,2023-08-25,C004,鈴木,チラシ,A4,コート90kg,4/4,,,30000,1,市外,2023-09-08,担当者様不在のため後日連絡、帯掛け希望、修正なし、他社相見積あり、紙は前回と同じ,152700,,
Q2308-028,2023-08-28,C021,鈴木,名刺,91x55,マットコート220kg,4/4,,角丸,100,2,市内,2023-09-05,相見積,9380,,
Q2308-029,2023-08-28,C002,高橋,リーフレット,A3,コート90kg,4/4,,二つ折,5000,1,市外,2023-09-08,帯掛け希望 前回同様 校正はPDFで,79500,,
Q2308-030,2023-08-28,C001,高橋,チラシ,A4,上質70kg,4/0,,,15000,1,市内,2023-09-06,メールにて見積送付,46000,,
Q2308-031,2023-08-29,C002,高橋,リーフレット,A4,コート110kg,4/4,,三つ折,1000,1,引取,,見積のみ、Illustrator入稿,45000,税抜,
Q2308-032,2023-08-29,D02,田中,名刺,91x55,上質180kg,4/4,,,200,3,市外,2023-09-06,肩書変更あり,12060,,
Q2308-033,2023-08-30,C012,高橋,名刺,91x55,マットコート220kg,1/0,,片面PP,300,1,市内,,メールにて見積送付、相見積,12000,税抜,
Q2308-034,2023-08-30,C015,渡辺,名刺,91x55,マットコート220kg,1/0,,片面PP,500,2,市内,2023-09-04,請求書は本社宛、完全データ入稿、前回同様,12400,,
Q2308-035,2023-08-30,一般,田中,名刺,91x55,ヴァンヌーボ195kg,4/4,,,200,1,引取,2023-09-01,肩書変更あり／至急,5500,税込,
Q2308-036,2023-08-31,C017,田中,封筒,角2,白ケント100g,1/0,,,300,1,市外,2023-09-13,社名・住所入り、Illustrator入稿,12870,税抜,
Q2309-001,2023-09-01,C017,田中,名刺,91x55,上質180kg,1/0,,,100,13,市外,2023-09-07,Illustrator入稿／支払は月末締め翌月末,18630,税抜,
Q2309-002,2023-09-01,C037,高橋,冊子,A4,上質70kg,1/1,16,中綴じ,100,1,市内,2023-09-14,,13000,,
Q2309-003,2023-09-04,D05,田中,冊子,A4,コート110kg,4/4,24,中綴じ,500,1,市内,2023-09-19,データ修正あり,122310,,
Q2309-004,2023-09-05,C015,渡辺,名刺,91x55,上質135kg,1/0,,,1000,1,市内,2023-09-12,リピート、QRコード入り、修正なし,6000,税抜,
Q2309-005,2023-09-05,C030,高橋,名刺,91x55,マットコート220kg,1/0,,片面PP+角丸,100,5,市内,2023-09-13,前回同様、QRコード入り,13500,,
Q2309-006,2023-09-05,C015,渡辺,名刺,91x55,マットコート220kg,1/0,,片面PP,500,1,市内,2023-09-13,見積有効期限1ヶ月、文字修正3箇所,8000,税抜,
Q2309-007,2023-09-05,K010,田中,チラシ,B5,コート110kg,4/4,,,300,1,県外,2023-09-14,サンプル5部別送,15202,,
Q2309-008,2023-09-05,C035,鈴木,封筒,長3,白ケント80g,1/0,,,10000,1,市内,,校正はPDFで,54000,,
Q2309-009,2023-09-06,K001,田中,名刺,91x55,マットコート220kg,4/0,,,100,1,引取,2023-09-11,メールにて見積送付,2640,,
Q2309-010,2023-09-06,C001,高橋,チラシ,A4,上質70kg,4/0,,,50000,1,市内,2023-09-12,納品書同梱、至急,117000,,
Q2309-011,2023-09-06,一般,鈴木,名刺,91x55,上質135kg,4/0,,,100,1,引取,2023-09-13,Illustrator入稿／裏面英語表記,2640,,
Q2309-012,2023-09-06,C035,鈴木,封筒,長3,白ケント80g,1/0,,,10000,1,市内,,校正はPDFで,54000,,
Q2309-013,2023-09-07,C026,田中,チラシ,B4,コート90kg,4/4,,,8000,1,市内,2023-09-12,急ぎ 紙は前回と同じ,67400,,
Q2309-014,2023-09-07,C009,田中,名刺,91x55,マットコート220kg,4/4,,,100,10,県外,2023-09-13,担当者様不在のため後日連絡 メールにて見積送付,33600,税抜,
Q2309-015,2023-09-07,C002,高橋,チラシ,B5,コート110kg,4/0,,,500,1,市外,2023-09-19,Word入稿（要変換）,13000,税抜,
Q2309-016,2023-09-08,一般,渡辺,名刺,91x55,マットコート220kg,1/0,,,500,5,引取,2023-09-14,リピート,17600,,
Q2309-017,2023-09-08,C004,高橋,チラシ,A4,上質70kg,4/4,,,5000,1,市外,,見積のみ、ロゴ特色指定,61000,税抜,
Q2309-018,2023-09-11,一般,田中,名刺,91x55,上質135kg,1/0,,,100,1,引取,2023-09-15,,1760,税込,
Q2309-019,2023-09-11,一般,鈴木,名刺,91x55,上質180kg,4/4,,,200,1,引取,2023-09-19,新規作成（ロゴ支給）,8140,,
Q2309-020,2023-09-12,K007,田中,チラシ,A5,コート110kg,1/0,,,50,1,引取,2023-09-21,,5500,,
Q2309-021,2023-09-12,C026,田中,チラシ,A3,コート90kg,4/4,,,8000,1,市内,2023-09-20,色校1回／リピート,94220,税抜,
Q2309-022,2023-09-12,C037,高橋,封筒,長3,白ケント80g,2/0,,,3000,1,市内,2023-09-27,社名DIC 182、校正はPDFで,27000,,
Q2309-023,2023-09-12,C022,渡辺,封筒,角2,白ケント100g,1/0,,,1000,1,市内,,見積のみ、窓なし,19450,税抜,
Q2309-024,2023-09-13,G05,高橋,冊子,A5,上質70kg,4/4,16,中綴じ,150,1,市外,2023-09-26,,27500,,
Q2309-025,2023-09-13,C006,鈴木,冊子,A5,マットコート135kg,4/4,8,中綴じ,300,1,市内,2023-10-05,担当者様不在のため後日連絡,28210,,
Q2309-026,2023-09-13,C017,田中,封筒,長3,白ケント80g,2/0,,,3000,1,市外,2023-09-27,担当者様不在のため後日連絡／社名DIC 182,26590,,
Q2309-027,2023-09-13,D01,高橋,チラシ,A5,コート90kg,4/0,,,3000,3,市外,2023-09-25,FAX送付済、地図差替えあり,55000,税抜,
Q2309-028,2023-09-13,一般,田中,名刺,91x55,マットコート220kg,1/0,,,100,2,引取,2023-09-21,新規デザイン,7370,税込,
Q2309-029,2023-09-13,C002,高橋,リーフレット,A4,マットコート135kg,4/4,,三つ折,2000,1,市外,2023-09-25,Word入稿（要変換）,53500,,
Q2309-030,2023-09-14,一般,田中,チラシ,A4,コート110kg,4/0,,,200,1,引取,2023-09-22,見積有効期限1ヶ月／Word入稿（要変換）,6721,,
Q2309-031,2023-09-15,C021,田中,冊子,A5,マットコート135kg,4/4,8,中綴じ,1000,1,市内,2023-09-29,修正なし、Word入稿（要変換）,46640,税抜,
Q2309-032,2023-09-15,一般,田中,名刺,91x55,マットコート220kg,4/4,,,100,1,引取,,QRコード入り,3740,税込,
Q2309-033,2023-09-15,D06,鈴木,名刺,91x55,パール紙180kg,4/0,,,100,3,県外,2023-09-22,校正はPDFで、新規デザイン（2案）,11000,,
Q2309-034,2023-09-19,D05,田中,封筒,長3,白ケント80g,2/0,,,2000,1,市内,2023-09-28,検討中／修正なし,15090,税抜,
Q2309-035,2023-09-20,C008,高橋,封筒,長3,クラフト70g,1/0,,,1000,1,市内,2023-10-02,納品書同梱,6960,税抜,
Q2309-036,2023-09-20,C022,渡辺,封筒,角2,白ケント100g,1/0,,,1000,1,引取,2023-09-28,社名・住所入り／窓なし,19450,,
Q2309-037,2023-09-20,一般,田中,チラシ,A4,コート110kg,4/0,,,300,1,市内,,Illustrator入稿,9702,税込,
Q2309-038,2023-09-20,C012,高橋,封筒,長3,クラフト70g,1/0,,,2000,1,市内,2023-09-21,特急対応、FAX送付済,11000,,
Q2309-039,2023-09-21,C035,鈴木,名刺,91x55,上質180kg,1/1,,片面PP,200,6,市内,2023-09-28,要確認,27140,,
Q2309-040,2023-09-21,C012,高橋,封筒,長3,白ケント80g,2/0,,,2000,1,市内,2023-10-05,請求書は本社宛、校正はPDFで,15500,,
Q2309-041,2023-09-21,C007,渡辺,リーフレット,A3,コート110kg,4/4,,二つ折,10000,1,市内,2023-10-02,納品書同梱、前回より部数増,115250,税抜,
Q2309-042,2023-09-22,G08,渡辺,冊子,A4,上質70kg,1/1,24,中綴じ,300,1,市内,2023-10-04,検討中、リピート,43065,税込,
Q2309-043,2023-09-22,C006,鈴木,名刺,91x55,マットコート220kg,4/0,,,1000,2,市内,2023-09-28,サンプル5部別送／文字修正3箇所／前回同様,17530,,
Q2309-044,2023-09-22,C033,田中,リーフレット,B4,マットコート135kg,4/4,,二つ折,1000,1,市外,2023-10-04,,47870,税抜,
Q2309-045,2023-09-22,一般,鈴木,名刺,91x55,上質180kg,1/1,,片面PP,200,1,引取,2023-09-27,データ修正あり／サンプル5部別送,6160,,
Q2309-046,2023-09-22,C017,田中,リーフレット,A4,コート110kg,4/4,,三つ折,3000,1,市外,2023-10-05,前回同様,51500,,
Q2309-047,2023-09-25,K002,田中,冊子,A4,マットコート135kg,4/4,12,中綴じ,30,1,引取,2023-10-04,,12265,,
Q2309-048,2023-09-25,K004,田中,名刺,91x55,マットコート220kg,1/0,,,500,1,引取,2023-09-29,校正はPDFで,3520,税込,
Q2309-049,2023-09-26,C036,渡辺,名刺,91x55,マットコート220kg,4/4,,,100,1,引取,2023-10-02,肩書変更あり 完全データ入稿,3060,税抜,
Q2309-050,2023-09-26,D06,鈴木,名刺,91x55,パール紙180kg,4/0,,,100,1,県外,2023-09-29,見積のみ 検討中,2680,,
Q2309-051,2023-09-26,C022,高橋,封筒,長3,クラフト70g,2/0,,,2000,1,市内,,特色（DIC 221）,17000,税抜,
Q2309-052,2023-09-26,C001,高橋,冊子,A4,コート110kg,4/4,24,中綴じ,300,1,市内,2023-10-06,,119500,税抜,
Q2309-053,2023-09-26,C006,鈴木,リーフレット,A4,マットコート135kg,4/4,,三つ折,1000,1,市内,2023-10-03,担当者様不在のため後日連絡、見積のみ,44270,,
Q2309-054,2023-09-26,C007,渡辺,チラシ,A4,コート110kg,4/0,,,5000,1,市内,2023-10-03,紙は前回と同じ、相見積,32980,税抜,
Q2309-055,2023-09-26,C006,鈴木,名刺,91x55,マットコート220kg,4/0,,,1000,2,市内,2023-10-02,リピート、担当者様不在のため後日連絡,16530,,
Q2309-056,2023-09-26,C012,高橋,封筒,長3,白ケント80g,2/0,,,2000,1,市内,2023-09-27,ロゴDIC指定、Word入稿（要変換）、特急、前回同様,23500,税抜,
Q2309-057,2023-09-27,C040,鈴木,チラシ,A4,コート90kg,4/4,,,300,1,市外,2023-10-05,新聞折込用、前回同様（数量のみ変更）,12840,,
Q2309-058,2023-09-27,C012,高橋,封筒,洋長3,白ケント80g,1/0,,,500,1,市内,2023-10-11,他社相見積あり,9860,,
Q2309-059,2023-09-27,C023,高橋,名刺,91x55,マットコート220kg,4/0,,,100,1,県外,2023-10-03,紙は前回と同じ、他社相見積あり,2920,,
Q2309-060,2023-09-28,C016,高橋,名刺,91x55,パール紙180kg,4/0,,,100,3,市内,2023-10-06,Word入稿（要変換）,8900,,
Q2309-061,2023-09-28,D06,鈴木,封筒,長3,クラフト70g,1/0,,,5000,1,引取,2023-09-29,社名DIC 182／特急,23650,,
Q2309-062,2023-09-28,C009,田中,冊子,A5,コート110kg,4/4,16,中綴じ,1000,1,県外,2023-10-19,修正なし,62910,,
Q2309-063,2023-09-28,C039,鈴木,チラシ,B5,上質70kg,1/1,,,1500,1,市外,2023-09-29,要確認、前回同様（数量のみ変更）、特急対応,18930,,
Q2309-064,2023-09-29,G08,渡辺,冊子,A4,上質70kg,1/1,24,中綴じ,300,1,市内,2023-10-17,文字修正3箇所／ページ数変更の可能性あり,46365,税込,
Q2309-065,2023-09-29,一般,鈴木,名刺,91x55,マットコート220kg,4/0,,,500,1,引取,2023-10-06,担当者様不在のため後日連絡、サンプル5部別送,5720,,
Q2309-066,2023-09-29,C015,渡辺,チラシ,B4,コート110kg,4/4,,,2000,1,市内,2023-10-17,Illustrator入稿、他社相見積あり,48900,税抜,
Q2309-067,2023-09-29,一般,渡辺,名刺,91x55,パール紙180kg,1/1,,,100,1,引取,2023-10-05,裏面英語表記、新規作成（ロゴ支給）、担当者様不在のため後日連絡,6490,,
Q2310-001,2023-10-02,C026,田中,チラシ,B4,コート90kg,4/4,,,10000,1,市内,2023-10-16,紙は前回と同じ データ修正あり 前回同様（数量のみ変更） 校正はPDFで,81000,税抜,8100
Q2310-002,2023-10-02,K013,鈴木,チラシ,A4,コート110kg,4/0,,,50,1,引取,2023-10-03,サンプル5部別送、特急対応、担当者様不在のため後日連絡,6875,税込,625
Q2310-003,2023-10-03,C018,田中,チラシ,A4,コート90kg,4/0,,,300,1,引取,2023-10-10,メールにて見積送付,7800,税抜,780
Q2310-004,2023-10-03,C039,鈴木,チラシ,A4,コート110kg,4/0,,,1000,1,市外,2023-10-12,メールにて見積送付,24670,税抜,2467
Q2310-005,2023-10-03,K014,鈴木,チラシ,A4,上質90kg,4/4,,,100,1,引取,2023-10-06,検討中／他社相見積あり,6226,税込,566
Q2310-006,2023-10-03,C003,高橋,封筒,長3,クラフト70g,1/0,,,3000,1,市外,2023-10-17,データ修正（電話番号変更）、前回同様、相見積、担当者様不在のため後日連絡,17500,税抜,1750
Q2310-007,2023-10-04,C017,田中,封筒,長3,クラフト70g,1/0,,,1000,1,市外,2023-10-13,社名DIC 182,11340,税抜,1134
Q2310-008,2023-10-05,C006,鈴木,名刺,91x55,マットコート220kg,4/0,,,300,5,市内,2023-10-13,裏面英語表記,18050,税抜,1805
Q2310-009,2023-10-05,D04,鈴木,リーフレット,A3,コート110kg,4/4,,二つ折,500,1,県外,2023-10-13,メールにて見積送付、前回同様,26700,税抜,2670
Q2310-010,2023-10-05,G05,高橋,チラシ,B5,上質90kg,1/0,,,300,1,引取,2023-10-16,サンプル5部別送,5000,税抜,500
Q2310-011,2023-10-05,G04,鈴木,チラシ,A4,上質70kg,1/1,,,100,1,市外,2023-10-16,ポスティング用／Word入稿（要変換）／リピート,6500,税抜,650
Q2310-012,2023-10-05,C026,田中,チラシ,A3,コート90kg,4/4,,,5000,1,引取,2023-10-12,急ぎ、他社相見積あり、前回同様、検討中,69750,税抜,6975
Q2310-013,2023-10-06,C005,鈴木,名刺,91x55,マットコート220kg,1/0,,,100,3,市内,,文字修正あり、検討中,6600,税抜,660
Q2310-014,2023-10-06,G06,高橋,リーフレット,B4,マットコート135kg,4/4,,二つ折,500,1,市内,,完全データ入稿／PDF入稿,32500,税抜,3250
Q2310-015,2023-10-06,C034,鈴木,冊子,A4,マットコート135kg,1/1,12,中綴じ,500,1,市内,2023-10-30,メールにて見積送付／本機色校正あり,40900,税抜,4090
Q2310-016,2023-10-10,C020,渡辺,名刺,91x55,マットコート220kg,1/0,,,200,2,市内,2023-10-16,完全データ入稿,4800,税抜,480
Q2310-017,2023-10-10,C001,高橋,チラシ,B5,コート90kg,4/0,,,8000,2,市内,2023-10-23,メールにて見積送付／DIC指定あり／新聞折込用,59500,税抜,5950
Q2310-018,2023-10-11,C025,鈴木,チラシ,A4,コート90kg,4/0,,,3000,1,市外,2023-10-25,,27550,税抜,2755
Q2310-019,2023-10-12,C040,鈴木,チラシ,B5,マットコート135kg,4/4,,片面PP,300,1,市外,2023-10-16,他社相見積あり、特色1色（DIC 156）、リピート、特急,121200,税抜,12120
Q2310-020,2023-10-13,C012,高橋,封筒,長3,クラフト70g,1/0,,,1500,1,市内,2023-10-25,,9600,税抜,960
Q2310-021,2023-10-13,一般,田中,名刺,91x55,上質180kg,1/1,,,500,1,市外,2023-10-20,QRコード入り,8030,税込,730
Q2310-022,2023-10-13,C026,田中,チラシ,B4,コート90kg,4/4,,,5000,1,引取,2023-10-27,地図差替えあり、前回同様,62400,税抜,6240
Q2310-023,2023-10-13,D02,高橋,チラシ,A5,コート110kg,4/0,,,10000,1,市外,2023-10-16,特急（翌日納品希望）／校正はPDFで／修正なし,34500,税抜,3450
Q2310-024,2023-10-13,一般,鈴木,名刺,91x55,マットコート220kg,4/4,,片面PP,100,1,引取,2023-10-19,見積有効期限1ヶ月,4400,税込,400
Q2310-025,2023-10-16,C040,鈴木,リーフレット,A4,コート90kg,4/4,,二つ折,500,1,市外,,支払は月末締め翌月末,23520,税抜,2352
Q2310-026,2023-10-16,C025,鈴木,チラシ,A4,コート110kg,4/0,,,1000,1,市外,,紙は前回と同じ 前回同様（数量のみ変更）,24670,税抜,2467
Q2310-027,2023-10-16,K001,田中,名刺,91x55,マットコート220kg,1/0,,,100,1,引取,2023-10-19,文字修正3箇所／QRコード入り,2860,税込,260
Q2310-028,2023-10-16,D05,渡辺,チラシ,A4,コート110kg,1/0,,,10000,1,市内,2023-10-23,地図差替えあり,32950,税抜,3295
Q2310-029,2023-10-16,G08,渡辺,冊子,A4,上質70kg,1/1,24,中綴じ,300,1,市内,2023-11-07,見積有効期限1ヶ月,39150,税抜,3915
Q2310-030,2023-10-16,C017,田中,冊子,A4,コート110kg,4/4,16,中綴じ,300,1,市外,2023-11-06,Word入稿（要変換）,82010,税抜,8201
Q2310-031,2023-10-17,G05,高橋,封筒,長3,白ケント80g,1/0,,,1500,1,市外,2023-10-30,,14500,税抜,1450
Q2310-032,2023-10-17,C002,高橋,リーフレット,A3,コート90kg,4/4,,二つ折,1500,1,市外,2023-10-24,折り見本あり、リピート,52000,税抜,5200
Q2310-033,2023-10-17,C004,鈴木,チラシ,B4,上質70kg,4/4,,,3000,1,市外,,要確認,51710,税抜,5171
Q2310-034,2023-10-18,C007,渡辺,チラシ,A4,コート110kg,4/0,,,10000,1,市内,2023-11-02,要確認、修正あり（PDF校正2回）,51110,税抜,5111
Q2310-035,2023-10-18,C026,田中,チラシ,B4,コート90kg,4/4,,,10000,1,市内,2023-10-26,,78000,税抜,7800
Q2310-036,2023-10-18,C002,高橋,チラシ,A5,コート90kg,4/0,,,1000,1,市外,2023-10-20,地図差替えあり データ修正あり 特急（翌日納品希望）,31000,税抜,3100
Q2310-037,2023-10-19,C021,鈴木,冊子,A5,コート110kg,1/1,8,中綴じ,3000,1,市内,2023-10-31,,62040,税抜,6204
Q2310-038,2023-10-20,C031,鈴木,リーフレット,A4,コート90kg,4/4,,三つ折,3000,1,県外,2023-11-07,サンプル5部別送、メールにて見積送付,57570,税抜,5757
Q2310-039,2023-10-21,D06,高橋,リーフレット,A3,コート110kg,4/4,,三つ折,2000,1,県外,,修正なし、担当者様不在のため後日連絡,48000,税抜,4800
Q2310-040,2023-10-23,K001,田中,チラシ,A4,マットコート135kg,4/4,,,1000,1,引取,2023-11-02,修正なし,46750,税込,4250
Q2310-041,2023-10-23,D06,鈴木,リーフレット,A3,コート110kg,4/4,,三つ折,1500,1,県外,2023-11-07,見積有効期限1ヶ月,47100,税抜,4710
Q2310-042,2023-10-23,一般,田中,名刺,91x55,マットコート220kg,4/4,,,100,1,引取,,リピート、裏面英語表記,3740,税込,340
Q2310-043,2023-10-23,C012,高橋,封筒,洋長3,白ケント80g,1/0,,,300,1,市内,2023-11-01,修正なし 前回同様 紙は前回と同じ,9860,税抜,986
Q2310-044,2023-10-24,C027,田中,封筒,長3,白ケント80g,2/0,,,1000,1,市外,2023-11-02,社名・住所入り,13580,税抜,1358
Q2310-045,2023-10-24,一般,鈴木,名刺,91x55,マットコート220kg,4/0,,,100,1,市内,2023-10-30,,3520,税込,320
Q2310-046,2023-10-24,一般,渡辺,チラシ,A4,コート110kg,4/4,,,50,1,引取,2023-11-02,新聞折込用,5500,税込,500
Q2310-047,2023-10-25,C009,田中,名刺,91x55,マットコート220kg,4/4,,,100,10,県外,2023-11-02,前回同様、完全データ入稿、データ修正あり、Illustrator入稿,32980,税抜,3298
Q2310-048,2023-10-26,C027,田中,封筒,長3,白ケント80g,2/0,,,500,1,市外,2023-11-08,前回同様（数量のみ変更）／紙は前回と同じ,13580,税抜,1358
Q2310-049,2023-10-27,C002,高橋,チラシ,B5,コート110kg,4/0,,,500,1,市外,,前回同様（数量のみ変更）,11500,税抜,1150
Q2310-050,2023-10-27,D01,高橋,チラシ,A5,マットコート135kg,4/0,,,1000,1,市外,2023-11-10,文字修正あり,24000,税抜,2400
Q2310-051,2023-10-27,C031,鈴木,封筒,角2,白ケント100g,2/0,,,3000,1,県外,2023-11-13,見積有効期限1ヶ月,65440,税抜,6544
Q2310-052,2023-10-27,K002,田中,冊子,A4,コート110kg,4/4,16,中綴じ,100,1,市内,2023-11-13,完全データ入稿,32725,税込,2975
Q2310-053,2023-10-28,C006,鈴木,名刺,91x55,マットコート220kg,1/0,,,100,3,市内,2023-11-02,,5360,税抜,536
Q2310-054,2023-10-30,C003,高橋,封筒,角2,白ケント100g,1/0,,,300,1,市外,2023-11-08,前回同様（数量のみ変更） 納品書同梱,14000,税抜,1400
Q2310-055,2023-10-30,C004,鈴木,チラシ,A4,コート90kg,4/0,,,5000,3,市外,2023-11-10,リピート,100610,税抜,10061
Q2310-056,2023-10-31,D01,高橋,チラシ,A4,マットコート135kg,4/0,,,1000,1,市外,2023-11-08,本機色校正あり,29000,税抜,2900
Q2310-057,2023-10-31,D06,鈴木,チラシ,A4,マットコート135kg,4/4,,,5000,1,県外,2023-11-17,Word入稿（要変換）／サンプル5部別送,57400,税抜,5740
Q2310-058,2023-10-31,C031,鈴木,リーフレット,A4,コート90kg,4/4,,三つ折,3000,1,県外,2023-11-10,,57570,税抜,5757
Q2311-001,2023-11-01,C039,鈴木,チラシ,A4,コート90kg,4/0,,,300,1,引取,2023-11-09,担当者様不在のため後日連絡,7807,税抜,780
Q2311-002,2023-11-01,C001,高橋,チラシ,B5,コート90kg,4/0,,,10000,2,市内,2023-11-13,色校1回 前回同様（数量のみ変更）,73000,税抜,7300
Q2311-003,2023-11-01,D05,田中,リーフレット,A3,コート110kg,4/4,,二つ折,5000,1,市内,2023-11-10,前回同様（数量のみ変更）,69910,税抜,6991
Q2311-004,2023-11-01,C004,鈴木,チラシ,A4,コート90kg,4/0,,,3000,3,市外,,完全データ入稿／新聞折込用,80370,税抜,8037
Q2311-005,2023-11-06,C005,鈴木,リーフレット,A4,コート110kg,4/0,,三つ折,2000,1,市内,2023-11-14,,33250,税抜,3325
Q2311-006,2023-11-06,C006,鈴木,名刺,91x55,マットコート220kg,4/4,,,100,2,市内,2023-11-09,,7260,税抜,726
Q2311-007,2023-11-06,C006,鈴木,リーフレット,A4,コート90kg,4/4,,三つ折,2000,1,市内,2023-11-21,FAX送付済,47260,税抜,4726
Q2311-008,2023-11-07,C040,鈴木,チラシ,B5,マットコート135kg,4/4,,片面PP,1000,1,市外,2023-11-21,前回同様（数量のみ変更）,61870,税抜,6187
Q2311-009,2023-11-07,D06,鈴木,チラシ,A4,コート90kg,4/0,,,3000,1,県外,2023-11-20,,23440,税抜,2344
Q2311-010,2023-11-07,C037,高橋,チラシ,B5,コート90kg,1/0,,二つ折,500,1,市内,2023-11-16,見積有効期限1ヶ月 修正なし 前回同様,8470,税抜,847
Q2311-011,2023-11-07,D05,田中,冊子,A5,マットコート135kg,4/4,24,中綴じ,300,1,市内,2023-11-29,完全データ入稿、納品書同梱,61960,税抜,6196
Q2311-012,2023-11-07,C022,渡辺,封筒,角2,クラフト85g,2/0,,,2000,1,市内,2023-11-15,社名・住所入り、FAX送付済,31270,税抜,3127
Q2311-013,2023-11-08,C022,渡辺,チラシ,A4,コート90kg,1/0,,,300,1,引取,2023-11-15,Word入稿（要変換）,5000,税抜,500
Q2311-014,2023-11-08,D04,鈴木,チラシ,A4,コート110kg,4/0,,,1000,1,県外,2023-11-15,,18680,税抜,1868
Q2311-015,2023-11-08,C007,渡辺,チラシ,B4,コート90kg,4/4,,,10000,1,市内,2023-11-17,見積有効期限1ヶ月,74100,税抜,7410
Q2311-016,2023-11-08,C002,高橋,チラシ,B4,マットコート135kg,4/0,,,500,1,市外,2023-11-15,見積有効期限1ヶ月,22500,税抜,2250
Q2311-017,2023-11-08,C031,鈴木,封筒,洋長3,白ケント80g,2/0,,,2500,1,県外,2023-11-20,窓なし、完全データ入稿、前回より部数増、リピート,30110,税抜,3011
Q2311-018,2023-11-09,C002,高橋,チラシ,B5,コート110kg,4/0,,,500,1,市外,2023-11-15,リピート、色校あり,13000,税抜,1300
Q2311-019,2023-11-09,C031,鈴木,リーフレット,A4,コート90kg,4/4,,三つ折,3000,1,県外,2023-11-22,FAX送付済、前回同様,57570,税抜,5757
Q2311-020,2023-11-09,C040,鈴木,チラシ,A4,コート90kg,4/4,,,500,1,引取,2023-11-14,ポスティング用、前回同様（数量のみ変更）、完全データ入稿,17090,税抜,1709
Q2311-021,2023-11-09,C035,鈴木,リーフレット,A4,マットコート135kg,4/4,,Z折,5000,2,引取,2023-11-22,完全データ入稿、見積有効期限1ヶ月,142400,税抜,14240
Q2311-022,2023-11-09,D06,鈴木,リーフレット,A3,コート110kg,4/4,,三つ折,2000,1,県外,2023-11-17,FAX送付済,48400,税抜,4840
Q2311-023,2023-11-09,C029,高橋,チラシ,A4,コート90kg,1/1,,,500,1,市内,,請求書は本社宛、データ修正（電話番号変更）、PDF入稿,10000,税抜,1000
Q2311-024,2023-11-09,C001,高橋,チラシ,B5,コート90kg,4/4,,,3000,1,市内,2023-11-16,FAX送付済,42000,税抜,4200
Q2311-025,2023-11-10,C036,渡辺,封筒,洋長3,白ケント80g,1/0,,,10000,1,市内,2023-11-22,相見積、前回同様（数量のみ変更）、社名DIC 182,68710,税抜,6871
Q2311-026,2023-11-10,C018,田中,名刺,91x55,上質180kg,1/0,,,200,1,市内,2023-11-15,,2800,税抜,280
Q2311-027,2023-11-10,C031,鈴木,チラシ,A5,上質90kg,1/0,,,200,1,県外,,紙は前回と同じ、修正なし,5520,税抜,552
Q2311-028,2023-11-10,一般,田中,名刺,91x55,マットコート220kg,1/0,,,500,2,引取,2023-11-20,前回より部数増、修正あり（PDF校正2回）,8140,税込,740
Q2311-029,2023-11-10,C003,高橋,封筒,角2,クラフト85g,1/0,,,1200,1,引取,2023-11-20,納品書同梱／前回同様（数量のみ変更）／修正なし,21500,税抜,2150
Q2311-030,2023-11-10,C016,高橋,封筒,角2,白ケント100g,2/0,,,5000,1,市内,2023-11-27,前回同様／完全データ入稿,95000,税抜,9500
Q2311-031,2023-11-10,C001,高橋,チラシ,B4,コート90kg,4/4,,,5000,1,市内,2023-11-14,お急ぎ、メールにて見積送付,56000,税抜,5600
Q2311-032,2023-11-13,C028,田中,冊子,A5,コート110kg,4/4,16,中綴じ,2000,1,市内,,前回同様,77820,税抜,7782
Q2311-033,2023-11-13,C007,渡辺,チラシ,A4,コート90kg,4/4,,,5000,1,市内,2023-11-28,紙は前回と同じ／リピート,54050,税抜,5405
Q2311-034,2023-11-13,C036,渡辺,名刺,91x55,マットコート220kg,4/4,,,500,1,引取,2023-11-20,QRコード入り／前回同様（数量のみ変更）／前回より部数増,6660,税抜,666
Q2311-035,2023-11-13,D02,高橋,チラシ,A4,コート110kg,4/4,,,2000,1,市外,,校正はPDFで,36000,税抜,3600
Q2311-036,2023-11-14,C004,鈴木,チラシ,A4,コート90kg,4/0,,,3000,3,市外,2023-11-27,見積のみ、新聞折込用,80370,税抜,8037
Q2311-037,2023-11-14,一般,渡辺,チラシ,A5,マットコート135kg,4/4,,,500,1,引取,2023-11-21,,12232,税込,1112
Q2311-038,2023-11-14,C002,高橋,チラシ,B4,コート90kg,4/0,,,1000,1,市外,2023-12-01,Illustrator入稿,25000,税抜,2500
Q2311-039,2023-11-14,C003,高橋,チラシ,A4,コート110kg,4/4,,,500,1,引取,2023-11-20,,18000,税抜,1800
Q2311-040,2023-11-16,K013,鈴木,リーフレット,A4,コート110kg,4/0,,三つ折,1000,1,引取,2023-11-30,納品書同梱,29997,税込,2727
Q2311-041,2023-11-16,K007,田中,名刺,91x55,マットコート220kg,4/0,,,100,1,引取,2023-11-27,新規作成（ロゴ支給）,5940,税込,540
Q2311-042,2023-11-16,C017,田中,封筒,長3,クラフト70g,1/0,,,1000,1,市外,2023-11-27,〒枠なし／前回同様／社名DIC 182,11340,税抜,1134
Q2311-043,2023-11-16,C023,高橋,リーフレット,A4,マットコート135kg,4/4,,三つ折,1000,1,県外,2023-11-20,急ぎ、納品書同梱,47500,税抜,4750
Q2311-044,2023-11-17,一般,渡辺,リーフレット,A3,コート110kg,4/4,,二つ折,1000,1,引取,2023-11-30,,53625,税込,4875
Q2311-045,2023-11-17,C023,高橋,リーフレット,A4,マットコート135kg,4/4,,三つ折,500,1,県外,2023-11-28,,24000,税抜,2400
Q2311-046,2023-11-17,C027,鈴木,封筒,長3,白ケント80g,1/0,,,1000,1,市外,2023-11-21,FAX送付済 特急対応,11850,税抜,1185
Q2311-047,2023-11-17,D06,鈴木,名刺,91x55,パール紙180kg,4/0,,,100,3,県外,2023-11-24,Word入稿（要変換）、担当者様不在のため後日連絡,7000,税抜,700
Q2311-048,2023-11-18,G08,渡辺,冊子,A4,上質70kg,1/1,24,中綴じ,1500,1,市内,2023-11-20,支払は月末締め翌月末、特急対応,97530,税抜,9753
Q2311-049,2023-11-20,C039,鈴木,チラシ,A4,コート90kg,4/0,,,1000,1,市外,2023-11-29,支払は月末締め翌月末、請求書は本社宛,23920,税抜,2392
Q2311-050,2023-11-20,D06,鈴木,リーフレット,A4,コート90kg,4/4,,三つ折,2000,1,県外,2023-12-07,Word入稿（要変換）,41100,税抜,4110
Q2311-051,2023-11-20,D05,田中,チラシ,A4,コート90kg,4/0,,,50000,1,市内,,前回同様（数量のみ変更） 完全データ入稿,124650,税抜,12465
Q2311-052,2023-11-20,C031,渡辺,冊子,A5,上質70kg,4/4,24,中綴じ,3000,1,県外,2023-12-11,リピート、表紙・本文共紙、見積有効期限1ヶ月,157900,税抜,15790
Q2311-053,2023-11-20,D02,渡辺,チラシ,A5,コート110kg,4/0,,,5000,1,市外,2023-12-07,文字修正3箇所,26540,税抜,2654
Q2311-054,2023-11-21,C017,田中,名刺,91x55,上質180kg,1/0,,,100,12,市外,,前回同様,17480,税抜,1748
Q2311-055,2023-11-21,C013,高橋,封筒,角2,白ケント100g,1/0,,,500,1,市内,2023-12-05,社名・住所入り,12500,税抜,1250
Q2311-056,2023-11-22,C033,鈴木,チラシ,A4,コート90kg,4/4,,,10000,1,引取,2023-12-11,,69750,税抜,6975
Q2311-057,2023-11-22,C009,田中,名刺,91x55,マットコート220kg,1/0,,,100,2,引取,2023-11-29,新規デザイン,6540,税抜,654
Q2311-058,2023-11-22,C018,田中,封筒,角2,クラフト85g,2/0,,,1000,1,市内,2023-12-04,完全データ入稿,20360,税抜,2036
Q2311-059,2023-11-22,C034,鈴木,名刺,91x55,マットコート220kg,1/1,,,100,1,市内,2023-11-30,請求書は本社宛,3400,税抜,340
Q2311-060,2023-11-22,G01,鈴木,チラシ,A4,上質70kg,4/0,,,500,1,市内,2023-11-30,FAX送付済、DIC近似色で,10070,税抜,1007
Q2311-061,2023-11-24,C002,高橋,リーフレット,A4,マットコート135kg,4/4,,三つ折,2000,1,市外,2023-12-12,文字修正3箇所 見積のみ,56500,税抜,5650
Q2311-062,2023-11-24,C006,鈴木,冊子,A5,マットコート135kg,4/4,8,中綴じ,300,1,市内,2023-12-07,ページ数変更の可能性あり／表紙・本文共紙,28210,税抜,2821
Q2311-063,2023-11-24,一般,渡辺,チラシ,B5,マットコート135kg,4/0,,,200,1,引取,2023-12-01,支払は月末締め翌月末,6996,税込,636
Q2311-064,2023-11-24,C006,鈴木,名刺,91x55,マットコート220kg,4/0,,,500,2,市内,2023-12-01,検討中,10680,税抜,1068
Q2311-065,2023-11-27,G06,高橋,封筒,長3,白ケント80g,2/0,,,5000,1,市内,2023-11-29,特急（翌日納品希望）,39000,税抜,3900
Q2311-066,2023-11-27,C031,鈴木,名刺,91x55,上質135kg,4/0,,,100,3,県外,2023-12-01,完全データ入稿、支払は月末締め翌月末、データ修正あり,8720,税抜,872
Q2311-067,2023-11-27,C038,田中,チラシ,A4,コート110kg,4/0,,,5000,1,市内,,ポスティング用／担当者様不在のため後日連絡,34720,税抜,3472
Q2311-068,2023-11-28,C002,高橋,リーフレット,A4,マットコート135kg,4/4,,Z折,1000,1,市外,2023-12-07,折り見本あり,46500,税抜,4650
Q2311-069,2023-11-28,C027,田中,封筒,長3,白ケント80g,2/0,,,500,1,市外,2023-12-07,前回同様（数量のみ変更）,13580,税抜,1358
Q2311-070,2023-11-28,C040,鈴木,封筒,長3,白ケント80g,2/0,,,1000,1,市外,2023-12-08,担当者様不在のため後日連絡,14180,税抜,1418
Q2311-071,2023-11-28,C033,鈴木,チラシ,A4,コート90kg,4/0,,,5000,1,市外,2023-12-04,急ぎ、完全データ入稿、前回同様（数量のみ変更）、他社相見積あり,32470,税抜,3247
Q2311-072,2023-11-29,C003,高橋,リーフレット,A3,コート110kg,4/4,,二つ折,2000,1,引取,2023-12-07,修正なし,54000,税抜,5400
Q2311-073,2023-11-29,D01,高橋,チラシ,B5,コート90kg,4/4,,,10000,1,市外,2023-12-13,納品書同梱 データ修正（電話番号変更）,52500,税抜,5250
Q2311-074,2023-11-29,一般,渡辺,チラシ,A4,マットコート135kg,4/0,,,1000,1,引取,,DIC指定あり,31350,税込,2850
Q2311-075,2023-11-29,C004,鈴木,チラシ,A4,コート110kg,4/4,,,50000,1,市外,2023-12-06,リピート、完全データ入稿,228630,税抜,22863
Q2311-076,2023-11-29,G02,高橋,冊子,A4,上質70kg,4/4,16,中綴じ,100,1,市外,2023-12-12,リピート,26000,税抜,2600
Q2311-077,2023-11-29,C033,鈴木,チラシ,A4,コート90kg,4/0,,,20000,1,市外,2023-11-30,前回同様／特急対応,87340,税抜,8734
Q2311-078,2023-11-30,C017,田中,封筒,長3,クラフト70g,2/0,,,5000,1,市外,2023-12-04,特急対応／納品書同梱／社名DIC 182,33080,税抜,3308
Q2312-001,2023-12-01,C009,田中,冊子,A5,コート110kg,4/4,16,中綴じ,1500,1,県外,2023-12-20,前回同様（数量のみ変更）、納品書同梱,78440,税抜,7844
Q2312-002,2023-12-01,C006,鈴木,封筒,洋長3,白ケント80g,2/0,,,1000,1,引取,2023-12-13,リピート,13170,税抜,1317
Q2312-003,2023-12-01,C031,鈴木,封筒,長3,クラフト70g,1/0,,,1000,1,県外,2023-12-08,窓なし,7790,税抜,779
Q2312-004,2023-12-01,一般,鈴木,名刺,91x55,上質180kg,1/1,,,500,1,引取,2023-12-07,相見積,6380,税込,580
Q2312-005,2023-12-02,C007,渡辺,封筒,長3,クラフト70g,2/0,,,5000,1,市内,2023-12-12,検討中／ロゴDIC指定／Word入稿（要変換）,28550,税抜,2855
Q2312-006,2023-12-04,C014,鈴木,封筒,角2,クラフト85g,1/0,,,1200,1,市内,2023-12-14,社名DIC 182／納品書同梱,23650,税抜,2365
Q2312-007,2023-12-04,C001,高橋,チラシ,A4,コート110kg,4/0,,,10000,1,市内,2023-12-15,ポスティング用,45500,税抜,4550
Q2312-008,2023-12-04,C034,鈴木,名刺,91x55,上質180kg,1/1,,,100,4,市内,2023-12-07,新規作成（ロゴ支給）、修正なし、紙は前回と同じ,14900,税抜,1490
Q2312-009,2023-12-04,C001,高橋,チラシ,B5,コート90kg,4/0,,,10000,2,市内,2023-12-14,担当者様不在のため後日連絡、校正はPDFで,65000,税抜,6500
Q2312-010,2023-12-05,C007,渡辺,リーフレット,A3,コート110kg,4/4,,三つ折,10000,1,市内,2023-12-14,,119530,税抜,11953
Q2312-011,2023-12-05,一般,渡辺,名刺,91x55,マットコート220kg,4/4,,角丸,100,1,引取,2023-12-08,新規デザイン（2案）,7590,税込,690
Q2312-012,2023-12-05,C039,鈴木,チラシ,A4,コート90kg,4/0,,,500,1,市外,2023-12-12,修正なし／リピート,11470,税抜,1147
Q2312-013,2023-12-06,C016,高橋,リーフレット,A3,マットコート135kg,4/4,,二つ折,10000,1,市内,,見積のみ 前回同様（数量のみ変更） 修正あり（PDF校正2回）,138500,税抜,13850
Q2312-014,2023-12-06,C033,鈴木,チラシ,A4,コート90kg,4/4,,,5000,3,引取,2023-12-13,見積有効期限1ヶ月,161850,税抜,16185
Q2312-015,2023-12-06,D03,田中,チラシ,A4,コート90kg,1/0,,,20000,1,市内,,検討中 見積有効期限1ヶ月,40770,税抜,4077
Q2312-016,2023-12-06,C038,田中,冊子,A4,コート110kg,4/4,24,中綴じ,2000,1,市内,2023-12-08,特急,273810,税抜,27381
Q2312-017,2023-12-07,C006,鈴木,リーフレット,A4,マットコート135kg,4/4,,Z折,2000,1,引取,2023-12-19,Word入稿（要変換）、前回同様（数量のみ変更）,512000,税抜,51200
Q2312-018,2023-12-07,G01,鈴木,冊子,A5,上質70kg,1/1,16,中綴じ,500,1,市内,2023-12-22,要確認、表紙・本文共紙,20700,税抜,2070
Q2312-019,2023-12-07,C040,鈴木,名刺,91x55,マットコート220kg,4/4,,,300,1,市外,2023-12-14,Word入稿（要変換）,7170,税抜,717
Q2312-020,2023-12-07,D01,高橋,リーフレット,A4,マットコート135kg,4/4,,Z折,500,1,市外,2023-12-12,メールにて見積送付,19500,税抜,1950
Q2312-021,2023-12-07,C007,渡辺,チラシ,B4,コート110kg,4/4,,,30000,1,市内,2023-12-20,,164160,税抜,16416
Q2312-022,2023-12-07,C023,高橋,チラシ,A5,コート90kg,1/1,,,2000,1,県外,2023-12-11,特急、完全データ入稿,14500,税抜,1450
Q2312-023,2023-12-08,C016,高橋,封筒,角2,白ケント100g,2/0,,,3000,1,市内,2023-12-22,リピート,60000,税抜,6000
Q2312-024,2023-12-08,C006,鈴木,リーフレット,A4,マットコート135kg,4/4,,Z折,2000,1,市内,,,61200,税抜,6120
Q2312-025,2023-12-09,D01,高橋,チラシ,A4,コート90kg,4/0,,,3000,1,市外,2023-12-22,地図差替えあり,22000,税抜,2200
Q2312-026,2023-12-09,C021,鈴木,名刺,91x55,マットコート220kg,1/1,,,200,4,市内,2023-12-18,肩書変更あり／新規デザイン,19460,税抜,1946
Q2312-027,2023-12-11,C003,高橋,封筒,長3,クラフト70g,1/0,,,2500,1,市外,2023-12-22,リピート、社名DIC 182,18500,税抜,1850
Q2312-028,2023-12-11,D01,高橋,リーフレット,A4,コート110kg,4/4,,Z折,300,1,市外,2023-12-14,修正なし、至急、前回同様（数量のみ変更）,13500,税抜,1350
Q2312-029,2023-12-11,D01,高橋,チラシ,A5,コート90kg,4/0,,,5000,3,市外,2023-12-21,見積有効期限1ヶ月,58000,税抜,5800
Q2312-030,2023-12-11,C008,高橋,名刺,91x55,上質135kg,1/0,,,500,3,市内,2023-12-14,新規デザイン,13000,税抜,1300
Q2312-031,2023-12-11,C002,高橋,チラシ,B5,コート110kg,4/0,,,500,1,市外,2023-12-18,紙は前回と同じ、校正はPDFで,13000,税抜,1300
Q2312-032,2023-12-11,C026,田中,チラシ,A3,コート90kg,4/4,,,10000,1,市内,,見積のみ,99070,税抜,9907
Q2312-033,2023-12-11,K010,田中,名刺,91x55,上質135kg,4/0,,,100,1,市内,,QRコード入り／Illustrator入稿,3520,税込,320
Q2312-034,2023-12-11,D02,高橋,名刺,91x55,上質180kg,4/4,,,200,3,市外,2023-12-19,前回同様／裏面英語表記／Word入稿（要変換）,13200,税抜,1320
Q2312-035,2023-12-11,C026,田中,チラシ,A3,コート90kg,4/4,,,10000,1,市内,,見積のみ,99070,税抜,9907
Q2312-036,2023-12-11,C031,鈴木,名刺,91x55,上質135kg,1/1,,,100,10,県外,2023-12-19,新規デザイン,32720,税抜,3272
Q2312-037,2023-12-12,C017,田中,封筒,長3,クラフト70g,1/0,,,1000,1,引取,2023-12-14,特急、メールにて見積送付、文字修正3箇所、窓なし,10300,税抜,1030
Q2312-038,2023-12-12,C007,渡辺,チラシ,B4,コート110kg,4/0,,,20000,1,市内,,PDF入稿、色校1回,99720,税抜,9972
Q2312-039,2023-12-13,C036,渡辺,封筒,洋長3,白ケント80g,1/0,,,10000,1,市内,2023-12-26,窓なし,64710,税抜,6471
Q2312-040,2023-12-13,C039,鈴木,チラシ,B5,上質70kg,1/1,,,1000,1,市外,2023-12-20,地図差替えあり FAX送付済,15450,税抜,1545
Q2312-041,2023-12-13,C006,高橋,名刺,91x55,マットコート220kg,4/0,,,100,5,市内,2023-12-19,前回同様（数量のみ変更）,11000,税抜,1100
Q2312-042,2023-12-14,C020,渡辺,名刺,91x55,マットコート220kg,1/0,,角丸,100,3,市内,,,7100,税抜,710
Q2312-043,2023-12-14,C007,渡辺,封筒,長3,クラフト70g,2/0,,,5000,1,引取,2023-12-27,リピート,24550,税抜,2455
Q2312-044,2023-12-14,C018,田中,チラシ,B5,上質70kg,1/0,,,500,1,市内,2023-12-25,PDF入稿,6490,税抜,649
Q2312-045,2023-12-14,C037,田中,チラシ,A4,コート110kg,4/4,,,5000,1,市内,2024-01-05,地図差替えあり,59900,税抜,5990
Q2312-046,2023-12-14,G02,高橋,チラシ,B5,上質70kg,4/0,,,1500,1,市外,2024-01-05,,22000,税抜,2200
Q2312-047,2023-12-14,G01,鈴木,冊子,A4,コート110kg,4/4,20,中綴じ,500,1,市内,2024-01-11,ページ数変更の可能性あり,106200,税抜,10620
Q2312-048,2023-12-14,C031,鈴木,封筒,角2,クラフト85g,1/0,,,1500,1,県外,2023-12-22,社名・住所入り、特色（DIC 221）,28440,税抜,2844
Q2312-049,2023-12-15,C031,鈴木,名刺,91x55,上質135kg,4/0,,,100,3,県外,2023-12-25,,7720,税抜,772
Q2312-050,2023-12-15,C006,鈴木,リーフレット,A3,コート110kg,4/4,,二つ折,5000,1,市内,2023-12-19,特急（翌日納品希望）,97670,税抜,9767
Q2312-051,2023-12-16,C020,鈴木,チラシ,A4,コート90kg,4/4,,,5000,1,市内,2023-12-28,Word入稿（要変換）,56900,税抜,5690
Q2312-052,2023-12-18,G04,鈴木,チラシ,A4,上質70kg,1/1,,,20000,1,引取,,完全データ入稿,43560,税抜,4356
Q2312-053,2023-12-18,C017,田中,封筒,角2,クラフト85g,2/0,,,1000,1,市外,2023-12-25,支払は月末締め翌月末,19820,税抜,1982
Q2312-054,2023-12-19,G01,鈴木,チラシ,A4,上質90kg,1/0,,,1000,1,市内,2023-12-28,校正はPDFで／Illustrator入稿,8960,税抜,896
Q2312-055,2023-12-19,C022,渡辺,リーフレット,A4,マットコート135kg,4/4,,三つ折,2000,1,市内,2024-01-12,メールにて見積送付,51200,税抜,5120
Q2312-056,2023-12-19,一般,田中,名刺,91x55,マットコート220kg,1/0,,,500,4,引取,2023-12-27,前回より部数増,14080,税込,1280
Q2312-057,2023-12-19,C001,高橋,リーフレット,A4,マットコート135kg,4/4,,三つ折,2000,2,市内,2023-12-26,PDF入稿／要確認,88500,税抜,8850
Q2312-058,2023-12-19,C021,鈴木,冊子,A5,マットコート135kg,4/4,8,中綴じ,1500,1,市内,2024-01-09,前回同様、前回より部数増、Word入稿（要変換）,55220,税抜,5522
Q2312-059,2023-12-19,C006,鈴木,封筒,角2,クラフト85g,1/0,,,500,1,市内,2023-12-21,特急（翌日納品希望）、〒枠なし,12080,税抜,1208
Q2312-060,2023-12-20,一般,渡辺,名刺,91x55,マットコート220kg,4/4,,,100,1,引取,2023-12-26,肩書変更あり,3740,税込,340
Q2312-061,2023-12-21,G08,渡辺,リーフレット,A4,マットコート135kg,4/4,,二つ折,1000,1,市内,2023-12-22,データ修正（電話番号変更）／PDF入稿／完全データ入稿,54410,税抜,5441
Q2312-062,2023-12-21,C035,鈴木,チラシ,A4,コート110kg,4/0,,,500,1,引取,2023-12-28,修正あり（PDF校正2回）,14830,税抜,1483
Q2312-063,2023-12-22,D04,鈴木,リーフレット,A3,コート110kg,4/4,,二つ折,300,1,県外,,,18100,税抜,1810
Q2312-064,2023-12-22,C028,田中,冊子,A5,コート110kg,4/4,16,中綴じ,2000,1,市内,2024-01-16,データ修正あり、請求書は本社宛,80820,税抜,8082
Q2312-065,2023-12-22,K015,田中,名刺,91x55,マットコート220kg,4/4,,,500,1,引取,2023-12-28,担当者様不在のため後日連絡,8140,税込,740
Q2312-066,2023-12-22,C006,鈴木,リーフレット,A3,コート110kg,4/4,,二つ折,5000,1,市内,2024-01-12,前回同様（数量のみ変更）／文字修正3箇所／サンプル5部別送,81130,税抜,8113
Q2312-067,2023-12-25,C025,鈴木,チラシ,A4,コート90kg,4/0,,,3000,1,市外,2024-01-12,納品書同梱、見積有効期限1ヶ月,27550,税抜,2755
Q2312-068,2023-12-25,一般,高橋,名刺,91x55,ヴァンヌーボ195kg,4/4,,,100,1,市外,2024-01-05,要確認,5720,税込,520
Q2312-051-R2,2023-12-26,C020,鈴木,チラシ,A4,コート90kg,4/4,,,8000,1,市内,2024-01-11,数量変更につき再見積、Word入稿（要変換）,60520,税抜,6052
Q2312-069,2023-12-26,C033,鈴木,チラシ,A4,コート90kg,4/4,,,10000,1,市外,2024-01-16,リピート,69750,税抜,6975
Q2312-070,2023-12-26,一般,渡辺,名刺,91x55,マットコート220kg,4/4,,,100,1,引取,2024-01-09,肩書変更あり,3740,税込,340
Q2312-071,2023-12-26,C025,鈴木,チラシ,A4,コート90kg,4/0,,,3000,1,市外,2024-01-16,見積有効期限1ヶ月、リピート,27550,税抜,2755
Q2312-072,2023-12-26,C004,鈴木,名刺,91x55,上質180kg,4/4,,,100,4,市外,2024-01-05,Illustrator入稿、リピート、データ修正あり,16780,税抜,1678
Q2312-073,2023-12-26,一般,田中,リーフレット,A4,マットコート135kg,4/4,,三つ折,500,1,県外,2024-01-10,折り見本あり,26565,税込,2415
Q2312-074,2023-12-26,C017,田中,名刺,91x55,マットコート220kg,1/0,,,100,8,市外,2024-01-11,納品書同梱,12580,税抜,1258
Q2312-075,2023-12-26,G04,田中,チラシ,A4,上質70kg,1/1,,,2000,1,市外,,修正なし、Word入稿（要変換）,15720,税抜,1572
Q2312-076,2023-12-27,D02,高橋,チラシ,A4,マットコート135kg,4/4,,,5000,1,市外,2024-01-22,地図差替えあり,52000,税抜,5200
Q2312-077,2023-12-27,C016,高橋,名刺,91x55,上質180kg,4/0,,,100,6,市内,2024-01-09,担当者様不在のため後日連絡、前回同様（数量のみ変更）、見積のみ,14000,税抜,1400
Q2312-078,2023-12-27,C018,田中,リーフレット,A4,マットコート135kg,4/4,,三つ折,1000,1,市内,2024-01-18,,46600,税抜,4660
Q2312-079,2023-12-27,G02,高橋,冊子,A4,上質70kg,4/4,16,中綴じ,100,1,市外,2024-01-25,ページ数変更の可能性あり,27000,税抜,2700
Q2312-080,2023-12-28,C004,鈴木,名刺,91x55,パール紙180kg,4/0,,,100,6,市外,2024-01-09,特急（翌日納品希望） 支払は月末締め翌月末,22400,税抜,2240
Q2312-081,2023-12-28,D06,鈴木,リーフレット,A3,コート110kg,4/4,,三つ折,2000,1,県外,2024-01-19,折り見本あり、納品書同梱,48400,税抜,4840
Q2312-082,2023-12-28,C007,渡辺,チラシ,B4,上質70kg,4/4,,,10000,1,市内,2024-01-19,,69250,税抜,6925
Q2312-083,2023-12-28,C031,鈴木,リーフレット,A4,コート90kg,4/4,,二つ折,2000,1,県外,2024-01-17,FAX送付済、文字修正あり,52750,税抜,5275
Q2312-084,2023-12-28,K002,田中,冊子,A5,上質70kg,4/4,24,中綴じ,30,1,引取,2024-01-23,要確認,11935,税込,1085
Q2312-085,2023-12-28,C002,高橋,リーフレット,A4,コート110kg,4/0,,三つ折,300,1,市外,2024-01-16,,13500,税抜,1350
Q2312-086,2023-12-28,C018,田中,チラシ,B5,上質70kg,1/0,,,1000,1,市内,,前回同様、ポスティング用,10250,税抜,1025
Q2401-001,2024-01-05,C037,高橋,リーフレット,A4,コート110kg,4/4,,三つ折,500,1,市内,2024-01-16,紙は前回と同じ,22000,税抜,2200
Q2401-002,2024-01-05,C031,鈴木,リーフレット,A4,コート110kg,4/4,,Z折,3000,1,県外,2024-01-19,,59820,税抜,5982
Q2401-003,2024-01-05,D02,高橋,チラシ,A4,コート90kg,4/0,,,5000,1,市外,,修正なし、要確認、完全データ入稿,27000,税抜,2700
Q2401-004,2024-01-09,D05,田中,リーフレット,A3,コート110kg,4/4,,二つ折,5000,1,市内,2024-01-24,前回同様（数量のみ変更）,69910,税抜,6991
Q2401-005,2024-01-09,C006,鈴木,リーフレット,A3,コート110kg,4/4,,二つ折,5000,1,市内,2024-01-24,リピート、見積有効期限1ヶ月,78130,税抜,7813
Q2401-002-R2,2024-01-10,C031,鈴木,リーフレット,A4,コート110kg,4/4,,Z折,3000,1,県外,2024-01-19,,56200,税抜,5620
Q2401-006,2024-01-12,D04,鈴木,リーフレット,A3,コート110kg,4/4,,二つ折,500,1,県外,2024-01-17,前回同様 相見積,26700,税抜,2670
Q2401-007,2024-01-12,G02,高橋,冊子,A4,上質70kg,4/4,16,中綴じ,150,1,市外,,表紙・本文共紙,34500,税抜,3450
Q2401-008,2024-01-12,G01,鈴木,チラシ,A4,上質90kg,1/0,,,1500,1,市内,2024-01-19,,8960,税抜,896
Q2401-009,2024-01-15,一般,渡辺,チラシ,A4,コート110kg,4/4,,,300,1,引取,2024-01-23,,13772,税込,1252
Q2401-010,2024-01-16,G08,渡辺,封筒,長3,クラフト70g,2/0,,,1500,1,市内,2024-01-29,特色（DIC 221）、100枚ごと帯掛け,17560,税抜,1756
Q2401-011,2024-01-16,C034,鈴木,チラシ,B4,コート110kg,4/4,,,1000,2,市内,2024-01-31,,84900,税抜,8490
Q2401-012,2024-01-16,一般,渡辺,名刺,91x55,ヴァンヌーボ195kg,1/0,,,100,1,引取,2024-01-22,,2090,税込,190
Q2401-013,2024-01-16,C009,田中,名刺,91x55,マットコート220kg,4/4,,,100,11,引取,2024-01-22,支払は月末締め翌月末／修正なし,33260,税抜,3326
Q2401-014,2024-01-16,C002,高橋,チラシ,A5,コート110kg,4/4,,,3000,1,市外,2024-01-24,メールにて見積送付,45500,税抜,4550
Q2401-015,2024-01-16,C023,高橋,名刺,91x55,マットコート220kg,4/0,,,100,1,引取,2024-01-23,前回同様（数量のみ変更）,2400,税抜,240
Q2401-016,2024-01-17,C004,鈴木,チラシ,B4,コート90kg,4/4,,,10000,1,引取,2024-02-02,修正なし,81900,税抜,8190
Q2401-017,2024-01-18,C037,高橋,封筒,角2,クラフト85g,2/0,,,500,1,市内,,2色目DIC指定,18500,税抜,1850
Q2401-018,2024-01-19,C033,鈴木,チラシ,B4,コート90kg,4/4,,二つ折,5000,1,市外,2024-01-31,納品書同梱、校正はPDFで,70400,税抜,7040
Q2401-019,2024-01-22,C037,高橋,リーフレット,A4,マットコート135kg,4/4,,二つ折,2000,1,市内,2024-02-07,リピート,52500,税抜,5250
Q2401-020,2024-01-23,D06,田中,リーフレット,A4,マットコート135kg,4/4,,三つ折,300,1,県外,2024-01-31,メールにて見積送付／紙は前回と同じ／データ修正（電話番号変更）,17890,税抜,1789
Q2401-021,2024-01-23,C002,高橋,チラシ,A4,マットコート135kg,4/0,,,2000,1,引取,,Word入稿（要変換）、地図差替えあり,30000,税抜,3000
Q2401-022,2024-01-24,G04,鈴木,チラシ,A4,上質70kg,1/1,,,300,1,市外,2024-01-29,リピート／校正はPDFで,5000,税抜,500
Q2401-023,2024-01-24,D06,鈴木,リーフレット,A4,マットコート135kg,4/4,,三つ折,300,1,県外,2024-01-30,前回同様（数量のみ変更）、担当者様不在のため後日連絡、メールにて見積送付,13690,税抜,1369
Q2401-024,2024-01-25,D03,田中,リーフレット,A4,マットコート135kg,4/4,,三つ折,1500,1,市内,2024-02-08,前回同様、前回より部数増,45800,税抜,4580
Q2401-025,2024-01-26,C006,鈴木,冊子,A5,マットコート135kg,4/4,8,中綴じ,30,1,市内,2024-02-13,見積有効期限1ヶ月,7390,税抜,739
Q2401-026,2024-01-26,C001,高橋,チラシ,A4,コート110kg,4/0,,,30000,1,引取,2024-02-09,請求書は本社宛、FAX送付済,97500,税抜,9750
Q2401-027,2024-01-27,C023,高橋,名刺,91x55,マットコート220kg,4/0,,,100,1,県外,2024-02-01,FAX送付済,2920,税抜,292
Q2401-028,2024-01-29,C004,鈴木,チラシ,B4,コート90kg,4/0,,,5000,1,市外,2024-02-15,新聞折込用,38430,税抜,3843
Q2401-029,2024-01-29,D05,田中,チラシ,A4,マットコート135kg,4/4,,片面PP,1000,2,市内,2024-02-07,校正はPDFで,99620,税抜,9962
Q2401-030,2024-01-30,C012,高橋,封筒,長3,クラフト70g,1/0,,,2000,1,市内,,前回同様（数量のみ変更）,9600,税抜,960
Q2401-031,2024-01-30,D06,鈴木,リーフレット,A4,コート110kg,4/4,,三つ折,500,1,県外,2024-02-07,請求書は本社宛,19090,税抜,1909
Q2401-032,2024-01-30,C001,高橋,チラシ,A4,コート110kg,4/0,,,30000,1,市内,,修正あり（PDF校正2回）／前回より部数増,100500,税抜,10050
Q2401-033,2024-01-30,C003,高橋,封筒,角2,白ケント100g,1/0,,,300,1,市外,2024-02-08,前回同様（数量のみ変更）、窓なし,13500,税抜,1350
Q2401-034,2024-01-30,C031,鈴木,冊子,A5,上質70kg,4/4,24,中綴じ,3000,1,引取,2024-02-13,メールにて見積送付、支払は月末締め翌月末,148000,税抜,14800
Q2401-035,2024-01-30,C021,鈴木,チラシ,A4,マットコート135kg,4/4,,,300,1,市内,2024-02-07,支払は月末締め翌月末、請求書は本社宛,14180,税抜,1418
Q2401-036,2024-01-30,C026,田中,チラシ,A3,コート90kg,4/4,,,10000,1,市内,2024-02-13,,99070,税抜,9907
Q2401-037,2024-01-30,C007,渡辺,チラシ,B4,上質70kg,4/4,,,20000,2,市内,2024-02-06,Word入稿（要変換）,198450,税抜,19845
Q2401-038,2024-01-31,D06,鈴木,リーフレット,A4,マットコート135kg,4/4,,三つ折,300,1,県外,2024-02-05,PDF入稿,14890,税抜,1489
Q2402-001,2024-02-01,C039,鈴木,リーフレット,A4,コート110kg,4/4,,三つ折,5000,1,市外,2024-02-19,,70400,税抜,7040
Q2402-002,2024-02-01,一般,渡辺,チラシ,A4,上質90kg,4/0,,,200,2,引取,2024-02-08,地図差替えあり／見積有効期限1ヶ月,12320,税込,1120
Q2402-003,2024-02-02,C001,高橋,チラシ,A4,コート110kg,4/0,,,10000,1,市内,2024-02-16,検討中、前回同様（数量のみ変更）、ポスティング用,45500,税抜,4550
Q2402-004,2024-02-02,K003,鈴木,名刺,91x55,ヴァンヌーボ195kg,1/1,,,500,1,引取,2024-02-13,,8030,税込,730
Q2402-005,2024-02-02,C017,田中,封筒,角2,白ケント100g,2/0,,,1000,1,引取,2024-02-13,Word入稿（要変換）／修正なし,22750,税抜,2275
Q2402-006,2024-02-05,C033,鈴木,チラシ,A4,コート90kg,4/0,,,20000,1,市外,2024-02-20,データ修正あり／他社相見積あり,72870,税抜,7287
Q2402-007,2024-02-05,C002,高橋,チラシ,B5,コート110kg,4/0,,,500,1,市外,2024-02-06,ポスティング用／サンプル5部別送／特急（翌日納品希望）／前回同様（数量のみ変更）,14000,税抜,1400
Q2402-008,2024-02-05,C037,高橋,リーフレット,A3,コート110kg,4/4,,三つ折,5000,1,市内,2024-02-22,FAX送付済,84500,税抜,8450
Q2402-009,2024-02-05,C002,高橋,リーフレット,A4,マットコート135kg,4/4,,Z折,1000,1,市外,2024-02-21,校正はPDFで、DIC指定あり、リピート,50500,税抜,5050
Q2402-010,2024-02-06,C025,鈴木,チラシ,A4,コート90kg,4/0,,,3000,1,市外,2024-02-19,色校1回／完全データ入稿／他社相見積あり,34050,税抜,3405
Q2402-011,2024-02-06,一般,鈴木,名刺,91x55,パール紙180kg,4/4,,,500,2,引取,2024-02-14,新規作成（ロゴ支給）,23430,税込,2130
Q2402-012,2024-02-07,C036,渡辺,名刺,91x55,マットコート220kg,4/4,,,100,1,市内,2024-02-14,FAX送付済／前回同様,3860,税抜,386
Q2402-013,2024-02-07,C007,渡辺,チラシ,A3,コート90kg,4/0,,,5000,3,市内,2024-02-15,修正なし、見積有効期限1ヶ月,126560,税抜,12656
Q2402-014,2024-02-07,C003,高橋,封筒,角2,クラフト85g,1/0,,,1000,1,市外,,Word入稿（要変換）／前回同様（数量のみ変更）,16000,税抜,1600
Q2402-015,2024-02-07,C030,高橋,冊子,A5,上質70kg,4/4,16,中綴じ,150,1,市内,,前回より部数増／要確認／検討中,23500,税抜,2350
Q2402-016,2024-02-08,C017,田中,リーフレット,A4,コート90kg,4/4,,三つ折,1000,1,市外,2024-02-22,メールにて見積送付、校正はPDFで,40070,税抜,4007
Q2402-017,2024-02-09,D04,鈴木,チラシ,A3,上質90kg,4/0,,,3000,1,県外,2024-02-29,,30800,税抜,3080
Q2402-018,2024-02-09,C001,高橋,チラシ,A3,コート90kg,4/4,,,20000,1,市内,,PDF入稿、相見積,146500,税抜,14650
Q2402-019,2024-02-13,C030,高橋,冊子,A5,上質70kg,4/4,16,中綴じ,100,1,市内,2024-02-29,前回同様,16500,税抜,1650
Q2402-020,2024-02-13,C009,田中,名刺,91x55,マットコート220kg,4/4,,,100,10,県外,,要確認,31980,税抜,3198
Q2402-021,2024-02-13,C025,鈴木,名刺,91x55,上質180kg,4/0,,,200,2,市外,2024-02-14,特急でお願いします、肩書変更あり,9250,税抜,925
Q2402-022,2024-02-14,G03,高橋,チラシ,A5,上質70kg,1/1,,,300,1,市外,2024-02-26,,6500,税抜,650
Q2402-023,2024-02-14,C010,鈴木,チラシ,B4,コート90kg,4/4,,,20000,1,市内,,,114200,税抜,11420
Q2402-024,2024-02-14,C031,鈴木,封筒,角2,クラフト85g,1/0,,,1000,1,県外,2024-02-26,見積有効期限1ヶ月,16860,税抜,1686
Q2402-025,2024-02-14,G05,高橋,冊子,A4,上質70kg,1/1,12,中綴じ,500,1,市外,2024-03-06,,29000,税抜,2900
Q2402-026,2024-02-15,C003,高橋,封筒,角2,白ケント100g,1/0,,,300,1,市外,,支払は月末締め翌月末,14000,税抜,1400
Q2402-027,2024-02-15,C040,鈴木,名刺,91x55,上質180kg,4/4,,,100,6,市外,2024-02-22,,22560,税抜,2256
Q2402-028,2024-02-15,C031,渡辺,リーフレット,A4,マットコート135kg,4/4,,Z折,1000,1,県外,2024-03-01,完全データ入稿、データ修正あり,50900,税抜,5090
Q2402-029,2024-02-15,C020,渡辺,チラシ,B5,コート110kg,4/0,,,5000,1,市内,2024-03-01,FAX送付済、100枚ごと帯掛け,32900,税抜,3290
Q2402-030,2024-02-16,C036,渡辺,名刺,91x55,マットコート220kg,4/4,,,100,1,市内,,Word入稿（要変換）、前回同様（数量のみ変更）,3860,税抜,386
Q2402-031,2024-02-17,C036,渡辺,チラシ,A4,コート90kg,4/0,,,1000,1,市内,2024-02-26,検討中,20180,税抜,2018
Q2402-032,2024-02-19,C001,高橋,名刺,91x55,上質180kg,4/4,,,200,4,市内,2024-02-26,PDF入稿,15500,税抜,1550
Q2402-033,2024-02-19,一般,田中,名刺,91x55,マットコート220kg,4/0,,,100,1,引取,2024-02-28,新規作成（ロゴ支給）,5940,税込,540
Q2402-034,2024-02-19,C002,高橋,リーフレット,A4,マットコート135kg,4/4,,Z折,1000,1,市外,2024-03-07,検討中、見積のみ,46500,税抜,4650
Q2402-035,2024-02-19,C006,鈴木,リーフレット,A3,コート110kg,4/4,,二つ折,5000,1,市内,2024-02-27,支払は月末締め翌月末、FAX送付済、前回同様（数量のみ変更）,78130,税抜,7813
Q2402-036,2024-02-20,D04,鈴木,冊子,A4,マットコート135kg,4/4,8,中綴じ,500,1,県外,2024-03-12,,44150,税抜,4415
Q2402-037,2024-02-20,C018,田中,名刺,91x55,ヴァンヌーボ195kg,1/1,,,200,1,市内,2024-02-29,,4800,税抜,480
Q2402-038,2024-02-20,C001,高橋,名刺,91x55,上質180kg,4/4,,,100,1,市内,2024-02-22,QRコード入り、Illustrator入稿、新規デザイン、急ぎ,6860,税抜,686
Q2402-039,2024-02-20,G05,高橋,冊子,A4,上質70kg,4/4,24,中綴じ,150,1,市外,2024-03-12,,51500,税抜,5150
Q2402-040,2024-02-21,C004,鈴木,チラシ,B4,コート90kg,4/0,,,3000,1,市外,2024-03-01,支払は月末締め翌月末,30240,税抜,3024
Q2402-041,2024-02-21,C006,鈴木,リーフレット,A4,マットコート135kg,4/4,,Z折,2000,1,市内,2024-03-08,特色1色（DIC 156）、前回同様,55200,税抜,5520
Q2402-042,2024-02-21,C001,高橋,名刺,91x55,マットコート220kg,1/1,,,100,6,市内,2024-02-29,要確認／メールにて見積送付／新規作成（ロゴ支給）,19000,税抜,1900
Q2402-043,2024-02-22,一般,渡辺,名刺,91x55,上質180kg,1/0,,,200,1,引取,2024-03-01,新規デザイン、見積のみ,5500,税込,500
Q2402-044,2024-02-22,K001,田中,冊子,A4,マットコート135kg,4/4,16,中綴じ,30,1,市内,2024-03-11,校正はPDFで,14597,税込,1327
Q2402-045,2024-02-22,C006,渡辺,冊子,A5,マットコート135kg,4/4,8,中綴じ,300,1,市内,,Illustrator入稿、前回同様（数量のみ変更）,28210,税抜,2821
Q2402-046,2024-02-26,D06,鈴木,リーフレット,A4,マットコート135kg,4/4,,三つ折,300,1,引取,2024-02-29,サンプル5部別送,13590,税抜,1359
Q2402-047,2024-02-26,C016,高橋,封筒,角2,白ケント100g,2/0,,,3000,1,市内,2024-03-11,紙は前回と同じ,60000,税抜,6000
Q2402-048,2024-02-26,C026,田中,チラシ,B4,コート90kg,4/4,,,10000,1,市内,,リピート,78000,税抜,7800
Q2402-049,2024-02-27,D01,高橋,リーフレット,A4,コート90kg,4/4,,三つ折,500,1,市外,,お急ぎ,19000,税抜,1900
Q2402-050,2024-02-28,C036,渡辺,リーフレット,A4,コート110kg,1/1,,三つ折,500,1,市内,,Illustrator入稿,10900,税抜,1090
Q2402-051,2024-02-28,C007,渡辺,チラシ,B4,コート110kg,4/0,,,5000,1,市内,2024-03-11,ポスティング用、500枚ごと帯掛け,39760,税抜,3976
Q2402-052,2024-02-28,D06,鈴木,リーフレット,A4,マットコート135kg,4/4,,三つ折,300,1,県外,2024-03-04,リピート、校正はPDFで、紙は前回と同じ,13690,税抜,1369
Q2402-053,2024-02-28,C001,高橋,チラシ,B4,コート90kg,4/0,,,2000,3,市内,2024-03-12,相見積,67000,税抜,6700
Q2402-054,2024-02-28,一般,田中,名刺,91x55,上質180kg,1/1,,,100,2,引取,2024-03-05,,5720,税込,520
Q2402-055,2024-02-29,G06,渡辺,冊子,A5,コート110kg,1/1,16,中綴じ,100,1,市内,2024-03-19,,9950,税抜,995
Q2402-056,2024-02-29,C002,高橋,チラシ,A4,コート90kg,4/0,,,3000,1,市外,2024-03-15,PDF入稿 修正なし,27500,税抜,2750
Q2402-057,2024-02-29,C001,高橋,チラシ,A4,コート90kg,4/4,,,20000,1,市内,2024-03-12,完全データ入稿／前回同様,89000,税抜,8900
Q2402-058,2024-02-29,C022,渡辺,封筒,角2,白ケント100g,1/0,,,1000,1,市内,,見積のみ、前回同様,19450,税抜,1945
Q2402-059,2024-02-29,D06,鈴木,リーフレット,A4,マットコート135kg,4/4,,三つ折,200,1,県外,2024-03-06,紙は前回と同じ／急ぎ,12060,税抜,1206
Q2402-060,2024-02-29,C031,鈴木,リーフレット,A4,マットコート135kg,4/4,,三つ折,2000,1,県外,2024-03-07,見積のみ,56500,税抜,5650
Q2403-001,2024-03-01,D05,田中,リーフレット,A3,マットコート135kg,4/4,,二つ折,500,1,市内,,修正なし,31110,税抜,3111
Q2403-002,2024-03-01,K006,田中,チラシ,A5,上質90kg,1/0,,,200,1,引取,2024-03-07,PDF入稿,5500,税込,500
Q2403-003,2024-03-01,G04,鈴木,チラシ,A4,上質70kg,1/1,,,100,1,引取,2024-03-12,Word入稿（要変換）,5000,税抜,500
Q2403-004,2024-03-01,C034,鈴木,チラシ,B4,コート90kg,4/0,,,5000,1,市内,,Illustrator入稿,36600,税抜,3660
Q2403-005,2024-03-01,一般,鈴木,チラシ,A4,コート110kg,4/0,,,1000,2,引取,2024-03-13,新聞折込用,50105,税込,4555
Q2403-006,2024-03-01,一般,田中,名刺,91x55,マットコート220kg,1/0,,,100,1,引取,2024-03-07,修正なし、QRコード入り,1760,税込,160
Q2403-007,2024-03-04,C031,鈴木,冊子,A5,上質70kg,4/4,24,中綴じ,3000,1,県外,2024-03-14,校正はPDFで、ページ数変更の可能性あり,157900,税抜,15790
Q2403-008,2024-03-04,C006,鈴木,封筒,長3,白ケント80g,1/0,,,1000,2,引取,2024-03-12,修正なし,15730,税抜,1573
Q2403-009,2024-03-04,K003,鈴木,チラシ,A3,マットコート135kg,4/4,,,500,2,引取,2024-03-13,修正なし、完全データ入稿,64020,税込,5820
Q2403-010,2024-03-04,C002,高橋,チラシ,B5,マットコート135kg,1/1,,片面PP,1000,1,引取,2024-03-11,地図差替えあり,31500,税抜,3150
Q2403-011,2024-03-04,G04,鈴木,チラシ,A4,上質70kg,1/1,,,200,1,市外,2024-03-13,前回同様,6500,税抜,650
Q2403-012,2024-03-04,D01,高橋,リーフレット,A4,コート110kg,4/4,,Z折,500,1,市外,2024-03-12,メールにて見積送付、修正なし,19000,税抜,1900
Q2403-013,2024-03-05,C040,鈴木,チラシ,B5,マットコート135kg,4/4,,片面PP,1000,1,市外,2024-03-13,色校1回,69870,税抜,6987
Q2403-014,2024-03-05,C027,田中,封筒,長3,白ケント80g,2/0,,,1000,1,市外,2024-03-15,前回同様,13580,税抜,1358
Q2403-015,2024-03-05,C024,鈴木,名刺,91x55,上質180kg,1/1,,片面PP,300,1,市内,2024-03-13,前回同様／サンプル5部別送／支払は月末締め翌月末,6800,税抜,680
Q2403-016,2024-03-05,D02,高橋,チラシ,A5,コート110kg,4/0,,,5000,1,市外,2024-03-21,,23500,税抜,2350
Q2403-017,2024-03-05,D02,高橋,チラシ,A4,マットコート135kg,4/0,,,5000,1,市外,2024-03-13,新聞折込用、PDF入稿,30500,税抜,3050
Q2403-018,2024-03-05,C022,渡辺,封筒,長3,クラフト70g,2/0,,,2000,1,引取,2024-03-14,,13470,税抜,1347
Q2403-019,2024-03-05,C010,鈴木,名刺,91x55,マットコート220kg,1/0,,,100,2,市内,2024-03-11,見積のみ／裏面英語表記,3200,税抜,320
Q2403-020,2024-03-05,一般,渡辺,名刺,91x55,上質180kg,1/1,,,500,1,県外,2024-03-11,請求書は本社宛、修正なし,6952,税込,632
Q2403-021,2024-03-05,一般,鈴木,名刺,91x55,マットコート220kg,1/0,,,100,1,引取,2024-03-12,修正なし,1760,税込,160
Q2403-022,2024-03-05,C014,鈴木,チラシ,A4,マットコート135kg,1/0,,,500,1,引取,2024-03-11,見積有効期限1ヶ月、支払は月末締め翌月末、急ぎ,6260,税抜,626
Q2403-023,2024-03-06,C010,鈴木,チラシ,B4,コート90kg,4/4,,,30000,2,市内,,見積のみ,311200,税抜,31120
Q2403-024,2024-03-06,C006,鈴木,封筒,長3,白ケント80g,1/0,,,5000,1,市内,2024-03-14,Word入稿（要変換）、社名DIC 182,31170,税抜,3117
Q2403-025,2024-03-06,C031,鈴木,名刺,91x55,上質135kg,4/0,,,100,4,県外,2024-03-13,前回同様、裏面英語表記,10120,税抜,1012
Q2403-026,2024-03-07,C010,鈴木,チラシ,A4,コート90kg,4/4,,,20000,1,市内,2024-03-25,新聞折込用,99070,税抜,9907
Q2403-027,2024-03-08,D06,鈴木,リーフレット,A4,コート110kg,4/4,,三つ折,500,1,県外,,リピート、請求書は本社宛、支払は月末締め翌月末,17890,税抜,1789
Q2403-028,2024-03-08,C033,鈴木,チラシ,A4,コート90kg,4/0,,,20000,1,市外,2024-03-22,前回同様,69870,税抜,6987
Q2403-029,2024-03-08,C017,田中,リーフレット,A4,コート110kg,4/4,,三つ折,2000,1,市外,2024-03-22,前回同様,46120,税抜,4612
Q2403-030,2024-03-08,C040,鈴木,封筒,長3,クラフト70g,1/0,,,1000,1,市外,2024-03-25,Word入稿（要変換）、ロゴDIC指定,12310,税抜,1231
Q2403-031,2024-03-08,C033,鈴木,チラシ,A4,コート90kg,4/4,,,10000,1,市外,2024-03-19,納品書同梱,69750,税抜,6975
Q2403-032,2024-03-11,D01,高橋,リーフレット,A4,コート90kg,4/4,,三つ折,2000,1,市外,2024-03-28,前回より部数増,39500,税抜,3950
Q2403-033,2024-03-11,G04,鈴木,チラシ,B4,上質70kg,1/0,,,300,1,市外,2024-03-21,支払は月末締め翌月末,7230,税抜,723
Q2403-034,2024-03-11,D03,田中,リーフレット,A4,マットコート135kg,4/4,,三つ折,1000,1,市内,2024-03-21,Illustrator入稿,39610,税抜,3961
Q2403-035,2024-03-11,C002,高橋,リーフレット,A4,コート110kg,4/4,,三つ折,10000,1,市外,2024-03-25,,92500,税抜,9250
Q2403-036,2024-03-12,C036,渡辺,名刺,91x55,マットコート220kg,1/1,,,100,6,市内,,,15340,税抜,1534
Q2403-037,2024-03-12,一般,田中,チラシ,B5,コート110kg,4/0,,,100,2,引取,2024-03-22,DIC近似色で、検討中,8371,税込,761
Q2403-038,2024-03-12,C006,鈴木,名刺,91x55,マットコート220kg,4/4,,角丸,100,8,市内,2024-03-18,至急,28520,税抜,2852
Q2403-039,2024-03-12,一般,田中,リーフレット,A4,コート110kg,4/4,,三つ折,2000,1,県外,2024-03-27,特色1色（DIC 156）、Word入稿（要変換）、帯掛け希望、要確認,64515,税込,5865
Q2403-040,2024-03-12,C040,鈴木,名刺,91x55,上質180kg,4/4,,,100,6,市外,2024-03-13,特急（翌日納品希望）、リピート,27820,税抜,2782
Q2403-041,2024-03-12,C031,鈴木,リーフレット,A4,コート90kg,4/0,,三つ折,2000,1,県外,,支払は月末締め翌月末,33050,税抜,3305
Q2403-042,2024-03-13,C001,高橋,チラシ,B5,コート90kg,4/0,,,10000,2,市内,2024-03-21,要確認、PDF入稿,65000,税抜,6500
Q2403-043,2024-03-13,C012,高橋,封筒,長3,クラフト70g,1/0,,,2000,1,市内,2024-03-22,Word入稿（要変換）、前回同様、データ修正あり,11500,税抜,1150
Q2403-044,2024-03-13,一般,田中,名刺,91x55,上質180kg,1/0,,片面PP,100,1,市内,2024-03-21,紙は前回と同じ,3300,税込,300
Q2403-045,2024-03-13,D02,高橋,名刺,91x55,上質180kg,4/0,,,100,1,市外,2024-03-15,特急,3900,税抜,390
Q2403-046,2024-03-13,D05,田中,チラシ,A4,マットコート135kg,4/4,,,1000,1,市内,2024-03-26,,36120,税抜,3612
Q2403-012-R2,2024-03-14,D01,高橋,リーフレット,A4,コート110kg,4/4,,Z折,1000,1,市外,2024-03-28,再見積（数量変更）、メールにて見積送付、修正なし,36000,税抜,3600
Q2403-047,2024-03-14,C033,鈴木,チラシ,A4,コート90kg,4/0,,,20000,1,引取,2024-03-28,,69870,税抜,6987
Q2403-048,2024-03-14,D05,田中,チラシ,A4,コート90kg,4/4,,,3000,1,引取,2024-03-27,修正あり（PDF校正2回）,43520,税抜,4352
Q2403-049,2024-03-14,D06,鈴木,チラシ,B5,コート90kg,4/0,,,5000,1,県外,2024-03-29,,25640,税抜,2564
Q2403-050,2024-03-14,一般,鈴木,チラシ,A4,上質90kg,4/4,,,100,1,引取,2024-03-19,ポスティング用,6226,税込,566
Q2403-051,2024-03-14,一般,渡辺,チラシ,A4,コート110kg,1/1,,,200,1,引取,2024-03-19,地図差替えあり,5500,税込,500
Q2403-052,2024-03-15,一般,鈴木,名刺,91x55,上質180kg,4/0,,,200,1,引取,2024-03-22,要確認、新規作成（ロゴ支給）,6710,税込,610
Q2403-053,2024-03-15,K002,田中,チラシ,A5,コート110kg,4/0,,,1000,1,引取,2024-04-01,地図差替えあり,25487,税込,2317
Q2403-054,2024-03-15,一般,鈴木,名刺,91x55,上質180kg,1/0,,,100,2,引取,2024-03-26,担当者様不在のため後日連絡,3520,税込,320
Q2403-055,2024-03-15,C038,田中,冊子,A4,コート110kg,4/4,28,中綴じ,2000,1,市内,2024-04-03,,248600,税抜,24860
Q2403-056,2024-03-15,一般,渡辺,名刺,91x55,上質135kg,4/0,,,500,1,引取,2024-03-22,紙は前回と同じ、Word入稿（要変換）,5720,税込,520
Q2403-057,2024-03-15,C015,渡辺,チラシ,B5,コート110kg,4/4,,,1000,1,市内,2024-03-29,,42850,税抜,4285
Q2403-058,2024-03-18,一般,渡辺,名刺,91x55,マットコート220kg,1/1,,,100,1,引取,2024-03-27,新規デザイン（2案）、裏面英語表記,6160,税込,560
Q2403-059,2024-03-18,C010,鈴木,チラシ,A4,コート90kg,4/4,,,20000,1,市内,2024-04-01,ポスティング用,99070,税抜,9907
Q2403-060,2024-03-18,D02,高橋,チラシ,A4,コート110kg,4/4,,,2000,1,市外,2024-04-01,リピート、新聞折込用,36000,税抜,3600
Q2403-061,2024-03-19,C009,田中,名刺,91x55,ヴァンヌーボ195kg,4/4,,,100,5,県外,2024-03-27,前回同様,18090,税抜,1809
Q2403-062,2024-03-19,C001,高橋,チラシ,B4,コート90kg,4/0,,,10000,1,市内,2024-04-04,地図差替えあり,48500,税抜,4850
Q2403-063,2024-03-19,K014,鈴木,冊子,A4,コート110kg,4/4,24,中綴じ,30,1,引取,2024-03-26,お急ぎ,18535,税込,1685
Q2403-064,2024-03-19,K014,鈴木,冊子,A4,コート110kg,4/4,24,中綴じ,30,1,引取,2024-03-26,お急ぎ,18535,税込,1685
Q2403-065,2024-03-19,D05,田中,冊子,A5,コート110kg,4/4,16,中綴じ,300,1,市内,2024-04-03,,43130,税抜,4313
Q2403-066,2024-03-19,一般,鈴木,名刺,91x55,マットコート220kg,4/0,,,200,1,引取,2024-03-28,肩書変更あり、QRコード入り,3410,税込,310
Q2403-067,2024-03-21,C017,田中,冊子,A4,マットコート135kg,4/4,12,中綴じ,200,1,市外,2024-04-01,,38030,税抜,3803
Q2403-068,2024-03-21,一般,鈴木,名刺,91x55,上質180kg,1/1,,,300,1,引取,2024-03-27,,4620,税込,420
Q2403-069,2024-03-21,C040,鈴木,名刺,91x55,マットコート220kg,1/0,,角丸,100,6,市外,2024-03-27,納品書同梱、担当者様不在のため後日連絡、リピート,14500,税抜,1450
Q2403-070,2024-03-22,G01,鈴木,リーフレット,A3,コート110kg,4/4,,三つ折,5000,1,市内,2024-04-04,サンプル5部別送,76270,税抜,7627
Q2403-071,2024-03-22,C036,渡辺,名刺,91x55,マットコート220kg,4/4,,,100,2,市内,,メールにて見積送付、新規デザイン（2案）、裏面英語表記,10420,税抜,1042
Q2403-072,2024-03-22,一般,鈴木,名刺,91x55,マットコート220kg,4/0,,,200,1,県外,,検討中,3982,税込,362
Q2403-073,2024-03-22,D01,高橋,リーフレット,A4,コート110kg,4/4,,三つ折,5000,1,市外,2024-04-02,納品書同梱／支払は月末締め翌月末／前回同様（数量のみ変更）,56000,税抜,5600
Q2403-074,2024-03-25,C035,鈴木,封筒,長3,白ケント80g,1/0,,,10000,1,市内,2024-04-03,社名・住所入り、前回同様（数量のみ変更）,54000,税抜,5400
Q2403-075,2024-03-25,C002,高橋,チラシ,B4,コート90kg,4/0,,,1000,1,市外,2024-04-09,検討中、PDF入稿、リピート,25000,税抜,2500
Q2403-076,2024-03-25,C035,鈴木,封筒,角2,白ケント100g,1/0,,,1000,1,市内,2024-04-05,文字修正あり／要確認／Illustrator入稿,23480,税抜,2348
Q2403-077,2024-03-25,一般,鈴木,名刺,91x55,ヴァンヌーボ195kg,4/0,,,200,1,引取,2024-03-28,新規デザイン（2案）,7370,税込,670
Q2403-078,2024-03-25,C004,鈴木,チラシ,B5,コート90kg,4/0,,,5000,1,市外,2024-04-09,校正はPDFで／修正なし,30240,税抜,3024
Q2403-079,2024-03-25,C005,鈴木,チラシ,A4,コート90kg,1/1,,,500,2,引取,2024-04-01,新聞折込用,14020,税抜,1402
Q2403-080,2024-03-26,D06,鈴木,リーフレット,A4,コート110kg,4/4,,三つ折,15000,1,県外,2024-04-11,見積有効期限1ヶ月,105980,税抜,10598
Q2403-081,2024-03-26,C037,高橋,リーフレット,A4,コート90kg,4/4,,Z折,500,1,市内,2024-03-29,担当者様不在のため後日連絡,21500,税抜,2150
Q2403-082,2024-03-26,D02,高橋,チラシ,A4,マットコート135kg,1/1,,,30000,1,市外,2024-04-08,紙は前回と同じ,88500,税抜,8850
Q2403-083,2024-03-26,C017,田中,チラシ,A4,上質90kg,1/1,,,500,1,市外,2024-03-29,,8460,税抜,846
Q2403-084,2024-03-26,C031,鈴木,封筒,洋長3,白ケント80g,1/0,,,2000,1,県外,2024-04-09,相見積、ロゴDIC指定,22240,税抜,2224
Q2403-085,2024-03-26,C018,田中,封筒,角2,クラフト85g,2/0,,,1000,1,市内,2024-04-04,見積のみ、社名DIC 182,24360,税抜,2436
Q2403-086,2024-03-26,C004,鈴木,チラシ,B4,上質70kg,4/0,,二つ折,5000,2,引取,2024-04-11,ポスティング用,85360,税抜,8536
Q2403-087,2024-03-26,D06,鈴木,冊子,A4,コート110kg,4/4,28,中綴じ,2000,1,県外,2024-04-12,他社相見積あり、PDF入稿,218380,税抜,21838
Q2403-088,2024-03-27,C026,田中,チラシ,B4,コート110kg,4/4,,,20000,1,市内,2024-04-02,至急、完全データ入稿、サンプル5部別送,125750,税抜,12575
Q2403-089,2024-03-27,D05,田中,冊子,A5,コート110kg,4/4,16,中綴じ,500,1,市内,2024-04-12,リピート／FAX送付済,44830,税抜,4483
Q2403-090,2024-03-27,C024,鈴木,名刺,91x55,上質180kg,1/1,,片面PP,100,1,市内,2024-04-01,前回同様（数量のみ変更）、要確認、サンプル5部別送,4000,税抜,400
Q2403-091,2024-03-27,C030,高橋,封筒,長3,クラフト70g,2/0,,,2000,1,市内,2024-04-03,窓なし 2色目DIC指定,18000,税抜,1800
Q2403-092,2024-03-27,C025,鈴木,チラシ,A4,マットコート135kg,1/0,,,2000,1,引取,2024-04-10,校正はPDFで,16700,税抜,1670
Q2403-093,2024-03-28,C030,田中,封筒,長3,クラフト70g,2/0,,,2500,1,市内,2024-04-09,,18070,税抜,1807
Q2403-094,2024-03-28,一般,鈴木,チラシ,A4,上質90kg,4/0,,,50,1,引取,2024-04-01,要確認／急ぎ,5500,税込,500
Q2403-095,2024-03-28,G01,鈴木,リーフレット,A3,コート110kg,4/4,,三つ折,15000,1,引取,2024-04-05,サンプル5部別送、前回同様（数量のみ変更）、折り見本あり,155250,税抜,15525
Q2403-096,2024-03-29,C006,鈴木,名刺,91x55,マットコート220kg,4/0,,,1000,2,市内,2024-04-03,,16530,税抜,1653
Q2403-097,2024-03-29,C001,渡辺,チラシ,A4,コート90kg,4/4,,,3000,1,市内,2024-04-08,,42900,税抜,4290
Q2403-098,2024-03-29,D01,高橋,リーフレット,A3,コート110kg,4/4,,二つ折,500,1,市外,2024-04-05,Word入稿（要変換）、文字修正あり,31000,税抜,3100
Q2403-099,2024-03-29,D05,田中,冊子,A5,マットコート135kg,4/4,24,中綴じ,30,1,市内,2024-04-18,PDF入稿／前回同様,9130,税抜,913
Q2403-100,2024-03-29,C007,渡辺,封筒,長3,クラフト70g,2/0,,,5000,1,市内,2024-04-11,相見積／メールにて見積送付,24550,税抜,2455
Q2404-001,2024-04-01,C003,高橋,冊子,A5,マットコート135kg,4/4,32,中綴じ,1000,1,市外,2024-04-05,リピート、急ぎ,124000,税抜,12400
Q2404-002,2024-04-01,C037,渡辺,リーフレット,A3,コート110kg,4/4,,三つ折,5000,1,市内,2024-04-12,折り見本あり、前回同様,84750,税抜,8475
Q2404-003,2024-04-01,一般,鈴木,冊子,A4,マットコート135kg,1/1,20,中綴じ,30,1,引取,2024-04-16,修正なし,9834,税込,894
Q2404-004,2024-04-01,C001,高橋,チラシ,A4,上質70kg,4/0,,,50000,1,市内,2024-04-16,メールにて見積送付,117000,税抜,11700
Q2404-005,2024-04-02,C004,鈴木,チラシ,A4,上質70kg,4/0,,,20000,1,市外,2024-04-10,納品書同梱,66150,税抜,6615
Q2404-006,2024-04-02,D06,田中,リーフレット,A4,コート110kg,4/4,,三つ折,500,1,県外,2024-04-11,,19090,税抜,1909
Q2404-007,2024-04-02,C036,渡辺,封筒,角2,白ケント100g,1/0,,,1000,1,引取,2024-04-15,検討中,18430,税抜,1843
Q2404-008,2024-04-03,C001,高橋,チラシ,A4,上質70kg,4/0,,,50000,1,市内,2024-04-12,リピート 要確認,117000,税抜,11700
Q2404-009,2024-04-03,D06,鈴木,冊子,A4,コート110kg,4/4,28,中綴じ,2000,1,引取,2024-04-15,前回同様、表紙・本文共紙,198880,税抜,19888
Q2404-010,2024-04-03,C033,鈴木,チラシ,B4,コート90kg,4/0,,,5000,1,市外,2024-04-11,DIC指定あり、担当者様不在のため後日連絡,40600,税抜,4060
Q2404-011,2024-04-03,C010,鈴木,チラシ,B4,コート90kg,4/4,,,5000,2,市内,2024-04-10,要確認、請求書は本社宛、文字修正あり,122000,税抜,12200
Q2404-012,2024-04-03,G01,鈴木,リーフレット,A4,マットコート135kg,4/4,,Z折,2000,1,引取,2024-04-09,お急ぎ サンプル5部別送 折り見本あり,48510,税抜,4851
Q2404-013,2024-04-04,C025,鈴木,チラシ,B5,コート90kg,4/4,,,300,1,市外,,納品書同梱、検討中,13800,税抜,1380
Q2404-014,2024-04-05,K013,鈴木,名刺,91x55,ヴァンヌーボ195kg,1/0,,角丸,100,1,引取,2024-04-12,,2640,税込,240
Q2404-015,2024-04-08,C005,鈴木,チラシ,A4,コート90kg,1/1,,,1000,2,市内,2024-04-16,完全データ入稿、前回より部数増,26050,税抜,2605
Q2404-016,2024-04-08,一般,田中,名刺,91x55,ヴァンヌーボ195kg,1/0,,,100,1,引取,2024-04-15,新規デザイン（2案）,5390,税込,490
Q2404-017,2024-04-08,C021,鈴木,冊子,A5,マットコート135kg,4/4,8,中綴じ,500,1,市内,2024-04-19,色校1回、リピート、他社相見積あり、担当者様不在のため後日連絡,42870,税抜,4287
Q2404-018,2024-04-09,C001,高橋,チラシ,A4,コート90kg,4/4,,,30000,1,市内,2024-04-19,前回より部数増,120500,税抜,12050
Q2404-019,2024-04-09,D05,田中,リーフレット,A3,コート110kg,4/4,,二つ折,5000,1,市内,,前回同様、PDF入稿,69910,税抜,6991
Q2404-020,2024-04-09,C007,渡辺,チラシ,B4,コート110kg,4/4,,,5000,2,市内,2024-04-19,地図差替えあり,120030,税抜,12003
Q2404-021,2024-04-11,C031,鈴木,名刺,91x55,ヴァンヌーボ195kg,4/0,,,100,1,県外,2024-04-17,,3220,税抜,322
Q2404-022,2024-04-11,C016,高橋,封筒,角2,クラフト85g,1/0,,,2000,1,市内,2024-04-15,見積のみ、特急対応、特色（DIC 221）,38000,税抜,3800
Q2404-023,2024-04-11,一般,鈴木,チラシ,A4,コート110kg,4/0,,,300,1,引取,,前回同様 納品書同梱,7172,税込,652
Q2404-024,2024-04-12,C026,田中,チラシ,A4,コート90kg,4/0,,,50000,1,市内,2024-04-24,サンプル5部別送、修正なし,146650,税抜,14665
Q2404-025,2024-04-12,C029,高橋,名刺,91x55,ヴァンヌーボ195kg,4/0,,,300,4,市内,2024-04-19,,17500,税抜,1750
Q2404-026,2024-04-12,一般,鈴木,名刺,91x55,ヴァンヌーボ195kg,1/0,,,100,1,引取,,QRコード入り,2090,税込,190
Q2404-027,2024-04-12,C030,高橋,名刺,91x55,上質135kg,4/0,,,500,4,市内,2024-04-22,前回同様,20500,税抜,2050
Q2404-028,2024-04-13,C035,鈴木,封筒,長3,白ケント80g,1/0,,,1000,1,市内,,お急ぎ、修正なし,9080,税抜,908
Q2404-029,2024-04-15,一般,渡辺,名刺,91x55,マットコート220kg,4/4,,,100,1,県外,2024-04-23,リピート,43120,税込,3920
Q2404-030,2024-04-15,C010,鈴木,チラシ,B4,コート90kg,4/4,,,30000,2,引取,2024-04-26,新聞折込用、請求書は本社宛,342320,税抜,34232
Q2404-031,2024-04-15,C026,田中,チラシ,A3,コート90kg,4/4,,,8000,1,市内,2024-04-22,前回同様（数量のみ変更）／見積有効期限1ヶ月,86220,税抜,8622
Q2404-032,2024-04-15,C009,田中,冊子,A5,コート110kg,4/4,16,中綴じ,1500,1,県外,2024-04-16,特急（翌日納品希望）、ページ数変更の可能性あり、色校1回、完全データ入稿、前回同様,104750,税抜,10475
Q2404-033,2024-04-15,C040,鈴木,リーフレット,A4,コート110kg,4/4,,Z折,1000,1,市外,2024-04-25,修正なし、校正はPDFで,47530,税抜,4753
Q2404-034,2024-04-16,C027,田中,封筒,長3,白ケント80g,2/0,,,1000,1,引取,2024-04-26,サンプル5部別送、2色目DIC指定,16080,税抜,1608
Q2404-035,2024-04-16,C014,田中,チラシ,A4,マットコート135kg,1/0,,,500,1,市内,2024-04-24,ポスティング用、リピート,5800,税抜,580
Q2404-036,2024-04-16,K007,田中,名刺,91x55,マットコート220kg,1/1,,,100,1,引取,2024-04-18,QRコード入り、担当者様不在のため後日連絡、特急,3575,税込,325
Q2404-037,2024-04-16,一般,田中,チラシ,B5,上質90kg,4/0,,,100,1,引取,2024-04-18,特急（翌日納品希望） 新聞折込用,6875,税込,625
Q2404-038,2024-04-16,D02,高橋,チラシ,A4,コート110kg,4/4,,,1500,1,市外,2024-04-19,至急、リピート、完全データ入稿,36000,税抜,3600
Q2404-039,2024-04-17,C021,鈴木,封筒,角2,白ケント100g,1/0,,,500,1,市内,2024-04-25,,13900,税抜,1390
Q2404-040,2024-04-17,C016,高橋,封筒,角2,クラフト85g,1/0,,,2000,1,市内,2024-05-01,支払は月末締め翌月末、リピート、サンプル5部別送,27000,税抜,2700
Q2404-041,2024-04-17,C021,鈴木,封筒,角2,白ケント100g,1/0,,,500,1,市内,2024-04-25,,13900,税抜,1390
Q2404-042,2024-04-18,C012,高橋,封筒,長3,白ケント80g,2/0,,,2000,1,市内,2024-04-26,納品書同梱,15500,税抜,1550
Q2404-043,2024-04-18,C031,鈴木,名刺,91x55,マットコート220kg,1/1,,,100,3,県外,2024-04-24,肩書変更あり、新規デザイン,12320,税抜,1232
Q2404-044,2024-04-18,C038,田中,冊子,A4,コート110kg,4/4,24,中綴じ,2000,1,市内,2024-05-10,リピート,219050,税抜,21905
Q2404-045,2024-04-18,C021,鈴木,冊子,A5,マットコート135kg,4/4,8,中綴じ,30,1,市内,2024-05-08,文字修正3箇所／要確認,10630,税抜,1063
Q2404-046,2024-04-19,C009,田中,名刺,91x55,マットコート220kg,1/1,,,100,6,県外,2024-04-26,要確認,15090,税抜,1509
Q2404-047,2024-04-19,一般,田中,名刺,91x55,マットコート220kg,4/4,,,100,2,引取,2024-04-26,新規デザイン,11330,税込,1030
Q2404-048,2024-04-19,K008,田中,名刺,91x55,上質180kg,4/0,,,100,1,引取,2024-04-25,データ修正あり、Word入稿（要変換）、納品書同梱,3740,税込,340
Q2404-049,2024-04-19,C026,田中,チラシ,B4,コート90kg,4/4,,,10000,1,引取,2024-04-26,,78000,税抜,7800
Q2404-050,2024-04-19,C010,鈴木,チラシ,A4,コート90kg,4/0,,,10000,1,市内,2024-05-08,DIC指定あり、見積有効期限1ヶ月、ポスティング用,50150,税抜,5015
Q2404-051,2024-04-22,K005,田中,チラシ,A5,上質90kg,4/0,,,100,1,引取,2024-05-01,完全データ入稿,5500,税込,500
Q2404-052,2024-04-22,C010,鈴木,チラシ,A4,コート90kg,4/4,,,20000,1,市内,2024-04-30,ポスティング用,99070,税抜,9907
Q2404-053,2024-04-22,C003,高橋,名刺,91x55,マットコート220kg,4/0,,角丸,200,12,市外,,新規作成（ロゴ支給）、紙は前回と同じ,46000,税抜,4600
Q2404-054,2024-04-22,C007,渡辺,チラシ,A4,コート90kg,4/4,,,3000,1,市内,2024-05-13,,45290,税抜,4529
Q2404-055,2024-04-23,C020,渡辺,名刺,91x55,マットコート220kg,1/0,,,500,2,市内,2024-04-26,FAX送付済,7200,税抜,720
Q2404-056,2024-04-23,一般,田中,名刺,91x55,上質180kg,1/0,,,100,1,引取,2024-05-01,肩書変更あり,1760,税込,160
Q2404-057,2024-04-24,一般,鈴木,名刺,91x55,上質180kg,1/0,,片面PP,100,1,引取,2024-04-30,修正なし,2420,税込,220
Q2404-058,2024-04-24,C034,鈴木,名刺,91x55,上質180kg,4/4,,,100,1,市内,2024-05-01,メールにて見積送付 QRコード入り 新規作成（ロゴ支給）,7200,税抜,720
Q2404-059,2024-04-24,C035,鈴木,封筒,長3,白ケント80g,1/0,,,500,1,市内,2024-05-10,リピート,9080,税抜,908
Q2404-060,2024-04-25,C009,田中,名刺,91x55,マットコート220kg,4/4,,,100,9,県外,2024-05-02,,29070,税抜,2907
Q2404-061,2024-04-25,一般,鈴木,名刺,91x55,上質180kg,1/0,,片面PP,100,2,引取,2024-04-26,リピート／特急,6050,税込,550
Q2404-062,2024-04-25,C031,鈴木,封筒,洋長3,白ケント80g,2/0,,,1000,1,県外,,検討中、ロゴDIC指定,19170,税抜,1917
Q2404-063,2024-04-25,C033,鈴木,名刺,91x55,ヴァンヌーボ195kg,4/0,,,100,1,市外,2024-05-08,見積有効期限1ヶ月,4200,税抜,420
Q2404-064,2024-04-25,K002,田中,チラシ,A4,上質90kg,4/0,,,100,1,引取,,見積のみ,5500,税込,500
Q2404-065,2024-04-30,C028,鈴木,チラシ,A4,コート110kg,4/0,,,500,1,引取,,,10650,税抜,1065
Q2404-066,2024-04-30,C035,鈴木,名刺,91x55,マットコート220kg,1/1,,,100,1,市内,2024-05-07,紙は前回と同じ,3400,税抜,340
Q2404-067,2024-04-30,D05,田中,冊子,A5,マットコート135kg,4/4,24,中綴じ,300,1,市内,2024-05-17,前回同様（数量のみ変更）、納品書同梱,61960,税抜,6196
Q2404-068,2024-04-30,C012,高橋,名刺,91x55,マットコート220kg,1/0,,片面PP,300,2,市内,2024-05-10,リピート,8360,税抜,836
Q2404-069,2024-04-30,C007,渡辺,チラシ,B4,コート90kg,4/4,,,5000,1,引取,2024-05-09,担当者様不在のため後日連絡,59280,税抜,5928
Q2405-001,2024-05-01,C003,高橋,冊子,A5,マットコート135kg,4/4,32,中綴じ,1000,1,市外,2024-05-07,特急、メールにて見積送付,155000,税抜,15500
Q2405-002,2024-05-01,C031,鈴木,封筒,長3,クラフト70g,1/0,,,1000,1,県外,2024-05-13,完全データ入稿、サンプル5部別送、文字修正3箇所,10790,税抜,1079
Q2405-003,2024-05-01,D05,田中,チラシ,A4,コート90kg,4/4,,,3000,1,市内,2024-05-14,修正なし／特色（DIC 2585）,44520,税抜,4452
Q2405-004,2024-05-01,C007,渡辺,封筒,長3,クラフト70g,2/0,,,5000,1,市内,2024-05-13,校正はPDFで、検討中,24550,税抜,2455
Q2405-005,2024-05-01,一般,田中,チラシ,A4,コート110kg,4/0,,,200,1,引取,2024-05-08,文字修正あり,10021,税込,911
Q2405-006,2024-05-02,C003,高橋,封筒,長3,クラフト70g,1/0,,,3000,1,市外,2024-05-17,ロゴDIC指定,17500,税抜,1750
Q2405-007,2024-05-02,C020,渡辺,名刺,91x55,マットコート220kg,4/4,,,100,1,市内,,検討中,4200,税抜,420
Q2405-008,2024-05-02,C040,鈴木,チラシ,A4,コート90kg,4/4,,,2000,1,市外,2024-05-14,リピート／文字修正あり,49250,税抜,4925
Q2405-009,2024-05-07,K009,鈴木,チラシ,A4,上質90kg,4/0,,,100,1,引取,2024-05-13,紙は前回と同じ、Word入稿（要変換）,5500,税込,500
Q2405-010,2024-05-08,C007,渡辺,チラシ,B4,コート90kg,4/0,,,20000,1,市内,2024-05-21,データ修正あり、PDF入稿、特色1色（DIC 156）,87750,税抜,8775
Q2405-011,2024-05-08,C017,田中,名刺,91x55,上質180kg,1/0,,,200,12,市外,2024-05-15,支払は月末締め翌月末 データ修正（電話番号変更）,22480,税抜,2248
Q2405-012,2024-05-08,C001,高橋,チラシ,A3,コート110kg,4/0,,,5000,3,市内,2024-05-17,PDF入稿,131000,税抜,13100
Q2405-013,2024-05-08,C027,田中,名刺,91x55,マットコート220kg,1/0,,,100,1,市外,2024-05-15,要確認／相見積／支払は月末締め翌月末／データ修正あり,5700,税抜,570
Q2405-014,2024-05-08,C002,高橋,リーフレット,A4,コート110kg,4/4,,二つ折,2000,1,市外,2024-05-16,修正なし メールにて見積送付,49500,税抜,4950
Q2405-015,2024-05-09,C016,高橋,名刺,91x55,上質180kg,4/0,,,200,5,市内,2024-05-16,,15500,税抜,1550
Q2405-016,2024-05-09,C037,高橋,チラシ,A5,コート90kg,4/0,,,2000,1,市内,2024-05-13,特急でお願いします,28000,税抜,2800
Q2405-017,2024-05-09,C031,鈴木,冊子,A5,上質70kg,4/4,24,中綴じ,3000,1,県外,2024-05-23,校正はPDFで,157900,税抜,15790
Q2405-018,2024-05-09,一般,渡辺,チラシ,A4,マットコート135kg,1/1,,,100,1,引取,2024-05-20,支払は月末締め翌月末／納品書同梱,5500,税込,500
Q2405-019,2024-05-09,C026,田中,チラシ,A3,コート110kg,4/0,,,5000,1,市内,2024-05-17,修正なし,50650,税抜,5065
Q2405-020,2024-05-13,C001,高橋,チラシ,A4,コート90kg,4/4,,,30000,1,市内,,Word入稿（要変換）,120500,税抜,12050
Q2405-021,2024-05-13,C001,高橋,チラシ,B4,コート90kg,4/4,,,5000,1,市内,2024-05-27,地図差替えあり,56000,税抜,5600
Q2405-022,2024-05-13,C001,高橋,チラシ,A4,コート90kg,4/4,,,20000,1,市内,2024-05-22,新聞折込用、リピート,89000,税抜,8900
Q2405-023,2024-05-13,D01,高橋,チラシ,A4,マットコート135kg,4/4,,,5000,1,市外,2024-05-29,支払は月末締め翌月末,52000,税抜,5200
Q2405-024,2024-05-13,一般,鈴木,名刺,91x55,マットコート220kg,1/0,,,100,1,引取,2024-05-21,紙は前回と同じ,1760,税込,160
Q2405-025,2024-05-13,C016,高橋,名刺,91x55,マットコート220kg,4/0,,,100,6,市内,2024-05-20,,14000,税抜,1400
Q2405-026,2024-05-13,G08,渡辺,封筒,長3,クラフト70g,2/0,,,2000,1,市内,2024-05-24,要確認,12760,税抜,1276
Q2405-027,2024-05-14,C007,渡辺,リーフレット,A3,コート110kg,4/4,,二つ折,5000,1,市内,,完全データ入稿／本機色校正あり,86130,税抜,8613
Q2405-028,2024-05-14,C010,鈴木,チラシ,B4,コート90kg,4/4,,,30000,2,市内,2024-05-30,前回同様（数量のみ変更）、新聞折込用,311200,税抜,31120
Q2405-029,2024-05-15,C017,田中,封筒,角2,クラフト85g,2/0,,,2000,1,市外,2024-05-24,ロゴDIC指定、サンプル5部別送,33620,税抜,3362
Q2405-030,2024-05-15,C039,高橋,チラシ,A4,コート90kg,4/0,,,1000,1,市外,2024-05-23,修正なし,23500,税抜,2350
Q2405-031,2024-05-15,一般,渡辺,名刺,91x55,上質180kg,4/4,,片面PP,500,1,引取,2024-05-20,QRコード入り 新規作成（ロゴ支給）,14740,税込,1340
Q2405-032,2024-05-15,C021,鈴木,名刺,91x55,上質180kg,4/4,,,500,2,市内,2024-05-23,,16280,税抜,1628
Q2405-033,2024-05-16,C037,高橋,リーフレット,A3,コート110kg,4/4,,三つ折,5000,1,市内,2024-05-29,FAX送付済、前回同様、Illustrator入稿,84500,税抜,8450
Q2405-034,2024-05-16,C028,田中,冊子,A5,コート110kg,4/4,16,中綴じ,2000,1,市内,2024-06-03,Illustrator入稿、リピート,77820,税抜,7782
Q2405-035,2024-05-16,C030,高橋,封筒,角2,クラフト85g,1/0,,,500,1,市内,2024-05-27,社名・住所入り,10000,税抜,1000
Q2405-036,2024-05-16,C035,鈴木,名刺,91x55,マットコート220kg,4/0,,,100,6,市内,2024-05-24,FAX送付済、新規デザイン（2案）,19660,税抜,1966
Q2405-037,2024-05-16,C031,鈴木,封筒,角2,白ケント100g,2/0,,,3000,1,県外,2024-05-30,前回同様（数量のみ変更）、〒枠なし、修正なし,65440,税抜,6544
Q2405-038,2024-05-16,C033,鈴木,リーフレット,B4,マットコート135kg,4/4,,二つ折,10000,1,市外,2024-05-27,前回同様（数量のみ変更）、Word入稿（要変換）,109250,税抜,10925
Q2405-039,2024-05-17,C006,鈴木,冊子,A4,マットコート135kg,4/4,20,中綴じ,300,1,市内,2024-05-20,特急,136080,税抜,13608
Q2405-040,2024-05-17,C016,高橋,名刺,91x55,上質180kg,4/0,,,100,5,市内,2024-05-27,見積有効期限1ヶ月、リピート,12000,税抜,1200
Q2405-041,2024-05-18,C012,高橋,チラシ,A4,コート110kg,4/0,,,1000,1,引取,2024-05-24,,20500,税抜,2050
Q2405-042,2024-05-20,C021,鈴木,名刺,91x55,上質180kg,4/4,,,300,1,市内,2024-05-28,FAX送付済、裏面英語表記、前回同様,6740,税抜,674
Q2405-043,2024-05-20,C020,渡辺,チラシ,A5,マットコート135kg,1/1,,,300,1,市内,2024-05-29,完全データ入稿／修正なし,5800,税抜,580
Q2405-044,2024-05-20,C027,田中,封筒,長3,白ケント80g,2/0,,,3000,1,市外,2024-06-03,サンプル5部別送／〒枠なし,24940,税抜,2494
Q2405-045,2024-05-20,D05,田中,冊子,A5,マットコート135kg,4/4,24,中綴じ,300,1,市内,2024-05-30,前回同様（数量のみ変更）,61960,税抜,6196
Q2405-046,2024-05-20,一般,鈴木,チラシ,A4,マットコート135kg,4/0,,片面PP,300,1,引取,2024-05-29,メールにて見積送付,17479,税込,1589
Q2405-047,2024-05-20,C021,鈴木,封筒,長3,白ケント80g,1/0,,,500,1,市内,2024-05-27,特色（DIC 221）、Illustrator入稿,13100,税抜,1310
Q2405-048,2024-05-20,G05,高橋,冊子,A4,上質70kg,1/1,12,中綴じ,300,1,市外,2024-05-29,FAX送付済、前回同様、PDF入稿,27000,税抜,2700
Q2405-049,2024-05-21,C016,高橋,封筒,角2,白ケント100g,2/0,,,1500,1,市内,2024-05-31,修正あり（PDF校正2回）／前回同様（数量のみ変更）,37500,税抜,3750
Q2405-050,2024-05-21,G02,高橋,冊子,A4,コート110kg,4/4,24,中綴じ,100,1,市外,2024-05-30,,36000,税抜,3600
Q2405-051,2024-05-21,C017,田中,リーフレット,A4,コート110kg,4/4,,三つ折,3000,1,市外,2024-06-04,メールにて見積送付,51500,税抜,5150
Q2405-052,2024-05-21,C009,田中,チラシ,A4,マットコート135kg,4/4,,,500,1,県外,2024-05-28,DIC近似色で、校正はPDFで、修正あり（PDF校正2回）、サンプル5部別送,22110,税抜,2211
Q2405-053,2024-05-21,一般,田中,名刺,91x55,上質180kg,4/0,,,100,1,引取,2024-05-29,肩書変更あり／請求書は本社宛,2640,税込,240
Q2405-054,2024-05-22,C007,渡辺,リーフレット,A3,コート110kg,4/4,,二つ折,20000,1,市内,2024-06-07,前回同様／検討中,194820,税抜,19482
Q2405-055,2024-05-22,C007,渡辺,チラシ,A3,コート90kg,4/0,,,5000,3,引取,2024-05-24,支払は月末締め翌月末／至急／新聞折込用／リピート,126560,税抜,12656
Q2405-056,2024-05-22,一般,田中,名刺,91x55,上質180kg,1/1,,,200,1,引取,2024-05-29,修正なし,3740,税込,340
Q2405-057,2024-05-22,C010,鈴木,名刺,91x55,上質135kg,4/4,,,500,2,市内,2024-05-28,メールにて見積送付,14800,税抜,1480
Q2405-058,2024-05-23,C006,鈴木,冊子,A5,マットコート135kg,4/4,8,中綴じ,500,1,市内,2024-06-03,,30110,税抜,3011
Q2405-059,2024-05-23,一般,田中,名刺,91x55,上質180kg,4/0,,,200,2,引取,2024-05-31,QRコード入り,6820,税込,620
Q2405-060,2024-05-23,K011,田中,名刺,91x55,ヴァンヌーボ195kg,1/0,,角丸,100,1,引取,2024-05-29,新規作成（ロゴ支給）／担当者様不在のため後日連絡,5940,税込,540
Q2405-061,2024-05-23,D05,田中,リーフレット,A3,コート110kg,4/4,,二つ折,5000,1,市内,2024-06-10,完全データ入稿,69910,税抜,6991
Q2405-062,2024-05-23,C007,渡辺,名刺,91x55,マットコート220kg,4/0,,,100,1,市内,2024-05-31,新規デザイン,6080,税抜,608
Q2405-063,2024-05-23,C010,鈴木,チラシ,A4,コート90kg,4/0,,,10000,1,市内,2024-06-07,修正なし,46150,税抜,4615
Q2405-064,2024-05-23,C002,高橋,チラシ,A4,上質70kg,4/4,,,5000,1,市外,2024-06-10,紙は前回と同じ,54000,税抜,5400
Q2405-065,2024-05-24,D05,田中,リーフレット,A3,コート110kg,4/4,,二つ折,5000,1,市内,2024-05-31,請求書は本社宛、文字修正あり,72910,税抜,7291
Q2405-066,2024-05-24,C006,鈴木,リーフレット,A4,マットコート135kg,4/4,,Z折,2000,1,市内,2024-05-31,メールにて見積送付、紙は前回と同じ,51200,税抜,5120
Q2405-055-R2,2024-05-27,C007,渡辺,チラシ,A3,コート90kg,4/0,,,5000,3,引取,2024-06-11,再見積（お値引き）、支払は月末締め翌月末／至急／新聞折込用／リピート,117000,税抜,11700
Q2405-067,2024-05-27,C027,田中,封筒,長3,白ケント80g,2/0,,,1000,1,市外,2024-06-04,見積有効期限1ヶ月,13580,税抜,1358
Q2405-068,2024-05-27,C018,田中,名刺,91x55,ヴァンヌーボ195kg,1/1,,,200,2,市内,2024-05-31,文字修正あり、担当者様不在のため後日連絡、前回同様、FAX送付済,9800,税抜,980
Q2405-069,2024-05-27,C036,渡辺,冊子,A4,コート110kg,4/4,8,中綴じ,2000,1,市内,2024-06-07,,73900,税抜,7390
Q2405-070,2024-05-27,D05,田中,冊子,A5,コート110kg,4/4,8,中綴じ,500,1,市内,,ページ数変更の可能性あり,25810,税抜,2581
Q2405-071,2024-05-28,一般,鈴木,チラシ,A4,上質90kg,4/0,,,200,2,引取,2024-06-05,新聞折込用,11704,税込,1064
Q2405-072,2024-05-28,C006,鈴木,冊子,A5,マットコート135kg,4/4,8,中綴じ,200,1,市内,2024-06-10,,19020,税抜,1902
Q2405-073,2024-05-28,C002,高橋,リーフレット,A4,マットコート135kg,4/4,,三つ折,3000,1,市外,2024-06-04,サンプル5部別送,61000,税抜,6100
Q2405-074,2024-05-29,C002,高橋,リーフレット,A3,コート90kg,4/4,,二つ折,3000,1,市外,2024-06-11,折り見本あり／前回同様（数量のみ変更）,62500,税抜,6250
Q2405-075,2024-05-29,C004,鈴木,名刺,91x55,上質180kg,4/4,,,200,3,引取,2024-06-06,前回より部数増、前回同様,13860,税抜,1386
Q2405-076,2024-05-29,C017,田中,封筒,長3,クラフト70g,1/0,,,500,1,引取,2024-06-12,前回同様、修正なし,5840,税抜,584
Q2405-077,2024-05-30,C038,田中,チラシ,A5,コート90kg,1/0,,,2000,1,市内,2024-06-14,Illustrator入稿,9720,税抜,972
Q2405-078,2024-05-30,C003,高橋,冊子,A4,マットコート135kg,4/4,8,中綴じ,500,1,市外,2024-06-19,サンプル5部別送,52500,税抜,5250
Q2405-079,2024-05-31,C006,鈴木,リーフレット,A4,マットコート135kg,4/4,,Z折,3000,1,市内,2024-06-07,リピート、担当者様不在のため後日連絡、前回より部数増,58140,税抜,5814
Q2405-080,2024-05-31,D06,鈴木,リーフレット,A4,マットコート135kg,4/4,,三つ折,1500,1,県外,2024-06-07,前回より部数増、DIC指定あり、リピート,48420,税抜,4842
Q2405-081,2024-05-31,C009,田中,名刺,91x55,マットコート220kg,4/4,,,100,12,引取,2024-06-05,,35850,税抜,3585
Q2405-082,2024-05-31,D06,鈴木,名刺,91x55,パール紙180kg,4/0,,,200,3,県外,2024-06-03,前回より部数増／Word入稿（要変換）／特急,11620,税抜,1162
Q2405-083,2024-05-31,G05,高橋,冊子,A4,上質70kg,1/1,12,中綴じ,500,1,市外,2024-06-21,,29000,税抜,2900
Q2406-001,2024-06-01,C006,鈴木,封筒,長3,白ケント80g,2/0,,,1500,1,市内,2024-06-11,2色目DIC指定、納品書同梱,20870,税抜,2087
Q2406-002,2024-06-01,一般,渡辺,チラシ,A4,コート110kg,1/1,,,100,1,引取,2024-06-05,,5500,税込,500
Q2406-003,2024-06-03,C012,高橋,封筒,長3,白ケント80g,2/0,,,2000,1,市内,2024-06-11,〒枠なし、前回同様,15500,税抜,1550
Q2406-004,2024-06-03,C027,田中,チラシ,A4,上質90kg,4/0,,,1000,2,市外,2024-06-18,,44350,税抜,4435
Q2406-005,2024-06-03,D02,高橋,冊子,A5,コート110kg,4/4,24,中綴じ,300,1,市外,2024-06-18,Illustrator入稿、文字修正3箇所,59000,税抜,5900
Q2406-006,2024-06-03,K014,鈴木,チラシ,A5,コート110kg,4/0,,,50,2,引取,2024-06-12,,5500,税込,500
Q2406-007,2024-06-03,C029,高橋,名刺,91x55,ヴァンヌーボ195kg,4/0,,,100,3,市内,2024-06-11,前回同様（数量のみ変更）、PDF入稿,8490,税抜,849
Q2406-008,2024-06-03,一般,鈴木,チラシ,A4,コート110kg,4/4,,,200,1,市内,2024-06-06,地図差替えあり,10395,税込,945
Q2406-009,2024-06-03,C002,高橋,チラシ,A4,コート90kg,4/4,,,300,1,引取,2024-06-10,請求書は本社宛、Word入稿（要変換）,12000,税抜,1200
Q2406-010,2024-06-03,C031,鈴木,冊子,A5,上質70kg,4/4,24,中綴じ,3000,1,県外,2024-06-07,リピート／至急／修正なし,157900,税抜,15790
Q2406-011,2024-06-04,D05,田中,リーフレット,A3,コート110kg,4/4,,二つ折,5000,1,市内,2024-06-17,,69910,税抜,6991
Q2406-012,2024-06-04,C018,田中,名刺,91x55,ヴァンヌーボ195kg,1/1,,,100,4,市内,2024-06-10,前回同様,11600,税抜,1160
Q2406-013,2024-06-04,C016,高橋,リーフレット,A3,マットコート135kg,4/4,,二つ折,200,1,市内,2024-06-11,前回同様（数量のみ変更）,17500,税抜,1750
Q2406-014,2024-06-05,K003,鈴木,名刺,91x55,マットコート220kg,1/1,,,500,1,引取,2024-06-10,QRコード入り,6380,税込,580
Q2406-015,2024-06-05,K013,鈴木,名刺,91x55,ヴァンヌーボ195kg,1/0,,,300,1,引取,2024-06-12,校正はPDFで、新規デザイン,6930,税込,630
Q2406-016,2024-06-06,D01,高橋,チラシ,A4,コート110kg,4/0,,,30000,1,引取,2024-06-19,,86500,税抜,8650
Q2406-017,2024-06-06,C040,鈴木,名刺,91x55,上質180kg,4/4,,,100,6,市外,2024-06-12,Illustrator入稿、前回同様（数量のみ変更）,22560,税抜,2256
Q2406-018,2024-06-06,G02,高橋,封筒,長3,白ケント80g,1/0,,,500,1,市外,2024-06-14,支払は月末締め翌月末 Illustrator入稿 他社相見積あり,8950,税抜,895
Q2406-019,2024-06-06,一般,田中,名刺,91x55,マットコート220kg,1/1,,,100,1,市内,2024-06-14,新規作成（ロゴ支給）,7040,税込,640
Q2406-020,2024-06-07,一般,渡辺,名刺,91x55,上質135kg,4/0,,,200,1,引取,2024-06-13,見積のみ,3410,税込,310
Q2406-021,2024-06-07,C010,鈴木,チラシ,B4,コート90kg,4/4,,,30000,2,市内,2024-06-19,修正なし、前回同様（数量のみ変更）,311200,税抜,31120
Q2406-022,2024-06-10,一般,田中,名刺,91x55,上質180kg,4/0,,,100,1,引取,2024-06-17,見積のみ,2640,税込,240
Q2406-023,2024-06-10,C037,高橋,チラシ,A4,コート90kg,4/0,,,5000,1,市内,2024-06-21,500枚ごと帯掛け,34000,税抜,3400
Q2406-024,2024-06-10,C014,鈴木,チラシ,A4,マットコート135kg,1/0,,,500,1,市内,2024-06-18,支払は月末締め翌月末,7060,税抜,706
Q2406-025,2024-06-11,C040,鈴木,封筒,長3,クラフト70g,1/0,,,5000,1,市外,2024-06-18,特色（DIC 221）,26130,税抜,2613
Q2406-026,2024-06-11,C040,鈴木,封筒,長3,クラフト70g,1/0,,,1200,1,市外,2024-06-21,前回同様（数量のみ変更）,11760,税抜,1176
Q2406-027,2024-06-12,C001,高橋,チラシ,B5,コート90kg,4/0,,,8000,2,市内,2024-06-25,リピート、修正なし,55500,税抜,5550
Q2406-028,2024-06-12,C023,高橋,リーフレット,A4,マットコート135kg,4/4,,三つ折,30000,1,県外,2024-06-26,サンプル5部別送、データ修正あり,246500,税抜,24650
Q2406-029,2024-06-12,C010,鈴木,チラシ,A4,コート90kg,4/0,,,8000,1,引取,2024-06-27,見積有効期限1ヶ月,39720,税抜,3972
Q2406-030,2024-06-12,C003,高橋,冊子,A4,マットコート135kg,4/4,20,中綴じ,2000,1,引取,2024-06-21,修正なし,195000,税抜,19500
Q2406-031,2024-06-12,C039,高橋,チラシ,A4,コート90kg,4/0,,,10000,1,市外,2024-06-25,,46000,税抜,4600
Q2406-032,2024-06-12,一般,田中,名刺,91x55,マットコート220kg,1/0,,,500,1,県外,,新規デザイン（2案） 修正なし,7392,税込,672
Q2406-033,2024-06-12,C033,鈴木,チラシ,B4,コート90kg,4/4,,,5000,1,市外,2024-06-19,紙は前回と同じ,62400,税抜,6240
Q2406-034,2024-06-12,D05,田中,チラシ,A4,コート90kg,4/4,,,3000,1,市内,2024-06-25,,40520,税抜,4052
Q2406-035,2024-06-13,C004,鈴木,チラシ,B4,コート90kg,4/4,,,3000,1,市外,2024-06-27,サンプル5部別送,54390,税抜,5439
Q2406-036,2024-06-13,G08,渡辺,チラシ,A4,上質70kg,1/1,,,500,1,市内,2024-06-18,ポスティング用,7430,税抜,743
Q2406-037,2024-06-13,一般,渡辺,名刺,91x55,マットコート220kg,1/1,,,100,1,引取,2024-06-18,納品書同梱,2860,税込,260
Q2406-038,2024-06-14,C017,田中,名刺,91x55,上質180kg,1/0,,,100,11,市外,2024-06-21,,16330,税抜,1633
Q2406-039,2024-06-14,C006,渡辺,名刺,91x55,マットコート220kg,1/0,,,100,1,市内,2024-06-21,裏面英語表記,2320,税抜,232
Q2406-040,2024-06-17,C035,鈴木,リーフレット,A4,マットコート135kg,4/4,,Z折,3000,2,市内,,リピート,113400,税抜,11340
Q2406-041,2024-06-17,D02,高橋,チラシ,A4,コート90kg,4/0,,,10000,1,市外,2024-07-03,校正はPDFで／完全データ入稿／修正あり（PDF校正2回）,39500,税抜,3950
Q2406-042,2024-06-17,一般,田中,名刺,91x55,マットコート220kg,1/0,,,100,1,引取,2024-06-20,,1760,税込,160
Q2406-043,2024-06-18,C007,渡辺,チラシ,A3,コート90kg,4/0,,,5000,3,市内,2024-07-04,前回同様（数量のみ変更）／特色（DIC 2585）,130560,税抜,13056
Q2406-044,2024-06-18,D04,鈴木,チラシ,A4,マットコート135kg,4/4,,,5000,1,県外,2024-07-01,請求書は本社宛,54100,税抜,5410
Q2406-045,2024-06-18,C006,鈴木,名刺,91x55,マットコート220kg,4/0,,,1000,2,市内,2024-06-24,他社相見積あり、担当者様不在のため後日連絡,16530,税抜,1653
Q2406-046,2024-06-18,C026,田中,チラシ,B4,コート90kg,4/4,,,8000,1,市内,2024-07-04,ポスティング用,67400,税抜,6740
Q2406-047,2024-06-18,C037,高橋,封筒,長3,クラフト70g,2/0,,,500,1,市内,2024-06-28,前回同様、PDF入稿、ロゴDIC指定、修正あり（PDF校正2回）,17000,税抜,1700
Q2406-048,2024-06-18,C037,高橋,リーフレット,A4,マットコート135kg,4/4,,三つ折,3000,1,市内,2024-06-25,校正はPDFで、担当者様不在のため後日連絡,61000,税抜,6100
Q2406-049,2024-06-19,C017,田中,名刺,91x55,上質180kg,1/0,,,100,10,引取,,見積のみ、要確認,13680,税抜,1368
Q2406-050,2024-06-19,C018,田中,名刺,91x55,ヴァンヌーボ195kg,1/1,,,200,1,市内,2024-06-27,前回同様（数量のみ変更）、紙は前回と同じ,4800,税抜,480
Q2406-051,2024-06-19,C033,鈴木,名刺,91x55,ヴァンヌーボ195kg,4/0,,,100,1,市外,2024-06-25,要確認,4200,税抜,420
Q2406-052,2024-06-19,D05,田中,リーフレット,A3,コート110kg,4/4,,二つ折,500,1,市内,2024-06-27,請求書は本社宛／検討中,30060,税抜,3006
Q2406-053,2024-06-19,C030,高橋,名刺,91x55,上質135kg,4/0,,,100,1,市内,2024-06-25,裏面英語表記,3200,税抜,320
Q2406-054,2024-06-20,C031,鈴木,名刺,91x55,上質135kg,4/0,,,500,5,県外,2024-06-27,前回同様、FAX送付済,27300,税抜,2730
Q2406-055,2024-06-20,C012,高橋,封筒,洋長3,白ケント80g,1/0,,,1000,1,市内,2024-06-27,社名DIC 182、メールにて見積送付、前回同様、PDF入稿,13000,税抜,1300
Q2406-056,2024-06-20,一般,田中,名刺,91x55,パール紙180kg,1/1,,,100,1,引取,2024-06-25,担当者様不在のため後日連絡 サンプル5部別送,3190,税込,290
Q2406-057,2024-06-20,C039,鈴木,チラシ,A4,コート90kg,4/4,,,500,1,市外,2024-07-01,相見積,19270,税抜,1927
Q2406-058,2024-06-21,C012,高橋,封筒,長3,白ケント80g,2/0,,,2000,1,市内,2024-07-04,前回同様（数量のみ変更）、窓なし,15500,税抜,1550
Q2406-059,2024-06-21,C005,鈴木,チラシ,A4,コート90kg,1/1,,,300,2,市内,,請求書は本社宛,10120,税抜,1012
Q2406-060,2024-06-21,C037,高橋,リーフレット,A4,マットコート135kg,4/4,,二つ折,2000,1,市内,2024-07-01,Illustrator入稿、帯掛け希望,53000,税抜,5300
Q2406-061,2024-06-21,一般,渡辺,名刺,91x55,マットコート220kg,4/4,,,100,1,引取,2024-06-26,新規デザイン,7040,税込,640
Q2406-062,2024-06-21,C003,高橋,冊子,A4,マットコート135kg,4/4,12,中綴じ,300,1,引取,2024-07-09,修正なし,67500,税抜,6750
Q2406-063,2024-06-21,D01,渡辺,チラシ,A4,マットコート135kg,1/0,,,3000,1,市外,,Word入稿（要変換）,14860,税抜,1486
Q2406-064,2024-06-21,一般,田中,名刺,91x55,マットコート220kg,1/1,,片面PP+角丸,300,1,引取,2024-06-28,修正なし,7150,税込,650
Q2406-065,2024-06-24,K006,田中,チラシ,A4,マットコート135kg,4/0,,,500,1,引取,,新聞折込用,13695,税込,1245
Q2406-066,2024-06-25,D05,田中,チラシ,A4,コート90kg,4/4,,,3000,1,市内,2024-07-04,PDF入稿,40520,税抜,4052
Q2406-067,2024-06-26,C035,鈴木,封筒,長3,白ケント80g,1/0,,,10000,1,市内,2024-07-08,ロゴDIC指定、修正あり（PDF校正2回）、見積有効期限1ヶ月,61000,税抜,6100
Q2406-068,2024-06-26,C006,鈴木,名刺,91x55,マットコート220kg,4/0,,,1000,2,市内,2024-07-02,前回同様、校正はPDFで,16530,税抜,1653
Q2406-069,2024-06-26,C002,高橋,チラシ,B4,コート90kg,4/0,,,1000,1,市外,2024-07-03,リピート、ポスティング用,25000,税抜,2500
Q2406-070,2024-06-26,C034,鈴木,リーフレット,A4,マットコート135kg,4/4,,Z折,15000,1,市内,2024-07-12,前回より部数増、校正はPDFで,131400,税抜,13140
Q2406-071,2024-06-26,C031,鈴木,リーフレット,A3,コート90kg,4/4,,二つ折,2000,1,県外,2024-07-04,FAX送付済,54670,税抜,5467
Q2406-072,2024-06-26,G01,鈴木,チラシ,A4,上質90kg,1/0,,,500,1,引取,2024-06-27,特急（翌日納品希望）,6810,税抜,681
Q2406-073,2024-06-27,C002,高橋,リーフレット,A4,マットコート135kg,4/4,,Z折,30000,1,市外,2024-07-16,前回同様、前回より部数増,217500,税抜,21750
Q2406-074,2024-06-27,一般,渡辺,名刺,91x55,マットコート220kg,1/0,,,100,1,市内,,裏面英語表記,2640,税込,240
Q2406-075,2024-06-27,C024,鈴木,名刺,91x55,上質180kg,1/1,,片面PP,100,2,市内,2024-07-05,見積有効期限1ヶ月、肩書変更あり,7200,税抜,720
Q2406-076,2024-06-27,C028,田中,冊子,A5,コート110kg,4/4,8,中綴じ,300,1,市内,2024-07-18,検討中,25530,税抜,2553
Q2406-077,2024-06-28,C001,高橋,チラシ,A4,上質70kg,4/0,,,1000,1,市内,2024-07-11,前回同様,19500,税抜,1950
Q2406-078,2024-06-28,C033,鈴木,チラシ,A4,コート90kg,4/4,,,10000,1,市外,2024-07-08,修正なし,69750,税抜,6975
Q2406-079,2024-06-29,D01,高橋,チラシ,A4,コート110kg,4/4,,,3000,1,市外,2024-07-10,PDF入稿,39500,税抜,3950
Q2407-001,2024-07-01,C001,高橋,チラシ,A4,上質70kg,4/0,,,30000,1,市内,2024-07-08,検討中,77500,税抜,7750
Q2407-002,2024-07-01,C017,田中,リーフレット,A3,コート110kg,4/4,,二つ折,5000,1,市外,2024-07-10,,80400,税抜,8040
Q2407-003,2024-07-01,C001,高橋,チラシ,B4,コート90kg,4/4,,,50000,2,引取,2024-07-09,,420000,税抜,42000
Q2407-004,2024-07-01,C005,鈴木,チラシ,A4,コート90kg,1/1,,,500,2,市内,2024-07-04,ポスティング用／前回同様（数量のみ変更）,12300,税抜,1230
Q2407-005,2024-07-02,C012,高橋,名刺,91x55,マットコート220kg,1/1,,角丸,1000,3,引取,2024-07-05,データ修正（電話番号変更）,28500,税抜,2850
Q2407-006,2024-07-03,C006,鈴木,封筒,角2,クラフト85g,1/0,,,1000,1,市内,2024-07-17,完全データ入稿,15800,税抜,1580
Q2407-007,2024-07-03,C015,渡辺,名刺,91x55,マットコート220kg,1/0,,片面PP,500,2,市内,2024-07-11,前回同様（数量のみ変更）／肩書変更あり,11700,税抜,1170
Q2407-008,2024-07-03,C007,渡辺,チラシ,B4,コート90kg,4/4,,,20000,1,市内,2024-07-12,,118400,税抜,11840
Q2407-009,2024-07-03,C006,鈴木,名刺,91x55,マットコート220kg,4/0,,,1000,3,市内,2024-07-10,相見積、修正なし、校正はPDFで,24790,税抜,2479
Q2407-010,2024-07-03,一般,渡辺,名刺,91x55,上質135kg,4/4,,,500,1,引取,2024-07-08,紙は前回と同じ／FAX送付済,8140,税込,740
Q2407-011,2024-07-04,G06,高橋,リーフレット,B4,マットコート135kg,4/4,,二つ折,500,1,市内,2024-07-16,担当者様不在のため後日連絡／リピート,31500,税抜,3150
Q2407-012,2024-07-04,C017,田中,封筒,角2,クラフト85g,2/0,,,1000,1,引取,2024-07-11,リピート 見積のみ,19800,税抜,1980
Q2407-013,2024-07-04,K008,田中,名刺,91x55,パール紙180kg,4/0,,,100,1,引取,2024-07-09,Word入稿（要変換）,2970,税込,270
Q2407-014,2024-07-05,C020,渡辺,名刺,91x55,マットコート220kg,4/4,,,100,1,市内,2024-07-11,校正はPDFで／裏面英語表記,4200,税抜,420
Q2407-015,2024-07-08,C040,鈴木,名刺,91x55,ヴァンヌーボ195kg,4/4,,,500,3,市外,2024-07-12,紙は前回と同じ,29500,税抜,2950
Q2407-016,2024-07-08,C003,鈴木,封筒,角2,クラフト85g,1/0,,,1000,1,引取,2024-07-16,修正なし、ロゴDIC指定,19800,税抜,1980
Q2407-017,2024-07-08,C002,高橋,チラシ,A5,コート90kg,1/1,,,2000,1,市外,,新聞折込用,16000,税抜,1600
Q2407-018,2024-07-09,C027,田中,封筒,長3,白ケント80g,2/0,,,1000,1,市外,2024-07-18,支払は月末締め翌月末、メールにて見積送付、リピート、相見積,14600,税抜,1460
Q2407-019,2024-07-09,C037,高橋,封筒,長3,白ケント80g,1/0,,,1000,1,市内,,,9700,税抜,970
Q2407-020,2024-07-09,一般,鈴木,名刺,91x55,上質180kg,4/0,,,100,1,県外,,修正なし 新規デザイン,6600,税込,600
Q2407-021,2024-07-09,D05,田中,冊子,A5,上質70kg,4/4,8,中綴じ,1000,1,市内,2024-07-16,支払は月末締め翌月末、急ぎ、本機色校正あり、修正なし,43700,税抜,4370
Q2407-022,2024-07-10,C001,高橋,チラシ,A4,コート90kg,4/0,,,3000,1,市内,2024-07-22,,25500,税抜,2550
Q2407-023,2024-07-10,C030,高橋,名刺,91x55,上質135kg,4/0,,,100,2,市内,2024-07-19,前回同様,5600,税抜,560
Q2407-024,2024-07-11,C017,田中,封筒,長3,クラフト70g,1/0,,,3000,1,市外,,前回より部数増／ロゴDIC指定／見積のみ,18100,税抜,1810
Q2407-025,2024-07-11,C009,田中,リーフレット,A4,マットコート135kg,4/4,,三つ折,3000,1,県外,2024-07-16,検討中,82200,税抜,8220
Q2407-026,2024-07-11,C030,高橋,封筒,長3,クラフト70g,2/0,,,2000,1,市内,2024-07-22,校正はPDFで、社名・住所入り、ロゴDIC指定,19000,税抜,1900
Q2407-027,2024-07-12,C037,高橋,封筒,角2,白ケント100g,2/0,,,1500,2,引取,2024-07-22,2色目DIC指定,78500,税抜,7850
Q2407-028,2024-07-12,C001,高橋,チラシ,B4,コート90kg,4/4,,,10000,1,市内,2024-07-29,FAX送付済,76500,税抜,7650
Q2407-029,2024-07-16,C024,鈴木,封筒,長3,クラフト70g,1/0,,,1500,1,引取,2024-07-29,〒枠なし,9780,税抜,978
Q2407-030,2024-07-16,C001,高橋,チラシ,B4,コート90kg,4/0,,,3000,3,市内,2024-07-23,100枚ごと帯掛け／メールにて見積送付／校正はPDFで,87500,税抜,8750
Q2407-031,2024-07-17,一般,鈴木,リーフレット,B4,コート110kg,4/4,,二つ折,5000,1,引取,2024-07-23,至急、担当者様不在のため後日連絡,89210,税込,8110
Q2407-032,2024-07-17,C023,高橋,チラシ,A5,コート90kg,1/1,,,2000,1,県外,2024-08-01,校正はPDFで,16000,税抜,1600
Q2407-033,2024-07-17,C017,田中,リーフレット,A4,コート110kg,4/4,,三つ折,2000,1,市外,2024-07-31,折り見本あり,50500,税抜,5050
Q2407-034,2024-07-17,D02,高橋,チラシ,A5,コート110kg,4/0,,,5000,1,市外,2024-07-24,,27000,税抜,2700
Q2407-035,2024-07-18,G05,高橋,チラシ,A4,上質90kg,1/0,,,500,1,市外,2024-07-25,ポスティング用、Word入稿（要変換）,8100,税抜,810
Q2407-036,2024-07-18,C022,渡辺,チラシ,A3,コート90kg,4/0,,,500,1,市内,2024-07-26,サンプル5部別送,19800,税抜,1980
Q2407-037,2024-07-18,一般,鈴木,チラシ,A4,コート110kg,4/0,,,300,1,引取,2024-07-29,Word入稿（要変換）、修正あり（PDF校正2回）,13310,税込,1210
Q2407-038,2024-07-18,C037,高橋,名刺,91x55,上質135kg,4/0,,,200,1,引取,2024-07-26,サンプル5部別送、完全データ入稿,3100,税抜,310
Q2407-039,2024-07-18,C022,渡辺,リーフレット,A4,マットコート135kg,4/4,,三つ折,1500,1,市内,2024-07-30,リピート,56000,税抜,5600
Q2407-040,2024-07-19,D02,高橋,冊子,A5,マットコート135kg,4/4,8,中綴じ,1000,1,市外,,サンプル5部別送、請求書は本社宛,40500,税抜,4050
Q2407-041,2024-07-19,D05,田中,リーフレット,A4,コート110kg,4/4,,三つ折,3000,2,市内,2024-08-06,折り見本あり、完全データ入稿,99200,税抜,9920
Q2407-042,2024-07-19,C031,鈴木,封筒,洋長3,白ケント80g,2/0,,,1000,1,県外,2024-07-26,Word入稿（要変換） 前回同様（数量のみ変更）,16500,税抜,1650
Q2407-043,2024-07-19,K006,田中,チラシ,A4,マットコート135kg,4/4,,,200,1,引取,2024-07-29,見積有効期限1ヶ月、修正なし,10296,税込,936
Q2407-044,2024-07-20,C017,田中,封筒,長3,クラフト70g,1/0,,,1000,1,市外,2024-07-26,〒枠なし,7800,税抜,780
Q2407-045,2024-07-20,C027,田中,名刺,91x55,上質180kg,4/0,,片面PP,100,12,引取,2024-07-24,要確認、裏面英語表記,33300,税抜,3330
Q2407-046,2024-07-22,D01,高橋,リーフレット,A4,コート110kg,4/4,,二つ折,3000,1,市外,2024-07-31,紙は前回と同じ／500枚ごと帯掛け,49500,税抜,4950
Q2407-047,2024-07-23,一般,鈴木,名刺,91x55,上質135kg,1/0,,,100,1,県外,,,2420,税込,220
Q2407-048,2024-07-23,C033,鈴木,チラシ,B5,コート90kg,4/0,,,10000,2,市外,2024-08-08,支払は月末締め翌月末,79500,税抜,7950
Q2407-049,2024-07-24,C006,鈴木,封筒,洋長3,白ケント80g,2/0,,,1000,1,市内,2024-08-02,相見積、2色目DIC指定、支払は月末締め翌月末、前回同様（数量のみ変更）,18200,税抜,1820
Q2407-050,2024-07-24,C033,鈴木,チラシ,A4,コート110kg,4/4,,,5000,1,市外,,,65900,税抜,6590
Q2407-051,2024-07-25,C001,高橋,チラシ,A4,コート90kg,4/4,,,15000,1,引取,2024-08-19,完全データ入稿,84500,税抜,8450
Q2407-052,2024-07-26,C035,鈴木,リーフレット,A4,コート90kg,4/4,,三つ折,2000,1,市内,2024-08-19,折り見本あり,54500,税抜,5450
Q2407-053,2024-07-26,C017,田中,リーフレット,A4,コート110kg,4/4,,三つ折,2000,1,市外,,要確認,46120,税抜,4612
Q2407-054,2024-07-29,C031,鈴木,封筒,角2,白ケント100g,2/0,,,3000,1,県外,2024-08-05,修正あり（PDF校正2回）／Word入稿（要変換）／特色（DIC 221）／前回同様,77800,税抜,7780
Q2407-055,2024-07-29,C026,田中,チラシ,A3,コート90kg,4/4,,,10000,1,市内,2024-08-20,,108100,税抜,10810
Q2407-056,2024-07-29,C007,渡辺,チラシ,B4,コート90kg,4/4,,,10000,1,市内,2024-08-21,FAX送付済,81200,税抜,8120
Q2407-057,2024-07-29,C029,高橋,名刺,91x55,ヴァンヌーボ195kg,4/0,,,100,4,市内,2024-08-06,肩書変更あり、リピート,10000,税抜,1000
Q2407-058,2024-07-29,D06,鈴木,冊子,A4,上質70kg,4/4,12,中綴じ,500,1,県外,2024-08-21,支払は月末締め翌月末,66400,税抜,6640
Q2407-059,2024-07-29,C005,鈴木,リーフレット,A4,コート110kg,4/0,,三つ折,1000,1,市内,2024-08-20,文字修正あり,33300,税抜,3330
Q2407-060,2024-07-30,C012,高橋,チラシ,B5,コート110kg,1/1,,,3000,1,市内,,紙は前回と同じ,15500,税抜,1550
Q2407-061,2024-07-31,C038,田中,冊子,A4,コート110kg,4/4,28,中綴じ,3000,1,市内,2024-08-20,修正なし,352900,税抜,35290
Q2407-062,2024-07-31,C021,鈴木,名刺,91x55,上質180kg,4/4,,,300,1,市内,2024-08-05,要確認／修正あり（PDF校正2回）,7700,税抜,770
Q2407-063,2024-07-31,C004,鈴木,名刺,91x55,上質180kg,4/4,,,100,3,市外,2024-08-06,修正なし,12200,税抜,1220
Q2407-064,2024-07-31,K012,鈴木,名刺,91x55,上質180kg,1/1,,,1000,1,引取,2024-08-07,新規作成（ロゴ支給）,14080,税込,1280
Q2407-065,2024-07-31,C014,鈴木,封筒,角2,クラフト85g,1/0,,,1000,1,市内,2024-08-20,検討中、PDF入稿,15000,税抜,1500
Q2407-066,2024-07-31,C027,田中,封筒,長3,白ケント80g,2/0,,,1000,1,市外,2024-08-09,メールにて見積送付,14600,税抜,1460
Q2408-001,2024-08-01,C035,鈴木,名刺,91x55,上質180kg,4/0,,,100,1,市内,2024-08-09,新規作成（ロゴ支給）,6200,税抜,620
Q2408-002,2024-08-01,C021,鈴木,名刺,91x55,ヴァンヌーボ195kg,4/0,,,100,1,市内,2024-08-08,文字修正3箇所,4700,税抜,470
Q2408-003,2024-08-01,C031,鈴木,名刺,91x55,マットコート220kg,4/4,,,100,6,県外,2024-08-08,修正あり（PDF校正2回）、QRコード入り、完全データ入稿,21600,税抜,2160
Q2408-004,2024-08-01,C035,鈴木,封筒,長3,クラフト70g,2/0,,,1000,1,引取,,完全データ入稿、リピート、検討中,11200,税抜,1120
Q2408-005,2024-08-01,C003,高橋,封筒,角2,白ケント100g,1/0,,,2000,1,市外,2024-08-19,窓なし,37500,税抜,3750
Q2408-006,2024-08-01,C039,鈴木,チラシ,A4,コート90kg,4/0,,,500,1,市外,2024-08-09,Illustrator入稿、新聞折込用,13800,税抜,1380
Q2408-007,2024-08-02,C016,高橋,リーフレット,A3,マットコート135kg,4/4,,二つ折,5000,1,市内,2024-08-19,前回同様（数量のみ変更）、校正はPDFで、PDF入稿,97500,税抜,9750
Q2408-008,2024-08-02,一般,鈴木,チラシ,A4,コート110kg,4/0,,,300,1,県外,2024-08-07,紙は前回と同じ、担当者様不在のため後日連絡,11110,税込,1010
Q2408-009,2024-08-05,C031,鈴木,名刺,91x55,上質135kg,4/0,,,100,3,県外,2024-08-19,リピート、見積のみ,7800,税抜,780
Q2408-010,2024-08-05,C033,鈴木,チラシ,A4,コート90kg,4/0,,,20000,1,市外,2024-08-07,前回同様（数量のみ変更）、急ぎ,69870,税抜,6987
Q2408-011,2024-08-07,C031,鈴木,冊子,A4,マットコート135kg,4/4,24,中綴じ,300,1,引取,2024-08-26,PDF入稿,138300,税抜,13830
Q2408-012,2024-08-07,C004,鈴木,チラシ,A4,コート90kg,4/0,,,5000,3,市外,2024-08-30,PDF入稿、リピート,110500,税抜,11050
Q2408-013,2024-08-07,K007,渡辺,チラシ,B5,上質90kg,4/0,,,300,1,引取,2024-08-19,Word入稿（要変換）,9240,税込,840
Q2408-014,2024-08-07,C007,渡辺,封筒,角2,白ケント100g,1/0,,,1000,1,引取,2024-08-21,PDF入稿／ロゴDIC指定,24800,税抜,2480
Q2408-015,2024-08-08,C037,高橋,封筒,長3,クラフト70g,2/0,,,1000,1,引取,2024-08-29,修正なし、リピート、2色目DIC指定、請求書は本社宛,15000,税抜,1500
Q2408-016,2024-08-08,C030,高橋,名刺,91x55,マットコート220kg,1/0,,片面PP+角丸,100,2,市内,2024-08-22,紙は前回と同じ,6200,税抜,620
Q2408-017,2024-08-08,C022,渡辺,封筒,長3,クラフト70g,2/0,,,3000,1,市内,2024-08-27,修正なし、完全データ入稿,18500,税抜,1850
Q2408-018,2024-08-08,C006,鈴木,冊子,A5,マットコート135kg,4/4,8,中綴じ,300,1,市内,2024-09-04,PDF入稿,31500,税抜,3150
Q2408-019,2024-08-09,C017,高橋,名刺,91x55,上質180kg,1/0,,,500,12,市外,2024-08-26,前回同様,31500,税抜,3150
Q2408-020,2024-08-09,D06,鈴木,リーフレット,A3,コート110kg,4/4,,三つ折,2000,1,県外,2024-08-23,支払は月末締め翌月末,53200,税抜,5320
Q2408-021,2024-08-09,C002,高橋,チラシ,B5,コート110kg,4/0,,,500,1,市外,2024-08-21,,14000,税抜,1400
Q2408-022,2024-08-19,D02,高橋,チラシ,A5,マットコート135kg,4/4,,,5000,1,市外,2024-08-29,ポスティング用,45000,税抜,4500
Q2408-023,2024-08-19,C009,田中,名刺,91x55,マットコート220kg,4/0,,,100,1,県外,2024-08-27,新規デザイン Illustrator入稿,5800,税抜,580
Q2408-024,2024-08-19,C031,鈴木,リーフレット,A4,マットコート135kg,4/4,,三つ折,2000,1,県外,2024-08-27,,62000,税抜,6200
Q2408-025,2024-08-20,C021,鈴木,冊子,A5,マットコート135kg,4/4,8,中綴じ,1500,1,市内,,サンプル5部別送、支払は月末締め翌月末,62400,税抜,6240
Q2408-026,2024-08-20,一般,渡辺,名刺,91x55,ヴァンヌーボ195kg,1/0,,,100,1,引取,2024-08-28,要確認／新規デザイン（2案）,5390,税込,490
Q2408-027,2024-08-20,C010,鈴木,チラシ,A3,上質70kg,4/0,,,5000,1,市内,2024-09-03,,46500,税抜,4650
Q2408-028,2024-08-20,C001,高橋,チラシ,B5,コート110kg,4/0,,,5000,1,市内,2024-08-29,ポスティング用、500枚ごと帯掛け,32500,税抜,3250
Q2408-029,2024-08-20,一般,鈴木,チラシ,A5,コート110kg,4/0,,,300,2,引取,,納品書同梱、他社相見積あり,11110,税込,1010
Q2408-030,2024-08-21,C001,高橋,チラシ,B5,コート90kg,4/0,,,15000,2,市内,2024-09-02,前回より部数増、リピート,86000,税抜,8600
Q2408-031,2024-08-21,C007,渡辺,チラシ,A4,コート90kg,4/4,,,8000,1,市内,,見積有効期限1ヶ月、担当者様不在のため後日連絡,63200,税抜,6320
Q2408-032,2024-08-21,C012,高橋,封筒,洋長3,白ケント80g,1/0,,,500,1,市内,2024-09-02,メールにて見積送付 前回同様,10500,税抜,1050
Q2408-033,2024-08-21,C020,渡辺,チラシ,A4,マットコート135kg,4/0,,,1000,1,引取,2024-08-28,FAX送付済,27100,税抜,2710
Q2408-034,2024-08-23,C004,鈴木,チラシ,B5,上質70kg,4/0,,,10000,1,市外,2024-09-09,Word入稿（要変換）,39200,税抜,3920
Q2408-035,2024-08-23,一般,渡辺,名刺,91x55,マットコート220kg,1/0,,,100,1,引取,2024-08-26,特急,2200,税込,200
Q2408-036,2024-08-26,C031,鈴木,封筒,洋長3,白ケント80g,2/0,,,300,1,県外,2024-09-09,前回同様（数量のみ変更）,16500,税抜,1650
Q2408-037,2024-08-26,D01,高橋,リーフレット,A4,コート110kg,4/4,,三つ折,8000,1,市外,2024-09-05,前回より部数増、リピート、修正なし,68500,税抜,6850
Q2408-038,2024-08-27,一般,鈴木,名刺,91x55,上質180kg,4/4,,,100,1,引取,2024-08-30,,3740,税込,340
Q2408-039,2024-08-27,C031,鈴木,名刺,91x55,上質135kg,4/0,,,100,3,県外,2024-09-03,紙は前回と同じ,7800,税抜,780
Q2408-040,2024-08-27,C003,高橋,冊子,A5,マットコート135kg,4/4,32,中綴じ,30,1,市外,2024-09-11,メールにて見積送付、リピート、修正なし,13500,税抜,1350
Q2408-041,2024-08-28,C003,高橋,リーフレット,A4,マットコート135kg,4/4,,三つ折,3000,1,市外,,,63000,税抜,6300
Q2408-042,2024-08-28,C028,田中,冊子,A5,コート110kg,4/4,16,中綴じ,2000,1,市内,2024-08-29,前回同様、相見積、特急（翌日納品希望）、支払は月末締め翌月末,109200,税抜,10920
Q2408-043,2024-08-28,一般,田中,チラシ,A4,コート110kg,4/0,,,300,1,県外,2024-09-05,ポスティング用、リピート,9460,税込,860
Q2408-044,2024-08-28,C017,田中,リーフレット,A4,コート110kg,4/4,,三つ折,2000,1,市外,2024-09-11,修正なし,50500,税抜,5050
Q2408-045,2024-08-29,一般,鈴木,名刺,91x55,ヴァンヌーボ195kg,1/1,,,300,1,引取,2024-09-05,新規作成（ロゴ支給） 修正なし,8910,税込,810
Q2408-046,2024-08-29,一般,鈴木,名刺,91x55,ヴァンヌーボ195kg,1/1,,,300,1,引取,2024-09-05,新規作成（ロゴ支給） 修正なし,8910,税込,810
Q2408-047,2024-08-29,C006,鈴木,名刺,91x55,上質180kg,4/0,,,100,5,引取,,見積のみ／修正あり（PDF校正2回）,12400,税抜,1240
Q2408-048,2024-08-29,C015,渡辺,名刺,91x55,上質135kg,1/0,,,500,2,引取,,裏面英語表記,6400,税抜,640
Q2408-049,2024-08-30,K008,田中,名刺,91x55,上質180kg,4/0,,,200,1,引取,,,3410,税込,310
Q2408-050,2024-08-30,C016,高橋,名刺,91x55,上質180kg,4/0,,,100,8,市内,2024-09-04,サンプル5部別送、完全データ入稿,18000,税抜,1800
Q2408-051,2024-08-30,D05,田中,チラシ,A5,コート110kg,4/4,,,3000,1,市内,2024-09-10,,42800,税抜,4280
Q2409-001,2024-09-02,C014,鈴木,チラシ,A4,マットコート135kg,1/0,,,500,1,市内,2024-09-10,,7600,税抜,760
Q2409-002,2024-09-03,C033,鈴木,チラシ,B5,コート90kg,4/0,,,20000,3,市外,2024-09-18,ポスティング用、地図差替えあり,171200,税抜,17120
Q2409-003,2024-09-03,D05,田中,チラシ,A4,コート90kg,4/4,,,5000,1,市内,2024-09-19,,53200,税抜,5320
Q2409-004,2024-09-03,D05,田中,リーフレット,A3,コート110kg,4/4,,二つ折,3000,1,引取,2024-09-20,前回同様、500枚ごと帯掛け,61900,税抜,6190
Q2409-005,2024-09-04,一般,田中,名刺,91x55,マットコート220kg,4/0,,,100,1,市外,2024-09-09,Illustrator入稿,4290,税込,390
Q2409-006,2024-09-05,C005,鈴木,冊子,A4,マットコート135kg,1/1,12,中綴じ,100,1,市内,2024-09-20,請求書は本社宛,14400,税抜,1440
Q2409-007,2024-09-05,一般,鈴木,チラシ,A4,コート110kg,4/0,,,300,1,引取,2024-09-13,前回同様（数量のみ変更）,7810,税込,710
Q2409-008,2024-09-05,一般,田中,名刺,91x55,マットコート220kg,4/0,,,100,2,引取,2024-09-06,新規作成（ロゴ支給） 裏面英語表記 肩書変更あり 特急（翌日納品希望）,10450,税込,950
Q2409-009,2024-09-05,C012,高橋,名刺,91x55,パール紙180kg,4/0,,,100,5,市内,2024-09-10,,12000,税抜,1200
Q2409-010,2024-09-05,C030,高橋,名刺,91x55,上質180kg,1/0,,,100,2,市内,2024-09-13,修正なし,4000,税抜,400
Q2409-011,2024-09-05,C015,渡辺,チラシ,A3,コート110kg,4/0,,,5000,1,市内,2024-09-06,担当者様不在のため後日連絡、PDF入稿、特急でお願いします,69100,税抜,6910
Q2409-012,2024-09-05,G08,渡辺,冊子,A4,上質70kg,1/1,24,中綴じ,200,1,市内,2024-09-06,前回同様（数量のみ変更）,33400,税抜,3340
Q2409-013,2024-09-06,C013,高橋,チラシ,A4,コート110kg,1/0,,,500,1,市内,2024-09-13,リピート,6300,税抜,630
Q2409-014,2024-09-06,C016,高橋,名刺,91x55,マットコート220kg,4/0,,,200,4,市内,,校正はPDFで、支払は月末締め翌月末,12000,税抜,1200
Q2409-015,2024-09-06,C001,高橋,チラシ,B4,コート90kg,4/4,,,30000,1,市内,2024-09-26,100枚ごと帯掛け／見積有効期限1ヶ月,164500,税抜,16450
Q2409-016,2024-09-09,C037,高橋,リーフレット,A4,マットコート135kg,4/4,,二つ折,500,1,市内,2024-09-17,完全データ入稿,23000,税抜,2300
Q2409-017,2024-09-09,C001,高橋,チラシ,B4,コート90kg,4/0,,,3000,1,市内,2024-09-20,,28500,税抜,2850
Q2409-018,2024-09-09,一般,渡辺,名刺,91x55,上質180kg,1/0,,片面PP,100,1,引取,2024-09-17,前回同様／支払は月末締め翌月末,2420,税込,220
Q2409-019,2024-09-09,D02,高橋,チラシ,A4,コート90kg,4/0,,,10000,1,市外,2024-09-25,文字修正3箇所,43500,税抜,4350
Q2409-020,2024-09-10,C010,鈴木,チラシ,A4,コート90kg,4/0,,,200,1,市内,2024-09-19,前回同様（数量のみ変更）／PDF入稿,6300,税抜,630
Q2409-021,2024-09-10,G08,渡辺,冊子,A4,上質70kg,1/1,24,中綴じ,300,1,市内,2024-10-03,ページ数変更の可能性あり,43700,税抜,4370
Q2409-022,2024-09-11,D05,田中,チラシ,A4,コート90kg,4/4,,,5000,1,市内,2024-09-27,帯掛け希望,55200,税抜,5520
Q2409-023,2024-09-11,C038,田中,冊子,A4,コート110kg,4/4,28,中綴じ,2000,1,市内,2024-09-25,サンプル5部別送,276100,税抜,27610
Q2409-024,2024-09-11,D02,高橋,チラシ,A3,コート90kg,1/0,,,15000,1,市外,2024-09-25,PDF入稿、DIC指定あり、前回同様,66500,税抜,6650
Q2409-025,2024-09-12,一般,渡辺,名刺,91x55,マットコート220kg,4/0,,,100,1,引取,2024-09-19,Word入稿（要変換）、QRコード入り,2640,税込,240
Q2409-026,2024-09-12,D05,田中,リーフレット,A3,コート110kg,4/4,,二つ折,5000,1,市内,2024-09-25,,75900,税抜,7590
Q2409-027,2024-09-12,C031,鈴木,封筒,角2,白ケント100g,2/0,,,3000,1,県外,,PDF入稿,70300,税抜,7030
Q2409-028,2024-09-13,一般,渡辺,名刺,91x55,マットコート220kg,4/0,,,100,2,引取,2024-09-25,新規作成（ロゴ支給）,9130,税込,830
Q2409-029,2024-09-13,G08,渡辺,冊子,A4,コート110kg,4/4,16,中綴じ,500,1,引取,2024-10-07,,93300,税抜,9330
Q2409-030,2024-09-13,C035,鈴木,名刺,91x55,マットコート220kg,4/0,,,100,4,引取,2024-09-24,新規デザイン（2案）,14100,税抜,1410
Q2409-031,2024-09-13,D01,高橋,封筒,長3,クラフト70g,1/0,,,2000,1,引取,2024-09-24,,8400,税抜,840
Q2409-032,2024-09-13,C031,鈴木,名刺,91x55,上質180kg,4/0,,,200,3,県外,2024-09-20,,10890,税抜,1089
Q2409-033,2024-09-17,K004,田中,名刺,91x55,上質180kg,4/0,,,100,1,県外,2024-09-25,,3300,税込,300
Q2409-034,2024-09-17,C031,鈴木,封筒,長3,白ケント80g,1/0,,,1000,1,県外,2024-10-02,社名DIC 182,14400,税抜,1440
Q2409-035,2024-09-17,D05,田中,チラシ,A4,マットコート135kg,4/4,,,2000,1,市内,2024-10-03,PDF入稿,45300,税抜,4530
Q2409-036,2024-09-17,C033,鈴木,チラシ,B5,コート90kg,4/0,,,10000,2,市外,2024-10-03,100枚ごと帯掛け、サンプル5部別送,83100,税抜,8310
Q2409-037,2024-09-18,C001,高橋,チラシ,A4,コート110kg,4/0,,,10000,1,市内,,前回同様、相見積、請求書は本社宛,49500,税抜,4950
Q2409-038,2024-09-18,G04,鈴木,冊子,A5,上質70kg,1/1,8,中綴じ,100,1,市外,2024-10-01,,9200,税抜,920
Q2409-039,2024-09-19,D06,鈴木,リーフレット,A4,コート110kg,4/4,,三つ折,500,1,県外,2024-09-30,要確認、リピート、修正なし、折り見本あり,19100,税抜,1910
Q2409-040,2024-09-19,D01,高橋,リーフレット,A4,コート110kg,4/4,,三つ折,5000,1,市外,2024-10-08,FAX送付済,61000,税抜,6100
Q2409-041,2024-09-19,C003,高橋,名刺,91x55,上質135kg,4/0,,,500,4,市外,2024-09-27,,19500,税抜,1950
Q2409-042,2024-09-20,G05,高橋,チラシ,A4,上質90kg,1/0,,,500,1,引取,2024-09-27,文字修正3箇所,10000,税抜,1000
Q2409-043,2024-09-20,C033,鈴木,名刺,91x55,上質180kg,4/0,,,200,2,引取,2024-09-30,新規デザイン,9700,税抜,970
Q2409-044,2024-09-20,C004,鈴木,チラシ,A4,コート90kg,4/0,,,20000,2,引取,2024-10-01,地図差替えあり、修正あり（PDF校正2回）,158200,税抜,15820
Q2409-045,2024-09-20,C015,渡辺,名刺,91x55,マットコート220kg,1/0,,片面PP,500,1,引取,2024-09-30,リピート,6200,税抜,620
Q2409-046,2024-09-20,C015,渡辺,チラシ,A3,コート110kg,4/0,,,5000,1,市内,2024-10-03,要確認,55300,税抜,5530
Q2409-047,2024-09-20,一般,渡辺,チラシ,B5,コート110kg,4/0,,,100,1,引取,2024-10-02,修正なし,6050,税込,550
Q2409-048,2024-09-24,C018,田中,リーフレット,A3,マットコート135kg,4/4,,二つ折,1000,1,市内,2024-10-01,修正あり（PDF校正2回）,60000,税抜,6000
Q2409-049,2024-09-24,K002,田中,名刺,91x55,上質180kg,4/0,,,200,1,引取,2024-10-01,,3410,税込,310
Q2409-050,2024-09-24,一般,田中,チラシ,A4,上質90kg,1/0,,,500,1,県外,,ポスティング用,8910,税込,810
Q2409-051,2024-09-25,C012,高橋,冊子,A4,マットコート135kg,4/4,16,中綴じ,2000,1,市内,2024-10-15,修正なし、FAX送付済,162500,税抜,16250
Q2409-052,2024-09-25,C006,鈴木,封筒,洋長3,白ケント80g,2/0,,,1000,1,市内,2024-10-07,サンプル5部別送,14200,税抜,1420
Q2409-053,2024-09-26,C017,田中,封筒,長3,クラフト70g,2/0,,,5000,1,市外,2024-10-07,前回同様／社名・住所入り,26500,税抜,2650
Q2409-054,2024-09-26,D02,高橋,名刺,91x55,上質180kg,4/4,,,200,3,市外,,見積のみ,12000,税抜,1200
Q2409-055,2024-09-26,C001,高橋,チラシ,A4,コート90kg,4/4,,,20000,1,市内,2024-10-04,支払は月末締め翌月末 前回同様（数量のみ変更）,97000,税抜,9700
Q2409-056,2024-09-27,C006,鈴木,リーフレット,A4,コート110kg,4/4,,Z折,2000,1,市内,2024-10-04,担当者様不在のため後日連絡,53300,税抜,5330
Q2409-057,2024-09-27,C026,田中,チラシ,A3,コート90kg,4/4,,,1000,1,引取,2024-10-09,リピート,48800,税抜,4880
Q2409-058,2024-09-27,C006,鈴木,リーフレット,A4,コート110kg,4/4,,Z折,2000,1,市内,2024-10-04,担当者様不在のため後日連絡,53300,税抜,5330
Q2409-059,2024-09-27,C016,高橋,封筒,洋長3,白ケント80g,1/0,,,10000,1,市内,2024-10-09,Word入稿（要変換）,76500,税抜,7650
Q2409-060,2024-09-28,C012,高橋,名刺,91x55,マットコート220kg,4/0,,,100,12,市内,2024-10-07,前回同様（数量のみ変更）、FAX送付済,23500,税抜,2350
Q2409-061,2024-09-30,C017,田中,封筒,長3,クラフト70g,1/0,,,1000,1,市外,2024-10-15,社名DIC 182,11800,税抜,1180
Q2409-062,2024-09-30,C004,鈴木,チラシ,A4,コート90kg,4/0,,,5000,3,市外,2024-10-15,DIC指定あり,114500,税抜,11450
Q2409-063,2024-09-30,D05,田中,チラシ,A5,コート110kg,4/4,,,10000,1,市内,2024-10-15,,56000,税抜,5600
Q2410-001,2024-10-01,C020,渡辺,名刺,91x55,パール紙180kg,1/0,,,200,1,市内,2024-10-07,,3400,税抜,340
Q2410-002,2024-10-01,C003,高橋,チラシ,B5,コート90kg,4/0,,,20000,1,市外,2024-10-11,リピート／納品書同梱／前回より部数増,56500,税抜,5650
Q2410-003,2024-10-01,C007,渡辺,封筒,長3,クラフト70g,2/0,,,5000,1,市内,2024-10-11,2色目DIC指定、リピート、サンプル5部別送,30400,税抜,3040
Q2410-004,2024-10-01,C035,鈴木,封筒,長3,クラフト70g,2/0,,,500,1,市内,2024-10-09,支払は月末締め翌月末、校正はPDFで,11200,税抜,1120
Q2410-005,2024-10-01,D06,鈴木,チラシ,A5,マットコート135kg,1/0,,,1000,1,県外,2024-10-18,校正はPDFで、100枚ごと帯掛け,11600,税抜,1160
Q2410-006,2024-10-02,C001,高橋,チラシ,B4,コート90kg,4/0,,,3000,3,市内,2024-10-18,校正はPDFで,84000,税抜,8400
Q2410-007,2024-10-04,C004,鈴木,チラシ,A4,コート90kg,4/4,,,30000,1,市外,2024-10-21,紙は前回と同じ／修正なし／リピート,153090,税抜,15309
Q2410-008,2024-10-04,C035,鈴木,名刺,91x55,ヴァンヌーボ195kg,4/0,,,100,13,市内,2024-10-10,修正なし,32100,税抜,3210
Q2410-009,2024-10-04,C033,鈴木,チラシ,B5,コート90kg,4/0,,,10000,2,引取,2024-10-21,ポスティング用,79500,税抜,7950
Q2410-010,2024-10-04,C001,高橋,リーフレット,A4,コート110kg,4/4,,Z折,1000,1,市内,2024-10-18,折り見本あり,44500,税抜,4450
Q2410-011,2024-10-04,C003,高橋,リーフレット,A4,マットコート135kg,4/4,,三つ折,1000,1,市外,2024-10-15,,48500,税抜,4850
Q2410-012,2024-10-05,一般,鈴木,チラシ,A4,マットコート135kg,4/0,,,100,1,市外,2024-10-11,データ修正あり、新聞折込用,11550,税込,1050
Q2410-013,2024-10-08,D01,高橋,リーフレット,A3,コート110kg,4/4,,二つ折,500,1,市外,2024-10-18,前回同様（数量のみ変更）,30000,税抜,3000
Q2410-014,2024-10-08,C012,高橋,名刺,91x55,マットコート220kg,4/0,,,300,12,市内,2024-10-11,校正はPDFで,37500,税抜,3750
Q2410-015,2024-10-09,一般,渡辺,名刺,91x55,パール紙180kg,4/0,,,300,1,引取,,紙は前回と同じ、修正なし,5170,税込,470
Q2410-016,2024-10-09,D05,田中,チラシ,A4,コート90kg,4/4,,,3000,1,市内,2024-10-25,メールにて見積送付、リピート,44800,税抜,4480
Q2410-017,2024-10-09,C002,高橋,リーフレット,A3,コート90kg,4/4,,二つ折,3000,1,市外,2024-10-22,修正なし,68000,税抜,6800
Q2410-018,2024-10-09,C012,高橋,封筒,洋長3,白ケント80g,1/0,,,500,1,引取,2024-10-18,見積有効期限1ヶ月,9700,税抜,970
Q2410-019,2024-10-10,C040,鈴木,チラシ,A4,コート90kg,4/4,,,500,1,市外,2024-10-16,前回同様（数量のみ変更）、地図差替えあり,19900,税抜,1990
Q2410-020,2024-10-11,一般,鈴木,名刺,91x55,マットコート220kg,1/0,,,300,2,引取,2024-10-21,請求書は本社宛,5280,税込,480
Q2410-021,2024-10-11,G01,鈴木,リーフレット,A3,コート110kg,4/4,,三つ折,5000,1,市内,2024-10-24,,82600,税抜,8260
Q2410-022,2024-10-11,C040,鈴木,名刺,91x55,ヴァンヌーボ195kg,1/0,,,100,1,市外,2024-10-17,,3400,税抜,340
Q2410-023,2024-10-11,C017,田中,リーフレット,A4,コート110kg,4/4,,三つ折,1500,1,市外,,,50500,税抜,5050
Q2410-024,2024-10-11,一般,田中,名刺,91x55,上質180kg,1/0,,,500,1,引取,2024-10-17,検討中／文字修正3箇所,4620,税込,420
Q2410-025,2024-10-15,C014,鈴木,封筒,角2,クラフト85g,1/0,,,1000,1,市内,2024-10-28,Illustrator入稿／前回同様,15000,税抜,1500
Q2410-026,2024-10-15,一般,田中,チラシ,A4,コート110kg,4/0,,,50,1,引取,2024-10-18,ポスティング用,6050,税込,550
Q2410-027,2024-10-16,C022,高橋,チラシ,A3,コート90kg,4/0,,,1000,1,市内,2024-10-21,至急,27000,税抜,2700
Q2410-028,2024-10-16,一般,渡辺,名刺,91x55,マットコート220kg,4/0,,,100,1,引取,2024-10-24,見積有効期限1ヶ月、担当者様不在のため後日連絡,2640,税込,240
Q2410-029,2024-10-16,C023,高橋,封筒,長3,クラフト70g,1/0,,,3000,1,県外,2024-10-25,FAX送付済,15500,税抜,1550
Q2410-030,2024-10-16,D05,田中,封筒,長3,クラフト70g,1/0,,,10000,1,市内,2024-10-28,修正なし,32700,税抜,3270
Q2410-031,2024-10-16,一般,渡辺,名刺,91x55,マットコート220kg,1/0,,,100,1,引取,2024-10-23,新規作成（ロゴ支給）,5060,税込,460
Q2410-032,2024-10-16,D06,鈴木,リーフレット,A4,コート110kg,4/4,,三つ折,500,1,県外,2024-10-18,至急、請求書は本社宛,20300,税抜,2030
Q2410-033,2024-10-17,G04,鈴木,チラシ,A4,上質70kg,1/1,,,200,1,市外,2024-10-23,,7000,税抜,700
Q2410-034,2024-10-17,G05,高橋,チラシ,B5,上質70kg,1/0,,,500,1,市外,2024-10-25,,7700,税抜,770
Q2410-035,2024-10-18,C005,鈴木,名刺,91x55,マットコート220kg,1/0,,,100,2,市内,2024-10-23,急ぎ、要確認,4000,税抜,400
Q2410-036,2024-10-18,D06,鈴木,チラシ,A4,マットコート135kg,4/4,,,3000,1,県外,2024-10-25,完全データ入稿 見積のみ,50500,税抜,5050
Q2410-037,2024-10-18,C014,鈴木,封筒,角2,クラフト85g,1/0,,,500,1,市内,2024-10-25,請求書は本社宛／社名DIC 182／前回同様（数量のみ変更）,13900,税抜,1390
Q2410-038,2024-10-18,G03,高橋,チラシ,A4,上質70kg,1/0,,,1500,1,市外,2024-11-01,Word入稿（要変換）、FAX送付済、修正なし,9800,税抜,980
Q2410-039,2024-10-18,C010,鈴木,チラシ,A4,コート110kg,4/4,,,3000,3,市内,2024-10-30,支払は月末締め翌月末、相見積,154000,税抜,15400
Q2410-040,2024-10-18,C010,鈴木,封筒,角2,白ケント100g,1/0,,,500,1,市内,2024-10-29,完全データ入稿,13600,税抜,1360
Q2410-041,2024-10-18,C002,高橋,チラシ,B5,コート110kg,4/4,,,1000,2,市外,2024-10-25,他社相見積あり、地図差替えあり,94000,税抜,9400
Q2410-042,2024-10-21,C017,田中,冊子,A4,コート110kg,4/4,16,中綴じ,3000,1,市外,2024-11-11,修正なし,188600,税抜,18860
Q2410-043,2024-10-21,D05,田中,チラシ,A4,コート90kg,4/0,,,500,1,市内,2024-10-30,前回同様（数量のみ変更） 担当者様不在のため後日連絡,10000,税抜,1000
Q2410-044,2024-10-21,C011,渡辺,チラシ,B5,上質70kg,4/0,,,2000,1,市内,2024-11-01,,25400,税抜,2540
Q2410-045,2024-10-21,C012,高橋,封筒,長3,白ケント80g,2/0,,,2000,1,引取,2024-11-05,特色（DIC 221）、社名・住所入り、リピート,21000,税抜,2100
Q2410-046,2024-10-22,一般,渡辺,名刺,91x55,マットコート220kg,4/4,,,100,1,引取,2024-10-28,新規デザイン、お急ぎ,7040,税込,640
Q2410-047,2024-10-22,D05,田中,リーフレット,A3,コート110kg,4/4,,二つ折,10000,1,市内,,見積有効期限1ヶ月、前回より部数増,111300,税抜,11130
Q2410-048,2024-10-22,C001,高橋,チラシ,B4,コート90kg,4/4,,,20000,1,市内,2024-11-06,Word入稿（要変換）,112000,税抜,11200
Q2410-049,2024-10-23,C026,田中,チラシ,B4,コート110kg,4/4,,,20000,1,市内,2024-11-11,,136700,税抜,13670
Q2410-050,2024-10-24,C026,田中,チラシ,B4,コート90kg,4/4,,,10000,1,市内,2024-11-07,前回同様（数量のみ変更）,85500,税抜,8550
Q2410-051,2024-10-25,一般,田中,名刺,91x55,ヴァンヌーボ195kg,1/0,,,100,1,引取,2024-10-30,新規デザイン（2案）、肩書変更あり、紙は前回と同じ、年間契約分,2200,税込,200
Q2410-052,2024-10-25,一般,鈴木,名刺,91x55,マットコート220kg,1/0,,片面PP,300,1,引取,2024-10-31,,4620,税込,420
Q2410-053,2024-10-25,C006,鈴木,冊子,A5,マットコート135kg,4/4,8,中綴じ,500,1,市内,2024-10-29,特急／前回同様（数量のみ変更）／見積のみ,42300,税抜,4230
Q2410-054,2024-10-25,C040,鈴木,封筒,長3,クラフト70g,1/0,,,1000,1,市外,2024-11-05,,8900,税抜,890
Q2410-055,2024-10-25,C020,渡辺,名刺,91x55,上質180kg,1/1,,,200,1,市内,2024-11-01,,4200,税抜,420
Q2410-056,2024-10-25,C006,鈴木,封筒,長3,白ケント80g,1/0,,,2000,1,引取,2024-11-11,請求書は本社宛,13600,税抜,1360
Q2410-057,2024-10-25,K008,田中,名刺,91x55,上質180kg,4/0,,,100,1,引取,2024-11-05,相見積、データ修正あり、QRコード入り,3300,税込,300
Q2410-058,2024-10-26,C007,渡辺,封筒,長3,クラフト70g,2/0,,,5000,1,市内,2024-11-06,2色目DIC指定、窓なし,28800,税抜,2880
Q2410-059,2024-10-28,G01,鈴木,リーフレット,A4,マットコート135kg,4/4,,Z折,2000,1,市内,2024-10-31,修正なし、至急、前回同様（数量のみ変更）,53100,税抜,5310
Q2410-060,2024-10-28,一般,鈴木,チラシ,A4,コート110kg,4/4,,,50,1,引取,2024-10-29,支払は月末締め翌月末、特急（翌日納品希望）,7480,税込,680
Q2410-061,2024-10-28,C006,鈴木,リーフレット,A4,マットコート135kg,4/4,,Z折,3000,1,市内,2024-11-08,前回より部数増 折り見本あり 要確認 前回同様（数量のみ変更）,63400,税抜,6340
Q2410-062,2024-10-29,D06,鈴木,冊子,A4,コート110kg,4/4,28,中綴じ,300,1,県外,2024-10-30,特急でお願いします、ロゴ特色指定、見積有効期限1ヶ月、表紙・本文共紙、リピート,176300,税抜,17630
Q2410-063,2024-10-29,C031,鈴木,リーフレット,A4,コート90kg,4/4,,三つ折,3000,1,県外,,見積のみ、前回同様（数量のみ変更）,63000,税抜,6300
Q2410-064,2024-10-29,C017,田中,封筒,長3,白ケント80g,2/0,,,1000,1,市外,2024-11-08,紙は前回と同じ,13300,税抜,1330
Q2410-065,2024-10-29,C004,鈴木,名刺,91x55,上質180kg,4/4,,,100,2,市外,2024-11-05,,8600,税抜,860
Q2410-066,2024-10-30,C020,渡辺,名刺,91x55,マットコート220kg,1/0,,,100,2,市内,2024-11-05,Word入稿（要変換） 前回同様（数量のみ変更） 裏面英語表記,4000,税抜,400
Q2410-067,2024-10-30,一般,鈴木,チラシ,A4,上質90kg,1/0,,,100,1,引取,2024-11-08,メールにて見積送付,6050,税込,550
Q2410-068,2024-10-30,C012,高橋,名刺,91x55,ヴァンヌーボ195kg,4/0,,,100,3,市内,2024-11-08,,8000,税抜,800
Q2410-069,2024-10-30,C028,田中,冊子,A5,コート110kg,4/4,16,中綴じ,50,1,市内,2024-11-20,データ修正あり／紙は前回と同じ,15000,税抜,1500
Q2410-070,2024-10-30,C034,鈴木,リーフレット,A4,マットコート135kg,4/4,,Z折,8000,1,市内,2024-11-11,担当者様不在のため後日連絡、請求書は本社宛、リピート,93000,税抜,9300
Q2410-071,2024-10-30,D06,鈴木,冊子,A4,コート110kg,4/4,28,中綴じ,2000,1,県外,2024-11-13,,243300,税抜,24330
Q2410-072,2024-10-30,C009,田中,名刺,91x55,ヴァンヌーボ195kg,4/4,,,100,3,県外,2024-11-01,QRコード入り 前回同様（数量のみ変更） 急ぎ,11100,税抜,1110
Q2410-073,2024-10-31,G05,高橋,冊子,A4,上質70kg,4/4,24,中綴じ,150,1,市外,2024-11-13,リピート、修正あり（PDF校正2回）,58000,税抜,5800
Q2411-001,2024-11-01,一般,渡辺,名刺,91x55,マットコート220kg,4/4,,,100,1,引取,2024-11-07,肩書変更あり,3740,税込,340
Q2411-002,2024-11-01,C026,田中,チラシ,B4,コート90kg,4/4,,,50000,1,市内,2024-11-19,,254000,税抜,25400
Q2411-003,2024-11-01,C012,高橋,リーフレット,A4,コート110kg,4/4,,二つ折,10000,1,市内,2024-11-06,Word入稿（要変換）、修正なし、特急（翌日納品希望）,107000,税抜,10700
Q2411-004,2024-11-05,G07,高橋,冊子,A5,上質70kg,4/4,16,中綴じ,200,1,市外,2024-11-15,PDF入稿,30500,税抜,3050
Q2411-005,2024-11-05,C037,高橋,名刺,91x55,マットコート220kg,1/0,,,300,1,引取,2024-11-07,特急でお願いします、肩書変更あり、文字修正あり,4000,税抜,400
Q2411-006,2024-11-05,C018,田中,チラシ,A4,コート90kg,4/4,,,5000,1,市内,2024-11-19,FAX送付済,62700,税抜,6270
Q2411-007,2024-11-05,C016,渡辺,名刺,91x55,マットコート220kg,4/0,,,100,8,市内,2024-11-13,前回同様、見積のみ,6000,税抜,600
Q2411-008,2024-11-06,C014,鈴木,封筒,角2,クラフト85g,1/0,,,1000,1,市内,2024-11-19,特色（DIC 221）／前回同様／〒枠なし,19000,税抜,1900
Q2411-009,2024-11-06,C001,高橋,名刺,91x55,ヴァンヌーボ195kg,4/0,,,500,3,市内,2024-11-12,肩書変更あり、新規デザイン,22000,税抜,2200
Q2411-010,2024-11-06,G04,鈴木,冊子,A5,上質70kg,1/1,8,中綴じ,150,1,市外,2024-11-27,,10800,税抜,1080
Q2411-011,2024-11-07,C020,渡辺,名刺,91x55,マットコート220kg,1/0,,,300,2,引取,2024-11-13,メールにて見積送付、前回同様（数量のみ変更）,4800,税抜,480
Q2411-012,2024-11-07,C030,高橋,冊子,A5,上質70kg,4/4,16,中綴じ,100,1,市内,,請求書は本社宛、PDF入稿,19500,税抜,1950
Q2411-013,2024-11-07,C009,田中,名刺,91x55,ヴァンヌーボ195kg,4/4,,,100,3,引取,,QRコード入り,10500,税抜,1050
Q2411-014,2024-11-07,C030,高橋,封筒,長3,クラフト70g,2/0,,,2000,1,市内,2024-11-15,,15000,税抜,1500
Q2411-015,2024-11-07,C040,鈴木,名刺,91x55,マットコート220kg,4/0,,片面PP,100,3,市外,2024-11-14,,10900,税抜,1090
Q2411-016,2024-11-08,D02,高橋,チラシ,A5,コート110kg,4/0,,,5000,1,市外,2024-11-22,見積有効期限1ヶ月、リピート,27000,税抜,2700
Q2411-017,2024-11-08,C001,高橋,チラシ,B5,コート90kg,4/0,,,10000,2,市内,2024-11-15,メールにて見積送付,71500,税抜,7150
Q2411-018,2024-11-08,C001,高橋,チラシ,B5,コート90kg,4/4,,,10000,1,市内,2024-11-15,修正なし,61500,税抜,6150
Q2411-019,2024-11-09,G04,鈴木,封筒,長3,白ケント80g,1/0,,,500,1,市外,,社名・住所入り,9500,税抜,950
Q2411-020,2024-11-11,C002,高橋,チラシ,B5,コート110kg,4/0,,,1000,1,市外,,前回より部数増／リピート／検討中,27500,税抜,2750
Q2411-021,2024-11-11,一般,田中,名刺,91x55,マットコート220kg,1/0,,,100,1,引取,2024-11-15,,1760,税込,160
Q2411-022,2024-11-11,一般,鈴木,チラシ,A4,コート110kg,4/0,,,300,1,引取,2024-11-14,支払は月末締め翌月末,9460,税込,860
Q2411-023,2024-11-11,C017,田中,リーフレット,A4,コート110kg,4/4,,二つ折,5000,1,引取,2024-11-21,要確認,66500,税抜,6650
Q2411-024,2024-11-12,C016,渡辺,リーフレット,A3,マットコート135kg,4/4,,二つ折,300,1,市内,2024-11-21,,25000,税抜,2500
Q2411-025,2024-11-12,C001,高橋,チラシ,A4,上質70kg,4/0,,,50000,1,市内,2024-11-20,前回同様（数量のみ変更） 特色1色（DIC 156） 紙は前回と同じ,131000,税抜,13100
Q2411-026,2024-11-13,C002,高橋,チラシ,B4,コート90kg,4/0,,,20000,1,市外,,前回同様、請求書は本社宛,92500,税抜,9250
Q2411-027,2024-11-13,C033,鈴木,チラシ,B5,コート90kg,4/0,,,10000,2,引取,2024-11-20,FAX送付済,79500,税抜,7950
Q2411-028,2024-11-13,C002,高橋,リーフレット,A4,マットコート135kg,4/4,,三つ折,1500,1,市外,,特色（DIC 2585）、折り見本あり、見積のみ、修正なし,63000,税抜,6300
Q2411-029,2024-11-13,C021,鈴木,名刺,91x55,マットコート220kg,4/0,,片面PP,200,1,市内,2024-11-18,新規デザイン（2案）、サンプル5部別送,8500,税抜,850
Q2411-030,2024-11-14,C033,鈴木,チラシ,A4,コート90kg,4/0,,,20000,1,引取,2024-11-27,リピート,76100,税抜,7610
Q2411-031,2024-11-14,D01,高橋,リーフレット,A3,コート110kg,4/4,,二つ折,1000,1,市外,,折り見本あり,42500,税抜,4250
Q2411-032,2024-11-14,C035,鈴木,封筒,長3,白ケント80g,1/0,,,10000,1,引取,2024-11-28,ロゴDIC指定,61500,税抜,6150
Q2411-033,2024-11-14,C007,渡辺,チラシ,B4,コート90kg,4/4,,,10000,1,市内,2024-11-28,,81200,税抜,8120
Q2411-034,2024-11-15,C007,渡辺,チラシ,B4,コート110kg,4/0,,,20000,1,市内,2024-11-22,ロゴ特色指定／修正なし,103500,税抜,10350
Q2411-035,2024-11-15,C020,渡辺,名刺,91x55,マットコート220kg,1/0,,角丸,100,3,市内,2024-11-25,見積有効期限1ヶ月,7100,税抜,710
Q2411-036,2024-11-18,G07,高橋,冊子,A5,上質70kg,4/4,16,中綴じ,200,1,市外,2024-11-27,完全データ入稿,30500,税抜,3050
Q2411-037,2024-11-18,C018,田中,チラシ,B5,上質70kg,1/0,,,1000,1,市内,,,10400,税抜,1040
Q2411-038,2024-11-18,C002,高橋,チラシ,B4,コート90kg,4/0,,,1500,1,市外,2024-12-03,支払は月末締め翌月末,31500,税抜,3150
Q2411-039,2024-11-18,C028,田中,チラシ,A3,コート90kg,4/4,,,500,1,市内,2024-11-21,FAX送付済、校正はPDFで,30300,税抜,3030
Q2411-040,2024-11-19,C017,田中,リーフレット,A4,コート110kg,4/4,,三つ折,2000,1,市外,2024-11-29,サンプル5部別送,50500,税抜,5050
Q2411-041,2024-11-19,C009,田中,名刺,91x55,ヴァンヌーボ195kg,4/4,,,300,3,県外,2024-11-22,完全データ入稿,19400,税抜,1940
Q2411-042,2024-11-19,C006,鈴木,名刺,91x55,ヴァンヌーボ195kg,4/0,,,200,12,市内,2024-11-25,PDF入稿,36000,税抜,3600
Q2411-043,2024-11-19,C020,渡辺,チラシ,A4,上質70kg,4/0,,二つ折,1000,1,引取,2024-11-27,担当者様不在のため後日連絡,27400,税抜,2740
Q2411-044,2024-11-20,C016,高橋,リーフレット,A4,マットコート135kg,4/4,,三つ折,3000,1,市内,2024-12-04,メールにて見積送付,66500,税抜,6650
Q2411-045,2024-11-20,C015,渡辺,チラシ,A3,コート110kg,4/0,,,5000,1,市内,,要確認 急ぎ PDF入稿,55300,税抜,5530
Q2411-046,2024-11-20,C006,鈴木,名刺,91x55,上質180kg,4/4,,,100,1,市内,2024-11-28,,4000,税抜,400
Q2411-047,2024-11-21,D06,鈴木,リーフレット,A4,マットコート135kg,4/4,,三つ折,1000,1,県外,,Word入稿（要変換）,42500,税抜,4250
Q2411-048,2024-11-21,C003,高橋,冊子,A4,コート110kg,1/1,12,中綴じ,500,1,引取,2024-12-04,,32000,税抜,3200
Q2411-049,2024-11-21,D01,高橋,リーフレット,A3,コート110kg,4/4,,二つ折,100,1,市外,2024-11-27,前回同様,10500,税抜,1050
Q2411-050,2024-11-21,D06,鈴木,名刺,91x55,パール紙180kg,4/0,,,100,3,県外,2024-11-29,,7000,税抜,700
Q2411-051,2024-11-22,C021,鈴木,冊子,A5,マットコート135kg,4/4,8,中綴じ,1000,1,引取,2024-12-10,サンプル5部別送、FAX送付済,52500,税抜,5250
Q2411-052,2024-11-22,G07,田中,冊子,A5,上質70kg,4/4,16,中綴じ,300,1,市外,2024-12-11,,50900,税抜,5090
Q2411-053,2024-11-22,C009,田中,名刺,91x55,ヴァンヌーボ195kg,4/0,,,100,8,県外,2024-12-02,新規デザイン、QRコード入り,26800,税抜,2680
Q2411-054,2024-11-25,G05,高橋,冊子,A5,コート110kg,1/1,16,中綴じ,100,1,市外,2024-11-26,PDF入稿、特急でお願いします,15500,税抜,1550
Q2411-055,2024-11-25,C006,鈴木,冊子,A5,マットコート135kg,4/4,8,中綴じ,500,1,市内,2024-12-09,要確認、前回同様（数量のみ変更）、前回より部数増,33800,税抜,3380
Q2411-056,2024-11-25,C001,高橋,チラシ,A4,上質70kg,4/0,,,50000,1,市内,,ポスティング用、前回同様（数量のみ変更）,127000,税抜,12700
Q2411-057,2024-11-25,C012,高橋,封筒,長3,クラフト70g,1/0,,,5000,1,市内,2024-12-06,,18500,税抜,1850
Q2411-058,2024-11-26,一般,田中,リーフレット,A3,マットコート135kg,4/4,,二つ折,10000,1,県外,2024-11-28,折り見本あり、色校1回、特急対応,233530,税込,21230
Q2411-059,2024-11-27,C035,鈴木,チラシ,A5,上質90kg,4/0,,,500,1,市内,,見積のみ、修正なし、FAX送付済,8200,税抜,820
Q2411-060,2024-11-28,C001,高橋,名刺,91x55,上質180kg,4/4,,片面PP+角丸,100,1,市内,2024-12-03,見積有効期限1ヶ月、肩書変更あり,4800,税抜,480
Q2411-061,2024-11-29,D06,鈴木,冊子,A4,マットコート135kg,4/4,24,中綴じ,100,1,引取,2024-12-13,,36000,税抜,3600
Q2411-062,2024-11-29,D01,高橋,リーフレット,A3,コート110kg,4/4,,二つ折,1000,1,市外,2024-12-06,前回より部数増,42500,税抜,4250
Q2411-063,2024-11-29,C036,渡辺,名刺,91x55,マットコート220kg,4/4,,,100,1,市内,2024-12-09,文字修正3箇所,4800,税抜,480
Q2411-064,2024-11-29,D02,高橋,冊子,A4,マットコート135kg,4/4,24,中綴じ,500,1,市外,2024-12-03,要確認、お急ぎ,138500,税抜,13850
Q2411-065,2024-11-29,D05,田中,チラシ,A4,コート90kg,4/4,,,5000,1,市内,2024-12-10,修正なし／100枚ごと帯掛け,55200,税抜,5520
Q2411-066,2024-11-29,D02,高橋,封筒,長3,白ケント80g,1/0,,,1000,1,市外,2024-12-10,,9100,税抜,910
Q2411-067,2024-11-29,C007,渡辺,チラシ,A4,コート90kg,4/4,,,5000,1,市内,2024-12-17,修正あり（PDF校正2回）、前回同様（数量のみ変更）,63000,税抜,6300
Q2411-068,2024-11-30,G05,高橋,冊子,A4,コート110kg,4/4,12,中綴じ,200,1,市外,2024-12-10,サンプル5部別送,44000,税抜,4400
Q2412-001,2024-12-02,C001,高橋,名刺,91x55,上質180kg,4/0,,,100,1,市内,,,2900,税抜,290
Q2412-002,2024-12-02,C031,鈴木,名刺,91x55,上質135kg,4/0,,,300,3,県外,2024-12-04,至急、リピート、修正なし,13200,税抜,1320
Q2412-003,2024-12-02,C017,田中,封筒,長3,クラフト70g,1/0,,,1000,1,市外,2024-12-13,社名・住所入り、紙は前回と同じ、100枚ごと帯掛け,8200,税抜,820
Q2412-004,2024-12-03,一般,田中,名刺,91x55,マットコート220kg,1/0,,,300,1,市内,2024-12-11,納品書同梱、前回同様（数量のみ変更）,3520,税込,320
Q2412-005,2024-12-03,C038,田中,冊子,A5,マットコート135kg,1/1,24,中綴じ,500,1,市内,2024-12-23,,39800,税抜,3980
Q2412-006,2024-12-03,C012,高橋,名刺,91x55,マットコート220kg,1/0,,,200,8,市内,2024-12-11,,13500,税抜,1350
Q2412-007,2024-12-03,C010,鈴木,チラシ,A4,コート90kg,4/0,,,10000,1,市内,2024-12-16,他社相見積あり、見積のみ,47900,税抜,4790
Q2412-008,2024-12-03,一般,田中,リーフレット,A4,マットコート135kg,4/4,,Z折,10000,1,引取,2024-12-19,メールにて見積送付,119240,税込,10840
Q2412-009,2024-12-03,C003,高橋,チラシ,A4,コート90kg,4/4,,,200,1,市外,2024-12-10,地図差替えあり、担当者様不在のため後日連絡,10500,税抜,1050
Q2412-010,2024-12-04,C037,高橋,名刺,91x55,マットコート220kg,1/1,,,100,3,市内,,完全データ入稿,8600,税抜,860
Q2412-011,2024-12-04,C018,田中,チラシ,A3,コート90kg,4/4,,,3000,1,引取,2024-12-19,新聞折込用,62700,税抜,6270
Q2412-012,2024-12-05,C001,高橋,チラシ,A4,コート90kg,4/4,,,20000,1,市内,2024-12-18,前回同様（数量のみ変更）,97000,税抜,9700
Q2412-013,2024-12-06,C033,鈴木,リーフレット,B4,マットコート135kg,4/4,,二つ折,1000,1,市外,2024-12-20,PDF入稿,52600,税抜,5260
Q2412-014,2024-12-06,C001,高橋,チラシ,A4,コート90kg,4/4,,,20000,2,市内,2024-12-17,,193500,税抜,19350
Q2412-015,2024-12-06,C007,渡辺,封筒,長3,クラフト70g,2/0,,,5000,1,引取,2024-12-13,特色（DIC 221）,30400,税抜,3040
Q2412-016,2024-12-06,D06,鈴木,リーフレット,A4,コート110kg,4/4,,三つ折,500,1,県外,2024-12-11,,20300,税抜,2030
Q2412-017,2024-12-09,C031,鈴木,封筒,洋長3,白ケント80g,2/0,,,1200,1,引取,2024-12-16,FAX送付済、担当者様不在のため後日連絡,23000,税抜,2300
Q2412-018,2024-12-09,G07,高橋,冊子,A4,上質70kg,4/4,16,中綴じ,200,1,引取,2024-12-20,,48500,税抜,4850
Q2412-019,2024-12-09,C021,鈴木,冊子,A5,マットコート135kg,4/4,8,中綴じ,1000,1,市内,2024-12-18,前回同様（数量のみ変更）、納品書同梱、修正なし,52500,税抜,5250
Q2412-020,2024-12-09,一般,鈴木,名刺,91x55,ヴァンヌーボ195kg,4/0,,,300,1,引取,,,5170,税込,470
Q2412-021,2024-12-09,C028,田中,冊子,A5,コート110kg,4/4,16,中綴じ,200,1,市内,2025-01-06,ページ数変更の可能性あり,29900,税抜,2990
Q2412-022,2024-12-09,C030,高橋,チラシ,A4,コート90kg,4/0,,,1000,1,市内,2024-12-24,,24500,税抜,2450
Q2412-023,2024-12-09,D05,田中,リーフレット,A4,マットコート135kg,4/4,,三つ折,10000,1,市内,2024-12-16,検討中,92100,税抜,9210
Q2411-066-R2,2024-12-10,D02,高橋,封筒,長3,白ケント80g,1/0,,,1200,1,市外,2024-12-19,数量変更につき再見積,13500,税抜,1350
Q2412-024,2024-12-10,一般,田中,名刺,91x55,上質180kg,1/1,,,500,1,引取,2024-12-18,修正なし,6380,税込,580
Q2412-025,2024-12-10,C007,渡辺,名刺,91x55,パール紙180kg,4/0,,角丸,200,4,市内,2024-12-16,,15900,税抜,1590
Q2412-026,2024-12-11,C010,鈴木,チラシ,B4,コート90kg,4/4,,,8000,2,市内,2024-12-27,Illustrator入稿、前回同様,147200,税抜,14720
Q2412-027,2024-12-11,C031,鈴木,リーフレット,A4,コート90kg,4/4,,三つ折,2000,1,県外,2024-12-18,請求書は本社宛,56000,税抜,5600
Q2412-028,2024-12-11,C031,鈴木,リーフレット,A4,コート110kg,4/4,,三つ折,5000,1,県外,2024-12-27,納品書同梱,80900,税抜,8090
Q2412-029,2024-12-11,K005,田中,名刺,91x55,ヴァンヌーボ195kg,1/0,,,1000,1,引取,2024-12-16,修正なし,9020,税込,820
Q2412-030,2024-12-11,C040,鈴木,チラシ,B5,マットコート135kg,4/4,,片面PP,1500,1,市外,2024-12-20,,73900,税抜,7390
Q2412-031,2024-12-12,C002,高橋,リーフレット,A3,コート90kg,4/4,,二つ折,3000,1,市外,,前回同様、Illustrator入稿,68000,税抜,6800
Q2412-032,2024-12-12,C017,田中,封筒,長3,クラフト70g,1/0,,,500,1,市外,2024-12-26,前回同様（数量のみ変更）,7800,税抜,780
Q2412-033,2024-12-12,C020,渡辺,名刺,91x55,マットコート220kg,4/0,,,100,2,市内,2024-12-17,裏面英語表記、サンプル5部別送,5600,税抜,560
Q2412-034,2024-12-13,C021,鈴木,冊子,A5,マットコート135kg,4/4,8,中綴じ,1000,1,引取,2024-12-27,,52500,税抜,5250
Q2412-035,2024-12-14,一般,田中,名刺,91x55,パール紙180kg,4/0,,,200,1,引取,2024-12-23,新規デザイン、納品書同梱、要確認,7370,税込,670
Q2412-036,2024-12-16,D01,高橋,チラシ,A5,コート90kg,4/0,,,5000,3,市外,2024-12-27,前回同様（数量のみ変更）,64500,税抜,6450
Q2412-037,2024-12-16,C017,田中,名刺,91x55,上質180kg,1/0,,,100,11,市外,2024-12-24,前回同様（数量のみ変更）、肩書変更あり、Illustrator入稿,16300,税抜,1630
Q2412-038,2024-12-16,C020,渡辺,チラシ,A4,マットコート135kg,4/0,,,1000,1,市内,2025-01-06,リピート,27100,税抜,2710
Q2412-039,2024-12-16,C010,鈴木,名刺,91x55,上質135kg,4/4,,,500,3,市内,2024-12-23,QRコード入り、メールにて見積送付,22200,税抜,2220
Q2412-040,2024-12-16,C015,渡辺,名刺,91x55,上質135kg,1/0,,,500,4,市内,2024-12-19,修正なし 肩書変更あり,12800,税抜,1280
Q2412-041,2024-12-17,一般,田中,チラシ,A4,コート110kg,4/0,,,100,1,県外,2024-12-18,修正なし／特急／校正はPDFで,8140,税込,740
Q2412-042,2024-12-17,C031,鈴木,名刺,91x55,上質135kg,4/0,,,100,4,県外,2024-12-23,前回同様（数量のみ変更）,10200,税抜,1020
Q2412-043,2024-12-17,C003,高橋,チラシ,B5,コート90kg,4/0,,,20000,1,市外,2024-12-26,色校1回、500枚ごと帯掛け,72500,税抜,7250
Q2412-044,2024-12-17,C004,鈴木,チラシ,A4,コート90kg,4/0,,,15000,2,市外,2024-12-24,支払は月末締め翌月末／新聞折込用,127800,税抜,12780
Q2412-045,2024-12-17,C037,高橋,チラシ,B5,コート90kg,1/0,,二つ折,300,1,市内,2024-12-23,支払は月末締め翌月末／新聞折込用,8900,税抜,890
Q2412-046,2024-12-18,C033,高橋,チラシ,A4,コート90kg,4/0,,,30000,1,市外,2025-01-10,要確認,104500,税抜,10450
Q2412-047,2024-12-18,K009,鈴木,名刺,91x55,ヴァンヌーボ195kg,1/1,,,100,1,引取,2024-12-23,,3190,税込,290
Q2412-048,2024-12-18,C001,渡辺,チラシ,B4,コート90kg,4/0,,,3000,3,引取,2024-12-26,リピート、新聞折込用、Illustrator入稿,84100,税抜,8410
Q2412-049,2024-12-18,C031,鈴木,リーフレット,A4,コート90kg,4/4,,三つ折,3000,1,県外,2025-01-06,前回同様,63000,税抜,6300
Q2412-050,2024-12-18,C035,鈴木,封筒,長3,クラフト70g,2/0,,,1000,1,市内,2024-12-25,帯掛け希望、見積のみ,11600,税抜,1160
Q2412-051,2024-12-19,C031,鈴木,封筒,長3,クラフト70g,2/0,,,3000,1,県外,,社名・住所入り,21000,税抜,2100
Q2412-052,2024-12-19,K006,田中,名刺,91x55,マットコート220kg,1/1,,片面PP+角丸,300,1,県外,2024-12-27,,8360,税込,760
Q2412-053,2024-12-20,一般,渡辺,名刺,91x55,マットコート220kg,4/0,,,100,1,引取,2024-12-25,,2640,税込,240
Q2412-054,2024-12-20,C025,鈴木,チラシ,A4,コート90kg,4/4,,,1000,1,市外,,紙は前回と同じ,44900,税抜,4490
Q2412-055,2024-12-20,一般,田中,チラシ,B5,上質90kg,1/0,,,200,1,市内,2025-01-07,校正はPDFで,6930,税込,630
Q2412-056,2024-12-20,C013,高橋,チラシ,A4,コート110kg,1/0,,,5000,1,市内,2025-01-06,前回同様、前回より部数増,20500,税抜,2050
Q2412-057,2024-12-20,G04,鈴木,冊子,A5,コート110kg,4/4,32,中綴じ,150,1,引取,2025-01-16,紙は前回と同じ,39800,税抜,3980
Q2412-058,2024-12-20,C007,渡辺,チラシ,A3,コート90kg,4/0,,,3000,3,市内,2025-01-14,見積有効期限1ヶ月、特色（DIC 2585）,107700,税抜,10770
Q2412-059,2024-12-20,D06,鈴木,チラシ,A4,マットコート135kg,4/0,,,3000,1,引取,,,26600,税抜,2660
Q2412-060,2024-12-21,C025,鈴木,名刺,91x55,上質180kg,1/0,,片面PP,100,3,引取,2025-01-06,文字修正あり,7600,税抜,760
Q2412-061,2024-12-23,C007,渡辺,チラシ,A4,コート90kg,4/4,,,20000,1,市内,2025-01-14,納品書同梱,102700,税抜,10270
Q2412-062,2024-12-23,C006,鈴木,封筒,洋長3,白ケント80g,2/0,,,1000,1,市内,2025-01-08,リピート、2色目DIC指定,18200,税抜,1820
Q2412-063,2024-12-23,C033,鈴木,リーフレット,B4,マットコート135kg,4/4,,二つ折,1000,1,市外,,,52600,税抜,5260
Q2412-064,2024-12-23,G04,鈴木,チラシ,A4,上質70kg,1/1,,,200,1,引取,2025-01-06,請求書は本社宛、修正なし,5500,税抜,550
Q2412-065,2024-12-23,一般,鈴木,名刺,91x55,マットコート220kg,4/0,,,100,1,引取,2025-01-07,裏面英語表記／新規デザイン（2案）,5940,税込,540
Q2412-066,2024-12-23,G04,鈴木,冊子,A4,コート110kg,4/4,20,中綴じ,100,1,市外,2025-01-17,,34800,税抜,3480
Q2412-067,2024-12-23,C001,高橋,チラシ,A4,コート90kg,4/4,,,10000,1,市内,2025-01-08,,68500,税抜,6850
Q2412-068,2024-12-23,C012,高橋,封筒,長3,白ケント80g,2/0,,,1500,1,市内,2025-01-06,修正なし,17000,税抜,1700
Q2412-069,2024-12-23,C001,高橋,チラシ,A4,上質70kg,4/0,,,50000,1,市内,2025-01-14,前回同様,127000,税抜,12700
Q2412-070,2024-12-24,C033,鈴木,リーフレット,B4,マットコート135kg,4/4,,二つ折,1000,1,市外,2025-01-07,修正なし、校正はPDFで,52600,税抜,5260
Q2412-071,2024-12-24,C004,鈴木,チラシ,A4,コート90kg,4/4,,,10000,1,市外,2025-01-07,色校1回、ポスティング用,88300,税抜,8830
Q2412-072,2024-12-24,C030,高橋,封筒,角2,クラフト85g,1/0,,,500,1,市内,2025-01-09,社名・住所入り 前回同様,11000,税抜,1100
Q2412-073,2024-12-25,C014,鈴木,チラシ,A4,マットコート135kg,1/0,,,200,1,市内,2025-01-06,Illustrator入稿,6300,税抜,630
Q2412-074,2024-12-25,C006,鈴木,リーフレット,A3,コート110kg,4/4,,二つ折,5000,1,市内,,検討中、支払は月末締め翌月末,84800,税抜,8480
Q2412-075,2024-12-25,C015,渡辺,名刺,91x55,マットコート220kg,1/0,,片面PP,500,2,市内,2025-01-09,前回同様,12400,税抜,1240
Q2412-076,2024-12-25,C002,高橋,チラシ,B5,コート110kg,4/0,,,500,1,市外,2024-12-26,特急（翌日納品希望）／前回同様,15000,税抜,1500
Q2412-077,2024-12-25,C015,渡辺,チラシ,A3,コート110kg,4/0,,,5000,1,市内,2025-01-14,サンプル5部別送、修正なし、請求書は本社宛,55300,税抜,5530
Q2412-078,2024-12-25,C009,田中,冊子,A5,コート110kg,4/4,16,中綴じ,1000,1,引取,2025-01-17,前回同様 相見積 Word入稿（要変換）,66100,税抜,6610
Q2412-079,2024-12-25,一般,田中,チラシ,A4,コート110kg,4/0,,,100,1,引取,2025-01-06,,6050,税込,550
Q2412-080,2024-12-25,C001,高橋,チラシ,A4,上質70kg,4/0,,,50000,1,市内,2025-01-08,,127000,税抜,12700
Q2412-043-R2,2024-12-26,C003,高橋,チラシ,B5,コート90kg,4/0,,,20000,1,市外,2025-01-08,色校1回、500枚ごと帯掛け,67400,税抜,6740
Q2412-081,2024-12-26,C002,高橋,チラシ,A4,上質70kg,4/0,,,3000,1,市外,2025-01-21,,29000,税抜,2900
Q2412-082,2024-12-27,C031,鈴木,冊子,A5,上質70kg,4/4,24,中綴じ,3000,1,県外,2025-01-20,完全データ入稿,178500,税抜,17850
Q2412-083,2024-12-27,C033,鈴木,チラシ,B5,コート90kg,4/0,,,50000,1,市外,2025-01-20,ポスティング用,109500,税抜,10950
Q2412-084,2024-12-27,C010,鈴木,チラシ,B4,コート90kg,4/4,,,10000,1,市内,2025-01-22,修正なし,85500,税抜,8550
Q2412-085,2024-12-27,D05,田中,冊子,A5,コート110kg,4/4,16,中綴じ,500,1,市内,2025-01-20,ページ数変更の可能性あり,50100,税抜,5010
Q2412-086,2024-12-27,D06,鈴木,リーフレット,A4,マットコート135kg,4/4,,三つ折,300,1,県外,2025-01-08,前回同様,14600,税抜,1460
Q2501-001,2025-01-06,C003,高橋,封筒,長3,クラフト70g,1/0,,,3000,1,引取,,リピート、特色（DIC 221）,17000,税抜,1700
Q2501-002,2025-01-06,C019,鈴木,封筒,長3,クラフト70g,1/0,,,2000,1,市内,,メールにて見積送付、特色（DIC 221）、リピート,14000,税抜,1400
Q2501-003,2025-01-07,C016,高橋,名刺,91x55,マットコート220kg,4/4,,片面PP+角丸,100,8,市内,2025-01-15,新規デザイン（2案）、PDF入稿,41000,税抜,4100
Q2501-004,2025-01-07,C004,鈴木,チラシ,A4,コート90kg,4/0,,,8000,3,引取,2025-01-17,,114900,税抜,11490
Q2501-005,2025-01-07,C007,渡辺,チラシ,A4,上質70kg,4/4,,,5000,1,引取,2025-01-22,サンプル5部別送,57000,税抜,5700
Q2501-002-R2,2025-01-08,C019,鈴木,封筒,長3,クラフト70g,1/0,,,1500,1,市内,,数量変更につき再見積、メールにて見積送付、特色（DIC 221）、リピート,14000,税抜,1400
Q2501-006,2025-01-08,C027,田中,名刺,91x55,上質180kg,4/0,,片面PP,100,12,市外,2025-01-17,相見積、Word入稿（要変換）,33300,税抜,3330
Q2501-007,2025-01-10,C033,鈴木,チラシ,A4,コート90kg,4/4,,,10000,1,市外,2025-01-27,,76500,税抜,7650
Q2501-008,2025-01-10,C034,鈴木,冊子,A4,マットコート135kg,1/1,12,中綴じ,150,1,市内,2025-01-23,前回同様,17400,税抜,1740
Q2501-009,2025-01-10,C026,田中,名刺,91x55,マットコート220kg,4/0,,,100,5,市内,2025-01-21,,12000,税抜,1200
Q2501-010,2025-01-10,D05,田中,冊子,A5,マットコート135kg,4/4,24,中綴じ,300,1,市内,2025-01-23,見積有効期限1ヶ月、完全データ入稿,69000,税抜,6900
Q2501-011,2025-01-14,C037,高橋,名刺,91x55,上質135kg,4/0,,,100,4,引取,2025-01-20,,9600,税抜,960
Q2501-012,2025-01-14,G06,高橋,冊子,A4,上質70kg,1/1,8,中綴じ,500,1,市内,2025-01-27,Word入稿（要変換） データ修正あり PDF入稿,26500,税抜,2650
Q2501-013,2025-01-14,C031,鈴木,封筒,洋長3,白ケント80g,2/0,,,1000,1,県外,2025-01-22,紙は前回と同じ、前回同様（数量のみ変更）、社名DIC 182、社名・住所入り,20500,税抜,2050
Q2501-014,2025-01-14,C040,鈴木,封筒,長3,クラフト70g,1/0,,,1500,1,引取,2025-01-27,見積のみ、前回同様（数量のみ変更）,11000,税抜,1100
Q2501-015,2025-01-14,C040,鈴木,封筒,洋長3,白ケント80g,2/0,,,2000,1,市外,2025-01-21,担当者様不在のため後日連絡／支払は月末締め翌月末,25600,税抜,2560
Q2501-016,2025-01-15,C015,渡辺,冊子,A4,上質70kg,4/4,20,中綴じ,1000,1,市内,2025-01-28,,144200,税抜,14420
Q2501-017,2025-01-16,C007,渡辺,チラシ,A3,コート90kg,4/0,,,20000,3,市内,2025-01-22,リピート 前回より部数増 急ぎ,366000,税抜,36600
Q2501-018,2025-01-16,C012,高橋,封筒,長3,白ケント80g,2/0,,,2500,1,市内,2025-01-24,前回より部数増、修正なし、支払は月末締め翌月末,22500,税抜,2250
Q2501-019,2025-01-16,一般,田中,名刺,91x55,上質135kg,1/0,,片面PP,200,1,市内,2025-01-23,新規デザイン（2案）、紙は前回と同じ,7700,税込,700
Q2501-020,2025-01-17,C040,鈴木,名刺,91x55,上質180kg,4/4,,,100,1,市外,,見積のみ／紙は前回と同じ,5000,税抜,500
Q2501-021,2025-01-17,C028,田中,チラシ,A3,コート90kg,4/4,,,300,1,市内,2025-01-27,前回同様,18400,税抜,1840
Q2501-022,2025-01-17,D01,高橋,チラシ,A5,コート90kg,4/0,,,2000,1,市外,2025-01-27,支払は月末締め翌月末,21000,税抜,2100
Q2501-023,2025-01-17,一般,渡辺,名刺,91x55,マットコート220kg,4/0,,,100,1,市内,2025-01-27,メールにて見積送付、新規デザイン（2案）、検討中,6820,税込,620
Q2501-024,2025-01-17,D01,高橋,冊子,A4,コート110kg,4/4,24,中綴じ,300,1,市外,2025-02-03,,118000,税抜,11800
Q2501-025,2025-01-18,C007,渡辺,リーフレット,A4,コート90kg,4/4,,三つ折,500,1,市内,2025-01-22,他社相見積あり,21900,税抜,2190
Q2501-026,2025-01-20,C015,渡辺,チラシ,B5,コート110kg,4/4,,,1000,1,市内,,前回同様（数量のみ変更） 紙は前回と同じ,47500,税抜,4750
Q2501-027,2025-01-20,C025,鈴木,チラシ,A4,コート110kg,4/0,,,500,1,市外,2025-01-23,ポスティング用,14100,税抜,1410
Q2501-028,2025-01-20,C010,鈴木,チラシ,A4,コート90kg,4/0,,,10000,1,市内,2025-01-31,前回同様、支払は月末締め翌月末,50500,税抜,5050
Q2501-029,2025-01-21,C006,鈴木,リーフレット,A3,コート110kg,4/4,,二つ折,10000,1,市内,2025-01-28,リピート、校正はPDFで、前回より部数増,124400,税抜,12440
Q2501-030,2025-01-21,C006,鈴木,冊子,A4,マットコート135kg,4/4,20,中綴じ,1000,1,引取,,,156300,税抜,15630
Q2501-031,2025-01-22,C040,鈴木,チラシ,A4,コート90kg,4/4,,,500,1,市外,2025-01-30,リピート、ポスティング用,19900,税抜,1990
Q2501-032,2025-01-23,C006,鈴木,封筒,角2,クラフト85g,1/0,,,500,1,市内,2025-02-04,検討中、PDF入稿,10400,税抜,1040
Q2501-033,2025-01-28,一般,渡辺,チラシ,A4,コート110kg,4/4,,,500,1,県外,2025-02-06,メールにて見積送付,22990,税込,2090
Q2501-034,2025-01-28,C007,渡辺,リーフレット,A3,コート110kg,4/4,,二つ折,500,1,市内,,,35700,税抜,3570
Q2501-035,2025-01-28,C006,鈴木,名刺,91x55,マットコート220kg,4/0,,,1000,2,市内,2025-02-05,修正なし,16500,税抜,1650
Q2501-036,2025-01-28,C017,田中,封筒,長3,クラフト70g,1/0,,,1200,1,引取,2025-02-10,リピート、特色（DIC 221）、要確認,13400,税抜,1340
Q2501-037,2025-01-28,C001,高橋,チラシ,A4,コート110kg,4/0,,,10000,1,市内,2025-02-13,前回同様、支払は月末締め翌月末,49500,税抜,4950
Q2501-038,2025-01-29,一般,田中,名刺,91x55,上質180kg,1/0,,片面PP,100,1,引取,2025-02-06,見積有効期限1ヶ月／完全データ入稿,2420,税込,220
Q2501-039,2025-01-29,C002,高橋,リーフレット,A4,マットコート135kg,4/4,,三つ折,1000,1,引取,2025-02-10,請求書は本社宛,51000,税抜,5100
Q2501-040,2025-01-29,C001,高橋,チラシ,B5,コート90kg,4/0,,,10000,2,市内,2025-02-14,前回同様、校正はPDFで、支払は月末締め翌月末,71500,税抜,7150
Q2501-028-R2,2025-01-30,C010,鈴木,チラシ,A4,コート90kg,4/0,,,10000,1,市内,2025-02-13,再見積（お値引き）、前回同様、支払は月末締め翌月末,46000,税抜,4600
Q2501-041,2025-01-30,C007,渡辺,チラシ,A4,コート90kg,4/4,,,5000,2,市内,2025-02-17,,114400,税抜,11440
Q2501-042,2025-01-30,D05,田中,冊子,A5,コート110kg,4/4,16,中綴じ,500,1,市内,2025-02-13,修正なし,50100,税抜,5010
Q2501-043,2025-01-30,C026,田中,チラシ,B4,コート110kg,4/4,,,20000,1,市内,2025-02-14,相見積、前回同様（数量のみ変更）,136700,税抜,13670
Q2501-044,2025-01-30,D01,高橋,チラシ,A4,上質90kg,1/1,,,20000,1,市外,2025-01-31,データ修正あり,65000,税抜,6500
Q2501-045,2025-01-31,C027,田中,名刺,91x55,マットコート220kg,4/4,,,200,2,市外,2025-02-06,支払は月末締め翌月末,10300,税抜,1030
Q2501-046,2025-01-31,G01,鈴木,冊子,A4,コート110kg,4/4,16,中綴じ,200,1,引取,2025-02-18,,48000,税抜,4800
Q2501-047,2025-01-31,C005,鈴木,チラシ,A4,コート90kg,1/1,,,500,2,市内,2025-02-06,データ修正（電話番号変更）,18800,税抜,1880
Q2502-001,2025-02-03,C012,高橋,名刺,91x55,マットコート220kg,4/0,,,100,13,市内,2025-02-10,,25500,税抜,2550
Q2502-002,2025-02-04,C020,渡辺,名刺,91x55,マットコート220kg,1/0,,,300,3,市内,2025-02-13,肩書変更あり,8000,税抜,800
Q2502-003,2025-02-04,C033,鈴木,チラシ,B4,コート90kg,4/4,,,30000,1,市外,2025-02-19,特色（DIC 2585）、相見積、PDF入稿,172800,税抜,17280
Q2502-004,2025-02-04,C037,高橋,封筒,長3,白ケント80g,2/0,,,3000,1,市内,2025-02-14,前回同様（数量のみ変更） 完全データ入稿,25000,税抜,2500
Q2502-005,2025-02-04,G07,高橋,冊子,A5,上質70kg,4/4,16,中綴じ,200,1,引取,2025-02-25,ページ数変更の可能性あり、前回同様（数量のみ変更）,29000,税抜,2900
Q2502-006,2025-02-05,C001,高橋,名刺,91x55,マットコート220kg,4/0,,,200,3,市内,,肩書変更あり,9100,税抜,910
Q2502-007,2025-02-05,C016,高橋,名刺,91x55,マットコート220kg,4/0,,,100,6,市内,2025-02-10,納品書同梱,14000,税抜,1400
Q2502-008,2025-02-05,C018,田中,名刺,91x55,ヴァンヌーボ195kg,1/1,,,100,3,市内,2025-02-13,リピート,9500,税抜,950
Q2502-009,2025-02-05,C005,鈴木,封筒,長3,クラフト70g,1/0,,,500,1,市内,2025-02-18,紙は前回と同じ、サンプル5部別送,7800,税抜,780
Q2502-010,2025-02-05,一般,鈴木,名刺,91x55,上質180kg,1/1,,,500,3,県外,2025-02-14,前回同様、支払は月末締め翌月末,20790,税込,1890
Q2502-011,2025-02-05,C001,鈴木,名刺,91x55,上質180kg,1/0,,,100,5,市内,,請求書は本社宛／肩書変更あり／至急,8000,税抜,800
Q2502-012,2025-02-06,C036,渡辺,名刺,91x55,マットコート220kg,4/0,,,200,2,市内,2025-02-17,肩書変更あり／新規デザイン,9800,税抜,980
Q2502-013,2025-02-06,C040,鈴木,チラシ,B5,マットコート135kg,4/4,,片面PP,1000,1,市外,2025-02-20,,67600,税抜,6760
Q2502-014,2025-02-06,K007,田中,名刺,91x55,マットコート220kg,1/0,,,100,1,引取,2025-02-17,裏面英語表記,1600,税込,145
Q2502-015,2025-02-06,C001,高橋,名刺,91x55,上質135kg,4/0,,,500,1,引取,2025-02-12,,4600,税抜,460
Q2502-016,2025-02-06,C031,鈴木,名刺,91x55,上質180kg,4/0,,,100,6,県外,,文字修正3箇所、校正はPDFで,15700,税抜,1570
Q2502-017,2025-02-07,C027,田中,名刺,91x55,マットコート220kg,4/4,,,200,2,市外,,,10300,税抜,1030
Q2502-018,2025-02-07,C017,田中,封筒,長3,白ケント80g,2/0,,,2000,1,引取,2025-02-20,ロゴDIC指定,21200,税抜,2120
Q2502-019,2025-02-07,C024,鈴木,冊子,A4,上質70kg,1/1,16,中綴じ,300,1,市内,,要確認,33600,税抜,3360
Q2502-020,2025-02-10,C033,鈴木,チラシ,B4,コート110kg,4/4,,,10000,1,市外,2025-02-18,支払は月末締め翌月末、PDF入稿,92100,税抜,9210
Q2502-021,2025-02-10,一般,鈴木,チラシ,A4,マットコート135kg,1/0,,,200,1,引取,2025-02-19,,6050,税込,550
Q2502-022,2025-02-10,一般,田中,チラシ,A4,コート110kg,4/0,,,200,1,引取,2025-02-20,リピート,6050,税込,550
Q2502-023,2025-02-10,一般,田中,チラシ,A4,上質90kg,4/4,,,200,1,市内,2025-02-18,Illustrator入稿,11440,税込,1040
Q2502-024,2025-02-12,C004,鈴木,名刺,91x55,上質180kg,4/4,,,100,3,市外,2025-02-18,担当者様不在のため後日連絡,12200,税抜,1220
Q2502-025,2025-02-12,C039,鈴木,チラシ,A4,コート90kg,4/0,,,2000,2,市外,2025-03-03,,52700,税抜,5270
Q2502-026,2025-02-12,D06,鈴木,冊子,A4,コート110kg,4/4,28,中綴じ,3000,1,県外,2025-03-03,リピート、表紙・本文共紙,316800,税抜,31680
Q2502-027,2025-02-12,C031,鈴木,冊子,A5,上質70kg,4/4,24,中綴じ,3000,1,県外,,リピート,178000,税抜,17800
Q2502-028,2025-02-12,C007,渡辺,リーフレット,A3,マットコート135kg,4/4,,二つ折,300,1,市内,2025-02-19,折り見本あり,25000,税抜,2500
Q2502-029,2025-02-12,C037,高橋,封筒,長3,クラフト70g,2/0,,,1000,1,市内,,,11000,税抜,1100
Q2502-030,2025-02-12,C038,田中,冊子,A5,マットコート135kg,1/1,24,中綴じ,500,1,市内,2025-03-06,前回同様、表紙・本文共紙、データ修正あり,43300,税抜,4330
Q2502-031,2025-02-12,C033,鈴木,チラシ,B4,コート90kg,4/4,,,20000,1,市外,,Word入稿（要変換） 完全データ入稿,124600,税抜,12460
Q2502-032,2025-02-13,C009,田中,リーフレット,A4,マットコート135kg,4/4,,三つ折,2000,1,県外,2025-02-20,前回同様,59000,税抜,5900
Q2502-033,2025-02-13,C009,田中,名刺,91x55,ヴァンヌーボ195kg,4/4,,,100,1,県外,2025-02-18,前回同様,4100,税抜,410
Q2502-034,2025-02-13,C006,鈴木,封筒,洋長3,白ケント80g,2/0,,,500,1,市内,2025-02-21,リピート,14200,税抜,1420
Q2502-035,2025-02-14,G04,鈴木,封筒,長3,クラフト70g,1/0,,,2000,1,市外,2025-02-27,,10900,税抜,1090
Q2502-036,2025-02-14,D05,田中,冊子,A5,コート110kg,4/4,8,中綴じ,100,1,市内,2025-02-28,修正なし、サンプル5部別送,11400,税抜,1140
Q2502-037,2025-02-17,C007,渡辺,リーフレット,A3,コート110kg,4/4,,二つ折,1000,1,市内,2025-02-27,PDF入稿,50900,税抜,5090
Q2502-038,2025-02-17,C012,高橋,封筒,長3,白ケント80g,2/0,,,2000,1,市内,2025-02-28,,17000,税抜,1700
Q2502-039,2025-02-17,C012,高橋,名刺,91x55,マットコート220kg,1/0,,片面PP,300,2,引取,2025-02-21,検討中、見積のみ,7500,税抜,750
Q2502-040,2025-02-17,C021,鈴木,名刺,91x55,上質135kg,1/0,,角丸,100,6,市内,2025-02-21,肩書変更あり,13600,税抜,1360
Q2502-041,2025-02-18,C019,鈴木,封筒,長3,クラフト70g,1/0,,,2000,1,市内,2025-03-03,修正なし／納品書同梱／社名DIC 182／PDF入稿,14000,税抜,1400
Q2502-042,2025-02-19,一般,鈴木,名刺,91x55,上質180kg,4/0,,,100,1,引取,2025-02-27,,2640,税込,240
Q2502-043,2025-02-19,D01,高橋,チラシ,A4,コート90kg,1/1,,,20000,1,市外,,,48000,税抜,4800
Q2502-044,2025-02-19,C012,高橋,名刺,91x55,マットコート220kg,1/0,,片面PP,300,1,市内,2025-02-28,前回同様（数量のみ変更）、請求書は本社宛,4500,税抜,450
Q2502-045,2025-02-20,一般,田中,名刺,91x55,マットコート220kg,1/0,,,500,1,引取,,データ修正（電話番号変更）,4620,税込,420
Q2502-046,2025-02-20,C017,田中,名刺,91x55,上質180kg,4/4,,,100,2,市外,2025-02-27,QRコード入り,7600,税抜,760
Q2502-047,2025-02-20,C017,田中,リーフレット,A4,コート110kg,4/4,,三つ折,3000,1,市外,2025-03-05,完全データ入稿、文字修正3箇所,59700,税抜,5970
Q2502-048,2025-02-20,C030,高橋,名刺,91x55,上質135kg,4/0,,,100,1,市内,2025-02-27,リピート,3200,税抜,320
Q2502-049,2025-02-20,G07,高橋,冊子,A5,上質70kg,4/4,16,中綴じ,200,1,引取,2025-03-11,,30500,税抜,3050
Q2502-050,2025-02-25,C029,鈴木,リーフレット,A4,マットコート135kg,4/4,,三つ折,300,1,市内,2025-03-06,請求書は本社宛,17000,税抜,1700
Q2502-051,2025-02-25,C040,鈴木,チラシ,A4,コート90kg,4/4,,,1000,1,市外,2025-02-27,至急、修正なし、校正はPDFで、前回同様（数量のみ変更）,47100,税抜,4710
Q2502-052,2025-02-25,一般,渡辺,冊子,A4,コート110kg,1/1,8,中綴じ,30,1,引取,2025-03-06,,7590,税込,690
Q2502-053,2025-02-25,C010,鈴木,チラシ,B4,コート90kg,4/4,,,8000,1,市内,2025-02-26,特急でお願いします、FAX送付済,92600,税抜,9260
Q2502-054,2025-02-26,D02,高橋,名刺,91x55,上質180kg,4/4,,,100,3,市外,2025-03-03,サンプル5部別送,10000,税抜,1000
Q2502-055,2025-02-26,D01,高橋,チラシ,A5,コート90kg,4/4,,,2000,1,市外,2025-03-06,500枚ごと帯掛け,36500,税抜,3650
Q2502-056,2025-02-27,C007,渡辺,チラシ,A4,コート90kg,4/4,,,20000,1,市内,2025-03-11,,102700,税抜,10270
Q2502-057,2025-02-27,C008,高橋,名刺,91x55,上質180kg,4/4,,,100,6,市内,2025-03-06,新規作成（ロゴ支給）,24500,税抜,2450
Q2502-058,2025-02-27,C026,田中,チラシ,A4,コート90kg,4/4,,,10000,3,市内,2025-03-10,新聞折込用、Illustrator入稿,223700,税抜,22370
Q2502-059,2025-02-27,C024,鈴木,名刺,91x55,上質180kg,1/1,,片面PP,100,2,市内,2025-03-04,修正あり（PDF校正2回）,8200,税抜,820
Q2502-060,2025-02-28,C040,鈴木,名刺,91x55,マットコート220kg,4/4,,,100,2,市外,2025-03-10,支払は月末締め翌月末,8600,税抜,860
Q2503-001,2025-03-03,C032,高橋,名刺,91x55,上質135kg,4/0,,,100,5,市外,2025-03-11,修正なし,14000,税抜,1400
Q2503-002,2025-03-03,一般,鈴木,チラシ,A4,コート110kg,4/0,,,300,1,引取,2025-03-06,納品書同梱、リピート,7810,税込,710
Q2503-003,2025-03-03,G05,高橋,冊子,A5,上質70kg,1/1,24,中綴じ,150,1,市外,2025-03-25,他社相見積あり、検討中,18500,税抜,1850
Q2503-004,2025-03-03,D01,高橋,チラシ,A5,コート90kg,4/0,,,5000,3,市外,2025-03-13,PDF入稿、前回同様（数量のみ変更）,64500,税抜,6450
Q2503-005,2025-03-03,D05,田中,チラシ,A4,コート90kg,4/0,,,30000,1,市内,2025-03-05,文字修正3箇所、特急、前回同様、見積のみ,114800,税抜,11480
Q2503-006,2025-03-04,D05,田中,リーフレット,A4,コート110kg,4/4,,二つ折,2000,1,市内,2025-03-17,,46600,税抜,4660
Q2503-007,2025-03-04,D06,鈴木,冊子,A4,コート110kg,4/4,16,中綴じ,1000,1,県外,,見積のみ 至急,106500,税抜,10650
Q2503-008,2025-03-05,C006,鈴木,名刺,91x55,マットコート220kg,4/0,,,200,2,市内,2025-03-10,新規デザイン（2案）,10100,税抜,1010
Q2503-009,2025-03-05,C032,高橋,名刺,91x55,マットコート220kg,4/4,,,100,8,市外,2025-03-10,新規作成（ロゴ支給）、Word入稿（要変換）,33500,税抜,3350
Q2503-010,2025-03-05,D02,高橋,チラシ,A4,コート90kg,1/1,,,2000,2,市外,2025-03-18,新聞折込用,29000,税抜,2900
Q2503-011,2025-03-05,一般,鈴木,名刺,91x55,上質180kg,1/1,,,100,2,引取,2025-03-12,検討中,5720,税込,520
Q2503-012,2025-03-05,C031,鈴木,冊子,A5,上質70kg,4/4,24,中綴じ,3000,1,県外,2025-03-21,請求書は本社宛,178500,税抜,17850
Q2503-013,2025-03-05,D06,鈴木,冊子,A4,コート110kg,4/4,28,中綴じ,100,1,県外,2025-03-06,特急（翌日納品希望）,49600,税抜,4960
Q2503-014,2025-03-06,一般,渡辺,名刺,91x55,パール紙180kg,4/0,,角丸,100,1,引取,2025-03-14,データ修正（電話番号変更）、紙は前回と同じ、新規デザイン,7920,税込,720
Q2503-015,2025-03-06,C002,高橋,チラシ,B4,コート90kg,4/0,,,1000,1,市外,2025-03-13,リピート 特色（DIC 2585）,30000,税抜,3000
Q2503-016,2025-03-07,C032,高橋,封筒,角2,クラフト85g,1/0,,,3000,1,市外,,検討中／窓なし／修正なし,43500,税抜,4350
Q2503-017,2025-03-07,G03,高橋,チラシ,A4,上質70kg,4/0,,,2000,1,引取,2025-03-25,PDF入稿、地図差替えあり,24500,税抜,2450
Q2503-018,2025-03-07,C012,高橋,封筒,長3,クラフト70g,1/0,,,2000,1,市内,2025-03-18,前回同様（数量のみ変更）、相見積,10000,税抜,1000
Q2503-019,2025-03-07,G01,鈴木,リーフレット,A4,コート110kg,4/4,,三つ折,2000,1,市内,2025-03-25,,50500,税抜,5050
Q2503-020,2025-03-07,C006,鈴木,名刺,91x55,マットコート220kg,4/4,,,100,6,市内,2025-03-17,肩書変更あり,19000,税抜,1900
Q2503-021,2025-03-10,D01,高橋,リーフレット,A4,コート110kg,4/4,,三つ折,5000,1,市外,2025-03-25,100枚ごと帯掛け、前回同様（数量のみ変更）、見積有効期限1ヶ月,63000,税抜,6300
Q2503-022,2025-03-10,C040,鈴木,封筒,長3,クラフト70g,1/0,,,1200,1,引取,2025-03-21,前回同様（数量のみ変更）,11000,税抜,1100
Q2503-023,2025-03-10,C040,鈴木,名刺,91x55,上質180kg,4/4,,,100,6,市外,2025-03-13,メールにて見積送付,22500,税抜,2250
Q2503-024,2025-03-10,一般,鈴木,名刺,91x55,上質180kg,4/0,,,1000,1,引取,2025-03-13,,9900,税込,900
Q2503-025,2025-03-11,一般,田中,名刺,91x55,マットコート220kg,1/0,,,300,5,引取,2025-03-19,リピート、修正なし、PDF入稿,13200,税込,1200
Q2503-026,2025-03-11,C001,高橋,チラシ,B4,コート110kg,4/0,,,5000,1,市内,2025-03-18,データ修正あり、PDF入稿,42500,税抜,4250
Q2503-027,2025-03-11,一般,高橋,リーフレット,A4,マットコート135kg,4/4,,二つ折,300,1,引取,2025-03-12,特急でお願いします,23100,税込,2100
Q2503-028,2025-03-12,C033,鈴木,チラシ,B4,コート90kg,4/0,,,10000,2,市外,2025-03-21,修正あり（PDF校正2回） 支払は月末締め翌月末,116100,税抜,11610
Q2503-029,2025-03-12,G05,高橋,冊子,A4,上質70kg,1/1,12,中綴じ,500,1,市外,2025-04-01,Word入稿（要変換）、修正なし,31000,税抜,3100
Q2503-030,2025-03-13,C001,高橋,チラシ,B4,コート90kg,4/4,,,10000,1,市内,2025-03-26,,76500,税抜,7650
Q2503-031,2025-03-13,C007,渡辺,チラシ,A3,コート90kg,4/4,,,5000,2,市内,2025-03-31,修正なし,144400,税抜,14440
Q2503-032,2025-03-13,K013,鈴木,冊子,A4,上質70kg,4/4,12,中綴じ,50,1,引取,2025-04-01,,17710,税込,1610
Q2503-033,2025-03-13,C040,鈴木,名刺,91x55,マットコート220kg,1/0,,角丸,100,6,市外,,,14500,税抜,1450
Q2503-006-R2,2025-03-14,D05,田中,リーフレット,A4,コート110kg,4/4,,二つ折,3000,1,市内,2025-03-26,数量変更につき再見積,51600,税抜,5160
Q2503-034,2025-03-14,C027,田中,名刺,91x55,マットコート220kg,4/4,,,300,5,市外,2025-03-21,前回同様、前回より部数増,28500,税抜,2850
Q2503-035,2025-03-14,G04,鈴木,冊子,A5,上質70kg,1/1,8,中綴じ,100,1,市外,2025-04-07,前回同様（数量のみ変更）,7800,税抜,780
Q2503-036,2025-03-14,C010,鈴木,チラシ,A4,コート90kg,4/0,,,10000,1,市内,,ポスティング用、ロゴ特色指定,54500,税抜,5450
Q2503-037,2025-03-17,C006,鈴木,リーフレット,A4,コート110kg,1/1,,二つ折,2000,1,市内,,検討中,23600,税抜,2360
Q2503-038,2025-03-17,一般,田中,名刺,91x55,上質180kg,4/0,,,200,1,引取,2025-03-21,紙は前回と同じ、新規デザイン,6710,税込,610
Q2503-039,2025-03-17,C021,鈴木,冊子,A5,マットコート135kg,4/4,8,中綴じ,100,1,市内,2025-03-28,担当者様不在のため後日連絡、文字修正あり,18600,税抜,1860
Q2503-040,2025-03-17,C017,田中,封筒,長3,白ケント80g,2/0,,,1000,1,市外,2025-03-26,2色目DIC指定、完全データ入稿,17300,税抜,1730
Q2503-041,2025-03-17,C006,鈴木,封筒,角2,白ケント100g,1/0,,,300,1,市内,2025-03-28,納品書同梱,12900,税抜,1290
Q2503-042,2025-03-17,D02,高橋,チラシ,A3,コート90kg,1/0,,,15000,1,市外,2025-03-31,リピート、地図差替えあり,62500,税抜,6250
Q2503-043,2025-03-17,一般,鈴木,冊子,A4,上質70kg,1/1,20,中綴じ,30,1,引取,2025-03-19,請求書は本社宛、特急対応、相見積,12540,税込,1140
Q2503-044,2025-03-18,C001,高橋,チラシ,A4,コート90kg,4/4,,,5000,1,市内,2025-03-26,,56000,税抜,5600
Q2503-045,2025-03-18,一般,鈴木,名刺,91x55,上質180kg,4/4,,,200,1,引取,,新規デザイン、肩書変更あり,8140,税込,740
Q2503-046,2025-03-18,C001,高橋,封筒,長3,白ケント80g,2/0,,,1000,1,市内,2025-04-02,,11500,税抜,1150
Q2503-047,2025-03-19,C006,鈴木,名刺,91x55,マットコート220kg,4/0,,,200,1,市内,2025-03-28,紙は前回と同じ、要確認,3700,税抜,370
Q2503-048,2025-03-19,C016,高橋,封筒,角2,クラフト85g,1/0,,,1500,1,市内,2025-04-03,PDF入稿／特色（DIC 221）,27000,税抜,2700
Q2503-049,2025-03-19,C011,渡辺,チラシ,B5,上質70kg,4/0,,,2000,1,市内,2025-03-28,請求書は本社宛、リピート,25400,税抜,2540
Q2503-050,2025-03-19,D06,鈴木,リーフレット,A4,マットコート135kg,4/4,,三つ折,1000,1,県外,2025-03-31,,42500,税抜,4250
Q2503-051,2025-03-19,C018,田中,チラシ,A4,上質70kg,4/4,,,500,1,市内,2025-03-25,文字修正3箇所、FAX送付済,22200,税抜,2220
Q2503-052,2025-03-21,C040,鈴木,名刺,91x55,ヴァンヌーボ195kg,1/1,,片面PP,100,2,市外,2025-03-31,支払は月末締め翌月末,8800,税抜,880
Q2503-053,2025-03-21,D05,田中,封筒,角2,クラフト85g,1/0,,,1500,1,市内,2025-03-31,メールにて見積送付,19800,税抜,1980
Q2503-054,2025-03-21,C006,鈴木,名刺,91x55,マットコート220kg,4/0,,,200,5,市内,2025-03-27,完全データ入稿、リピート、QRコード入り,14700,税抜,1470
Q2503-055,2025-03-24,D02,高橋,封筒,長3,白ケント80g,2/0,,,1000,1,市外,,〒枠なし、支払は月末締め翌月末、他社相見積あり,12500,税抜,1250
Q2503-056,2025-03-24,一般,田中,名刺,91x55,マットコート220kg,1/0,,,200,2,引取,2025-03-27,紙は前回と同じ,4400,税込,400
Q2503-057,2025-03-24,C010,鈴木,チラシ,B4,コート90kg,4/4,,,10000,1,市内,2025-04-04,地図差替えあり、修正なし,85500,税抜,8550
Q2503-058,2025-03-24,G05,高橋,チラシ,A4,上質90kg,1/0,,,1000,1,市外,,前回より部数増、メールにて見積送付,11500,税抜,1150
Q2503-059,2025-03-24,D01,高橋,リーフレット,A4,コート90kg,4/4,,三つ折,500,1,市外,2025-03-31,見積有効期限1ヶ月,20000,税抜,2000
Q2503-060,2025-03-24,一般,渡辺,チラシ,A3,上質90kg,4/0,,,500,2,引取,2025-03-31,紙は前回と同じ,42900,税込,3900
Q2503-044-R2,2025-03-25,C001,高橋,チラシ,A4,コート90kg,4/4,,,5000,1,市内,2025-04-07,再見積,53000,税抜,5300
Q2503-061,2025-03-25,一般,鈴木,名刺,91x55,マットコート220kg,1/0,,,300,2,引取,2025-03-28,校正はPDFで／肩書変更あり,5280,税込,480
Q2503-062,2025-03-25,C018,田中,チラシ,B5,コート90kg,4/4,,,500,1,市内,2025-03-28,,19000,税抜,1900
Q2503-063,2025-03-25,C009,田中,名刺,91x55,マットコート220kg,4/4,,,100,10,県外,2025-03-31,肩書変更あり,32100,税抜,3210
Q2503-064,2025-03-25,C025,渡辺,チラシ,A5,マットコート135kg,4/0,,,2000,1,市外,2025-04-01,修正なし ポスティング用,28600,税抜,2860
Q2503-065,2025-03-25,D06,鈴木,チラシ,A5,マットコート135kg,1/0,,,3000,1,県外,2025-04-03,紙は前回と同じ,11200,税抜,1120
Q2503-066,2025-03-25,C027,田中,名刺,91x55,上質180kg,4/0,,片面PP,300,13,市外,2025-03-28,前回より部数増 修正なし サンプル5部別送 リピート,66600,税抜,6660
Q2503-067,2025-03-26,C031,鈴木,冊子,A5,上質70kg,4/4,24,中綴じ,3000,1,引取,2025-04-16,サンプル5部別送、校正はPDFで、前回同様（数量のみ変更）,168000,税抜,16800
Q2503-068,2025-03-27,C006,鈴木,名刺,91x55,マットコート220kg,1/0,,,200,5,市内,2025-04-03,,10300,税抜,1030
Q2503-069,2025-03-27,C034,鈴木,封筒,長3,クラフト70g,2/0,,,3000,1,市内,,要確認,19500,税抜,1950
Q2503-070,2025-03-27,一般,田中,チラシ,A4,コート110kg,4/4,,,500,1,引取,2025-04-02,支払は月末締め翌月末 お急ぎ,21340,税込,1940
Q2503-071,2025-03-28,C037,高橋,封筒,長3,クラフト70g,2/0,,,1000,1,市内,2025-04-11,修正あり（PDF校正2回） 見積有効期限1ヶ月 Word入稿（要変換） リピート,14500,税抜,1450
Q2503-072,2025-03-28,C022,渡辺,チラシ,B5,コート110kg,4/4,,,1000,3,市内,2025-04-14,担当者様不在のため後日連絡,133500,税抜,13350
Q2503-073,2025-03-28,C031,鈴木,冊子,A5,上質70kg,4/4,24,中綴じ,100,1,県外,2025-04-15,納品書同梱／見積のみ,27400,税抜,2740
Q2503-074,2025-03-31,一般,田中,名刺,91x55,上質180kg,1/0,,片面PP,100,3,引取,2025-04-04,Illustrator入稿,7260,税込,660
Q2503-075,2025-03-31,一般,鈴木,名刺,91x55,上質180kg,4/0,,,100,1,引取,2025-04-04,QRコード入り、新規デザイン、Word入稿（要変換）,5940,税込,540
Q2503-076,2025-03-31,D02,高橋,名刺,91x55,上質180kg,4/4,,角丸,100,3,市外,2025-04-03,,11000,税抜,1100
Q2503-077,2025-03-31,D01,高橋,リーフレット,A4,コート110kg,4/4,,三つ折,1000,1,市外,2025-04-09,見積有効期限1ヶ月、FAX送付済,39500,税抜,3950
Q2503-078,2025-03-31,G05,高橋,冊子,A4,上質70kg,4/4,24,中綴じ,150,1,市外,2025-04-16,Illustrator入稿、データ修正あり、リピート,58000,税抜,5800
Q2503-079,2025-03-31,C021,鈴木,冊子,A4,上質70kg,4/4,16,中綴じ,1000,1,市内,2025-04-18,校正はPDFで、リピート,126500,税抜,12650
Q2503-080,2025-03-31,C036,渡辺,封筒,角2,クラフト85g,1/0,,,2000,1,引取,2025-04-07,紙は前回と同じ,26100,税抜,2610
Q2504-001,2025-04-01,C032,高橋,名刺,91x55,マットコート220kg,4/4,,,200,20,市外,2025-04-09,裏面英語表記,86000,税抜,8600
Q2504-002,2025-04-01,C032,高橋,名刺,91x55,上質135kg,4/0,,,100,5,引取,,Word入稿（要変換）／PDF入稿,13500,税抜,1350
Q2504-003,2025-04-01,C037,高橋,リーフレット,A4,マットコート135kg,4/4,,二つ折,3000,1,市内,2025-04-11,前回同様,65000,税抜,6500
Q2504-004,2025-04-01,C040,渡辺,名刺,91x55,上質180kg,4/0,,,300,1,市外,2025-04-04,,5900,税抜,590
Q2504-005,2025-04-02,G08,渡辺,封筒,長3,クラフト70g,2/0,,,2000,1,市内,2025-04-14,帯掛け希望,14900,税抜,1490
Q2504-006,2025-04-02,K009,渡辺,チラシ,B5,コート110kg,4/0,,,300,1,引取,2025-04-11,,9460,税込,860
Q2504-007,2025-04-02,一般,渡辺,名刺,91x55,上質135kg,4/0,,,200,1,引取,2025-04-10,新規デザイン,7040,税込,640
Q2504-008,2025-04-02,C009,田中,名刺,91x55,ヴァンヌーボ195kg,4/4,,,100,1,県外,2025-04-08,リピート,4300,税抜,430
Q2504-009,2025-04-02,C031,高橋,リーフレット,A4,コート90kg,4/4,,三つ折,1500,1,県外,2025-04-09,納品書同梱、前回同様（数量のみ変更）、Illustrator入稿,56000,税抜,5600
Q2504-010,2025-04-03,C040,渡辺,名刺,91x55,上質135kg,4/4,,,500,1,市外,2025-04-04,修正なし、新規デザイン、特急対応,14200,税抜,1420
Q2504-011,2025-04-03,C004,高橋,チラシ,A4,コート90kg,4/0,,,10000,2,市外,2025-04-16,ポスティング用、文字修正3箇所、Illustrator入稿,104000,税抜,10400
Q2504-012,2025-04-03,C007,渡辺,チラシ,A3,コート90kg,4/0,,,5000,3,市内,2025-04-11,,138400,税抜,13840
Q2504-013,2025-04-04,C015,渡辺,チラシ,B5,コート110kg,4/4,,,1000,1,市内,2025-04-11,地図差替えあり／修正なし,47500,税抜,4750
Q2504-014,2025-04-04,C003,高橋,封筒,角2,白ケント100g,1/0,,,300,1,引取,2025-04-11,リピート、〒枠なし,13000,税抜,1300
Q2504-015,2025-04-04,K013,渡辺,チラシ,A5,上質90kg,4/0,,,200,1,引取,,検討中,6050,税込,550
Q2504-016,2025-04-07,C026,田中,チラシ,B4,コート90kg,4/4,,,5000,1,引取,2025-04-15,前回同様（数量のみ変更）、サンプル5部別送,68700,税抜,6870
Q2504-017,2025-04-07,C027,田中,名刺,91x55,マットコート220kg,4/4,,,500,2,市外,2025-04-10,,17500,税抜,1750
Q2504-018,2025-04-07,C031,高橋,封筒,洋長3,白ケント80g,2/0,,,300,1,県外,2025-04-17,修正なし 特色（DIC 221）,20500,税抜,2050
Q2504-019,2025-04-07,G03,高橋,冊子,A5,コート110kg,4/4,8,中綴じ,200,1,市外,,修正なし,20500,税抜,2050
Q2504-020,2025-04-07,C039,高橋,チラシ,B5,上質70kg,1/1,,,1000,1,引取,2025-04-14,前回同様（数量のみ変更）,15000,税抜,1500
Q2504-021,2025-04-08,D01,高橋,チラシ,A4,コート90kg,4/0,,,10000,1,市外,,FAX送付済,45000,税抜,4500
Q2504-022,2025-04-08,C012,高橋,封筒,長3,クラフト70g,1/0,,,2000,1,市内,2025-04-22,検討中、リピート,10500,税抜,1050
Q2504-023,2025-04-08,C007,渡辺,封筒,長3,クラフト70g,2/0,,,5000,1,市内,2025-04-16,,27100,税抜,2710
Q2504-024,2025-04-09,C004,渡辺,チラシ,A4,コート90kg,4/0,,,15000,3,引取,2025-04-24,リピート、前回より部数増,191300,税抜,19130
Q2504-025,2025-04-09,C040,渡辺,封筒,角2,白ケント100g,1/0,,,1000,1,市外,2025-04-17,ロゴDIC指定 要確認,29300,税抜,2930
Q2504-026,2025-04-10,D02,田中,チラシ,A3,コート90kg,1/0,,,8000,1,市外,2025-04-23,データ修正あり、前回同様（数量のみ変更）、地図差替えあり,40500,税抜,4050
Q2504-027,2025-04-10,D05,田中,リーフレット,A3,コート110kg,4/4,,二つ折,3000,1,引取,2025-04-18,,60700,税抜,6070
Q2504-028,2025-04-10,一般,渡辺,チラシ,B5,マットコート135kg,1/0,,,200,1,引取,,,6050,税込,550
Q2504-029,2025-04-11,C002,高橋,リーフレット,A4,マットコート135kg,4/4,,Z折,3000,1,市外,2025-04-23,前回同様／前回より部数増／FAX送付済,66500,税抜,6650
Q2504-030,2025-04-11,D06,高橋,封筒,長3,クラフト70g,2/0,,,1500,1,県外,2025-04-24,,14000,税抜,1400
Q2504-031,2025-04-11,C007,渡辺,チラシ,A4,コート90kg,4/4,,,10000,1,市内,2025-04-22,校正はPDFで,72700,税抜,7270
Q2504-032,2025-04-12,C038,田中,名刺,91x55,マットコート220kg,4/0,,,100,4,市内,2025-04-21,相見積,10400,税抜,1040
Q2504-033,2025-04-14,C004,高橋,チラシ,A4,コート90kg,4/0,,,20000,3,市外,2025-04-25,見積のみ,233500,税抜,23350
Q2504-034,2025-04-14,C014,渡辺,チラシ,A4,マットコート135kg,1/0,,,500,1,市内,2025-04-18,前回同様、完全データ入稿,6300,税抜,630
Q2504-035,2025-04-15,K006,田中,名刺,91x55,上質180kg,4/0,,,500,1,引取,2025-04-21,,6380,税込,580
Q2504-036,2025-04-15,C027,田中,冊子,A4,上質70kg,4/4,12,中綴じ,100,1,市外,2025-04-17,特急対応,31600,税抜,3160
Q2504-037,2025-04-15,C001,高橋,チラシ,A4,上質70kg,4/0,,,50000,1,市内,2025-04-24,納品書同梱,127000,税抜,12700
Q2504-031-R2,2025-04-16,C007,渡辺,チラシ,A4,コート90kg,4/4,,,15000,1,市内,2025-05-02,再見積（数量変更）、校正はPDFで,89600,税抜,8960
Q2504-038,2025-04-16,一般,田中,チラシ,A4,上質90kg,4/0,,,100,1,引取,2025-04-25,,6050,税込,550
Q2504-039,2025-04-16,一般,田中,名刺,91x55,マットコート220kg,4/4,,,300,1,引取,2025-04-22,納品書同梱,6380,税込,580
Q2504-040,2025-04-16,C015,高橋,チラシ,B4,コート110kg,4/4,,,1000,1,市内,2025-04-25,,42500,税抜,4250
Q2504-041,2025-04-17,C032,高橋,封筒,角2,クラフト85g,1/0,,,2500,1,市外,2025-04-24,Word入稿（要変換）、PDF入稿、ロゴDIC指定,43000,税抜,4300
Q2504-042,2025-04-17,C027,田中,封筒,長3,白ケント80g,2/0,,,500,1,市外,,社名・住所入り、ロゴDIC指定,18800,税抜,1880
Q2504-043,2025-04-17,C004,高橋,チラシ,A4,コート90kg,4/4,,,20000,1,市外,2025-05-08,見積のみ／文字修正3箇所／特色（DIC 2585）／リピート,121000,税抜,12100
Q2504-044,2025-04-17,C007,渡辺,名刺,91x55,上質180kg,1/0,,,100,1,市内,,校正はPDFで、Illustrator入稿,2300,税抜,230
Q2504-045,2025-04-17,C005,高橋,封筒,角2,白ケント100g,1/0,,,500,1,引取,2025-04-30,メールにて見積送付,14000,税抜,1400
Q2504-046,2025-04-18,C007,渡辺,リーフレット,A3,コート110kg,4/4,,二つ折,1000,1,市内,,前回同様、修正あり（PDF校正2回）,54400,税抜,5440
Q2504-047,2025-04-19,一般,渡辺,名刺,91x55,マットコート220kg,1/0,,,300,1,引取,2025-04-24,前回同様、Word入稿（要変換）、FAX送付済,3080,税込,280
Q2504-048,2025-04-21,C040,渡辺,チラシ,A4,コート90kg,4/0,,,2000,1,引取,2025-05-01,ロゴ特色指定,34200,税抜,3420
Q2504-049,2025-04-21,C032,高橋,封筒,長3,クラフト70g,2/0,,,2000,1,市外,2025-04-30,,31000,税抜,3100
Q2504-050,2025-04-21,C013,高橋,名刺,91x55,マットコート220kg,1/1,,,100,4,市内,2025-04-30,肩書変更あり,11000,税抜,1100
Q2504-051,2025-04-22,D06,高橋,チラシ,A4,コート110kg,4/0,,,2000,3,県外,,新聞折込用,69500,税抜,6950
Q2504-052,2025-04-22,C009,田中,名刺,91x55,ヴァンヌーボ195kg,4/4,,,200,1,県外,2025-04-25,,5600,税抜,560
Q2504-053,2025-04-22,C002,高橋,冊子,A4,コート110kg,4/4,16,中綴じ,500,1,市外,2025-05-02,,103500,税抜,10350
Q2504-054,2025-04-22,C021,渡辺,封筒,角2,クラフト85g,1/0,,,500,1,市内,2025-05-08,メールにて見積送付、PDF入稿,12400,税抜,1240
Q2504-055,2025-04-22,C033,渡辺,チラシ,A4,コート90kg,4/4,,,30000,1,市外,2025-05-07,校正はPDFで,145800,税抜,14580
Q2504-056,2025-04-22,C001,高橋,チラシ,A4,コート90kg,4/4,,,20000,1,引取,2025-04-30,Word入稿（要変換）,97000,税抜,9700
Q2504-057,2025-04-23,C023,高橋,冊子,A5,マットコート135kg,4/4,32,中綴じ,200,1,県外,2025-05-15,データ修正あり,63000,税抜,6300
Q2504-058,2025-04-23,C030,高橋,冊子,A5,上質70kg,4/4,16,中綴じ,100,1,市内,2025-05-09,前回同様 FAX送付済 修正あり（PDF校正2回）,21500,税抜,2150
Q2504-059,2025-04-23,C009,田中,名刺,91x55,ヴァンヌーボ195kg,4/4,,,200,1,県外,2025-04-25,,5600,税抜,560
Q2504-060,2025-04-23,C010,渡辺,チラシ,A4,コート90kg,4/4,,,20000,1,市内,2025-05-07,完全データ入稿,108100,税抜,10810
Q2504-061,2025-04-23,C001,高橋,チラシ,A4,コート90kg,4/4,,,30000,1,市内,2025-05-09,前回同様、FAX送付済、担当者様不在のため後日連絡,131000,税抜,13100
Q2504-062,2025-04-24,一般,田中,チラシ,A4,コート110kg,4/0,,,100,1,引取,2025-04-30,請求書は本社宛,6050,税込,550
Q2504-063,2025-04-24,C035,渡辺,チラシ,A3,コート110kg,4/0,,,1000,1,市内,2025-05-14,,30500,税抜,3050
Q2504-064,2025-04-24,C007,渡辺,リーフレット,A3,コート110kg,4/4,,二つ折,1000,1,市内,2025-05-02,,50900,税抜,5090
Q2504-065,2025-04-25,一般,渡辺,名刺,91x55,マットコート220kg,1/0,,,200,2,引取,2025-05-01,FAX送付済,5060,税込,460
Q2504-066,2025-04-25,C027,田中,名刺,91x55,マットコート220kg,4/4,,,300,2,市外,2025-05-08,完全データ入稿、前回より部数増,13100,税抜,1310
Q2504-067,2025-04-25,一般,渡辺,チラシ,A4,上質90kg,4/0,,,100,1,引取,2025-05-02,地図差替えあり,6050,税込,550
Q2504-068,2025-04-25,C033,渡辺,チラシ,A4,コート90kg,4/0,,,3000,2,市外,2025-05-16,,56700,税抜,5670
Q2504-069,2025-04-28,D01,高橋,リーフレット,A4,コート90kg,4/4,,三つ折,500,1,市外,2025-05-01,前回同様（数量のみ変更）／至急,18500,税抜,1850
Q2504-070,2025-04-28,C027,田中,名刺,91x55,マットコート220kg,4/4,,,200,3,市外,,前回同様、Illustrator入稿,15600,税抜,1560
Q2504-071,2025-04-30,C006,高橋,名刺,91x55,マットコート220kg,1/1,,片面PP,200,1,市内,2025-05-09,修正なし／肩書変更あり,5400,税抜,540
Q2504-072,2025-04-30,C003,高橋,封筒,長3,クラフト70g,1/0,,,3000,1,引取,2025-05-14,,13000,税抜,1300
Q2504-073,2025-04-30,C004,高橋,チラシ,A4,コート90kg,4/0,,,5000,3,市外,2025-05-14,前回同様（数量のみ変更）、ポスティング用、他社相見積あり,110500,税抜,11050
Q2505-001,2025-05-01,C015,渡辺,チラシ,A4,コート90kg,4/0,,,10000,1,市内,2025-05-13,担当者様不在のため後日連絡、紙は前回と同じ,50500,税抜,5050
Q2505-002,2025-05-01,一般,田中,名刺,91x55,マットコート220kg,4/4,,,300,1,引取,,,6600,税込,600
Q2505-003,2025-05-02,C038,田中,冊子,A4,コート110kg,4/4,28,中綴じ,2000,1,市内,2025-05-26,本機色校正あり,284100,税抜,28410
Q2505-004,2025-05-02,C012,高橋,封筒,長3,白ケント80g,2/0,,,10000,1,市内,2025-05-13,,63000,税抜,6300
Q2505-005,2025-05-02,C017,田中,封筒,角2,クラフト85g,2/0,,,1000,1,市外,2025-05-19,校正はPDFで、500枚ごと帯掛け、FAX送付済,22200,税抜,2220
Q2505-006,2025-05-07,D05,田中,チラシ,A4,コート90kg,4/0,,,20000,1,市内,2025-05-22,見積のみ,64700,税抜,6470
Q2505-007,2025-05-07,C031,高橋,封筒,長3,クラフト70g,2/0,,,10000,1,県外,2025-05-20,社名・住所入り／支払は月末締め翌月末／修正なし,54500,税抜,5450
Q2505-008,2025-05-08,D06,高橋,チラシ,A4,コート110kg,4/4,,,1000,1,県外,2025-05-23,,38000,税抜,3800
Q2505-009,2025-05-08,C027,田中,冊子,A5,マットコート135kg,4/4,16,中綴じ,3000,1,市外,2025-05-29,納品書同梱,134500,税抜,13450
Q2505-010,2025-05-09,一般,渡辺,チラシ,A4,上質90kg,4/4,,,200,1,引取,2025-05-20,,10560,税込,960
Q2505-011,2025-05-09,C006,高橋,リーフレット,A4,マットコート135kg,4/4,,Z折,1000,1,市内,2025-05-21,リピート、サンプル5部別送,48500,税抜,4850
Q2505-012,2025-05-09,C018,田中,チラシ,A3,コート90kg,4/4,,,3000,1,市内,,前回同様、ポスティング用,62700,税抜,6270
Q2505-013,2025-05-09,C001,高橋,チラシ,A4,上質70kg,4/0,,,50000,1,市内,,前回同様、至急,127000,税抜,12700
Q2505-014,2025-05-12,C027,田中,封筒,長3,クラフト70g,1/0,,,2000,1,市外,2025-05-19,,12300,税抜,1230
Q2505-015,2025-05-12,C021,渡辺,名刺,91x55,上質180kg,4/0,,,100,10,市内,2025-05-16,Illustrator入稿、データ修正あり、新規デザイン（2案）、QRコード入り,35600,税抜,3560
Q2505-016,2025-05-12,C026,田中,チラシ,A3,コート90kg,4/4,,,100,1,引取,2025-05-14,サンプル5部別送、リピート、紙は前回と同じ、修正なし、特急でお願いします,10100,税抜,1010
Q2505-017,2025-05-13,C032,高橋,封筒,角2,クラフト85g,1/0,,,3000,1,市外,2025-05-20,Word入稿（要変換）／納品書同梱,42700,税抜,4270
Q2505-018,2025-05-13,C023,高橋,チラシ,A4,コート110kg,4/4,,,3000,2,県外,2025-05-21,,110500,税抜,11050
Q2505-019,2025-05-13,C002,高橋,チラシ,A4,コート110kg,4/0,,,2000,1,市外,2025-05-28,,30000,税抜,3000
Q2505-020,2025-05-14,K010,田中,名刺,91x55,上質180kg,4/0,,,200,1,市内,2025-05-22,修正なし 請求書は本社宛 相見積,4620,税込,420
Q2505-021,2025-05-15,C009,田中,リーフレット,A4,コート110kg,4/4,,三つ折,500,1,県外,2025-05-26,,22800,税抜,2280
Q2505-022,2025-05-15,C001,高橋,チラシ,B4,コート90kg,4/0,,,3000,3,市内,2025-05-28,修正なし、特色1色（DIC 156）,88000,税抜,8800
Q2505-023,2025-05-15,C029,高橋,リーフレット,A4,マットコート135kg,4/4,,三つ折,300,1,市内,2025-05-21,前回同様（数量のみ変更）／修正なし,15500,税抜,1550
Q2505-024,2025-05-15,C006,高橋,名刺,91x55,上質180kg,4/4,,,200,1,市内,2025-05-23,裏面英語表記,17500,税抜,1750
Q2505-025,2025-05-15,C020,渡辺,名刺,91x55,マットコート220kg,4/4,,,100,4,市内,2025-05-20,Word入稿（要変換）,14400,税抜,1440
Q2505-026,2025-05-16,C037,高橋,リーフレット,A4,マットコート135kg,4/4,,二つ折,2000,1,市内,2025-05-30,,57500,税抜,5750
Q2505-027,2025-05-17,C007,渡辺,チラシ,B4,コート110kg,4/0,,,5000,1,市内,2025-05-30,サンプル5部別送、リピート,41300,税抜,4130
Q2505-028,2025-05-19,C030,高橋,封筒,長3,クラフト70g,2/0,,,3000,1,市内,,窓なし、2色目DIC指定,23500,税抜,2350
Q2505-029,2025-05-20,C001,高橋,チラシ,A4,コート90kg,4/4,,,10000,1,引取,2025-06-02,修正なし,68500,税抜,6850
Q2505-030,2025-05-21,C018,田中,チラシ,A4,上質70kg,4/0,,,10000,1,市内,2025-05-22,Word入稿（要変換）／特急（翌日納品希望）／ロゴ特色指定,62100,税抜,6210
Q2505-031,2025-05-22,C009,田中,リーフレット,A4,マットコート135kg,4/4,,三つ折,3000,1,県外,2025-06-03,前回同様,66400,税抜,6640
Q2505-032,2025-05-22,C031,田中,リーフレット,A3,コート110kg,4/4,,二つ折,300,1,県外,,至急,27100,税抜,2710
Q2505-033,2025-05-22,D05,田中,チラシ,A4,コート90kg,4/0,,,30000,1,市内,2025-06-06,修正なし,89000,税抜,8900
Q2505-034,2025-05-22,C035,渡辺,封筒,角2,白ケント100g,1/0,,,500,1,引取,2025-05-29,社名・住所入り,14000,税抜,1400
Q2505-035,2025-05-22,C037,高橋,冊子,A5,マットコート135kg,1/1,24,中綴じ,500,1,市内,2025-06-04,,39500,税抜,3950
Q2505-036,2025-05-23,C002,高橋,名刺,91x55,ヴァンヌーボ195kg,1/1,,,100,4,市外,,メールにて見積送付、新規作成（ロゴ支給）、修正あり（PDF校正2回）,19000,税抜,1900
Q2505-037,2025-05-23,一般,田中,名刺,91x55,マットコート220kg,4/4,,角丸,500,1,引取,,検討中,9350,税込,850
Q2505-038,2025-05-26,一般,田中,チラシ,A5,コート110kg,1/1,,,50,1,引取,2025-06-02,納品書同梱、要確認,6050,税込,550
Q2505-039,2025-05-26,C004,高橋,チラシ,A4,コート90kg,4/4,,,10000,1,市外,2025-06-11,地図差替えあり／相見積,80000,税抜,8000
Q2505-040,2025-05-26,K006,田中,名刺,91x55,上質180kg,4/4,,,200,1,県外,2025-05-28,特急（翌日納品希望）,7040,税込,640
Q2505-041,2025-05-27,C003,高橋,冊子,A5,マットコート135kg,4/4,32,中綴じ,1000,1,市外,2025-06-09,見積のみ,131000,税抜,13100
Q2505-042,2025-05-27,C010,渡辺,チラシ,B4,コート90kg,4/4,,,5000,1,引取,,見積有効期限1ヶ月／修正なし,69000,税抜,6900
Q2505-043,2025-05-27,D05,田中,チラシ,A4,コート90kg,4/4,,,3000,1,引取,2025-05-28,データ修正（電話番号変更）、特急,59500,税抜,5950
Q2505-044,2025-05-27,C002,高橋,チラシ,A4,上質70kg,4/0,,,300,1,市外,2025-06-03,相見積 Illustrator入稿 納品書同梱,9700,税抜,970
Q2505-045,2025-05-27,D05,田中,冊子,A5,マットコート135kg,4/4,8,中綴じ,1000,1,引取,2025-06-10,,40600,税抜,4060
Q2505-046,2025-05-28,K007,田中,チラシ,A5,コート110kg,4/4,,,50,1,引取,2025-06-03,,6050,税込,550
Q2505-047,2025-05-28,D06,高橋,名刺,91x55,パール紙180kg,4/0,,,100,3,県外,2025-06-02,見積有効期限1ヶ月、文字修正あり、前回同様（数量のみ変更）,8500,税抜,850
Q2505-048,2025-05-29,一般,渡辺,名刺,91x55,上質180kg,4/0,,,100,1,引取,2025-06-02,新規作成（ロゴ支給）、完全データ入稿、特急,6820,税込,620
Q2505-049,2025-05-29,C015,渡辺,チラシ,A3,コート110kg,4/0,,,3000,1,市内,2025-06-13,前回同様（数量のみ変更）、見積有効期限1ヶ月、紙は前回と同じ,42900,税抜,4290
Q2505-050,2025-05-29,C004,高橋,名刺,91x55,上質180kg,4/4,,,500,3,市外,,前回より部数増,26500,税抜,2650
Q2505-051,2025-05-30,C016,高橋,封筒,角2,白ケント100g,2/0,,,2000,1,市内,2025-06-12,,47000,税抜,4700
Q2505-052,2025-05-30,C013,高橋,チラシ,A4,コート110kg,1/0,,,1000,1,市内,,紙は前回と同じ、納品書同梱,10500,税抜,1050
Q2505-053,2025-05-30,C012,高橋,名刺,91x55,マットコート220kg,1/0,,片面PP,500,1,引取,2025-06-05,,6100,税抜,610
Q2506-001,2025-06-02,一般,田中,チラシ,A4,マットコート135kg,4/0,,,300,1,引取,2025-06-06,,9900,税込,900
Q2506-002,2025-06-02,D02,高橋,チラシ,A4,コート110kg,4/4,,,2000,1,市外,2025-06-03,特急、ポスティング用、本機色校正あり、検討中,61500,税抜,6150
Q2506-003,2025-06-02,C031,高橋,リーフレット,A4,コート110kg,1/1,,三つ折,10000,1,県外,2025-06-18,完全データ入稿,69500,税抜,6950
Q2506-004,2025-06-02,D06,高橋,リーフレット,A4,コート110kg,4/4,,三つ折,500,1,県外,2025-06-11,前回同様（数量のみ変更） 修正なし,19000,税抜,1900
Q2506-005,2025-06-02,C001,高橋,冊子,A4,上質70kg,4/4,8,中綴じ,300,1,引取,2025-06-17,見積有効期限1ヶ月、校正はPDFで,48000,税抜,4800
Q2506-006,2025-06-03,C026,田中,チラシ,B4,コート90kg,4/4,,,5000,1,市内,2025-06-10,地図差替えあり、メールにて見積送付,68700,税抜,6870
Q2506-007,2025-06-03,C028,田中,冊子,A5,コート110kg,4/4,8,中綴じ,500,1,市内,2025-06-13,リピート、校正はPDFで,30800,税抜,3080
Q2506-008,2025-06-03,C002,高橋,チラシ,A4,上質70kg,4/0,,,1000,1,市外,,検討中,25500,税抜,2550
Q2506-009,2025-06-03,C006,高橋,名刺,91x55,マットコート220kg,4/0,,,100,5,市内,2025-06-06,,12000,税抜,1200
Q2506-010,2025-06-03,C010,渡辺,チラシ,B4,コート90kg,4/4,,,300,1,市内,2025-06-10,リピート、DIC近似色で,20400,税抜,2040
Q2506-011,2025-06-03,C025,渡辺,名刺,91x55,上質180kg,4/0,,,100,2,引取,2025-06-09,完全データ入稿,5200,税抜,520
Q2506-012,2025-06-04,C030,高橋,名刺,91x55,ヴァンヌーボ195kg,4/4,,片面PP,200,1,市内,,見積のみ,7300,税抜,730
Q2506-013,2025-06-04,C040,渡辺,名刺,91x55,上質180kg,4/4,,,100,6,市外,2025-06-09,担当者様不在のため後日連絡、リピート,23800,税抜,2380
Q2506-014,2025-06-04,D02,高橋,チラシ,A3,コート90kg,1/0,,,8000,1,市外,2025-06-05,校正はPDFで、特急対応、メールにて見積送付,46000,税抜,4600
Q2506-015,2025-06-04,一般,渡辺,チラシ,A4,マットコート135kg,4/4,,片面PP,100,1,引取,2025-06-12,,11880,税込,1080
Q2506-016,2025-06-04,C007,渡辺,チラシ,B5,コート90kg,4/0,,,30000,1,引取,,見積のみ,69700,税抜,6970
Q2506-017,2025-06-04,一般,田中,名刺,91x55,ヴァンヌーボ195kg,1/1,,,100,1,引取,2025-06-12,検討中、新規作成（ロゴ支給）,6710,税込,610
Q2506-018,2025-06-05,C009,田中,名刺,91x55,ヴァンヌーボ195kg,4/0,,,1000,1,県外,,,13600,税抜,1360
Q2506-019,2025-06-05,一般,田中,チラシ,A4,マットコート135kg,4/0,,片面PP,500,1,引取,2025-06-10,新聞折込用,26730,税込,2430
Q2506-020,2025-06-05,C024,高橋,冊子,A4,上質70kg,1/1,16,中綴じ,300,1,市内,2025-06-16,DIC指定あり、メールにて見積送付,37500,税抜,3750
Q2506-021,2025-06-06,C024,高橋,名刺,91x55,上質180kg,1/1,,片面PP,100,2,市内,2025-06-11,サンプル5部別送,7600,税抜,760
Q2506-022,2025-06-06,一般,田中,名刺,91x55,上質180kg,1/1,,,1000,2,引取,2025-06-12,リピート、データ修正（電話番号変更）,25080,税込,2280
Q2506-023,2025-06-06,C004,高橋,チラシ,B4,上質70kg,4/0,,,30000,1,市外,2025-06-16,文字修正3箇所,122500,税抜,12250
Q2506-024,2025-06-09,C026,田中,チラシ,B4,コート110kg,4/4,,,20000,1,引取,2025-06-23,校正はPDFで、要確認,136700,税抜,13670
Q2506-025,2025-06-10,C040,渡辺,封筒,長3,クラフト70g,1/0,,,1200,1,市外,2025-06-19,,12800,税抜,1280
Q2506-026,2025-06-10,C031,高橋,封筒,洋長3,白ケント80g,2/0,,,1000,1,県外,2025-06-20,請求書は本社宛、前回同様,16500,税抜,1650
Q2506-027,2025-06-11,C002,高橋,リーフレット,A4,コート110kg,4/4,,Z折,1000,1,市外,2025-06-25,色校1回、データ修正あり,61000,税抜,6100
Q2506-028,2025-06-11,C031,高橋,封筒,長3,クラフト70g,2/0,,,2000,1,県外,2025-06-23,文字修正3箇所、校正はPDFで、請求書は本社宛,20500,税抜,2050
Q2506-029,2025-06-11,G08,渡辺,封筒,長3,クラフト70g,2/0,,,2000,1,市内,,社名・住所入り ロゴDIC指定,18100,税抜,1810
Q2506-030,2025-06-11,C040,渡辺,封筒,長3,クラフト70g,1/0,,,5000,1,市外,2025-06-20,特色（DIC 221）、データ修正あり,30300,税抜,3030
Q2506-031,2025-06-11,一般,田中,名刺,91x55,マットコート220kg,4/4,,,100,1,引取,2025-06-18,前回同様,3960,税込,360
Q2506-032,2025-06-12,C040,渡辺,チラシ,B5,マットコート135kg,4/4,,片面PP,1000,1,市外,2025-06-25,修正なし、色校1回、前回同様,75600,税抜,7560
Q2506-033,2025-06-12,C006,高橋,名刺,91x55,マットコート220kg,1/0,,片面PP+角丸,100,3,引取,2025-06-20,新規デザイン、修正なし、請求書は本社宛,12000,税抜,1200
Q2506-034,2025-06-12,C028,田中,冊子,A5,コート110kg,4/4,16,中綴じ,2000,1,市内,2025-06-30,Word入稿（要変換） リピート,87400,税抜,8740
Q2506-035,2025-06-12,C021,渡辺,名刺,91x55,ヴァンヌーボ195kg,4/0,,,100,1,市内,2025-06-18,,3900,税抜,390
Q2506-036,2025-06-13,C010,渡辺,チラシ,A4,コート90kg,4/4,,,15000,1,市内,2025-06-27,,94300,税抜,9430
Q2506-037,2025-06-13,C030,高橋,冊子,A5,上質70kg,4/4,16,中綴じ,50,1,市内,2025-06-30,リピート、Word入稿（要変換）、データ修正あり,14500,税抜,1450
Q2506-038,2025-06-13,C032,高橋,名刺,91x55,マットコート220kg,4/4,,,200,21,市外,,他社相見積あり、前回同様（数量のみ変更）,90000,税抜,9000
Q2506-039,2025-06-13,C009,田中,封筒,洋長3,白ケント80g,1/0,,,2000,1,県外,2025-06-24,特色（DIC 221）,23300,税抜,2330
Q2506-032-R2,2025-06-16,C040,渡辺,チラシ,B5,マットコート135kg,4/4,,片面PP,1000,1,市外,2025-06-30,再見積（お値引き）、修正なし、色校1回、前回同様,71800,税抜,7180
Q2506-040,2025-06-16,C012,高橋,名刺,91x55,上質180kg,1/0,,,100,4,市内,2025-06-20,PDF入稿,7200,税抜,720
Q2506-041,2025-06-16,一般,渡辺,名刺,91x55,マットコート220kg,1/0,,,100,1,引取,,担当者様不在のため後日連絡 新規作成（ロゴ支給）,5280,税込,480
Q2506-042,2025-06-17,C001,高橋,チラシ,A4,コート90kg,4/4,,,15000,1,市内,2025-06-26,校正はPDFで,84500,税抜,8450
Q2506-043,2025-06-17,C014,渡辺,チラシ,A4,マットコート135kg,1/0,,,500,1,市内,,修正なし,7600,税抜,760
Q2506-044,2025-06-17,D05,田中,チラシ,A4,コート90kg,4/0,,,1500,1,市内,2025-06-27,前回同様,24500,税抜,2450
Q2506-045,2025-06-17,C012,高橋,封筒,洋長3,白ケント80g,1/0,,,500,1,市内,2025-06-20,請求書は本社宛／急ぎ／データ修正（電話番号変更）／担当者様不在のため後日連絡,13500,税抜,1350
Q2506-046,2025-06-17,一般,渡辺,チラシ,A4,マットコート135kg,1/0,,,300,1,引取,2025-06-20,,6050,税込,550
Q2506-047,2025-06-18,C007,渡辺,封筒,長3,クラフト70g,2/0,,,3000,1,市内,2025-06-20,〒枠なし、特急でお願いします、完全データ入稿、データ修正（電話番号変更）,27200,税抜,2720
Q2506-048,2025-06-18,D06,高橋,チラシ,A4,コート110kg,4/0,,,5000,1,県外,,検討中,35000,税抜,3500
Q2506-049,2025-06-18,一般,渡辺,名刺,91x55,上質180kg,4/0,,,100,1,引取,2025-06-24,新規デザイン（2案）,6160,税込,560
Q2506-050,2025-06-18,C017,田中,封筒,長3,クラフト70g,1/0,,,500,1,市外,,,7900,税抜,790
Q2506-051,2025-06-19,一般,渡辺,名刺,91x55,上質180kg,1/1,,,100,1,引取,2025-06-27,,3080,税込,280
Q2506-052,2025-06-19,C033,渡辺,チラシ,A4,コート90kg,4/0,,,20000,1,市外,2025-07-02,PDF入稿,76100,税抜,7610
Q2506-053,2025-06-19,G08,渡辺,名刺,91x55,マットコート220kg,1/0,,,300,2,市内,2025-06-27,,5800,税抜,580
Q2506-054,2025-06-20,一般,田中,名刺,91x55,上質180kg,4/4,,,200,2,引取,2025-06-27,,10340,税込,940
Q2506-055,2025-06-20,一般,田中,チラシ,B5,コート110kg,4/4,,,50,1,県外,,ポスティング用,6710,税込,610
Q2506-056,2025-06-23,C020,渡辺,名刺,91x55,マットコート220kg,4/4,,,100,2,市内,2025-06-27,前回同様、データ修正あり、Word入稿（要変換）,9000,税抜,900
Q2506-057,2025-06-23,C028,田中,冊子,A5,コート110kg,4/4,8,中綴じ,300,1,市内,2025-07-08,前回同様（数量のみ変更）,28600,税抜,2860
Q2506-058,2025-06-23,C012,高橋,名刺,91x55,マットコート220kg,4/0,,,100,12,引取,2025-06-26,肩書変更あり、前回同様,25500,税抜,2550
Q2506-059,2025-06-23,一般,田中,名刺,91x55,マットコート220kg,4/4,,,100,1,市内,2025-06-26,,4840,税込,440
Q2506-060,2025-06-23,D05,田中,リーフレット,A3,コート110kg,4/4,,二つ折,8000,1,市内,2025-07-07,FAX送付済、前回より部数増、リピート、請求書は本社宛,96100,税抜,9610
Q2506-061,2025-06-24,C006,高橋,封筒,洋長3,白ケント80g,2/0,,,1000,1,引取,,帯掛け希望,15000,税抜,1500
Q2506-062,2025-06-24,C030,高橋,名刺,91x55,上質135kg,4/0,,,100,3,市内,2025-06-30,,8600,税抜,860
Q2506-063,2025-06-24,C001,高橋,チラシ,A4,コート90kg,4/4,,,20000,1,市内,,Illustrator入稿,97000,税抜,9700
Q2506-064,2025-06-24,C040,渡辺,チラシ,B5,マットコート135kg,4/4,,片面PP,1500,1,市外,2025-07-04,前回同様（数量のみ変更） 前回より部数増,73900,税抜,7390
Q2506-065,2025-06-25,C009,田中,名刺,91x55,マットコート220kg,4/4,,,100,10,県外,2025-06-30,メールにて見積送付,33900,税抜,3390
Q2506-066,2025-06-25,D01,高橋,封筒,長3,白ケント80g,2/0,,,1500,1,引取,2025-07-07,PDF入稿,15500,税抜,1550
Q2506-067,2025-06-25,D05,田中,チラシ,A4,コート90kg,4/4,,,3000,1,市内,2025-07-07,新聞折込用、担当者様不在のため後日連絡,44800,税抜,4480
Q2506-068,2025-06-26,C031,高橋,封筒,洋長3,白ケント80g,2/0,,,1500,1,県外,2025-07-04,前回より部数増、担当者様不在のため後日連絡、サンプル5部別送,25000,税抜,2500
Q2506-069,2025-06-26,G08,渡辺,封筒,長3,クラフト70g,2/0,,,2000,1,市内,2025-07-09,前回同様（数量のみ変更）、請求書は本社宛,14100,税抜,1410
Q2506-070,2025-06-26,C006,高橋,封筒,角2,白ケント100g,2/0,,,500,1,市内,2025-07-04,担当者様不在のため後日連絡,18000,税抜,1800
Q2506-071,2025-06-26,C010,渡辺,チラシ,A4,コート90kg,4/0,,,5000,1,市内,2025-06-30,特急,44700,税抜,4470
Q2506-072,2025-06-26,C004,高橋,チラシ,A4,コート90kg,4/0,,,10000,2,市外,2025-07-10,紙は前回と同じ、前回同様（数量のみ変更）,100500,税抜,10050
Q2506-073,2025-06-26,C040,渡辺,リーフレット,A4,マットコート135kg,4/4,,三つ折,500,1,市外,2025-07-07,FAX送付済,26800,税抜,2680
Q2506-074,2025-06-26,C032,高橋,リーフレット,A4,マットコート135kg,4/4,,二つ折,1000,1,市外,,,52500,税抜,5250
Q2506-075,2025-06-26,一般,渡辺,名刺,91x55,上質180kg,1/0,,,100,2,引取,2025-07-03,完全データ入稿,3960,税込,360
Q2506-076,2025-06-27,C009,田中,名刺,91x55,上質180kg,1/0,,,200,8,県外,2025-07-07,Illustrator入稿,150000,税抜,15000
Q2506-077,2025-06-27,D05,田中,冊子,A5,マットコート135kg,4/4,24,中綴じ,2000,1,市内,2025-07-08,Illustrator入稿,128800,税抜,12880
Q2506-078,2025-06-27,C026,田中,チラシ,A4,コート90kg,4/0,,,10000,1,引取,2025-07-04,FAX送付済,50500,税抜,5050
Q2506-079,2025-06-27,C021,渡辺,封筒,角2,白ケント100g,2/0,,,1000,1,市内,2025-07-11,PDF入稿／ロゴDIC指定,34800,税抜,3480
Q2506-080,2025-06-27,C012,高橋,名刺,91x55,上質180kg,1/1,,,100,4,市内,2025-07-07,,10000,税抜,1000
Q2506-081,2025-06-27,C020,渡辺,チラシ,A4,マットコート135kg,4/0,,,1000,1,市内,,地図差替えあり,27100,税抜,2710
Q2506-082,2025-06-30,C001,高橋,チラシ,B4,コート90kg,4/0,,,5000,1,市内,2025-07-11,他社相見積あり,36000,税抜,3600
Q2506-083,2025-06-30,C039,高橋,チラシ,A4,コート90kg,4/0,,,100,1,市外,,検討中、前回同様（数量のみ変更）、ポスティング用,7000,税抜,700
Q2506-084,2025-06-30,C038,田中,冊子,A4,コート110kg,4/4,24,中綴じ,2000,1,市内,2025-07-10,ページ数変更の可能性あり、データ修正（電話番号変更）,247100,税抜,24710
Q2506-085,2025-06-30,K010,高橋,名刺,91x55,マットコート220kg,4/0,,,100,1,市内,,見積有効期限1ヶ月,3740,税込,340
Q2506-081-R2,2025-07-01,C020,渡辺,チラシ,A4,マットコート135kg,4/0,,,1500,1,市内,,再見積（数量変更）、地図差替えあり,33300,税抜,3330
Q2507-001,2025-07-01,D05,田中,冊子,A5,コート110kg,4/4,16,中綴じ,500,1,市内,2025-07-22,,50100,税抜,5010
Q2507-002,2025-07-02,C040,渡辺,名刺,91x55,上質135kg,4/0,,,100,3,市外,2025-07-09,請求書は本社宛,9600,税抜,960
Q2507-003,2025-07-02,C003,高橋,封筒,角2,白ケント100g,1/0,,,300,1,市外,2025-07-14,PDF入稿,14500,税抜,1450
Q2507-004,2025-07-02,C017,田中,名刺,91x55,上質180kg,1/0,,,100,12,市外,,修正なし、前回同様（数量のみ変更）、裏面英語表記,19400,税抜,1940
Q2507-005,2025-07-02,G06,高橋,リーフレット,B4,マットコート135kg,4/4,,二つ折,500,1,市内,,,35000,税抜,3500
Q2507-006,2025-07-02,C029,高橋,名刺,91x55,マットコート220kg,4/0,,,100,1,市内,2025-07-09,Word入稿（要変換）,3200,税抜,320
Q2507-007,2025-07-03,C006,高橋,リーフレット,A3,コート110kg,4/4,,二つ折,8000,1,市内,,修正なし,107000,税抜,10700
Q2507-008,2025-07-03,C032,高橋,名刺,91x55,ヴァンヌーボ195kg,4/4,,片面PP+角丸,100,1,市外,2025-07-09,Word入稿（要変換）,6700,税抜,670
Q2507-009,2025-07-03,C024,高橋,名刺,91x55,上質180kg,4/0,,,100,20,市内,2025-07-10,,45500,税抜,4550
Q2507-010,2025-07-04,C017,田中,リーフレット,A4,コート110kg,4/4,,三つ折,1500,1,市外,2025-07-18,紙は前回と同じ、リピート,50500,税抜,5050
Q2507-011,2025-07-04,C006,高橋,リーフレット,A3,コート110kg,4/4,,二つ折,5000,1,市内,2025-07-16,前回同様（数量のみ変更）、メールにて見積送付,84500,税抜,8450
Q2506-079-R2,2025-07-07,C021,渡辺,封筒,角2,白ケント100g,2/0,,,1000,1,市内,2025-07-14,PDF入稿／ロゴDIC指定,33400,税抜,3340
Q2507-012,2025-07-07,C017,田中,リーフレット,A4,コート110kg,4/4,,三つ折,1500,1,市外,,修正なし、見積のみ、前回同様（数量のみ変更）,50500,税抜,5050
Q2507-013,2025-07-07,D05,田中,冊子,A4,コート110kg,1/1,20,中綴じ,300,1,市内,2025-07-25,請求書は本社宛／メールにて見積送付,36840,税抜,3684
Q2507-014,2025-07-07,K006,田中,名刺,91x55,パール紙180kg,4/0,,,200,1,引取,2025-07-09,校正はPDFで、特急（翌日納品希望）,5500,税込,500
Q2507-015,2025-07-08,C030,高橋,封筒,洋長3,白ケント80g,1/0,,,5000,1,市内,2025-07-17,メールにて見積送付、ロゴDIC指定,45500,税抜,4550
Q2507-016,2025-07-08,C007,渡辺,リーフレット,A3,コート110kg,4/4,,二つ折,1000,1,市内,,要確認,50900,税抜,5090
Q2507-017,2025-07-08,C004,高橋,チラシ,A4,コート110kg,4/4,,,30000,1,引取,,,166500,税抜,16650
Q2507-018,2025-07-08,C012,高橋,名刺,91x55,上質135kg,4/0,,,100,5,市内,2025-07-16,QRコード入り／要確認,11500,税抜,1150
Q2507-019,2025-07-08,G05,高橋,封筒,長3,クラフト70g,2/0,,,1000,1,市外,2025-07-16,窓なし、社名・住所入り、修正なし,12500,税抜,1250
Q2507-020,2025-07-09,一般,渡辺,チラシ,A4,コート110kg,4/0,,,200,1,引取,,見積有効期限1ヶ月、前回同様（数量のみ変更）,6050,税込,550
Q2507-021,2025-07-09,C027,田中,冊子,A4,コート110kg,4/4,16,中綴じ,300,1,市外,2025-07-22,ページ数変更の可能性あり、データ修正あり,104700,税抜,10470
Q2507-022,2025-07-09,C030,高橋,封筒,角2,クラフト85g,1/0,,,300,1,市内,2025-07-22,Word入稿（要変換）、支払は月末締め翌月末,11000,税抜,1100
Q2507-023,2025-07-09,D02,高橋,チラシ,A4,コート90kg,4/4,,,10000,1,市外,2025-07-11,特急,81000,税抜,8100
Q2507-024,2025-07-10,C001,高橋,チラシ,B4,コート90kg,4/4,,,10000,3,引取,2025-07-23,,224000,税抜,22400
Q2507-025,2025-07-10,一般,田中,チラシ,A5,上質90kg,4/0,,,500,1,引取,2025-07-15,新聞折込用,8140,税込,740
Q2507-026,2025-07-11,D02,高橋,チラシ,A4,コート110kg,4/4,,,2000,1,市外,2025-07-23,Illustrator入稿,42500,税抜,4250
Q2507-027,2025-07-11,C034,渡辺,名刺,91x55,マットコート220kg,1/0,,,100,3,市内,2025-07-18,裏面英語表記,6200,税抜,620
Q2507-028,2025-07-11,C004,高橋,チラシ,B5,コート110kg,4/0,,,5000,1,市外,,納品書同梱、PDF入稿,35500,税抜,3550
Q2507-029,2025-07-14,C020,渡辺,チラシ,A5,マットコート135kg,1/0,,,500,1,市内,2025-07-24,相見積,6300,税抜,630
Q2507-030,2025-07-14,C037,高橋,リーフレット,A3,コート110kg,4/4,,三つ折,3000,1,市内,2025-07-31,他社相見積あり、Illustrator入稿,73000,税抜,7300
Q2507-031,2025-07-14,C002,高橋,チラシ,A3,コート110kg,4/0,,,2000,1,市外,2025-07-16,納品書同梱,43500,税抜,4350
Q2507-032,2025-07-14,C009,田中,名刺,91x55,パール紙180kg,1/0,,,200,1,県外,2025-07-16,特急対応、要確認,4000,税抜,400
Q2507-033,2025-07-15,C020,渡辺,チラシ,A3,マットコート135kg,4/0,,,1000,1,市内,2025-07-30,100枚ごと帯掛け、支払は月末締め翌月末,33700,税抜,3370
Q2507-034,2025-07-15,C003,高橋,チラシ,B5,コート90kg,4/0,,,500,1,引取,2025-07-22,前回同様,10000,税抜,1000
Q2507-035,2025-07-15,C017,田中,封筒,長3,クラフト70g,2/0,,,5000,1,市外,2025-07-29,前回同様（数量のみ変更）、担当者様不在のため後日連絡,27100,税抜,2710
Q2507-036,2025-07-15,一般,渡辺,リーフレット,A3,コート110kg,4/4,,三つ折,2000,1,引取,2025-07-17,Illustrator入稿,83600,税込,7600
Q2507-037,2025-07-15,C030,高橋,名刺,91x55,マットコート220kg,1/0,,片面PP+角丸,100,3,市内,2025-07-18,,9500,税抜,950
Q2507-038,2025-07-16,C005,高橋,名刺,91x55,マットコート220kg,1/0,,,100,4,市内,2025-07-22,,8000,税抜,800
Q2507-039,2025-07-16,D02,高橋,名刺,91x55,上質180kg,4/4,,,200,3,市外,2025-07-25,前回同様、サンプル5部別送,13000,税抜,1300
Q2507-040,2025-07-17,D05,田中,冊子,A5,コート110kg,4/4,16,中綴じ,500,1,市内,2025-07-23,前回同様、お急ぎ、サンプル5部別送,50100,税抜,5010
Q2507-041,2025-07-17,C001,渡辺,チラシ,A4,コート90kg,4/4,,,2000,1,市内,,お急ぎ、リピート,43900,税抜,4390
Q2507-042,2025-07-17,C010,渡辺,チラシ,A4,コート90kg,4/4,,,8000,1,市内,2025-07-22,支払は月末締め翌月末／地図差替えあり,83200,税抜,8320
Q2507-043,2025-07-17,一般,田中,チラシ,A5,マットコート135kg,4/0,,片面PP,100,2,引取,2025-07-25,ポスティング用、Illustrator入稿,11770,税込,1070
Q2507-044,2025-07-18,C020,渡辺,名刺,91x55,マットコート220kg,4/4,,,100,3,市内,,リピート、メールにて見積送付、校正はPDFで,10800,税抜,1080
Q2507-045,2025-07-18,一般,渡辺,冊子,A5,コート110kg,4/4,16,中綴じ,50,1,県外,2025-08-06,,15730,税込,1430
Q2507-046,2025-07-18,C007,渡辺,チラシ,B5,コート90kg,4/4,,,10000,1,市内,2025-07-31,PDF入稿、修正あり（PDF校正2回）,68700,税抜,6870
Q2507-047,2025-07-22,C007,田中,チラシ,B4,コート90kg,4/4,,,10000,1,市内,2025-08-01,サンプル5部別送、地図差替えあり、データ修正（電話番号変更）,84700,税抜,8470
Q2507-048,2025-07-22,D01,高橋,リーフレット,A4,コート110kg,4/4,,三つ折,5000,1,市外,2025-07-29,完全データ入稿／前回同様,61000,税抜,6100
Q2507-049,2025-07-23,C009,田中,名刺,91x55,上質180kg,1/0,,,100,4,県外,2025-07-31,肩書変更あり,7400,税抜,740
Q2507-050,2025-07-23,C037,高橋,封筒,長3,クラフト70g,2/0,,,1000,1,引取,2025-07-31,〒枠なし,11000,税抜,1100
Q2507-051,2025-07-23,C007,渡辺,封筒,長3,クラフト70g,2/0,,,5000,1,市内,2025-07-31,見積のみ、メールにて見積送付,27100,税抜,2710
Q2507-052,2025-07-23,D02,高橋,リーフレット,A4,コート90kg,4/4,,三つ折,2000,1,引取,2025-07-31,請求書は本社宛,46000,税抜,4600
Q2507-053,2025-07-23,C037,高橋,名刺,91x55,上質135kg,4/4,,角丸,100,2,市内,2025-07-28,裏面英語表記／新規デザイン,11500,税抜,1150
Q2507-054,2025-07-23,C012,高橋,名刺,91x55,マットコート220kg,4/0,,,100,10,市内,2025-07-28,,22000,税抜,2200
Q2507-055,2025-07-23,C032,高橋,名刺,91x55,ヴァンヌーボ195kg,4/0,,,1000,4,市外,2025-07-31,,53500,税抜,5350
Q2507-056,2025-07-24,C030,高橋,冊子,A4,マットコート135kg,4/4,20,中綴じ,100,1,市内,2025-08-05,担当者様不在のため後日連絡,40000,税抜,4000
Q2507-057,2025-07-24,C015,渡辺,チラシ,B4,コート110kg,4/4,,,1000,1,市内,2025-08-04,Word入稿（要変換）,47500,税抜,4750
Q2507-058,2025-07-24,D01,高橋,封筒,長3,白ケント80g,1/0,,,3000,1,市外,2025-08-07,社名・住所入り,17500,税抜,1750
Q2507-059,2025-07-24,C037,高橋,チラシ,B5,コート90kg,1/0,,二つ折,500,1,市内,2025-07-31,紙は前回と同じ、リピート、新聞折込用,9000,税抜,900
Q2507-060,2025-07-25,C027,田中,冊子,A4,マットコート135kg,4/4,28,中綴じ,500,1,市外,2025-07-28,Illustrator入稿／請求書は本社宛／色校1回／特急（翌日納品希望）,244700,税抜,24470
Q2507-061,2025-07-25,C001,高橋,チラシ,A4,コート110kg,4/0,,,10000,1,市内,2025-08-05,メールにて見積送付／担当者様不在のため後日連絡,49500,税抜,4950
Q2507-062,2025-07-25,G05,高橋,チラシ,A4,上質90kg,1/0,,,500,1,市外,2025-08-04,前回同様／DIC近似色で／Illustrator入稿,7000,税抜,700
Q2507-063,2025-07-25,G05,高橋,チラシ,A4,上質90kg,1/0,,,500,1,市外,2025-08-04,前回同様,7000,税抜,700
Q2507-064,2025-07-25,C033,渡辺,リーフレット,B4,マットコート135kg,4/4,,二つ折,1000,1,市外,2025-08-01,前回同様、Illustrator入稿、Word入稿（要変換）,52600,税抜,5260
Q2507-065,2025-07-25,C017,田中,リーフレット,A4,コート110kg,4/4,,三つ折,2000,1,市外,2025-08-05,FAX送付済、リピート,50500,税抜,5050
Q2507-066,2025-07-25,一般,田中,名刺,91x55,ヴァンヌーボ195kg,4/0,,,100,1,引取,2025-07-29,メールにて見積送付、特急,3960,税込,360
Q2507-067,2025-07-25,C040,渡辺,名刺,91x55,上質180kg,1/0,,,100,6,市外,2025-07-31,新規デザイン、データ修正（電話番号変更）,19100,税抜,1910
Q2507-068,2025-07-28,C006,高橋,冊子,A5,マットコート135kg,4/4,8,中綴じ,300,1,引取,2025-08-18,要確認,31500,税抜,3150
Q2507-069,2025-07-28,C012,高橋,封筒,長3,白ケント80g,2/0,,,2000,1,市内,,リピート,17500,税抜,1750
Q2507-070,2025-07-28,C015,渡辺,チラシ,B4,コート110kg,4/4,,,1000,1,市内,,前回同様、急ぎ、500枚ごと帯掛け、修正なし,47900,税抜,4790
Q2507-071,2025-07-28,C031,高橋,名刺,91x55,上質135kg,4/0,,,200,1,県外,2025-08-04,リピート、前回より部数増,4000,税抜,400
Q2507-072,2025-07-28,C003,高橋,チラシ,A4,コート90kg,4/4,,,5000,1,市外,2025-08-04,FAX送付済,59500,税抜,5950
Q2507-073,2025-07-28,C031,高橋,名刺,91x55,上質135kg,4/0,,,200,1,県外,2025-08-04,リピート、前回より部数増,4000,税抜,400
Q2507-074,2025-07-29,D02,高橋,リーフレット,A3,コート110kg,4/4,,二つ折,1000,1,市外,2025-08-07,PDF入稿／Word入稿（要変換）／修正なし,45500,税抜,4550
Q2507-075,2025-07-29,D06,高橋,チラシ,A5,マットコート135kg,4/0,,,1000,1,県外,2025-08-07,,23000,税抜,2300
Q2507-076,2025-07-29,C012,高橋,チラシ,A4,上質90kg,4/0,,,300,1,市内,2025-08-01,見積のみ,8300,税抜,830
Q2507-077,2025-07-29,C025,渡辺,リーフレット,A4,コート110kg,4/4,,二つ折,2000,1,市外,2025-08-06,PDF入稿,54800,税抜,5480
Q2507-078,2025-07-29,C001,高橋,チラシ,B5,コート110kg,4/4,,,3000,1,市内,2025-08-18,地図差替えあり、相見積,48500,税抜,4850
Q2507-079,2025-07-30,C003,高橋,封筒,角2,クラフト85g,1/0,,,1200,1,市外,2025-08-06,前回同様、特色（DIC 221）、窓なし,27800,税抜,2780
Q2507-080,2025-07-30,C016,高橋,封筒,角2,白ケント100g,2/0,,,3000,1,引取,2025-08-01,特急（翌日納品希望）／リピート／〒枠なし／要確認,83500,税抜,8350
Q2507-081,2025-07-30,C012,高橋,チラシ,B5,コート110kg,4/0,,,1000,1,引取,2025-08-18,校正はPDFで,24500,税抜,2450
Q2507-082,2025-07-31,C005,高橋,名刺,91x55,マットコート220kg,1/0,,,100,5,市内,2025-08-06,サンプル5部別送 肩書変更あり,9800,税抜,980
Q2507-083,2025-07-31,D06,高橋,リーフレット,A4,コート110kg,4/0,,Z折,1000,1,県外,2025-08-20,修正なし,25000,税抜,2500
Q2508-001,2025-08-01,C017,田中,名刺,91x55,上質135kg,1/0,,,200,10,市外,2025-08-12,要確認、メールにて見積送付,21100,税抜,2110
Q2508-002,2025-08-01,C037,高橋,封筒,長3,白ケント80g,2/0,,,3000,1,市内,2025-08-21,見積有効期限1ヶ月、ロゴDIC指定,29500,税抜,2950
Q2508-003,2025-08-01,C027,田中,名刺,91x55,上質180kg,4/0,,片面PP,200,13,市外,2025-08-12,,54700,税抜,5470
Q2508-004,2025-08-01,C034,渡辺,リーフレット,A3,コート110kg,4/4,,三つ折,2000,1,市内,2025-08-05,急ぎ,60800,税抜,6080
Q2508-005,2025-08-01,C007,渡辺,封筒,長3,クラフト70g,2/0,,,5000,1,市内,2025-08-19,特色（DIC 221）、見積有効期限1ヶ月、リピート,31100,税抜,3110
Q2508-006,2025-08-04,C025,渡辺,チラシ,A4,コート90kg,4/0,,,3000,1,引取,2025-08-25,完全データ入稿、見積のみ,28800,税抜,2880
Q2508-007,2025-08-04,C026,田中,チラシ,A3,コート90kg,4/4,,,10000,1,市内,,見積のみ,108100,税抜,10810
Q2508-008,2025-08-04,C012,高橋,封筒,洋長3,白ケント80g,1/0,,,500,1,引取,2025-08-20,見積のみ、前回同様（数量のみ変更）,10000,税抜,1000
Q2508-009,2025-08-05,C010,渡辺,名刺,91x55,上質135kg,4/4,,,500,3,市内,2025-08-08,,24000,税抜,2400
Q2508-010,2025-08-06,K007,田中,名刺,91x55,マットコート220kg,1/0,,,100,3,引取,2025-08-18,QRコード入り、文字修正あり、リピート,7040,税込,640
Q2508-011,2025-08-06,C004,高橋,チラシ,A3,コート90kg,4/4,,,10000,2,市外,2025-08-22,新聞折込用,226000,税抜,22600
Q2508-012,2025-08-06,C031,高橋,リーフレット,A4,コート90kg,4/4,,三つ折,3000,1,県外,,,63000,税抜,6300
Q2508-013,2025-08-06,C033,渡辺,チラシ,B5,コート90kg,4/0,,,10000,2,市外,2025-08-28,校正はPDFで、新聞折込用,79500,税抜,7950
Q2508-014,2025-08-07,C007,渡辺,チラシ,B4,コート90kg,4/4,,,10000,1,市内,2025-08-20,データ修正（電話番号変更）／帯掛け希望,88700,税抜,8870
Q2508-015,2025-08-07,C027,田中,封筒,長3,クラフト70g,1/0,,,2500,1,市外,2025-08-18,リピート、メールにて見積送付、お急ぎ,15900,税抜,1590
Q2508-016,2025-08-07,C037,高橋,封筒,長3,白ケント80g,2/0,,,3000,1,市内,,前回同様（数量のみ変更）,25500,税抜,2550
Q2508-017,2025-08-07,C001,高橋,チラシ,A4,コート110kg,4/0,,,8000,1,市内,,要確認、前回同様（数量のみ変更）,42500,税抜,4250
Q2508-018,2025-08-07,C003,高橋,封筒,長3,白ケント80g,1/0,,,2000,1,市外,2025-08-22,紙は前回と同じ、見積のみ,15500,税抜,1550
Q2508-019,2025-08-07,C002,高橋,リーフレット,A4,マットコート135kg,4/4,,Z折,1000,1,市外,2025-08-20,本機色校正あり、折り見本あり、他社相見積あり,59000,税抜,5900
Q2508-020,2025-08-12,C037,高橋,リーフレット,A4,マットコート135kg,4/4,,二つ折,2000,1,市内,,校正はPDFで,57500,税抜,5750
Q2508-021,2025-08-12,C037,高橋,封筒,角2,白ケント100g,1/0,,,500,1,市内,2025-08-26,納品書同梱、ロゴDIC指定,18000,税抜,1800
Q2508-022,2025-08-18,D01,高橋,冊子,A5,マットコート135kg,1/1,16,中綴じ,1000,1,市外,2025-09-05,,350000,税抜,35000
Q2508-023,2025-08-19,C001,高橋,チラシ,A4,コート110kg,4/0,,,15000,1,市内,2025-09-01,紙は前回と同じ,61000,税抜,6100
Q2508-024,2025-08-19,一般,渡辺,チラシ,A5,コート110kg,4/4,,,50,2,引取,2025-08-22,検討中,6490,税込,590
Q2508-025,2025-08-19,C027,渡辺,名刺,91x55,上質180kg,4/0,,片面PP,100,10,市外,2025-08-22,支払は月末締め翌月末／前回同様,30400,税抜,3040
Q2508-026,2025-08-20,K008,田中,冊子,A4,マットコート135kg,4/4,12,中綴じ,30,1,引取,,PDF入稿／他社相見積あり,13310,税込,1210
Q2508-027,2025-08-20,G05,高橋,冊子,A4,上質70kg,4/4,24,中綴じ,2000,1,市外,,DIC指定あり、FAX送付済、前回同様（数量のみ変更）,227000,税抜,22700
Q2508-028,2025-08-20,C003,高橋,封筒,長3,クラフト70g,2/0,,,5000,1,市外,2025-08-29,社名DIC 182、サンプル5部別送,31000,税抜,3100
Q2508-029,2025-08-20,C001,高橋,チラシ,B5,コート90kg,4/0,,,10000,2,引取,2025-09-01,,71500,税抜,7150
Q2508-030,2025-08-20,D01,高橋,チラシ,A4,コート90kg,1/0,,,5000,2,市外,2025-08-29,,30000,税抜,3000
Q2508-031,2025-08-20,C001,高橋,チラシ,A4,コート110kg,4/0,,,15000,1,市内,2025-08-29,サンプル5部別送、前回より部数増、リピート、Word入稿（要変換）、文字修正3箇所,64500,税抜,6450
Q2508-032,2025-08-21,D01,高橋,リーフレット,A4,コート110kg,4/4,,三つ折,5000,1,市外,2025-09-01,見積のみ,61000,税抜,6100
Q2508-033,2025-08-21,C002,高橋,チラシ,B4,コート90kg,4/0,,,1000,1,市外,,,27500,税抜,2750
Q2508-034,2025-08-22,D05,田中,冊子,A5,コート110kg,4/4,16,中綴じ,500,1,市内,2025-09-09,前回同様（数量のみ変更）,50100,税抜,5010
Q2508-035,2025-08-22,C006,高橋,冊子,A5,マットコート135kg,4/4,8,中綴じ,300,1,市内,2025-09-12,,31500,税抜,3150
Q2508-036,2025-08-22,C007,渡辺,リーフレット,A3,コート110kg,4/4,,二つ折,100,1,市内,2025-09-01,前回同様,10900,税抜,1090
Q2508-037,2025-08-25,C001,高橋,チラシ,B4,コート90kg,4/0,,,1000,3,市内,2025-09-01,見積有効期限1ヶ月、新聞折込用,69500,税抜,6950
Q2508-038,2025-08-25,C040,渡辺,名刺,91x55,マットコート220kg,1/0,,角丸,200,3,市外,2025-08-27,リピート、特急（翌日納品希望）,12500,税抜,1250
Q2508-039,2025-08-25,C004,高橋,チラシ,A4,コート90kg,4/4,,,20000,1,市外,2025-09-02,他社相見積あり、支払は月末締め翌月末,113500,税抜,11350
Q2508-040,2025-08-26,一般,渡辺,名刺,91x55,マットコート220kg,4/0,,,100,2,引取,,検討中、Word入稿（要変換）,5720,税込,520
Q2508-041,2025-08-26,一般,渡辺,名刺,91x55,マットコート220kg,1/0,,,100,1,引取,2025-08-29,請求書は本社宛、紙は前回と同じ,1980,税込,180
Q2508-042,2025-08-26,G08,渡辺,名刺,91x55,マットコート220kg,1/0,,,300,3,市内,,見積のみ 前回同様,8300,税抜,830
Q2508-043,2025-08-26,D01,高橋,チラシ,A4,マットコート135kg,4/0,,,5000,1,引取,2025-09-11,見積有効期限1ヶ月／ポスティング用,33500,税抜,3350
Q2508-044,2025-08-26,一般,渡辺,名刺,91x55,マットコート220kg,4/4,,,200,1,県外,2025-08-28,前回より部数増／肩書変更あり／特急,7040,税込,640
Q2508-045,2025-08-26,C002,高橋,リーフレット,A4,マットコート135kg,4/4,,Z折,1000,1,市外,,PDF入稿、前回同様（数量のみ変更）,51000,税抜,5100
Q2508-046,2025-08-27,G01,渡辺,チラシ,A4,上質90kg,1/0,,,300,1,市内,2025-09-01,FAX送付済,6300,税抜,630
Q2508-047,2025-08-27,C009,田中,リーフレット,A4,コート110kg,4/4,,三つ折,3000,1,県外,2025-09-09,帯掛け希望,63500,税抜,6350
Q2508-048,2025-08-27,D06,高橋,リーフレット,A4,マットコート135kg,4/4,,三つ折,300,1,県外,2025-09-01,修正なし,15500,税抜,1550
Q2508-049,2025-08-27,C001,高橋,チラシ,A4,コート110kg,4/0,,,15000,1,市内,2025-09-08,,61000,税抜,6100
Q2508-050,2025-08-27,C007,渡辺,チラシ,B5,コート90kg,4/4,,,20000,1,市内,,請求書は本社宛、紙は前回と同じ,81200,税抜,8120
Q2508-051,2025-08-28,G08,渡辺,冊子,A5,上質70kg,1/1,16,中綴じ,150,1,市内,2025-09-18,,12100,税抜,1210
Q2508-052,2025-08-28,C011,渡辺,チラシ,B5,上質70kg,4/0,,,2000,1,引取,2025-09-16,紙は前回と同じ、完全データ入稿、前回同様（数量のみ変更）,25400,税抜,2540
Q2508-053,2025-08-28,一般,田中,名刺,91x55,上質180kg,1/0,,片面PP,100,1,引取,2025-09-04,見積のみ,2640,税込,240
Q2508-054,2025-08-29,C015,渡辺,チラシ,A3,コート110kg,4/0,,,300,1,市内,2025-09-09,Illustrator入稿,14700,税抜,1470
Q2508-055,2025-08-29,C031,高橋,リーフレット,A4,マットコート135kg,4/4,,Z折,5000,1,県外,2025-09-16,,88000,税抜,8800
Q2508-056,2025-08-29,一般,田中,名刺,91x55,上質135kg,1/1,,,100,1,引取,2025-09-02,特急,3850,税込,350
Q2509-001,2025-09-02,C001,高橋,チラシ,B5,コート90kg,4/0,,,15000,2,市内,2025-09-11,納品書同梱,86000,税抜,8600
Q2509-002,2025-09-02,C038,田中,チラシ,A4,上質70kg,1/0,,二つ折,300,1,引取,2025-09-09,,7900,税抜,790
Q2509-003,2025-09-02,D02,高橋,冊子,A5,コート110kg,4/4,16,中綴じ,1000,1,引取,2025-09-12,,59000,税抜,5900
Q2509-004,2025-09-02,C021,渡辺,名刺,91x55,ヴァンヌーボ195kg,4/0,,,100,1,市内,,肩書変更あり／検討中,3900,税抜,390
Q2509-005,2025-09-02,C026,田中,チラシ,B4,コート90kg,4/4,,,2000,1,市内,,リピート、請求書は本社宛,51800,税抜,5180
Q2509-006,2025-09-03,C040,渡辺,名刺,91x55,マットコート220kg,1/0,,角丸,100,6,市外,2025-09-08,担当者様不在のため後日連絡／要確認,15700,税抜,1570
Q2509-007,2025-09-03,C009,田中,封筒,洋長3,白ケント80g,1/0,,,1500,1,県外,2025-09-16,500枚ごと帯掛け、社名DIC 182、メールにて見積送付,24100,税抜,2410
Q2509-008,2025-09-03,D02,高橋,チラシ,A4,コート110kg,4/4,,,2000,1,市外,2025-09-04,相見積、特急,53500,税抜,5350
Q2509-009,2025-09-04,一般,渡辺,チラシ,A5,上質90kg,1/0,,,100,1,引取,,ポスティング用,6050,税込,550
Q2509-010,2025-09-04,D01,高橋,リーフレット,A4,コート90kg,4/4,,三つ折,500,1,市外,2025-09-11,前回同様（数量のみ変更）、支払は月末締め翌月末,18000,税抜,1800
Q2509-011,2025-09-04,C037,高橋,チラシ,B5,コート90kg,1/0,,二つ折,300,1,引取,2025-09-10,支払は月末締め翌月末,8100,税抜,810
Q2509-012,2025-09-04,C002,高橋,リーフレット,A3,コート90kg,4/4,,二つ折,3000,1,市外,2025-09-24,折り見本あり 帯掛け希望,55500,税抜,5550
Q2509-013,2025-09-04,C034,渡辺,名刺,91x55,上質180kg,1/1,,,100,4,市内,2025-09-09,メールにて見積送付,11200,税抜,1120
Q2509-014,2025-09-04,C031,渡辺,名刺,91x55,マットコート220kg,4/4,,,200,6,県外,2025-09-11,他社相見積あり,29200,税抜,2920
Q2509-015,2025-09-04,C007,渡辺,封筒,長3,クラフト70g,2/0,,,5000,1,引取,2025-09-17,,27100,税抜,2710
Q2509-016,2025-09-05,C024,高橋,封筒,角2,クラフト85g,2/0,,,500,1,市内,2025-09-18,担当者様不在のため後日連絡,16500,税抜,1650
Q2509-017,2025-09-05,D06,高橋,リーフレット,A4,マットコート135kg,4/4,,三つ折,200,1,県外,2025-09-12,支払は月末締め翌月末,12500,税抜,1250
Q2509-018,2025-09-05,C002,高橋,リーフレット,A4,マットコート135kg,4/4,,三つ折,2000,1,市外,2025-09-22,前回同様（数量のみ変更） 検討中,59000,税抜,5900
Q2509-019,2025-09-05,G06,高橋,冊子,A4,コート110kg,4/4,28,中綴じ,150,1,引取,2025-09-30,見積有効期限1ヶ月,58500,税抜,5850
Q2509-020,2025-09-05,C024,高橋,名刺,91x55,ヴァンヌーボ195kg,4/4,,,200,1,引取,2025-09-16,新規作成（ロゴ支給）、PDF入稿,8300,税抜,830
Q2509-021,2025-09-05,一般,渡辺,名刺,91x55,マットコート220kg,4/0,,,100,1,引取,2025-09-16,FAX送付済,2860,税込,260
Q2509-022,2025-09-06,C012,高橋,名刺,91x55,マットコート220kg,4/0,,,200,14,市内,2025-09-16,PDF入稿、紙は前回と同じ,38500,税抜,3850
Q2509-023,2025-09-08,C002,高橋,リーフレット,A4,マットコート135kg,4/4,,三つ折,3000,1,市外,2025-09-10,校正はPDFで、特急でお願いします、前回同様、本機色校正あり,91000,税抜,9100
Q2509-024,2025-09-08,C007,渡辺,封筒,長3,クラフト70g,2/0,,,3000,1,市内,2025-09-24,前回同様,18900,税抜,1890
Q2509-025,2025-09-08,C016,高橋,リーフレット,A3,マットコート135kg,4/4,,二つ折,200,1,市内,2025-09-09,特急対応、リピート,23000,税抜,2300
Q2509-026,2025-09-08,C033,渡辺,チラシ,A4,コート90kg,4/0,,,20000,1,市外,2025-09-17,校正はPDFで、紙は前回と同じ,76100,税抜,7610
Q2509-027,2025-09-09,C028,田中,冊子,A5,コート110kg,4/4,8,中綴じ,300,1,市内,2025-10-02,修正なし、完全データ入稿,28600,税抜,2860
Q2509-028,2025-09-09,C012,高橋,封筒,長3,クラフト70g,1/0,,,2500,1,引取,2025-09-25,他社相見積あり、前回より部数増、請求書は本社宛,13000,税抜,1300
Q2509-029,2025-09-10,C027,田中,名刺,91x55,上質180kg,4/0,,片面PP,100,12,市外,2025-09-19,Word入稿（要変換）,35500,税抜,3550
Q2509-030,2025-09-10,K013,渡辺,チラシ,A4,マットコート135kg,4/0,,,200,1,引取,2025-09-16,,7480,税込,680
Q2509-031,2025-09-10,C030,高橋,リーフレット,A4,マットコート135kg,4/4,,三つ折,3000,1,引取,2025-09-29,検討中,66500,税抜,6650
Q2509-032,2025-09-11,C007,渡辺,チラシ,B4,コート110kg,4/0,,,15000,1,市内,2025-09-24,リピート,78000,税抜,7800
Q2509-033,2025-09-11,C001,高橋,チラシ,A4,コート110kg,4/0,,,10000,1,市内,2025-09-25,リピート,49500,税抜,4950
Q2509-034,2025-09-11,C007,渡辺,リーフレット,A3,コート90kg,4/4,,二つ折,300,1,市内,2025-09-22,Illustrator入稿、修正なし,23900,税抜,2390
Q2509-035,2025-09-12,G01,渡辺,冊子,A5,上質70kg,4/4,16,中綴じ,100,1,市内,2025-10-02,紙は前回と同じ,17600,税抜,1760
Q2509-036,2025-09-12,C002,高橋,リーフレット,A4,マットコート135kg,4/4,,三つ折,2000,1,市外,2025-09-18,お急ぎ,59000,税抜,5900
Q2509-037,2025-09-12,C027,田中,封筒,長3,クラフト70g,1/0,,,2500,1,市外,2025-09-24,前回より部数増、窓なし,15900,税抜,1590
Q2509-038,2025-09-12,D05,田中,冊子,A5,マットコート135kg,4/4,24,中綴じ,300,1,市内,,リピート,69000,税抜,6900
Q2509-039,2025-09-12,一般,田中,冊子,A4,マットコート135kg,4/4,16,中綴じ,50,1,引取,,他社相見積あり、Illustrator入稿,22000,税込,2000
Q2509-040,2025-09-16,D05,田中,リーフレット,A3,コート110kg,4/4,,二つ折,5000,1,引取,2025-09-18,急ぎ、前回同様,75900,税抜,7590
Q2509-041,2025-09-16,一般,田中,名刺,91x55,マットコート220kg,4/4,,,100,1,引取,2025-09-18,リピート,4950,税込,450
Q2509-042,2025-09-16,C001,高橋,チラシ,B4,コート90kg,4/0,,,10000,1,市内,2025-09-24,メールにて見積送付,53500,税抜,5350
Q2509-043,2025-09-16,C005,高橋,封筒,角2,クラフト85g,1/0,,,1000,1,市内,2025-09-26,修正なし,17000,税抜,1700
Q2509-044,2025-09-16,C007,高橋,チラシ,A3,コート90kg,4/4,,,10000,1,市内,2025-09-30,,102500,税抜,10250
Q2509-045,2025-09-17,C024,高橋,封筒,角2,白ケント100g,1/0,,,1000,1,市内,2025-09-19,,28000,税抜,2800
Q2509-046,2025-09-17,C003,高橋,封筒,長3,クラフト70g,1/0,,,2500,1,市外,2025-09-26,完全データ入稿／修正なし,15000,税抜,1500
Q2509-047,2025-09-17,一般,渡辺,名刺,91x55,上質180kg,1/0,,片面PP,500,1,引取,2025-09-24,前回同様（数量のみ変更）、請求書は本社宛,7480,税込,680
Q2509-048,2025-09-17,G05,高橋,冊子,A4,上質70kg,1/1,12,中綴じ,500,1,市外,2025-10-06,修正あり（PDF校正2回） PDF入稿,34500,税抜,3450
Q2509-049,2025-09-17,C001,渡辺,チラシ,B4,上質70kg,4/0,,,30000,1,市内,2025-09-29,,102200,税抜,10220
Q2509-050,2025-09-17,一般,高橋,冊子,A4,上質70kg,4/4,32,中綴じ,200,1,引取,2025-10-03,校正はPDFで,96800,税込,8800
Q2509-051,2025-09-17,D05,田中,チラシ,A5,コート110kg,4/0,,,5000,1,市内,2025-09-18,特急（翌日納品希望）,32300,税抜,3230
Q2509-052,2025-09-18,C031,高橋,封筒,角2,白ケント100g,2/0,,,3000,1,県外,2025-09-30,前回同様（数量のみ変更）、修正なし,72500,税抜,7250
Q2509-053,2025-09-18,C006,高橋,リーフレット,A3,コート110kg,4/4,,二つ折,3000,1,市内,,紙は前回と同じ,67500,税抜,6750
Q2509-054,2025-09-18,C031,高橋,封筒,角2,白ケント100g,2/0,,,5000,1,県外,2025-10-03,見積有効期限1ヶ月,114500,税抜,11450
Q2509-055,2025-09-18,C028,田中,リーフレット,A4,コート110kg,4/4,,三つ折,3000,1,市内,2025-09-29,Word入稿（要変換）、納品書同梱,56200,税抜,5620
Q2509-056,2025-09-19,C027,田中,リーフレット,A4,マットコート135kg,4/4,,二つ折,2000,1,市外,2025-09-29,,57700,税抜,5770
Q2509-057,2025-09-19,C033,渡辺,リーフレット,B4,マットコート135kg,4/4,,二つ折,1000,1,市外,2025-09-25,修正あり（PDF校正2回）、急ぎ、担当者様不在のため後日連絡,56100,税抜,5610
Q2509-058,2025-09-19,C017,田中,封筒,長3,白ケント80g,1/0,,,5000,1,市外,2025-10-01,特色（DIC 221）,32500,税抜,3250
Q2509-059,2025-09-22,C010,渡辺,チラシ,B4,コート90kg,4/4,,,20000,3,市内,2025-10-01,見積有効期限1ヶ月,372000,税抜,37200
Q2509-060,2025-09-22,C001,高橋,チラシ,A4,コート110kg,4/0,,,10000,1,市内,2025-10-01,新聞折込用,49500,税抜,4950
Q2509-061,2025-09-22,D06,高橋,リーフレット,A4,コート110kg,4/4,,三つ折,100,1,引取,2025-09-26,折り見本あり 紙は前回と同じ,8200,税抜,820
Q2509-062,2025-09-22,C018,田中,チラシ,A4,コート110kg,4/0,,,10000,1,市内,2025-10-03,,55300,税抜,5530
Q2509-063,2025-09-22,C026,田中,チラシ,B4,コート90kg,4/4,,,200,1,市内,2025-10-01,FAX送付済,16100,税抜,1610
Q2509-064,2025-09-22,C014,渡辺,リーフレット,A4,コート90kg,4/4,,三つ折,500,1,市内,2025-10-02,要確認、サンプル5部別送,20800,税抜,2080
Q2509-065,2025-09-24,C009,田中,名刺,91x55,ヴァンヌーボ195kg,4/4,,,100,2,県外,2025-10-02,,8000,税抜,800
Q2509-066,2025-09-24,C023,高橋,冊子,A4,マットコート135kg,1/1,8,中綴じ,1000,1,県外,2025-10-14,本機色校正あり、ページ数変更の可能性あり,56000,税抜,5600
Q2509-067,2025-09-24,C031,高橋,リーフレット,A4,コート90kg,4/4,,三つ折,3000,1,県外,2025-10-10,前回同様（数量のみ変更）、サンプル5部別送,63000,税抜,6300
Q2509-068,2025-09-24,一般,田中,名刺,91x55,マットコート220kg,4/0,,,100,1,引取,2025-09-29,,2860,税込,260
Q2509-069,2025-09-24,C021,渡辺,名刺,91x55,マットコート220kg,1/1,,,500,4,引取,2025-10-02,肩書変更あり、サンプル5部別送,28100,税抜,2810
Q2509-070,2025-09-24,C040,渡辺,名刺,91x55,マットコート220kg,4/0,,,100,3,市外,2025-09-30,急ぎ／裏面英語表記／Word入稿（要変換）／新規デザイン,13600,税抜,1360
Q2509-071,2025-09-25,C004,高橋,チラシ,A3,コート90kg,4/4,,,10000,1,市外,2025-10-10,PDF入稿,113500,税抜,11350
Q2509-072,2025-09-25,D06,高橋,名刺,91x55,マットコート220kg,4/0,,,100,1,県外,2025-10-03,,2600,税抜,260
Q2509-073,2025-09-25,C026,田中,チラシ,B5,コート90kg,4/4,,,20000,1,市内,2025-10-10,支払は月末締め翌月末、Word入稿（要変換）,85500,税抜,8550
Q2509-074,2025-09-25,一般,渡辺,名刺,91x55,上質180kg,1/0,,,200,1,引取,2025-10-03,相見積,2530,税込,230
Q2509-075,2025-09-25,D01,高橋,チラシ,A4,コート90kg,4/4,,,5000,1,市外,2025-10-03,支払は月末締め翌月末,50000,税抜,5000
Q2509-076,2025-09-26,G03,高橋,チラシ,A5,上質70kg,1/0,,,200,1,市外,2025-10-07,新聞折込用、Illustrator入稿,7000,税抜,700
Q2509-077,2025-09-26,一般,渡辺,名刺,91x55,マットコート220kg,1/0,,,300,2,引取,,,6160,税込,560
Q2509-078,2025-09-29,D01,高橋,リーフレット,A4,コート90kg,4/4,,三つ折,500,1,市外,2025-10-01,特急でお願いします,24500,税抜,2450
Q2509-079,2025-09-29,C040,渡辺,チラシ,B5,マットコート135kg,4/4,,片面PP,1500,1,市外,2025-09-30,Illustrator入稿、前回同様、特急（翌日納品希望）,92400,税抜,9240
Q2509-080,2025-09-30,C009,田中,名刺,91x55,マットコート220kg,4/0,,,300,1,引取,2025-10-08,サンプル5部別送／新規デザイン,6900,税抜,690
Q2509-081,2025-09-30,D06,高橋,リーフレット,A3,コート110kg,4/4,,三つ折,2000,1,県外,2025-10-07,前回同様 PDF入稿,53000,税抜,5300
Q2509-082,2025-09-30,G03,高橋,チラシ,A5,上質90kg,4/0,,,1500,1,市外,,担当者様不在のため後日連絡,24000,税抜,2400
Q2509-083,2025-09-30,C040,渡辺,リーフレット,A4,コート90kg,4/4,,三つ折,300,1,市外,2025-10-06,DIC近似色で,19600,税抜,1960
