quote_id,quote_date,customer_code,rep,product,method,period,rate_applied,c_plates,c_impressions,c_paper,c_clicks,c_data_fee,c_cutting,c_folding,c_pp,c_binding,c_envelopes,c_cards,base_total,after_rate,min_applied,after_min,rush,x_data_fix,x_spot,x_proof,x_banding,x_design,pre_round,round_unit,sub_rounded,delivery_fee,rep_adjust,true_net,rule_net,written_net,written_amount,written_tax_label,written_tax_amount,quirk,quirk_detail,related_quote_id,priced_qty,priced_kinds,messy_ledger_ref,messy_copies_ref,messy_memo_ref,messy_amount_note
Q2210-001,2022-10-03,C001,高橋,名刺,card,0,0.9,0,0,0,0,0,0,0,0,0,0,14160,14160,12744,0,12744,0,0,0,0,0,5500,18244,10,18240,0,-240,18000,18000,18000,18000,税抜,,clean,,,100,6,,,,
Q2210-002,2022-10-03,C006,鈴木,名刺,card,0,0.95,0,0,0,0,0,0,0,0,0,0,17400,17400,16530,0,16530,0,0,0,0,0,0,16530,10,16530,0,0,16530,16530,16530,16530,,,clean,,,1000,2,,,,
Q2210-003,2022-10-04,C040,鈴木,名刺,card,0,1.05,0,0,0,0,0,0,0,0,0,0,7500,7500,7875,0,7875,0,0,0,0,0,0,7875,10,7870,1500,0,9370,9370,9370,9370,,,clean,,,200,3,,,,
Q2210-004,2022-10-04,C040,鈴木,封筒,env,0,1.05,3600,7800,0,0,0,0,0,0,0,14400,0,25800,27090,0,27090,0,0,0,0,0,0,27090,10,27090,1500,0,28590,28590,28590,28590,,,clean,,,1500,1,,,,
Q2210-005,2022-10-05,C035,鈴木,冊子,offset,0,1,10000,8000,11400,0,0,0,0,0,8000,0,0,37400,37400,0,37400,0,3000,0,0,0,0,40400,10,40400,0,0,40400,40400,40400,40400,,,clean,,,500,1,,,,
Q2210-006,2022-10-05,C037,高橋,リーフレット,offset,0,1,20000,27200,22800,0,0,800,10500,0,0,0,0,81300,81300,0,81300,0,0,0,0,0,0,81300,10,81300,0,-300,81000,81000,81000,81000,税抜,,clean,,,5000,1,,,,
Q2210-007,2022-10-05,C009,田中,名刺,card,0,0.95,0,0,0,0,0,0,0,0,0,0,11100,11100,10545,0,10545,0,0,0,0,0,0,10545,10,10540,520,0,11060,11060,11060,11060,税抜,,clean,,,100,3,,,,
Q2210-008,2022-10-05,C009,田中,名刺,card,0,0.95,0,0,0,0,0,0,0,0,0,0,15340,15340,14573,0,14573,0,0,0,0,0,0,14573,10,14570,520,0,15090,15090,15090,15090,税抜,,clean,,,100,6,,,,
Q2210-009,2022-10-06,C033,鈴木,名刺,card,0,1,0,0,0,0,0,0,0,0,0,0,3400,3400,3400,0,3400,0,0,0,0,0,0,3400,10,3400,1500,0,4900,4900,4900,4900,,,clean,,,100,1,,,,
Q2210-010,2022-10-06,一般,田中,チラシ,od,0,1,0,0,916.7,6000,1500,800,0,6000,0,0,0,15216.7,15216.7,0,15216.7,0,0,0,0,0,0,15216.7,10,15210,0,0,15210,15210,15210,16731,,,clean,,,100,1,,,,
Q2210-011,2022-10-06,D05,田中,リーフレット,offset,0,0.85,20000,27200,22800,0,0,800,8000,0,0,0,0,78800,66980,0,66980,0,0,0,0,2000,0,68980,10,68980,0,0,68980,68980,68980,68980,税抜,,clean,,,5000,1,,,,
Q2210-012,2022-10-06,D02,高橋,チラシ,offset,0,0.8,10000,8000,10500,0,0,800,0,0,0,0,0,29300,23440,0,23440,0,0,0,0,0,0,23440,10,23440,1500,-440,24500,24500,24500,24500,,,clean,,,3000,1,,,,
Q2210-013,2022-10-07,D01,高橋,リーフレット,offset,0,0.8,20000,21600,15200,0,0,800,10500,0,0,0,0,68100,54480,0,54480,0,0,0,0,0,0,54480,10,54480,0,-480,54000,54000,54000,54000,税抜,,clean,,,5000,1,,,,
Q2210-014,2022-10-07,C002,高橋,リーフレット,offset,0,1,20000,16000,11400,0,0,800,7300,0,0,0,0,55500,55500,0,55500,0,0,0,0,0,0,55500,10,55500,0,0,55500,55500,55500,55500,,,clean,,,3000,1,,,,
Q2210-015,2022-10-07,一般,田中,名刺,card,0,1,0,0,0,0,0,0,0,0,0,0,2900,2900,2900,0,2900,0,0,0,0,0,0,2900,10,2900,0,0,2900,2900,2900,3190,税込,,clean,,,100,1,,,,
Q2210-016,2022-10-07,C017,田中,封筒,env,0,0.9,1800,2000,0,0,0,0,0,0,0,2400,0,6200,5580,0,5580,0,0,4000,0,0,0,9580,10,9580,1500,0,11080,11080,11080,11080,税抜,,clean,,,1000,1,,,,
Q2210-017,2022-10-11,K007,田中,チラシ,od,0,1,0,0,471.7,3000,1500,800,0,0,0,0,0,5771.7,5771.7,0,5771.7,0,0,0,0,0,0,5771.7,10,5770,0,0,5770,5770,5770,6347,,,clean,,,100,1,,,,
Q2210-018,2022-10-11,C034,鈴木,リーフレット,offset,0,1,20000,21600,12600,0,0,800,10500,0,0,0,0,65500,65500,0,65500,16375,0,0,0,0,0,81875,10,81870,0,0,81870,81870,81870,81870,,,clean,,,5000,1,,,,
Q2210-019,2022-10-11,D01,高橋,リーフレット,od,0,0.8,0,0,1754.4,13800,1500,800,4100,0,0,0,0,21954.4,17563.52,0,17563.52,4390.88,0,0,0,0,0,21954.4,10,21950,1500,-450,23000,23000,23000,23000,,,clean,,,500,1,,,,
Q2210-020,2022-10-11,一般,田中,名刺,card,0,1,0,0,0,0,0,0,0,0,0,0,1600,1600,1600,0,1600,0,1000,0,0,0,0,2600,10,2600,0,0,2600,2600,2600,2860,,,clean,,,100,1,,,,
Q2210-021,2022-10-11,C003,高橋,名刺,card,0,1,0,0,0,0,0,0,0,0,0,0,20020,20020,20020,0,20020,0,0,0,0,0,0,20020,10,20020,1500,-20,21500,21500,21500,21500,,,clean,,,100,8,,,,
Q2210-022,2022-10-11,C038,田中,名刺,card,0,1,0,0,0,0,0,0,0,0,0,0,4800,4800,4800,0,4800,0,1000,0,0,0,3500,9300,10,9300,800,0,10100,10100,10100,10100,税抜,,clean,,,100,2,,,,
Q2210-023,2022-10-11,C036,田中,封筒,env,0,0.9,1800,3900,0,0,0,0,0,0,0,19200,0,24900,22410,0,22410,0,0,4000,0,0,0,26410,10,26410,0,0,26410,26410,26410,26410,,,clean,,,2000,1,,,,
Q2210-024,2022-10-12,C001,高橋,チラシ,offset,0,0.9,30000,24000,26100,0,0,800,0,0,0,0,0,80900,72810,0,72810,0,0,0,0,0,0,72810,10,72810,0,-310,72500,72500,72500,72500,,,clean,,,3000,3,,,,
Q2210-025,2022-10-12,C020,田中,チラシ,offset,0,1,10000,8000,4950,0,0,800,0,0,0,0,0,23750,23750,0,23750,0,3000,0,0,0,0,26750,10,26750,0,0,26750,26750,26750,26750,税抜,,clean,,,1000,1,,,,
Q2210-026,2022-10-12,C040,鈴木,封筒,env,0,1.05,1800,2000,0,0,0,0,0,0,0,2400,0,6200,6510,0,6510,0,0,0,0,0,0,6510,10,6510,0,0,6510,6510,6510,6510,,,clean,,,1000,1,,,,
Q2210-027,2022-10-12,C003,高橋,封筒,env,0,1,1800,3000,0,0,0,0,0,0,0,9600,0,14400,14400,0,14400,0,0,0,0,0,0,14400,10,14400,1500,-400,15500,15500,15500,15500,税抜,,clean,,,1000,1,,,,
Q2210-028,2022-10-12,D02,高橋,チラシ,offset,0,0.8,20000,16000,7600,0,0,800,0,0,0,0,0,44400,35520,0,35520,0,0,0,0,0,0,35520,10,35520,0,-20,35500,35500,35500,35500,税抜,,clean,,,2000,1,,,,
Q2210-029,2022-10-13,D05,田中,冊子,od,0,0.85,0,0,3872.8,36600,1500,0,0,0,5000,0,0,46972.8,39926.88,0,39926.88,0,0,0,0,0,0,39926.88,10,39920,0,0,39920,39920,39920,39920,税抜,,clean,,,200,1,,,,
Q2210-030,2022-10-13,C033,鈴木,チラシ,offset,0,1,10000,19200,34650,0,0,800,0,0,0,0,0,64650,64650,0,64650,0,0,0,0,0,0,64650,10,64650,0,0,64650,64650,64650,64650,,,clean,,,20000,1,,,,
Q2210-031,2022-10-17,C035,鈴木,名刺,card,0,1,0,0,0,0,0,0,0,0,0,0,25650,25650,25650,0,25650,0,0,0,0,0,0,25650,10,25650,0,0,25650,25650,25650,25650,,,clean,,,100,10,,,,
Q2210-032,2022-10-17,C002,高橋,名刺,card,0,1,0,0,0,0,0,0,0,0,0,0,3800,3800,3800,0,3800,0,0,0,0,0,0,3800,10,3800,1500,0,5300,5300,5300,5300,税抜,,clean,,,300,1,,,,
Q2210-033,2022-10-17,D04,鈴木,リーフレット,od,0,0.75,0,0,1054,9000,1500,800,4100,0,0,0,0,16454,12340.5,0,12340.5,0,0,0,0,0,0,12340.5,10,12340,1300,0,13640,13640,13640,13640,,,clean,,,300,1,,,,
Q2210-034,2022-10-17,一般,鈴木,名刺,card,0,1,0,0,0,0,0,0,0,0,0,0,1600,1600,1600,0,1600,0,0,0,0,0,0,1600,10,1600,0,0,1600,1600,1600,1760,,,clean,,,100,1,,,,
Q2210-035,2022-10-17,C033,田中,チラシ,offset,0,1,10000,19200,34650,0,0,800,0,0,0,0,0,64650,64650,0,64650,0,0,0,0,0,0,64650,10,64650,0,0,64650,64650,64650,64650,税抜,,clean,,,20000,1,,,,
Q2210-036,2022-10-17,C018,田中,チラシ,od,0,1,0,0,3502,13800,1500,800,0,0,0,0,0,19602,19602,0,19602,0,0,0,1500,0,0,21102,10,21100,0,0,21100,21100,21100,21100,,,clean,,,500,1,,,,
Q2210-037,2022-10-18,G04,鈴木,チラシ,od,0,0.9,0,0,728.5,1200,1500,800,0,0,0,0,0,4228.5,3805.65,1,5000,0,0,0,0,0,0,5000,10,5000,1500,0,6500,6500,6500,7150,,,clean,,,300,1,,,,
Q2210-038,2022-10-19,C001,高橋,チラシ,offset,0,0.9,30000,24000,26100,0,0,800,0,0,0,0,0,80900,72810,0,72810,0,0,0,0,0,0,72810,10,72810,0,-310,72500,72500,72500,72500,税抜,,clean,,,3000,3,,,,
Q2210-039,2022-10-19,C007,田中,封筒,env,0,0.95,3600,8800,0,0,0,0,0,0,0,12000,0,24400,23180,0,23180,0,0,4000,0,0,0,27180,10,27180,0,0,27180,13500,27180,27180,,,quantity_entry_error,"recorded qty/kinds 500/1, priced 5000/1",,5000,1,,,,
Q2210-040,2022-10-19,D05,田中,チラシ,offset,0,0.85,10000,27600,50400,0,0,800,0,0,0,0,0,88800,75480,0,75480,0,0,0,0,0,0,75480,10,75480,0,0,75480,75480,75480,75480,,,clean,,,30000,1,,,,
Q2210-041,2022-10-20,一般,鈴木,名刺,card,0,1,0,0,0,0,0,0,0,0,0,0,3900,3900,3900,0,3900,0,0,0,0,0,3000,6900,10,6900,520,0,7420,7420,7420,8162,,,clean,,,200,1,,,,
Q2210-042,2022-10-20,D01,高橋,リーフレット,od,0,0.8,0,0,1754.4,13800,0,800,4100,0,0,0,0,20454.4,16363.52,0,16363.52,0,0,0,0,0,0,16363.52,10,16360,1500,-360,17500,17500,17500,17500,税抜,,clean,,,500,1,,,,
Q2210-043,2022-10-20,C004,鈴木,チラシ,offset,0,1.05,20000,27200,34650,0,0,800,0,0,0,0,0,82650,86782.5,0,86782.5,0,3000,0,0,0,0,89782.5,10,89780,0,0,89780,89780,89780,89780,,,clean,,,10000,2,,,,
Q2210-044,2022-10-20,D05,田中,冊子,offset,0,0.85,40000,32000,7800,0,0,0,0,0,8000,0,0,87800,74630,0,74630,0,0,0,0,0,0,74630,10,74630,0,0,74630,74630,74630,74630,税抜,,clean,,,500,1,,,,
Q2210-045,2022-10-21,C015,田中,封筒,env,0,1,1800,3900,0,0,0,0,0,0,0,21000,0,26700,26700,0,26700,0,0,0,0,0,0,26700,10,26700,0,0,26700,26700,26700,26700,税抜,,clean,,,1500,1,,,,
Q2210-046,2022-10-21,C009,田中,名刺,card,0,0.95,0,0,0,0,0,0,0,0,0,0,15000,15000,14250,0,14250,0,0,0,0,0,0,14250,10,14250,520,0,14770,14770,14770,14770,税抜,,clean,,,200,3,,,,
Q2210-047,2022-10-24,C012,鈴木,名刺,card,0,0.9,0,0,0,0,0,0,0,0,0,0,28490,28490,25641,0,25641,0,0,0,0,0,0,25641,10,25640,0,0,25640,25640,25640,25640,,,clean,,,100,8,,,,
Q2210-048,2022-10-24,C035,鈴木,名刺,card,0,1,0,0,0,0,0,0,0,0,0,0,25650,25650,25650,0,25650,0,0,0,0,0,0,25650,10,25650,0,0,25650,25650,25650,25650,,,clean,,,100,10,,,,
Q2210-049,2022-10-24,C003,高橋,封筒,env,0,1,1800,3000,0,0,0,0,0,0,0,7000,0,11800,11800,0,11800,0,0,0,0,0,0,11800,10,11800,1500,-300,13000,13000,13000,13000,,,clean,,,300,1,,,,
Q2210-050,2022-10-25,C038,田中,冊子,od,0,1,0,0,968.2,11400,1500,0,0,0,5000,0,0,18868.2,18868.2,0,18868.2,0,0,0,0,0,0,18868.2,10,18860,0,0,18860,18860,18860,18860,,,clean,,,200,1,,,,
Q2210-051,2022-10-26,C001,高橋,チラシ,offset,0,0.9,20000,21600,26100,0,0,800,0,0,0,0,0,68500,61650,0,61650,0,0,0,0,0,0,61650,10,61650,0,-150,61500,61500,61500,61500,税抜,,clean,,,10000,2,,,,
Q2210-052,2022-10-27,C002,高橋,チラシ,od,0,1,0,0,1754.4,7500,1500,800,0,0,0,0,0,11554.4,11554.4,0,11554.4,2888.6,0,0,0,0,0,14443,10,14440,1500,-440,15500,15500,15500,15500,税抜,,clean,,,500,1,,,,
Q2210-053,2022-10-27,C001,高橋,チラシ,offset,0,0.9,10000,10800,13050,0,0,800,0,0,0,0,0,34650,31185,0,31185,0,0,0,0,0,0,31185,10,31180,0,-180,31000,31000,31000,31000,税抜,,clean,,,10000,1,,,,
Q2210-054,2022-10-27,C007,田中,名刺,card,0,0.95,0,0,0,0,0,0,0,0,0,0,4400,4400,4180,0,4180,0,0,0,0,0,0,4180,10,4180,800,0,4980,4980,4980,4980,税抜,,clean,,,200,1,,,,
Q2210-055,2022-10-27,一般,田中,チラシ,od,0,1,0,0,607.7,3000,1500,800,0,0,0,0,0,5907.7,5907.7,0,5907.7,0,0,0,0,0,0,5907.7,10,5900,0,0,5900,5900,5900,6490,,,clean,,,200,1,,,,
Q2210-056,2022-10-27,C006,鈴木,名刺,card,0,0.95,0,0,0,0,0,0,0,0,0,0,15200,15200,14440,0,14440,0,0,0,0,0,0,14440,10,14440,0,0,14440,14440,14440,14440,,,clean,,,100,10,,,,
Q2210-057,2022-10-28,C033,鈴木,チラシ,offset,0,1,10000,19200,34650,0,0,800,0,0,0,0,0,64650,64650,0,64650,0,0,0,0,0,0,64650,10,64650,0,0,64650,64650,64650,64650,,,clean,,,20000,1,,,,
Q2210-058,2022-10-28,C024,鈴木,名刺,card,0,1,0,0,0,0,0,0,0,0,0,0,32400,32400,32400,0,32400,0,0,0,0,0,0,32400,10,32400,0,0,32400,32400,32400,32400,,,clean,,,100,15,,,,
Q2210-059,2022-10-28,一般,田中,名刺,card,0,1,0,0,0,0,0,0,0,0,0,0,9800,9800,9800,0,9800,0,0,0,0,0,0,9800,10,9800,0,0,9800,9800,9800,10780,税込,,clean,,,200,2,,,,
Q2210-060,2022-10-28,C017,田中,封筒,env,0,0.9,1800,2000,0,0,0,0,0,0,0,2400,0,6200,5580,0,5580,0,0,0,0,0,0,5580,10,5580,1500,0,7080,7080,7080,7080,税抜,,clean,,,500,1,,,,
Q2210-061,2022-10-31,C040,鈴木,名刺,card,0,1.05,0,0,0,0,0,0,0,0,0,0,10500,10500,11025,0,11025,0,0,0,0,0,0,11025,10,11020,1500,0,12520,12520,12520,12520,,,clean,,,100,5,,,,
Q2210-062,2022-10-31,C040,鈴木,名刺,card,0,1.05,0,0,0,0,0,0,0,0,0,0,10000,10000,10500,0,10500,0,0,0,0,0,0,10500,10,10500,1500,0,12000,12000,12000,12000,,,clean,,,200,4,,,,
Q2210-063,2022-10-31,C002,高橋,チラシ,offset,0,1,10000,8000,5250,0,0,800,0,0,0,0,0,24050,24050,0,24050,0,0,0,0,0,0,24050,10,24050,1500,-50,25500,25500,25500,25500,税抜,,clean,,,1000,1,,,,
Q2210-064,2022-10-31,C001,高橋,チラシ,offset,0,0.9,20000,21600,39150,0,0,800,0,0,0,0,0,81550,73395,0,73395,0,0,4000,0,0,0,77395,10,77390,0,-390,77000,77000,77000,77000,税抜,,clean,,,15000,2,,,,
Q2211-001,2022-11-01,K010,田中,名刺,card,0,1,0,0,0,0,0,0,0,0,0,0,3100,3100,3100,0,3100,0,0,0,0,0,3000,6100,10,6100,0,0,6100,6100,6100,6710,税込,,clean,,,200,1,,,,
Q2211-002,2022-11-01,D04,鈴木,チラシ,offset,0,0.75,10000,10800,14850,0,0,800,0,0,0,0,0,36450,27337.5,0,27337.5,0,0,0,0,0,0,27337.5,10,27330,5200,0,32530,32530,32530,32530,,,clean,,,10000,1,,,,
Q2211-003,2022-11-01,C001,高橋,チラシ,offset,0,0.9,10000,13600,22800,0,0,800,0,0,0,0,0,47200,42480,0,42480,10620,0,0,0,0,0,53100,10,53100,0,-100,53000,53000,53000,53000,税抜,,clean,,,10000,1,,,,
Q2211-004,2022-11-01,一般,田中,名刺,card,0,1,0,0,0,0,0,0,0,0,0,0,7800,7800,7800,0,7800,0,0,0,0,0,0,7800,10,7800,0,0,7800,7800,7800,8580,税込,,clean,,,100,2,,,,
Q2211-005,2022-11-02,C002,高橋,リーフレット,offset,0,1,20000,16000,6300,0,0,800,5700,0,0,0,0,48800,48800,0,48800,0,0,0,0,0,0,48800,10,48800,0,-300,48500,48500,48500,48500,,,clean,,,2000,1,,,,
Q2211-006,2022-11-02,C017,田中,封筒,env,0,0.9,1800,2000,0,0,0,0,0,0,0,2400,0,6200,5580,0,5580,0,0,0,0,0,0,5580,10,5580,1500,0,7080,7080,7080,7080,税抜,,clean,,,1000,1,,,,
Q2211-007,2022-11-02,C012,田中,名刺,card,0,0.9,0,0,0,0,0,0,0,0,0,0,8400,8400,7560,0,7560,0,1000,0,0,0,0,8560,10,8560,800,0,9360,9360,9360,9360,,,clean,,,300,2,,,,
Q2211-008,2022-11-02,D01,高橋,リーフレット,od,0,0.8,0,0,1754.4,13800,0,800,4100,0,0,0,0,20454.4,16363.52,0,16363.52,0,0,0,0,0,0,16363.52,10,16360,1500,-360,17500,17500,17500,17500,,,clean,,,500,1,,,,
Q2211-009,2022-11-02,C022,田中,封筒,env,0,0.95,3600,5200,0,0,0,0,0,0,0,4800,0,13600,12920,0,12920,0,0,4000,0,0,0,16920,10,16920,0,0,16920,16920,16920,16920,税抜,,clean,,,2000,1,,,,
Q2211-010,2022-11-04,K013,鈴木,チラシ,od,0,1,0,0,471.7,1500,1500,800,0,0,0,0,0,4271.7,4271.7,1,5000,0,0,0,0,0,0,5000,10,5000,800,0,5800,5800,5800,6380,,,clean,,,100,1,,,,
Q2211-011,2022-11-04,一般,田中,名刺,card,0,1,0,0,0,0,0,0,0,0,0,0,3400,3400,3400,0,3400,0,0,0,0,0,0,3400,10,3400,0,0,3400,3400,3400,3740,税込,,clean,,,100,1,,,,
Q2211-012,2022-11-04,C025,鈴木,チラシ,offset,0,1,10000,8000,6300,0,0,800,0,0,0,0,0,25100,25100,0,25100,0,0,0,0,0,0,25100,10,25100,1500,0,26600,26600,26600,26600,,,clean,,,3000,1,,,,
Q2211-013,2022-11-07,C012,高橋,名刺,card,0,0.9,0,0,0,0,0,0,0,0,0,0,20790,20790,18711,0,18711,0,0,0,0,0,0,18711,10,18710,0,-210,18500,18500,18500,18500,税抜,,clean,,,100,8,,,,
Q2211-014,2022-11-07,C029,高橋,名刺,card,0,0.95,0,0,0,0,0,0,0,0,0,0,10800,10800,10260,0,10260,0,0,0,0,0,0,10260,10,10260,0,-260,10000,10000,10000,10000,税抜,,clean,,,100,4,,,,
Q2211-015,2022-11-07,C006,鈴木,封筒,env,0,0.95,3600,4000,0,0,0,0,0,0,0,5600,0,13200,12540,0,12540,0,0,4000,0,0,0,16540,10,16540,0,0,16540,16540,16540,16540,,,clean,,,1000,1,,,,
Q2211-016,2022-11-07,C015,田中,名刺,card,0,1,0,0,0,0,0,0,0,0,0,0,6400,6400,6400,0,6400,0,1000,0,0,0,0,7400,10,7400,800,0,8200,8200,8200,8200,税抜,,clean,,,500,2,,,,
Q2211-017,2022-11-08,C030,高橋,名刺,card,0,1,0,0,0,0,0,0,0,0,0,0,1600,1600,1600,0,1600,400,0,0,0,0,0,2000,10,2000,0,0,2000,2000,2000,2000,,,clean,,,100,1,,,,
Q2211-018,2022-11-09,C007,田中,リーフレット,offset,0,0.95,20000,16000,7600,0,0,800,3200,0,0,0,0,47600,45220,0,45220,0,0,0,0,0,0,45220,10,45220,0,0,45220,45220,45220,45220,税抜,,clean,,,1000,1,,,,
Q2211-019,2022-11-09,C002,高橋,チラシ,od,0,1,0,0,1754.4,7500,0,800,0,0,0,0,0,10054.4,10054.4,0,10054.4,0,0,0,0,0,0,10054.4,10,10050,1500,-50,11500,11500,11500,11500,,,clean,,,500,1,,,,
Q2211-020,2022-11-09,C016,高橋,名刺,card,0,1,0,0,0,0,0,0,0,0,0,0,22800,22800,22800,0,22800,0,0,0,0,0,0,22800,10,22800,0,-300,22500,22500,22500,22500,,,clean,,,100,10,,,,
Q2211-021,2022-11-09,C006,鈴木,封筒,env,0,0.95,3600,4000,0,0,0,0,0,0,0,5600,0,13200,12540,0,12540,0,0,4000,0,0,0,16540,10,16540,0,0,16540,16540,16540,16540,,,clean,,,1000,1,,,,
Q2211-022,2022-11-10,C014,鈴木,チラシ,od,0,0.9,0,0,2296.2,2000,1500,800,0,0,0,0,0,6596.2,5936.58,0,5936.58,0,0,0,0,0,0,5936.58,10,5930,800,0,6730,6730,6730,6730,,,clean,,,500,1,,,,
Q2211-023,2022-11-10,C035,鈴木,封筒,env,0,1,1800,7400,0,0,0,0,0,0,0,40000,0,49200,49200,0,49200,0,0,0,0,0,0,49200,10,49200,0,0,49200,49200,49200,49200,,,clean,,,10000,1,,,,
Q2211-024,2022-11-10,C022,田中,封筒,env,0,0.95,3600,5200,0,0,0,0,0,0,0,4800,0,13600,12920,0,12920,0,0,0,0,0,0,12920,10,12920,0,0,12920,12920,12920,12920,税抜,,clean,,,2000,1,,,,
Q2211-025,2022-11-10,C007,田中,封筒,env,0,0.95,3600,8800,0,0,0,0,0,0,0,12000,0,24400,23180,0,23180,0,0,4000,0,0,0,27180,10,27180,0,0,27180,27180,27180,27180,税抜,,clean,,,5000,1,,,,
Q2211-026,2022-11-10,C037,高橋,リーフレット,offset,0,1,20000,21600,15200,0,0,800,7300,0,0,0,0,64900,64900,0,64900,0,0,0,0,0,0,64900,10,64900,0,-400,64500,64500,64500,64500,税抜,,clean,,,3000,1,,,,
Q2211-027,2022-11-10,C006,鈴木,リーフレット,offset,0,0.95,20000,27200,22800,0,0,800,8000,0,0,0,0,78800,74860,0,74860,0,0,0,0,0,0,74860,10,74860,0,0,74860,74860,74860,74860,,,clean,,,5000,1,,,,
Q2211-028,2022-11-10,D05,田中,冊子,offset,0,0.85,20000,16000,7600,0,0,0,0,0,8000,0,0,51600,43860,0,43860,0,0,0,0,0,0,43860,10,43860,0,0,43860,43860,43860,43860,税抜,,clean,,,500,1,,,,
Q2211-029,2022-11-10,C004,鈴木,チラシ,offset,0,1.05,30000,32400,28350,0,0,800,0,0,0,0,0,91550,96127.5,0,96127.5,0,0,0,0,0,0,96127.5,10,96120,0,0,96120,96120,96120,96120,,,clean,,,5000,3,,,,
Q2211-030,2022-11-11,G08,田中,チラシ,od,0,0.9,0,0,914.5,4500,1500,800,0,0,0,0,0,7714.5,6943.05,0,6943.05,0,0,0,0,0,0,6943.05,10,6940,800,0,7740,7740,7740,8514,税込,,clean,,,300,1,,,,
Q2211-031,2022-11-11,C040,鈴木,名刺,card,0,1.05,0,0,0,0,0,0,0,0,0,0,7500,7500,7875,0,7875,0,0,0,0,0,0,7875,10,7870,1500,0,9370,9370,9370,9370,,,clean,,,200,3,,,,
Q2211-032,2022-11-11,C004,鈴木,チラシ,offset,0,1.05,20000,55200,50400,0,0,800,0,0,0,0,0,126400,132720,0,132720,0,0,0,0,0,0,132720,10,132720,0,0,132720,132720,132720,132720,,,clean,,,30000,1,,,,
Q2211-033,2022-11-12,C037,高橋,リーフレット,offset,0,1,20000,16000,7600,0,0,800,5700,0,0,0,0,50100,50100,0,50100,12525,0,4000,0,800,0,67425,10,67420,0,-420,67000,67000,67000,67000,,,clean,,,2000,1,,,,
Q2211-034,2022-11-15,C004,鈴木,チラシ,offset,0,1.05,30000,24000,18900,0,0,800,0,0,0,0,0,73700,77385,0,77385,0,0,0,0,0,0,77385,10,77380,0,0,77380,77380,77380,77380,,,clean,,,3000,3,,,,
Q2211-035,2022-11-15,C023,高橋,チラシ,offset,0,1,5000,4000,3150,0,0,800,0,0,0,0,0,12950,12950,0,12950,0,3000,0,0,0,0,15950,10,15950,1300,-250,17000,17000,17000,17000,税抜,,clean,,,2000,1,,,,
Q2211-036,2022-11-15,一般,田中,チラシ,od,0,1,0,0,700.4,6000,1500,800,0,0,0,0,0,9000.4,9000.4,0,9000.4,0,0,0,1500,0,0,10500.4,10,10500,0,0,10500,10500,10500,11550,,,clean,,,200,1,,,,
Q2211-037,2022-11-15,C036,田中,封筒,env,0,0.9,1800,3000,0,0,0,0,0,0,0,14000,0,18800,16920,0,16920,0,0,0,0,0,0,16920,10,16920,0,0,16920,16920,16920,16920,税抜,,clean,,,1000,1,,,,
Q2211-038,2022-11-15,D03,田中,リーフレット,offset,0,0.85,20000,16000,4950,0,0,800,4100,0,0,0,0,45850,38972.5,0,38972.5,0,0,0,0,0,0,38972.5,10,38970,0,0,38970,38970,38970,38970,,,clean,,,1000,1,,,,
Q2211-039,2022-11-16,C037,高橋,チラシ,od,0,1,0,0,1470.6,2000,1500,800,3200,0,0,0,0,8970.6,8970.6,0,8970.6,0,0,0,0,0,0,8970.6,10,8970,0,0,8970,8970,8970,8970,税抜,,clean,,,500,1,,,,
Q2211-040,2022-11-16,C036,田中,封筒,env,0,0.9,1800,3000,0,0,0,0,0,0,0,14000,0,18800,16920,0,16920,0,0,0,0,0,0,16920,10,16920,0,0,16920,16920,16920,16920,税抜,,clean,,,1000,1,,,,
Q2211-041,2022-11-16,C001,高橋,リーフレット,offset,0,0.9,20000,16000,7600,0,0,800,5700,0,0,0,0,50100,45090,0,45090,0,0,0,0,0,0,45090,10,45090,0,-90,45000,45000,45000,45000,税抜,,clean,,,2000,1,,,,
Q2211-042,2022-11-17,C040,鈴木,名刺,card,0,1.05,0,0,0,0,0,0,0,0,0,0,8400,8400,8820,0,8820,0,0,0,0,0,0,8820,10,8820,1500,0,10320,10320,10320,10320,,,clean,,,100,4,,,,
Q2211-043,2022-11-17,C030,高橋,チラシ,od,0,1,0,0,1470.6,13800,1500,800,0,0,0,0,0,17570.6,17570.6,0,17570.6,0,0,0,0,0,0,17570.6,10,17570,0,-70,17500,17500,17500,17500,税抜,,clean,,,500,1,,,,
Q2211-044,2022-11-18,D04,鈴木,リーフレット,offset,0,0.75,20000,16000,4950,0,0,800,4100,0,0,0,0,45850,34387.5,0,34387.5,0,0,0,0,0,0,34387.5,10,34380,1300,0,35680,35680,35680,35680,,,clean,,,1000,1,,,,
Q2211-045,2022-11-18,一般,鈴木,名刺,card,0,1.05,0,0,0,0,0,0,0,0,0,0,2400,2400,2520,0,2520,0,0,0,0,0,0,2520,10,2520,0,0,2520,2400,2520,2772,,,copied_customer_rate,rate 1.05 copied from previous quote for C040,,100,1,,,,
Q2211-046,2022-11-18,D01,高橋,リーフレット,od,0,0.8,0,0,1470.6,13800,1500,800,4100,0,0,0,0,21670.6,17336.48,0,17336.48,4334.12,0,0,0,0,0,21670.6,10,21670,1500,-170,23000,18500,23000,23000,税抜,,unrecorded_rush,rush surcharge applied without note,,500,1,,,,
Q2211-047,2022-11-18,C006,鈴木,冊子,offset,0,0.95,30000,24000,7600,0,0,0,0,0,6000,0,0,67600,64220,0,64220,0,0,0,0,0,0,64220,10,64220,0,0,64220,64220,64220,64220,,,clean,,,300,1,,,,
Q2211-048,2022-11-21,D05,田中,冊子,offset,0,0.85,20000,16000,7600,0,0,0,0,0,8000,0,0,51600,43860,0,43860,0,0,0,0,0,0,43860,10,43860,0,0,43860,43860,43860,43860,税抜,,clean,,,500,1,,,,
Q2211-049,2022-11-21,C037,高橋,リーフレット,offset,0,1,20000,16000,9900,0,0,800,4400,0,0,0,0,51100,51100,0,51100,0,0,0,0,0,0,51100,10,51100,0,-100,51000,51000,51000,51000,税抜,,clean,,,2000,1,,,,
Q2211-050,2022-11-21,G05,高橋,封筒,env,0,1,3600,7800,0,0,0,0,0,0,0,14400,0,25800,25800,0,25800,6450,0,0,0,0,0,32250,10,32250,0,-250,32000,32000,32000,35200,税込,,clean,,,1500,1,,,,
Q2211-051,2022-11-21,C024,鈴木,名刺,card,0,1,0,0,0,0,0,0,0,0,0,0,3800,3800,3800,0,3800,0,0,0,0,0,0,3800,10,3800,800,0,4600,4600,4600,4600,,,clean,,,300,1,,,,
Q2211-052,2022-11-21,C021,鈴木,名刺,card,0,1.1,0,0,0,0,0,0,0,0,0,0,39900,39900,43890,0,43890,0,0,0,0,0,0,43890,10,43890,0,0,43890,43890,43890,43890,,,clean,,,100,10,,,,
Q2211-053,2022-11-21,一般,鈴木,名刺,card,0,1,0,0,0,0,0,0,0,0,0,0,2000,2000,2000,0,2000,0,0,0,0,0,0,2000,10,2000,0,0,2000,2000,2000,2200,,,clean,,,200,1,,,,
Q2211-054,2022-11-22,一般,鈴木,名刺,card,0,1,0,0,0,0,0,0,0,0,0,0,4800,4800,4800,0,4800,0,0,0,0,0,0,4800,10,4800,0,0,4800,4800,4800,5280,,,clean,,,100,2,,,,
Q2211-055,2022-11-22,一般,鈴木,チラシ,od,0,1,0,0,1148.1,1000,1500,800,0,0,0,0,0,4448.1,4448.1,1,5000,0,0,0,0,0,0,5000,10,5000,0,0,5000,5000,5000,5500,,,clean,,,500,1,,,,
Q2211-056,2022-11-22,C003,高橋,封筒,env,0,1,1800,3000,0,0,0,0,0,0,0,9600,0,14400,14400,0,14400,0,0,0,0,0,0,14400,10,14400,0,-400,14000,14000,14000,14000,,,clean,,,1000,1,,,,
Q2211-057,2022-11-24,C001,高橋,チラシ,offset,0,0.9,20000,27200,22800,0,0,800,0,0,0,0,0,70800,63720,0,63720,0,3000,0,0,0,0,66720,10,66720,0,-220,66500,66500,66500,66500,税抜,,clean,,,10000,1,,,,
Q2211-058,2022-11-24,C001,高橋,チラシ,offset,0,0.9,30000,24000,17400,0,0,800,0,0,0,0,0,72200,64980,0,64980,0,0,0,0,0,0,64980,10,64980,0,-480,64500,64500,64500,64500,税抜,,clean,,,2000,3,,,,
Q2211-059,2022-11-24,G05,高橋,冊子,od,0,1,0,0,5603.2,36600,1500,0,0,0,4500,0,0,48203.2,48203.2,0,48203.2,0,0,0,0,0,0,48203.2,10,48200,0,-200,48000,48000,48000,52800,税込,,clean,,,100,1,,,,
Q2211-060,2022-11-25,D01,高橋,封筒,env,0,0.8,1800,3000,0,0,0,0,0,0,0,4800,0,9600,7680,0,7680,0,0,0,0,0,0,7680,10,7680,1500,0,9180,9180,9180,9180,税抜,,clean,,,300,1,,,,
Q2211-061,2022-11-25,C002,高橋,リーフレット,offset,0,1,20000,16000,3800,0,0,800,4100,0,0,0,0,44700,44700,0,44700,0,0,0,0,0,0,44700,10,44700,0,-200,44500,44500,44500,44500,税抜,,clean,,,1000,1,,,,
Q2211-062,2022-11-28,C012,高橋,名刺,card,0,0.9,0,0,0,0,0,0,0,0,0,0,8400,8400,7560,0,7560,0,0,0,0,0,0,7560,10,7560,800,0,8360,8360,8360,8360,税抜,,clean,,,300,2,,,,
Q2211-063,2022-11-28,C030,高橋,名刺,card,0,1,0,0,0,0,0,0,0,0,0,0,2700,2700,2700,0,2700,0,0,0,0,0,0,2700,10,2700,800,0,3500,3500,3500,3500,,,clean,,,100,1,,,,
Q2211-064,2022-11-29,C026,田中,チラシ,offset,0,1,20000,38400,34650,0,0,800,0,0,0,0,0,93850,93850,0,93850,0,0,0,0,0,0,93850,10,93850,0,0,93850,93850,93850,93850,,,clean,,,10000,1,,,,
Q2211-065,2022-11-29,C006,田中,冊子,offset,0,0.95,10000,8000,4950,0,0,0,0,0,6000,0,0,28950,27502.5,0,27502.5,0,0,0,0,0,0,27502.5,10,27500,0,0,27500,27500,27500,27500,税抜,,clean,,,300,1,,,,
Q2211-066,2022-11-29,C037,高橋,リーフレット,offset,0,1,20000,16000,9900,0,0,800,4400,0,0,0,0,51100,51100,0,51100,0,0,0,0,0,0,51100,10,51100,0,-100,51000,51000,51000,51000,税抜,,clean,,,2000,1,,,,
Q2211-067,2022-11-30,C026,田中,チラシ,offset,0,1,20000,55200,50400,0,0,800,0,0,0,0,0,126400,126400,0,126400,0,0,0,0,0,0,126400,10,126400,0,0,126400,126400,126400,126400,税抜,,clean,,,15000,1,,,,
Q2211-068,2022-11-30,一般,田中,チラシ,od,0,1,0,0,916.7,800,1500,800,0,0,0,0,0,4016.7,4016.7,1,5000,0,0,0,0,0,0,5000,10,5000,0,0,5000,5000,5000,5500,,,clean,,,200,1,,,,
Q2212-001,2022-12-01,C040,鈴木,冊子,offset,0,1.05,20000,16000,14850,0,0,0,0,0,13000,0,0,63850,67042.5,0,67042.5,0,0,0,0,0,0,67042.5,10,67040,0,0,67040,67040,67040,67040,,,clean,,,1000,1,,,,
Q2212-002,2022-12-01,D05,田中,冊子,offset,0,0.85,20000,16000,7600,0,0,0,0,0,6000,0,0,49600,42160,0,42160,0,0,0,0,0,0,42160,10,42160,0,0,42160,42160,42160,42160,,,clean,,,300,1,,,,
Q2212-003,2022-12-02,C007,田中,封筒,env,0,0.95,3600,6400,0,0,0,0,0,0,0,7200,0,17200,16340,0,16340,0,0,0,0,0,0,16340,10,16340,0,0,16340,16340,16340,16340,税抜,,clean,,,3000,1,,,,
Q2212-004,2022-12-02,C020,田中,チラシ,offset,0,1,10000,8000,9900,0,0,800,0,0,0,0,0,28700,28700,0,28700,0,0,0,0,0,0,28700,10,28700,0,0,28700,28700,28700,28700,税抜,,clean,,,1500,1,,,,
Q2212-005,2022-12-03,C009,田中,冊子,offset,0,0.95,20000,16000,11400,0,0,0,0,0,13000,0,0,60400,57380,0,57380,0,0,0,0,0,0,57380,10,57380,3900,0,61280,61280,61280,61280,税抜,,clean,,,1000,1,,,,
Q2212-006,2022-12-05,C006,鈴木,リーフレット,offset,0,0.95,20000,16000,9900,0,0,800,5700,0,0,0,0,52400,49780,0,49780,0,0,0,0,0,0,49780,10,49780,0,0,49780,49780,49780,49780,,,clean,,,2000,1,,,,
Q2212-007,2022-12-05,C040,鈴木,名刺,card,0,1.05,0,0,0,0,0,0,0,0,0,0,2500,2500,2625,0,2625,0,0,0,0,0,0,2625,10,2620,1500,0,4120,4120,4120,4120,,,clean,,,200,1,,,,
Q2212-008,2022-12-05,C002,高橋,チラシ,offset,0,1,10000,8000,5250,0,0,800,0,0,0,0,0,24050,24050,0,24050,0,0,0,0,0,0,24050,10,24050,1500,-50,25500,25500,25500,25500,税抜,,clean,,,1000,1,,,,
Q2212-009,2022-12-05,C037,高橋,チラシ,od,0,1,0,0,1470.6,2000,0,800,3200,0,0,0,0,7470.6,7470.6,0,7470.6,0,0,0,0,0,0,7470.6,10,7470,800,0,8270,8270,8270,8270,税抜,,clean,,,500,1,,,,
Q2212-010,2022-12-06,C006,鈴木,名刺,card,0,0.95,0,0,0,0,0,0,0,0,0,0,17400,17400,16530,0,16530,0,0,0,0,0,0,16530,10,16530,0,0,16530,16530,16530,16530,,,clean,,,1000,2,,,,
Q2212-011,2022-12-07,一般,鈴木,名刺,card,0,1,0,0,0,0,0,0,0,0,0,0,4000,4000,4000,0,4000,0,1000,0,0,0,3500,8500,10,8500,800,0,9300,9300,9300,10230,,,clean,,,200,2,,,,
Q2212-012,2022-12-08,一般,田中,名刺,card,0,1,0,0,0,0,0,0,0,0,0,0,8900,8900,8900,0,8900,0,0,0,0,0,0,8900,10,8900,1500,0,10400,10400,10400,11440,税込,,clean,,,500,1,,,,
Q2212-013,2022-12-08,C001,高橋,チラシ,offset,0,0.9,10000,13600,22800,0,0,800,0,0,0,0,0,47200,42480,0,42480,0,0,0,0,0,0,42480,10,42480,0,-480,42000,42000,42000,42000,税抜,,clean,,,10000,1,,,,
Q2212-014,2022-12-09,C005,鈴木,名刺,card,0,1,0,0,0,0,0,0,0,0,0,0,8600,8600,8600,0,8600,0,0,0,0,0,0,8600,10,8600,800,0,9400,9400,9400,9400,,,clean,,,100,2,,,,
Q2212-015,2022-12-09,C001,高橋,チラシ,offset,0,0.9,10000,13600,26100,0,0,800,0,0,0,0,0,50500,45450,0,45450,0,0,0,0,0,0,45450,10,45450,0,-450,45000,45000,45000,45000,,,clean,,,10000,1,,,,
Q2212-016,2022-12-09,C035,鈴木,リーフレット,offset,0,1,40000,32000,9900,0,0,800,5700,0,0,0,0,88400,88400,0,88400,0,0,0,0,0,0,88400,10,88400,0,0,88400,88400,88400,88400,,,clean,,,1000,2,,,,
Q2212-017,2022-12-09,C001,高橋,チラシ,offset,0,0.9,30000,24000,26100,0,0,800,0,0,0,0,0,80900,72810,0,72810,0,0,0,0,0,0,72810,10,72810,0,-310,72500,72500,72500,72500,税抜,,clean,,,3000,3,,,,
Q2212-018,2022-12-10,C001,高橋,チラシ,offset,0,0.9,10000,16400,30400,0,0,800,0,0,0,0,0,57600,51840,0,51840,12960,0,0,0,0,0,64800,10,64800,0,-300,64500,64500,64500,64500,,,clean,,,15000,1,,,,
Q2212-019,2022-12-12,一般,田中,チラシ,od,0,1,0,0,1833.4,6000,3000,800,0,0,0,0,0,11633.4,11633.4,0,11633.4,0,0,0,0,0,0,11633.4,10,11630,0,0,11630,11630,11630,12793,税込,,clean,,,200,2,,,,
Q2212-020,2022-12-12,C003,高橋,封筒,env,0,1,1800,3000,0,0,0,0,0,0,0,7000,0,11800,11800,0,11800,0,0,0,0,0,0,11800,10,11800,0,-300,11500,11500,11500,11500,税抜,,clean,,,300,1,,,,
Q2212-021,2022-12-12,C020,田中,チラシ,offset,0,1,10000,8000,4950,0,0,800,0,0,0,0,0,23750,23750,0,23750,0,0,0,0,0,0,23750,10,23750,0,0,23750,23750,23750,23750,税抜,,clean,,,1000,1,,,,
Q2212-022,2022-12-13,D02,高橋,チラシ,offset,0,0.8,20000,16000,11400,0,0,800,0,0,0,0,0,48200,38560,0,38560,0,0,0,0,0,0,38560,10,38560,0,-60,38500,38500,38500,38500,税抜,,clean,,,3000,1,,,,
Q2212-023,2022-12-13,C028,田中,チラシ,offset,0,0.9,10000,8000,4350,0,0,800,0,0,0,0,0,23150,20835,0,20835,0,0,0,0,0,0,20835,10,20830,0,0,20830,20830,20830,20830,税抜,,clean,,,1000,1,,,,
Q2212-024,2022-12-13,一般,田中,名刺,card,0,1,0,0,0,0,0,0,0,0,0,0,2600,2600,2600,0,2600,0,0,0,0,0,0,2600,10,2600,0,0,2600,2600,2600,2860,税込,,clean,,,100,1,,,,
Q2212-025,2022-12-14,C007,田中,リーフレット,offset,0,0.95,20000,16000,7600,0,0,800,3200,0,0,0,0,47600,45220,0,45220,0,0,0,0,400,0,45620,10,45620,0,0,45000,45620,45000,45000,税抜,,undocumented_discount,floor_1000: 45620 -> 45000,,1000,1,,,,
Q2212-026,2022-12-14,C007,田中,封筒,env,0,0.95,3600,8800,0,0,0,0,0,0,0,12000,0,24400,23180,0,23180,0,0,4000,0,0,0,27180,10,27180,0,0,27180,27180,27180,27180,税抜,,clean,,,5000,1,,,,
Q2212-027,2022-12-14,一般,鈴木,名刺,card,0,1,0,0,0,0,0,0,0,0,0,0,2400,2400,2400,0,2400,0,0,0,0,0,3000,5400,10,5400,0,0,5400,5400,5400,5940,,,clean,,,100,1,,,,
Q2212-028,2022-12-14,一般,田中,名刺,card,0,1,0,0,0,0,0,0,0,0,0,0,4800,4800,4800,0,4800,0,0,0,0,0,0,4800,10,4800,800,0,5600,5600,5600,6160,,,clean,,,300,2,,,,
Q2212-029,2022-12-14,C030,高橋,リーフレット,offset,0,1,20000,16000,3800,0,0,800,4100,0,0,0,0,44700,44700,0,44700,11175,3000,0,0,0,0,58875,10,58870,0,-370,58500,58500,58500,58500,,,clean,,,1000,1,,,,
Q2212-030,2022-12-14,C031,鈴木,封筒,env,0,1,3600,4000,0,0,0,0,0,0,0,5600,0,13200,13200,0,13200,0,0,4000,0,0,0,17200,10,17200,1300,0,18500,18500,18500,18500,,,clean,,,1000,1,,,,
Q2212-031,2022-12-16,C003,高橋,封筒,env,0,1,1800,3200,0,0,0,0,0,0,0,12000,0,17000,17000,0,17000,0,0,0,0,0,0,17000,10,17000,1500,0,18500,18500,18500,18500,税抜,,clean,,,3000,1,,,,
Q2212-032,2022-12-16,一般,田中,名刺,card,0,1,0,0,0,0,0,0,0,0,0,0,3400,3400,3400,0,3400,0,0,0,0,0,0,3400,10,3400,0,0,3400,3400,3400,3740,,,clean,,,200,1,,,,
Q2212-033,2022-12-16,D01,高橋,リーフレット,offset,0,0.8,20000,21600,15200,0,0,800,10500,0,0,0,0,68100,54480,0,54480,0,0,0,0,0,0,54480,10,54480,0,-480,54000,54000,54000,54000,,,clean,,,5000,1,,,,
Q2212-034,2022-12-16,C002,高橋,チラシ,offset,0,1,10000,8000,4350,0,0,800,0,0,0,0,0,23150,23150,0,23150,0,0,0,0,0,0,23150,10,23150,1500,-150,24500,24500,24500,24500,税抜,,clean,,,1000,1,,,,
Q2212-035,2022-12-16,C036,田中,封筒,env,0,0.9,1800,4800,0,0,0,0,0,0,0,24000,0,30600,27540,0,27540,0,0,4000,0,0,0,31540,10,31540,0,0,31540,31540,31540,31540,,,clean,,,2500,1,,,,
Q2212-036,2022-12-19,C006,鈴木,名刺,card,0,0.95,0,0,0,0,0,0,0,0,0,0,26100,26100,24795,0,24795,0,0,0,0,0,0,24795,10,24790,0,0,24790,24790,24790,24790,,,clean,,,1000,3,,,,
Q2212-037,2022-12-19,C003,高橋,リーフレット,offset,0,1,20000,16000,3800,0,0,800,4100,0,0,0,0,44700,44700,0,44700,0,0,0,0,0,0,44700,10,44700,0,-200,44500,44500,44500,44500,税抜,,clean,,,1000,1,,,,
Q2212-038,2022-12-20,D04,鈴木,リーフレット,od,0,0.75,0,0,3502,25800,1500,800,3200,0,0,0,0,34802,26101.5,0,26101.5,0,0,0,0,0,0,26101.5,10,26100,1300,0,27400,27400,27400,27400,,,clean,,,500,1,,,,
Q2212-039,2022-12-20,C004,田中,チラシ,offset,0,1.05,20000,55200,60800,0,0,800,0,0,0,0,0,136800,143640,0,143640,0,0,0,0,0,0,143640,10,143640,0,0,143640,143640,143640,143640,税抜,,clean,,,30000,1,,,,
Q2212-040,2022-12-20,D05,田中,リーフレット,offset,0,0.85,20000,21600,15200,0,0,800,5600,0,0,0,0,63200,53720,0,53720,0,0,0,0,0,0,53720,10,53720,0,0,53720,53720,53720,53720,税抜,,clean,,,3000,1,,,,
Q2212-041,2022-12-21,C017,田中,チラシ,offset,0,0.9,5000,4000,3150,0,0,800,3200,0,0,0,0,16150,14535,0,14535,0,0,0,0,0,0,14535,10,14530,1500,0,16030,16030,16030,16030,税抜,,clean,,,1000,1,,,,
Q2212-042,2022-12-21,C001,高橋,チラシ,offset,0,0.9,10000,13600,22800,0,0,800,0,0,0,0,0,47200,42480,0,42480,0,0,0,0,0,0,42480,10,42480,0,-480,42000,42000,42000,42000,税抜,,clean,,,10000,1,,,,
Q2212-043,2022-12-22,C022,田中,封筒,env,0,0.95,3600,5200,0,0,0,0,0,0,0,4800,0,13600,12920,0,12920,0,0,0,0,0,0,12920,10,12920,0,0,12920,12920,12920,12920,,,clean,,,2000,1,,,,
Q2212-044,2022-12-22,C025,鈴木,チラシ,offset,0,1,10000,8000,6300,0,0,800,0,0,0,0,0,25100,25100,0,25100,0,0,4000,0,1200,0,30300,10,30300,0,0,30300,30300,30300,30300,,,clean,,,3000,1,,,,
Q2212-045,2022-12-22,C006,鈴木,封筒,env,0,0.95,3600,4000,0,0,0,0,0,0,0,5600,0,13200,12540,0,12540,0,0,0,0,0,0,12540,10,12540,0,0,12540,12540,12540,12540,,,clean,,,1000,1,,,,
Q2212-046,2022-12-23,C030,高橋,チラシ,offset,0,1,20000,16000,6300,0,0,800,0,0,0,0,0,43100,43100,0,43100,0,0,0,0,0,0,43100,10,43100,0,-100,43000,43000,43000,43000,,,clean,,,2000,1,,,,
Q2212-047,2022-12-23,C030,高橋,冊子,od,0,1,0,0,968.2,11400,1500,0,0,0,4000,0,0,17868.2,17868.2,0,17868.2,0,0,0,0,0,0,17868.2,10,17860,0,-360,17500,17500,17500,17500,税抜,,clean,,,100,1,,,,
Q2212-048,2022-12-24,C001,高橋,チラシ,offset,0,0.9,10000,41600,67600,0,0,800,0,0,0,0,0,120000,108000,0,108000,0,0,0,0,0,0,108000,10,108000,0,0,108000,108000,108000,108000,税抜,,clean,,,50000,1,,,,
Q2212-049,2022-12-26,C006,鈴木,リーフレット,offset,0,0.95,20000,21600,15200,0,0,800,5600,0,0,0,0,63200,60040,0,60040,0,0,0,0,0,0,60040,10,60040,0,0,60040,60040,60040,60040,,,clean,,,3000,1,,,,
Q2212-050,2022-12-26,C031,鈴木,封筒,env,0,1,3600,5200,0,0,0,0,0,0,0,11200,0,20000,20000,0,20000,0,0,4000,0,0,0,24000,10,24000,1300,0,25300,25300,25300,25300,,,clean,,,1200,1,,,,
Q2212-051,2022-12-26,D05,田中,チラシ,offset,0,0.85,10000,27600,50400,0,0,800,0,0,0,0,0,88800,75480,0,75480,0,0,0,0,0,0,75480,10,75480,0,0,75480,75480,75480,75480,,,clean,,,30000,1,,,,
Q2212-052,2022-12-26,C001,高橋,チラシ,offset,0,0.9,20000,21600,12600,0,0,800,8000,0,0,0,0,63000,56700,0,56700,0,0,0,0,0,0,56700,10,56700,0,-200,56500,56500,56500,56500,税抜,,clean,,,5000,1,,,,
Q2212-053,2022-12-27,C002,高橋,チラシ,offset,0,1,10000,8000,6300,0,0,800,0,0,0,0,0,25100,25100,0,25100,0,3000,0,0,0,0,28100,10,28100,1500,-100,29500,29500,29500,29500,,,clean,,,2000,1,,,,
Q2212-054,2022-12-27,C018,田中,名刺,card,0,1,0,0,0,0,0,0,0,0,0,0,3400,3400,3400,0,3400,0,0,0,0,0,0,3400,10,3400,800,0,4200,4200,4200,4200,,,clean,,,100,1,,,,
Q2212-055,2022-12-27,C030,高橋,名刺,card,0,1,0,0,0,0,0,0,0,0,0,0,5400,5400,5400,0,5400,0,0,0,0,0,3500,8900,10,8900,800,0,9700,9700,9700,9700,税抜,,clean,,,100,2,,,,
Q2212-056,2022-12-27,D02,高橋,チラシ,offset,0,0.8,20000,16000,7600,0,0,800,0,0,0,0,0,44400,35520,0,35520,0,3000,0,0,0,0,38520,10,38520,0,-20,38500,38500,38500,38500,,,clean,,,1500,1,,,,
Q2212-057,2022-12-27,C001,高橋,チラシ,offset,0,0.9,20000,38400,34650,0,0,800,0,0,0,0,0,93850,84465,0,84465,0,0,0,0,0,0,84465,10,84460,0,-460,84000,84000,84000,84000,税抜,,clean,,,20000,1,,,,
Q2212-058,2022-12-28,C020,田中,チラシ,offset,0,1,20000,16000,5250,0,0,800,0,0,0,0,0,42050,42050,0,42050,0,0,0,0,0,0,42050,10,42050,0,0,42050,42050,42050,42050,税抜,,clean,,,1000,1,,,,
Q2212-059,2022-12-28,C020,田中,チラシ,offset,0,1,10000,8000,4950,0,0,800,0,0,0,0,0,23750,23750,0,23750,0,0,0,0,0,0,23750,10,23750,0,0,23750,23750,23750,23750,税抜,,clean,,,1000,1,,,,
Q2301-001,2023-01-05,C005,鈴木,名刺,card,0,1,0,0,0,0,0,0,0,0,0,0,3200,3200,3200,0,3200,0,0,0,0,0,0,3200,10,3200,0,0,3200,3200,3200,3200,,,clean,,,100,2,,,,
Q2301-002,2023-01-05,C006,鈴木,リーフレット,offset,0,0.95,20000,27200,22800,0,0,800,8000,0,0,0,0,78800,74860,0,74860,0,0,0,0,0,0,74860,10,74860,0,0,74860,74860,74860,74860,,,clean,,,5000,1,,,,
Q2301-003,2023-01-05,一般,鈴木,名刺,card,0,1,0,0,0,0,0,0,0,0,0,0,5200,5200,5200,0,5200,0,0,0,0,0,0,5200,10,5200,0,0,5200,5200,5200,5720,,,clean,,,100,2,,,,
Q2301-004,2023-01-05,K004,田中,冊子,od,0,1,0,0,1379.5,2400,1500,0,0,0,3750,0,0,9029.5,9029.5,0,9029.5,0,0,0,0,0,0,9029.5,10,9020,0,0,9020,9020,9020,9922,税込,,clean,,,50,1,,,,
Q2301-005,2023-01-06,C012,田中,名刺,card,0,0.9,0,0,0,0,0,0,0,0,0,0,16800,16800,15120,0,15120,0,0,0,0,0,0,15120,10,15120,0,0,15120,15120,15120,15120,,,clean,,,300,4,,,,
Q2301-006,2023-01-06,C012,田中,封筒,env,0,0.9,1800,3900,0,0,0,0,0,0,0,19200,0,24900,22410,0,22410,0,0,0,0,0,0,22410,10,22410,0,0,22410,22410,22410,22410,税抜,,clean,,,2000,1,,,,
Q2301-007,2023-01-06,C033,鈴木,チラシ,od,0,1,0,0,587.1,3000,0,800,0,0,0,0,0,4387.1,4387.1,1,5000,0,3000,0,0,0,0,8000,10,8000,1500,0,9500,9500,9500,9500,,,clean,,,200,1,,,,
Q2301-008,2023-01-12,C007,田中,リーフレット,od,0,0.95,0,0,3502,25800,0,800,3200,0,0,0,0,33302,31636.9,0,31636.9,0,0,0,0,0,0,31636.9,10,31630,0,0,31630,31630,31630,31630,,,clean,,,500,1,,,,
Q2301-009,2023-01-13,C007,高橋,リーフレット,od,0,0.95,0,0,3502,25800,1500,800,3200,0,0,0,0,34802,33061.9,0,33061.9,0,0,0,0,0,0,33061.9,10,33060,0,-60,31300,33000,31300,31300,税抜,,undocumented_discount,minus_5pct: 33000 -> 31300,,500,1,,,,
Q2301-010,2023-01-14,C035,鈴木,リーフレット,offset,0,1,40000,32000,9900,0,0,800,5700,0,0,0,0,88400,88400,0,88400,22100,0,0,0,0,0,110500,10,110500,0,0,110500,110500,110500,110500,,,clean,,,1000,2,,,,
Q2301-011,2023-01-16,C038,田中,チラシ,offset,0,1,40000,32000,7600,0,0,800,0,0,0,0,0,80400,80400,0,80400,0,0,0,0,0,0,80400,10,80400,0,0,80400,80400,80400,80400,税抜,,clean,,,1000,2,,,,
Q2301-012,2023-01-16,G02,高橋,冊子,od,0,0.9,0,0,5809.2,51000,1500,0,0,0,5250,0,0,63559.2,57203.28,0,57203.28,0,0,0,0,0,0,57203.28,10,57200,0,-200,57000,57000,57000,62700,税込,,clean,,,150,1,,,,
Q2301-013,2023-01-16,C003,高橋,チラシ,od,0,1,0,0,1470.6,7500,1500,800,0,0,0,0,0,11270.6,11270.6,0,11270.6,0,0,0,0,0,0,11270.6,10,11270,1500,-270,12500,12500,12500,12500,税抜,,clean,,,500,1,,,,
Q2301-014,2023-01-17,C012,高橋,名刺,card,0,0.9,0,0,0,0,0,0,0,0,0,0,3200,3200,2880,0,2880,0,0,0,0,0,0,2880,10,2880,0,0,2880,2880,2880,2880,税抜,,clean,,,200,1,,,,
Q2301-015,2023-01-17,C004,鈴木,チラシ,offset,0,1.05,10000,19200,39600,0,0,800,0,0,0,0,0,69600,73080,0,73080,0,0,0,0,0,0,73080,10,73080,0,0,73080,73080,73080,73080,,,clean,,,20000,1,,,,
Q2301-016,2023-01-18,C033,鈴木,チラシ,offset,0,1,10000,19200,34650,0,0,800,0,0,0,0,0,64650,64650,0,64650,0,0,0,0,0,0,64650,10,64650,0,0,64650,64650,64650,64650,,,clean,,,20000,1,,,,
Q2301-017,2023-01-18,C035,鈴木,封筒,env,0,1,3600,4000,0,0,0,0,0,0,0,2400,0,10000,10000,0,10000,0,0,0,0,0,0,10000,10,10000,0,0,10000,10000,10000,10000,,,clean,,,1000,1,,,,
Q2301-018,2023-01-18,C004,鈴木,名刺,card,0,1.05,0,0,0,0,0,0,0,0,0,0,10200,10200,10710,0,10710,0,0,0,0,0,0,10710,10,10710,1500,0,12210,12210,12210,12210,,,clean,,,100,3,,,,
Q2301-019,2023-01-18,G08,田中,封筒,env,0,0.9,3600,5200,0,0,0,0,0,0,0,4800,0,13600,12240,0,12240,0,0,0,0,0,0,12240,10,12240,0,0,12240,12240,12240,13464,,,clean,,,2000,1,,,,
Q2301-020,2023-01-19,G05,高橋,冊子,od,0,1,0,0,1452.3,16200,1500,0,0,0,4500,0,0,23652.3,23652.3,0,23652.3,0,0,0,0,0,0,23652.3,10,23650,1500,-150,25000,25000,25000,27500,,,clean,,,150,1,,,,
Q2301-021,2023-01-20,C003,高橋,名刺,card,0,1,0,0,0,0,0,0,0,0,0,0,6300,6300,6300,0,6300,0,0,0,0,0,3000,9300,10,9300,1500,-300,10500,10500,10500,10500,,,clean,,,300,1,,,,
Q2301-022,2023-01-20,D05,田中,チラシ,offset,0,0.85,20000,16000,9450,0,0,800,0,0,0,0,0,46250,39312.5,0,39312.5,0,0,0,0,0,0,39312.5,10,39310,0,0,39310,39310,39310,39310,,,clean,,,3000,1,,,,
Q2301-023,2023-01-23,C026,田中,チラシ,offset,0,1,20000,27200,26100,0,0,800,0,0,0,0,0,74100,74100,0,74100,0,0,0,0,0,0,74100,10,74100,0,0,74100,74100,74100,74100,税抜,,clean,,,10000,1,,,,
Q2301-024,2023-01-23,C017,田中,封筒,env,0,0.9,1800,2000,0,0,0,0,0,0,0,2400,0,6200,5580,0,5580,0,0,4000,0,0,0,9580,10,9580,0,0,9580,9580,9580,9580,税抜,,clean,,,1000,1,,,,
Q2301-025,2023-01-23,C002,高橋,チラシ,offset,0,1,10000,8000,4350,0,0,800,0,0,0,0,0,23150,23150,0,23150,0,0,0,0,0,0,23150,10,23150,1500,-150,24500,24500,24500,24500,税抜,,clean,,,1000,1,,,,
Q2301-026,2023-01-25,C025,鈴木,チラシ,offset,0,1,10000,8000,3800,0,0,800,0,0,0,0,0,22600,22600,0,22600,5650,0,0,0,0,0,28250,10,28250,0,0,28250,28250,28250,28250,,,clean,,,1000,1,,,,
Q2301-027,2023-01-25,C004,鈴木,チラシ,offset,0,1.05,20000,21600,28350,0,0,800,0,0,0,0,0,70750,74287.5,0,74287.5,0,0,0,0,0,0,74287.5,10,74280,0,0,74280,74280,74280,74280,,,clean,,,8000,2,,,,
Q2301-028,2023-01-25,C040,鈴木,名刺,card,0,1.05,0,0,0,0,0,0,0,0,0,0,2500,2500,2625,0,2625,0,0,0,0,0,0,2625,10,2620,1500,0,4120,4120,4120,4120,,,clean,,,200,1,,,,
Q2301-029,2023-01-27,C017,田中,封筒,env,0,0.9,1800,2000,0,0,0,0,0,0,0,2400,0,6200,5580,0,5580,0,0,0,0,0,0,5580,10,5580,1500,0,7080,7080,7080,7080,税抜,,clean,,,500,1,,,,
Q2301-030,2023-01-28,C022,田中,封筒,env,0,0.95,3600,5200,0,0,0,0,0,0,0,4800,0,13600,12920,0,12920,0,0,0,0,0,0,12920,10,12920,0,0,12920,12920,12920,12920,,,clean,,,2000,1,,,,
Q2301-031,2023-01-30,C040,鈴木,封筒,env,0,1.05,3600,5200,0,0,0,0,0,0,0,11200,0,20000,21000,0,21000,0,0,0,0,0,0,21000,10,21000,1500,0,22500,22500,22500,22500,,,clean,,,2000,1,,,,
Q2301-032,2023-01-30,C006,鈴木,リーフレット,offset,0,0.95,20000,16000,14850,0,0,800,7300,0,0,0,0,58950,56002.5,0,56002.5,0,0,0,0,0,0,56002.5,10,56000,0,0,56000,56000,56000,56000,,,clean,,,3000,1,,,,
Q2302-001,2023-02-01,C001,高橋,チラシ,offset,0,0.9,20000,38400,34650,0,0,800,0,0,0,0,0,93850,84465,0,84465,0,0,0,0,0,0,84465,10,84460,0,-460,84000,84000,84000,84000,,,clean,,,20000,1,,,,
Q2302-002,2023-02-01,C003,高橋,封筒,env,0,1,1800,3900,0,0,0,0,0,0,0,14400,0,20100,20100,0,20100,0,0,0,0,0,0,20100,10,20100,0,-100,20000,20000,20000,20000,,,clean,,,1200,1,,,,
Q2302-003,2023-02-02,C001,高橋,チラシ,offset,0,0.9,60000,249600,245700,0,0,800,0,0,0,0,0,556100,500490,0,500490,0,0,0,0,0,0,500490,10,500490,0,-490,500000,500000,500000,500000,,,clean,,,50000,3,,,,
Q2302-004,2023-02-03,C001,田中,チラシ,offset,0,0.9,30000,32400,39150,0,0,800,0,0,0,0,0,102350,92115,0,92115,0,0,0,0,0,0,92115,10,92110,0,0,92110,92110,92110,92110,税抜,,clean,,,5000,3,,,,
Q2302-005,2023-02-03,C004,鈴木,チラシ,offset,0,1.05,20000,21600,12600,0,0,800,0,0,0,0,0,55000,57750,0,57750,0,0,0,0,0,0,57750,10,57750,0,0,57750,57750,57750,57750,,,clean,,,5000,1,,,,
Q2302-006,2023-02-06,C002,高橋,チラシ,od,0,1,0,0,1754.4,7500,0,800,0,0,0,0,0,10054.4,10054.4,0,10054.4,0,0,0,0,0,0,10054.4,10,10050,0,-50,10000,10000,10000,10000,,,clean,,,500,1,,,,
Q2302-007,2023-02-06,C006,鈴木,リーフレット,offset,0,0.95,20000,21600,15200,0,0,800,5600,0,0,0,0,63200,60040,0,60040,0,0,0,0,0,0,60040,10,60040,0,0,60040,60040,60040,60040,,,clean,,,3000,1,,,,
Q2302-008,2023-02-06,C001,高橋,チラシ,offset,0,0.9,30000,32400,39150,0,0,800,0,0,0,0,0,102350,92115,0,92115,0,0,0,0,0,0,92115,10,92110,0,-110,92000,92000,92000,92000,,,clean,,,5000,3,,,,
Q2302-009,2023-02-06,C008,高橋,冊子,offset,0,0.95,40000,32000,14850,0,0,0,0,0,6000,0,0,92850,88207.5,0,88207.5,0,0,0,0,0,0,88207.5,10,88200,0,-200,88000,88000,88000,88000,,,clean,,,300,1,,,,
Q2302-010,2023-02-07,C026,田中,チラシ,offset,0,1,20000,21600,17400,0,0,800,0,0,0,0,0,59800,59800,0,59800,0,0,0,0,0,0,59800,10,59800,0,0,59800,59800,59800,59800,税抜,,clean,,,5000,1,,,,
Q2302-011,2023-02-07,C040,鈴木,名刺,card,0,1.05,0,0,0,0,0,0,0,0,0,0,7500,7500,7875,0,7875,0,1000,0,0,0,0,8875,10,8870,1500,0,10370,10370,10370,10370,,,clean,,,200,3,,,,
Q2302-012,2023-02-07,D02,高橋,チラシ,offset,0,0.8,20000,16000,7600,0,0,800,0,0,0,0,0,44400,35520,0,35520,0,0,0,0,0,0,35520,10,35520,0,-20,35500,35500,35500,35500,税抜,,clean,,,2000,1,,,,
Q2302-013,2023-02-07,C007,田中,チラシ,offset,0,0.95,10000,19200,57750,0,0,800,0,0,0,0,0,87750,83362.5,0,83362.5,0,0,0,0,0,0,83362.5,10,83360,0,0,83360,83360,83360,83360,税抜,,clean,,,20000,1,,,,
Q2302-014,2023-02-08,C017,田中,封筒,env,0,0.9,1800,2000,0,0,0,0,0,0,0,2400,0,6200,5580,0,5580,0,0,0,0,0,0,5580,10,5580,0,0,5580,7080,5580,5580,税抜,,omitted_delivery_fee,delivery fee 1500 not added,,1000,1,,,,
Q2302-015,2023-02-08,C002,高橋,チラシ,od,0,1,0,0,1754.4,7500,0,800,0,0,0,0,0,10054.4,10054.4,0,10054.4,0,0,0,0,0,0,10054.4,10,10050,0,-50,10000,10000,10000,10000,税抜,,clean,,,500,1,,,,
Q2302-016,2023-02-08,C025,鈴木,チラシ,offset,0,1,10000,10800,9450,0,0,800,0,0,0,0,0,31050,31050,0,31050,0,0,0,0,0,0,31050,10,31050,0,0,31050,31050,31050,31050,,,clean,,,5000,1,,,,
Q2302-017,2023-02-09,D05,田中,冊子,offset,0,0.85,30000,24000,9900,0,0,0,0,0,7500,0,0,71400,60690,0,60690,0,0,0,0,0,0,60690,10,60690,0,0,60690,60690,60690,60690,,,clean,,,300,1,,,,
Q2302-018,2023-02-10,K003,鈴木,名刺,card,0,1,0,0,0,0,0,0,0,0,0,0,2400,2400,2400,0,2400,0,0,0,0,0,0,2400,10,2400,800,0,3200,3200,3200,3520,,,clean,,,100,1,,,,
Q2302-019,2023-02-10,C036,田中,名刺,card,0,0.9,0,0,0,0,0,0,0,0,0,0,1600,1600,1440,0,1440,0,0,0,0,0,0,1440,10,1440,800,0,2240,2240,2240,2240,税抜,,clean,,,100,1,,,,
Q2302-020,2023-02-10,C020,田中,チラシ,offset,0,1,10000,8000,4950,0,0,800,0,0,0,0,0,23750,23750,0,23750,0,0,0,0,0,0,23750,10,23750,0,0,23750,23750,23750,23750,,,clean,,,1000,1,,,,
Q2302-021,2023-02-10,一般,鈴木,名刺,card,0,1,0,0,0,0,0,0,0,0,0,0,4800,4800,4800,0,4800,0,0,0,0,0,0,4800,10,4800,0,0,4800,4800,4800,5280,,,clean,,,300,2,,,,
Q2302-022,2023-02-10,C026,田中,チラシ,offset,0,1,20000,16000,4350,0,0,800,0,0,0,0,0,41150,41150,0,41150,0,0,0,8000,0,0,49150,10,49150,0,0,49150,49150,49150,49150,,,clean,,,1000,1,,,,
Q2302-023,2023-02-10,D05,田中,チラシ,offset,0,0.85,10000,8000,7600,0,0,800,0,0,0,0,0,26400,22440,0,22440,0,0,0,0,0,0,22440,10,22440,0,0,22440,22440,22440,22440,税抜,,clean,,,3000,1,,,,
Q2302-024,2023-02-13,一般,田中,名刺,card,0,1,0,0,0,0,0,0,0,0,0,0,3700,3700,3700,0,3700,0,0,0,0,0,0,3700,10,3700,1500,0,5200,5200,5200,5720,,,clean,,,100,1,,,,
Q2302-025,2023-02-13,C023,高橋,チラシ,offset,0,1,5000,4000,3150,0,0,800,0,0,0,0,0,12950,12950,0,12950,0,0,0,8000,0,0,20950,10,20950,1300,-250,22000,22000,22000,22000,税抜,,clean,,,2000,1,,,,
Q2302-026,2023-02-13,C007,田中,チラシ,offset,0,0.95,30000,40800,53550,0,0,800,0,0,0,0,0,125150,118892.5,0,118892.5,0,3000,0,0,0,0,121892.5,10,121890,0,0,121890,121890,121890,121890,,,clean,,,5000,3,,,,
Q2302-027,2023-02-13,C015,田中,名刺,card,0,1,0,0,0,0,0,0,0,0,0,0,6400,6400,6400,0,6400,0,0,0,0,0,0,6400,10,6400,0,0,6400,6400,6400,6400,税抜,,clean,,,500,2,,,,
Q2302-028,2023-02-13,一般,鈴木,チラシ,offset,0,1,5000,4000,3275,0,0,800,0,0,0,0,0,13075,13075,0,13075,0,0,0,0,0,0,13075,10,13070,0,0,13070,13070,13070,14377,,,clean,,,1000,1,,,,
Q2302-029,2023-02-14,C022,田中,封筒,env,0,0.95,3600,8800,0,0,0,0,0,0,0,12000,0,24400,23180,0,23180,0,0,0,0,0,0,23180,10,23180,0,0,23180,23180,23180,23180,税抜,,clean,,,5000,1,,,,
Q2302-030,2023-02-14,C003,高橋,チラシ,od,0,1,0,0,1470.6,7500,1500,800,0,0,0,0,0,11270.6,11270.6,0,11270.6,0,0,0,0,0,0,11270.6,10,11270,1500,-270,12500,12500,12500,12500,税抜,,clean,,,500,1,,,,
Q2302-031,2023-02-14,C022,田中,封筒,env,0,0.95,3600,5200,0,0,0,0,0,0,0,4800,0,13600,12920,0,12920,0,0,0,0,0,0,12920,10,12920,0,0,12920,12920,12920,12920,,,clean,,,1500,1,,,,
Q2302-032,2023-02-14,C006,鈴木,封筒,env,0,0.95,1800,3900,0,0,0,0,0,0,0,19200,0,24900,23655,0,23655,0,3000,0,0,0,0,26655,10,26700,0,0,26700,26650,26700,26700,,,rounding_inconsistency,rounded with half_up_100 instead of floor-10,,2000,1,,,,
Q2302-033,2023-02-14,C018,田中,名刺,card,0,1,0,0,0,0,0,0,0,0,0,0,10400,10400,10400,0,10400,0,0,0,0,0,0,10400,10,10400,0,0,10400,10400,10400,10400,税抜,,clean,,,100,4,,,,
Q2302-034,2023-02-14,一般,鈴木,チラシ,od,0,1,0,0,700.4,3000,1500,800,0,0,0,0,0,6000.4,6000.4,0,6000.4,0,0,0,0,0,0,6000.4,10,6000,0,0,6000,6000,6000,6600,,,clean,,,100,1,,,,
Q2302-035,2023-02-14,C026,田中,チラシ,offset,0,1,20000,16000,9450,0,0,800,0,0,0,0,0,46250,46250,0,46250,0,0,0,0,0,0,46250,10,46250,0,0,46250,46250,46250,46250,税抜,,clean,,,3000,1,,,,
Q2302-036,2023-02-15,C017,田中,封筒,env,0,0.9,1800,2000,0,0,0,0,0,0,0,2400,0,6200,5580,0,5580,0,0,4000,0,0,0,9580,10,9580,1500,0,11080,11080,11080,11080,税抜,,clean,,,1000,1,,,,
Q2302-037,2023-02-15,C003,高橋,封筒,env,0,1,1800,3200,0,0,0,0,0,0,0,7200,0,12200,12200,0,12200,0,0,0,0,0,0,12200,10,12200,1500,-200,13500,13500,13500,13500,,,clean,,,3000,1,,,,
Q2302-038,2023-02-16,D05,田中,チラシ,offset,0,0.85,20000,16000,5250,0,0,800,0,0,0,0,0,42050,35742.5,0,35742.5,0,0,0,0,0,0,35742.5,10,35740,0,0,35740,35740,35470,35470,税抜,,digit_typo,"transposed digits: intended 35740, written 35470",,1000,1,,,,
Q2302-039,2023-02-16,D01,高橋,リーフレット,offset,0,0.8,20000,16000,3150,0,0,800,4100,0,0,0,0,44050,35240,0,35240,0,0,0,0,0,0,35240,10,35240,0,-240,35000,35000,35000,35000,税抜,,clean,,,1000,1,,,,
Q2302-040,2023-02-16,C031,鈴木,封筒,env,0,1,3600,4000,0,0,0,0,0,0,0,5600,0,13200,13200,0,13200,0,0,0,0,0,0,13200,10,13200,1300,0,14500,14500,14500,14500,,,superseded_by_revision,re-issued with changed quantity,Q2302-040-R2,1000,1,,,,
Q2302-041,2023-02-16,D05,田中,チラシ,offset,0,0.85,10000,16400,30400,0,0,800,0,0,0,0,0,57600,48960,0,48960,0,0,0,0,0,0,48960,10,48960,0,0,48960,48960,48960,48960,,,clean,,,30000,1,,,,
Q2302-042,2023-02-17,D01,高橋,リーフレット,od,0,0.8,0,0,3502,25800,1500,800,3200,0,0,0,0,34802,27841.6,0,27841.6,0,0,0,0,0,0,27841.6,10,27840,1500,-340,29000,29000,29000,29000,税抜,,clean,,,500,1,,,,
Q2302-043,2023-02-17,C007,田中,チラシ,offset,0,0.95,10000,19200,57750,0,0,800,0,0,0,0,0,87750,83362.5,0,83362.5,0,0,0,0,8000,0,91362.5,10,91360,0,0,91360,91360,91360,91360,税抜,,clean,,,20000,1,,,,
Q2302-044,2023-02-17,C036,田中,名刺,card,0,0.9,0,0,0,0,0,0,0,0,0,0,7800,7800,7020,0,7020,0,0,0,0,0,0,7020,10,7020,800,0,7820,7820,7820,7820,税抜,,clean,,,100,3,,,,
Q2302-040-R2,2023-02-20,C031,鈴木,封筒,env,0,1,3600,4000,0,0,0,0,0,0,0,5600,0,13200,13200,0,13200,0,0,0,0,0,0,13200,10,13200,1300,0,14500,14500,14500,14500,,,clean,re-issue with changed quantity,Q2302-040,500,1,,,,
Q2302-045,2023-02-20,C001,高橋,チラシ,offset,0,0.9,20000,21600,39150,0,0,800,0,0,0,0,0,81550,73395,0,73395,0,0,0,0,0,0,73395,10,73390,0,-390,73000,73000,73000,73000,税抜,,clean,,,15000,2,,,,
Q2302-046,2023-02-21,C003,高橋,封筒,env,0,1,1800,3000,0,0,0,0,0,0,0,9600,0,14400,14400,0,14400,0,0,0,0,0,0,14400,10,14400,1500,-400,15500,15500,15500,15500,,,clean,,,1000,1,,,,
Q2302-047,2023-02-21,C006,鈴木,封筒,env,0,0.95,1800,2600,0,0,0,0,0,0,0,4800,0,9200,8740,0,8740,0,0,0,0,0,0,8740,10,8740,800,0,9540,9540,9540,9540,,,clean,,,2000,1,,,,
Q2302-048,2023-02-21,一般,田中,冊子,od,0,1,0,0,1054,2400,1500,0,0,0,3450,0,0,8404,8404,0,8404,0,0,0,0,0,0,8404,10,8400,0,0,8400,8400,8400,9240,税込,,clean,,,30,1,,,,
Q2302-049,2023-02-21,C016,高橋,名刺,card,0,1,0,0,0,0,0,0,0,0,0,0,12000,12000,12000,0,12000,0,0,0,0,0,0,12000,10,12000,0,0,12000,12000,12000,12000,税抜,,clean,,,100,5,,,,
Q2302-050,2023-02-22,C016,高橋,名刺,card,0,1,0,0,0,0,0,0,0,0,0,0,12000,12000,12000,0,12000,0,0,0,0,0,0,12000,10,12000,0,0,12000,12000,12000,12000,,,clean,,,100,5,,,,
Q2302-051,2023-02-24,C007,田中,チラシ,offset,0,0.95,20000,21600,12600,0,0,800,0,0,0,0,0,55000,52250,0,52250,0,0,0,0,0,0,52250,10,52250,0,0,52250,52250,52250,52250,税抜,,clean,,,5000,1,,,,
Q2302-052,2023-02-24,C001,高橋,チラシ,offset,0,0.9,20000,38400,34650,0,0,800,0,0,0,0,0,93850,84465,0,84465,0,0,0,0,0,0,84465,10,84460,0,-460,84000,84000,84000,84000,税抜,,clean,,,20000,1,,,,
Q2302-053,2023-02-24,D02,高橋,チラシ,offset,0,0.8,2500,4800,34650,0,0,800,0,0,0,0,0,42750,34200,0,34200,0,0,0,0,0,0,34200,10,34200,0,-200,34000,34000,34000,34000,税抜,,clean,,,10000,1,,,,
Q2302-054,2023-02-25,C006,鈴木,名刺,card,0,0.95,0,0,0,0,0,0,0,0,0,0,13600,13600,12920,0,12920,0,0,0,0,0,0,12920,10,12920,0,0,12920,12920,12920,12920,,,clean,,,100,4,,,,
Q2302-055,2023-02-25,G05,高橋,冊子,od,0,1,0,0,968.2,11400,0,0,0,0,4000,0,0,16368.2,16368.2,0,16368.2,0,0,0,0,0,0,16368.2,10,16360,1500,-360,17500,17500,1750,1925,税込,,digit_typo,"dropped a zero: intended 19250, written 1925",,100,1,,,,
Q2302-056,2023-02-27,G02,高橋,チラシ,od,0,0.9,0,0,484.1,800,1500,800,0,0,0,0,0,3584.1,3225.69,1,5000,0,0,0,0,0,0,5000,10,5000,1500,0,6500,6500,6500,7150,税込,,clean,,,200,1,,,,
Q2302-057,2023-02-28,D01,高橋,冊子,offset,0,0.8,20000,16000,7600,0,0,0,0,0,6000,0,0,49600,39680,0,39680,0,0,0,0,0,0,39680,10,39680,0,-180,39500,39500,39500,39500,税抜,,clean,,,300,1,,,,
Q2302-058,2023-02-28,C002,高橋,リーフレット,offset,0,1,20000,16000,9900,0,0,800,5700,0,0,0,0,52400,52400,0,52400,13100,0,0,0,0,0,65500,10,65500,0,0,65500,65500,65500,65500,税抜,,clean,,,2000,1,,,,
Q2302-059,2023-02-28,C018,田中,リーフレット,offset,0,1,20000,27200,29700,0,0,800,18500,0,0,0,0,96200,96200,0,96200,0,0,0,0,0,0,96200,10,96200,0,0,96200,96200,96200,96200,税抜,,clean,,,10000,1,,,,
Q2302-060,2023-02-28,一般,田中,名刺,card,0,1,0,0,0,0,0,0,0,0,0,0,3400,3400,3400,0,3400,0,0,0,0,0,0,3400,10,3400,0,0,3400,3400,3400,3740,税込,,clean,,,100,1,,,,
Q2302-061,2023-02-28,C015,田中,名刺,card,0,1,0,0,0,0,0,0,0,0,0,0,3200,3200,3200,0,3200,0,0,0,0,0,0,3200,10,3200,800,0,4000,4000,4000,4000,,,clean,,,500,1,,,,
Q2303-001,2023-03-01,G08,田中,冊子,offset,0,0.9,15000,12000,7800,0,0,0,0,0,7500,0,0,42300,38070,0,38070,0,0,0,0,0,0,38070,10,38100,0,0,38100,38070,38100,41910,,,rounding_inconsistency,rounded with half_up_100 instead of floor-10,,300,1,,,,
Q2303-002,2023-03-01,G01,高橋,冊子,offset,0,0.9,7500,6000,5200,0,0,0,0,0,6000,0,0,24700,22230,0,22230,0,0,0,8000,0,0,30230,10,30230,0,-230,30000,30000,30000,33000,税込,,clean,,,300,1,,,,
Q2303-003,2023-03-01,一般,田中,名刺,card,0,1,0,0,0,0,0,0,0,0,0,0,2900,2900,2900,0,2900,0,0,0,0,0,0,2900,10,2900,0,0,2900,2900,2900,3190,税込,,clean,,,100,1,,,,
Q2303-004,2023-03-02,C028,田中,チラシ,offset,0,0.9,10000,8000,3800,0,0,800,0,0,0,0,0,22600,20340,0,20340,0,0,0,0,0,0,20340,10,20340,0,0,20340,20340,20340,20340,,,clean,,,1000,1,,,,
Q2303-005,2023-03-02,C006,鈴木,封筒,env,0,0.95,3600,8800,0,0,0,0,0,0,0,12000,0,24400,23180,0,23180,0,0,4000,0,0,0,27180,10,27200,0,0,27200,27180,27200,27200,,,rounding_inconsistency,rounded with half_up_100 instead of floor-10,,5000,1,,,,
Q2303-006,2023-03-02,一般,田中,名刺,card,0,1,0,0,0,0,0,0,0,0,0,0,5800,5800,5800,0,5800,0,0,0,0,0,0,5800,10,5800,0,0,5800,5800,5800,6380,税込,,clean,,,500,1,,,,
Q2303-007,2023-03-02,一般,田中,名刺,card,0,1,0,0,0,0,0,0,0,0,0,0,2900,2900,2900,0,2900,0,1000,0,0,0,0,3900,10,3900,0,0,3900,3900,3900,4290,,,clean,,,100,1,,,,
Q2303-008,2023-03-02,C020,田中,チラシ,offset,0,1,10000,8000,4950,0,0,800,0,0,0,0,0,23750,23750,0,23750,0,0,0,0,0,0,23750,10,23750,0,0,23750,23750,23750,23750,税抜,,clean,,,1000,1,,,,
Q2303-009,2023-03-03,C026,田中,チラシ,offset,0,1,20000,38400,34650,0,0,800,0,0,0,0,0,93850,93850,0,93850,0,0,0,0,0,0,93850,10,93850,0,0,93850,93850,93850,93850,税抜,,clean,,,10000,1,,,,
Q2303-010,2023-03-03,C040,鈴木,封筒,env,0,1.05,1800,2600,0,0,0,0,0,0,0,4800,0,9200,9660,0,9660,0,0,0,0,0,0,9660,10,9660,0,0,9660,9660,9660,9660,,,clean,,,1500,1,,,,
Q2303-011,2023-03-03,D05,田中,チラシ,offset,0,0.85,20000,16000,9900,0,0,800,0,0,0,0,0,46700,39695,0,39695,0,0,0,0,0,0,39695,10,39690,0,0,39690,39690,39690,39690,,,superseded_by_revision,re-issued with a negotiated price,Q2303-011-R2,5000,1,,,,
Q2303-012,2023-03-03,C003,高橋,封筒,env,0,1,1800,3200,0,0,0,0,0,0,0,7200,0,12200,12200,0,12200,0,0,0,0,0,0,12200,10,12200,1500,-200,13500,13500,13500,13500,,,clean,,,3000,1,,,,
Q2303-013,2023-03-06,C012,高橋,名刺,card,0,0.9,0,0,0,0,0,0,0,0,0,0,9600,9600,8640,0,8640,0,1000,0,0,0,0,9640,10,9640,800,-440,10000,10000,10000,10000,,,clean,,,200,3,,,,
Q2303-014,2023-03-06,D05,田中,冊子,offset,0,0.85,60000,48000,19000,0,0,0,0,0,10500,0,0,137500,116875,0,116875,0,0,0,0,0,0,116875,10,116870,0,0,116870,116870,116870,116870,,,clean,,,500,1,,,,
Q2303-015,2023-03-06,C036,田中,名刺,card,0,0.9,0,0,0,0,0,0,0,0,0,0,3400,3400,3060,0,3060,0,0,0,0,0,0,3060,10,3060,800,0,3860,3860,3860,3860,税抜,,clean,,,100,1,,,,
Q2303-016,2023-03-06,C004,鈴木,名刺,card,0,1.05,0,0,0,0,0,0,0,0,0,0,20060,20060,21063,0,21063,0,0,0,0,0,0,21063,10,21060,1500,0,22560,22560,22560,22560,,,clean,,,100,6,,,,
Q2303-017,2023-03-06,C007,田中,チラシ,offset,0,0.95,30000,40800,53550,0,0,800,0,0,0,0,0,125150,118892.5,0,118892.5,0,0,0,0,0,0,118892.5,10,118890,0,0,118890,118890,118890,118890,,,clean,,,5000,3,,,,
Q2303-011-R2,2023-03-07,D05,田中,チラシ,offset,0,0.85,20000,16000,9900,0,0,800,0,0,0,0,0,46700,39695,0,39695,0,0,0,0,0,0,39695,10,39690,0,0,36900,39690,36900,36900,税抜,,negotiated_revision,price cut on re-issue: 39690 -> 36900,Q2303-011,5000,1,,,,
Q2303-018,2023-03-07,C003,高橋,封筒,env,0,1,,,,,,,,,,,,,,,,,,,,,,,,,,,72000,26000,72000,72000,,,unreconcilable,amount not derivable from the spec (orig rule net 26000),,2000,1,,,,
Q2303-019,2023-03-07,D01,高橋,チラシ,offset,0,0.8,20000,38400,54450,0,0,800,0,0,0,0,0,113650,90920,0,90920,0,0,0,0,0,0,90920,10,90920,0,-420,90500,90500,90500,90500,税抜,,clean,,,20000,1,,,,
Q2303-020,2023-03-07,D02,高橋,チラシ,offset,0,0.8,20000,16000,7600,0,0,800,0,0,0,0,0,44400,35520,0,35520,0,0,0,0,0,0,35520,10,35520,0,-20,35500,35500,35500,35500,,,clean,,,2000,1,,,,
Q2303-021,2023-03-07,G05,高橋,冊子,od,0,1,0,0,1452.3,16200,0,0,0,0,4500,0,0,22152.3,22152.3,0,22152.3,0,0,0,0,0,0,22152.3,10,22150,1500,-150,23500,23500,23500,25850,,,clean,,,150,1,,,,
Q2303-022,2023-03-08,C037,高橋,封筒,env,0,1,3600,6400,0,0,0,0,0,0,0,12000,0,22000,22000,0,22000,0,0,0,0,0,0,22000,10,22000,0,0,22000,22000,22000,22000,,,clean,,,3000,1,,,,
Q2303-023,2023-03-09,D01,高橋,チラシ,offset,0,0.8,5000,8200,30400,0,0,800,0,0,0,0,0,44400,35520,0,35520,0,0,4000,0,0,0,39520,10,39520,0,-20,39500,39500,39500,39500,税抜,,clean,,,30000,1,,,,
Q2303-024,2023-03-09,一般,田中,名刺,card,0,1,0,0,0,0,0,0,0,0,0,0,2200,2200,2200,0,2200,0,0,0,0,0,0,2200,10,2200,0,0,2200,2200,2200,2420,税込,,clean,,,100,1,,,,
Q2303-025,2023-03-09,C036,田中,封筒,env,0,0.9,1800,4800,0,0,0,0,0,0,0,24000,0,30600,27540,0,27540,0,0,4000,0,0,0,31540,10,31540,0,0,31540,31540,31540,31540,税抜,,clean,,,2500,1,,,,
Q2303-026,2023-03-09,C005,鈴木,名刺,card,0,1,0,0,0,0,0,0,0,0,0,0,4800,4800,4800,0,4800,0,1000,0,0,0,0,5800,10,5800,800,0,6600,6600,6600,6600,,,clean,,,100,3,,,,
Q2303-027,2023-03-09,C012,高橋,名刺,card,0,0.9,0,0,0,0,0,0,0,0,0,0,6200,6200,5580,0,5580,0,0,0,0,0,0,5580,10,5580,800,0,6380,46000,6380,6380,,,quantity_entry_error,"recorded qty/kinds 5000/1, priced 500/1",,500,1,,,,
Q2303-028,2023-03-09,C005,鈴木,名刺,card,0,1,0,0,0,0,0,0,0,0,0,0,1600,1600,1600,0,1600,0,0,0,0,0,0,1600,10,1600,800,0,2400,2400,2400,2400,,,clean,,,100,1,,,,
Q2303-029,2023-03-10,D04,鈴木,リーフレット,od,0,0.75,0,0,1754.4,13800,1500,800,4100,0,0,0,0,21954.4,16465.8,0,16465.8,0,0,0,0,0,0,16465.8,10,16460,1300,0,17760,17760,17760,17760,,,clean,,,500,1,,,,
Q2303-030,2023-03-10,C017,田中,封筒,env,0,0.9,1800,2000,0,0,0,0,0,0,0,2400,0,6200,5580,0,5580,0,0,0,0,0,0,5580,10,5580,1500,0,7080,7080,7080,7080,税抜,,clean,,,500,1,,,,
Q2303-031,2023-03-10,C026,田中,チラシ,offset,0,1,20000,27200,26100,0,0,800,0,0,0,0,0,74100,74100,0,74100,0,0,0,0,0,0,74100,10,74100,0,0,74100,74100,74100,74100,税抜,,clean,,,10000,1,,,,
Q2303-032,2023-03-10,C025,鈴木,チラシ,offset,0,1,10000,8000,6300,0,0,800,0,0,0,0,0,25100,25100,0,25100,0,0,0,0,0,0,25100,10,25100,1500,0,26600,26600,26600,26600,,,clean,,,3000,1,,,,
Q2303-033,2023-03-10,C038,田中,チラシ,offset,0,1,10000,10800,11400,0,0,800,0,0,0,0,0,33000,33000,0,33000,0,0,0,0,0,0,33000,10,33000,0,0,33000,33000,33000,33000,税抜,,clean,,,5000,1,,,,
Q2303-034,2023-03-10,一般,田中,名刺,card,0,1,0,0,0,0,0,0,0,0,0,0,4700,4700,4700,0,4700,0,0,0,0,0,0,4700,10,4700,0,0,4700,4700,4700,5170,税込,,clean,,,500,1,,,,
Q2303-035,2023-03-10,C036,田中,封筒,env,0,0.9,1800,7400,0,0,0,0,0,0,0,56000,0,65200,58680,0,58680,0,0,4000,0,0,0,62680,10,62680,0,0,62680,62680,62680,62680,,,clean,,,10000,1,,,,
Q2303-036,2023-03-10,C007,高橋,封筒,env,0,0.95,3600,7800,0,0,0,0,0,0,0,21000,0,32400,30780,0,30780,0,0,0,0,0,0,30780,10,30780,0,-280,30500,30500,30500,30500,税抜,,clean,,,1500,1,,,,
Q2303-037,2023-03-10,C009,田中,冊子,od,0,0.95,0,0,700.4,6000,0,0,0,0,3500,0,0,10200.4,9690.38,0,9690.38,0,0,0,0,0,0,9690.38,10,9690,1300,0,10990,10990,10990,10990,税抜,,clean,,,50,1,,,,
Q2303-038,2023-03-10,C020,田中,チラシ,offset,0,1,10000,8000,4950,0,0,800,0,0,0,0,0,23750,23750,0,23750,0,0,0,0,0,0,23750,10,23750,0,0,23750,23750,23750,23750,税抜,,clean,,,1000,1,,,,
Q2303-039,2023-03-11,C002,高橋,チラシ,offset,0,1,10000,8000,4350,0,0,800,0,0,0,0,0,23150,23150,0,23150,0,3000,4000,0,0,0,30150,10,30150,0,-150,30000,30000,30000,30000,,,clean,,,1000,1,,,,
Q2303-040,2023-03-13,一般,鈴木,名刺,card,0,1,0,0,0,0,0,0,0,0,0,0,9800,9800,9800,0,9800,0,0,0,0,0,0,9800,10,9800,0,0,9800,9800,9800,10780,,,clean,,,1000,1,,,,
Q2303-041,2023-03-13,C003,高橋,封筒,env,0,1,1800,3000,0,0,0,0,0,0,0,7000,0,11800,11800,0,11800,0,0,4000,0,0,0,15800,10,15800,1500,-300,17000,17000,17000,17000,税抜,,clean,,,300,1,,,,
Q2303-042,2023-03-13,C033,鈴木,チラシ,offset,0,1,10000,13600,18900,0,0,800,0,0,0,0,0,43300,43300,0,43300,0,0,0,0,0,0,43300,10,43300,0,0,43300,43300,43300,43300,,,clean,,,10000,1,,,,
Q2303-043,2023-03-13,C029,高橋,名刺,card,0,0.95,0,0,0,0,0,0,0,0,0,0,18360,18360,17442,0,17442,0,0,0,0,0,0,17442,10,17440,0,-440,17000,17000,17000,17000,税抜,,clean,,,100,7,,,,
Q2303-044,2023-03-14,C007,田中,チラシ,offset,0,0.95,30000,40800,53550,0,0,800,0,0,0,0,0,125150,118892.5,0,118892.5,0,0,0,0,0,0,118892.5,10,118890,0,0,118890,118890,118890,118890,,,clean,,,5000,3,,,,
Q2303-045,2023-03-15,C038,田中,チラシ,offset,0,1,10000,10800,11400,0,0,800,0,0,0,0,0,33000,33000,0,33000,0,0,0,0,0,0,33000,10,33000,0,0,33000,33000,33000,33000,税抜,,clean,,,5000,1,,,,
Q2303-046,2023-03-15,C003,高橋,冊子,offset,0,1,40000,32000,29700,0,0,0,0,0,18000,0,0,119700,119700,0,119700,0,0,0,0,0,0,119700,10,119700,0,-200,119500,119500,119500,119500,税抜,,clean,,,1000,1,,,,
Q2303-047,2023-03-15,K001,田中,冊子,od,0,1,0,0,916.7,6000,1500,0,0,0,4000,0,0,12416.7,12416.7,0,12416.7,0,0,0,0,0,0,12416.7,10,12410,0,0,12410,12410,12410,13651,税込,,clean,,,100,1,,,,
Q2303-048,2023-03-15,D04,鈴木,リーフレット,od,0,0.75,0,0,1054,9000,0,800,4100,0,0,0,0,14954,11215.5,0,11215.5,0,0,0,0,0,0,11215.5,10,11210,1300,0,12510,12510,12510,12510,,,clean,,,300,1,,,,
Q2303-049,2023-03-17,C003,高橋,冊子,od,0,1,0,0,3666.8,21000,1500,0,0,0,5000,0,0,31166.8,31166.8,0,31166.8,0,0,0,0,0,0,31166.8,10,31160,0,-160,31000,31000,31000,31000,,,clean,,,200,1,,,,
Q2303-050,2023-03-17,G05,高橋,冊子,od,0,1,0,0,1452.3,16200,1500,0,0,0,4500,0,0,23652.3,23652.3,0,23652.3,0,0,0,0,0,0,23652.3,10,23650,1500,-150,25000,25000,25000,27500,税込,,clean,,,150,1,,,,
Q2303-051,2023-03-17,一般,鈴木,名刺,card,0,1,0,0,0,0,0,0,0,0,0,0,16800,16800,16800,0,16800,0,0,0,0,0,0,16800,10,16800,0,0,16800,16800,16800,18480,,,clean,,,300,4,,,,
Q2303-052,2023-03-17,G05,高橋,冊子,od,0,1,0,0,968.2,11400,0,0,0,0,4000,0,0,16368.2,16368.2,0,16368.2,0,0,0,0,0,0,16368.2,10,16360,0,-360,16000,16000,16000,17600,税込,,clean,,,100,1,,,,
Q2303-053,2023-03-17,C002,高橋,冊子,od,0,1,0,0,968.2,11400,1500,0,0,0,4000,0,0,17868.2,17868.2,0,17868.2,0,0,0,0,0,0,17868.2,10,17860,1500,-360,19000,19000,19000,19000,税抜,,clean,,,100,1,,,,
Q2303-054,2023-03-20,一般,鈴木,冊子,od,0,1,0,0,1019.9,11880,1500,0,0,0,3450,0,0,17849.9,17849.9,0,17849.9,0,0,0,0,0,0,17849.9,10,17840,0,0,17840,17840,17840,19624,,,clean,,,30,1,,,,
Q2303-055,2023-03-20,D01,高橋,チラシ,offset,0,0.8,30000,24000,15750,0,0,800,0,0,0,0,0,70550,56440,0,56440,0,0,0,0,6000,0,62440,10,62440,0,-440,62000,62000,62000,62000,,,clean,,,5000,3,,,,
Q2303-056,2023-03-20,一般,鈴木,冊子,od,0,1,0,0,916.7,6000,1500,0,0,0,3500,0,0,11916.7,11916.7,0,11916.7,0,0,0,0,0,0,11916.7,10,11910,0,0,11910,11910,11910,13101,,,clean,,,50,1,,,,
Q2303-057,2023-03-20,C025,鈴木,チラシ,offset,0,1,10000,8000,3800,0,0,800,0,0,0,0,0,22600,22600,0,22600,0,0,4000,0,0,0,26600,10,26600,1500,0,28100,28100,28100,28100,,,clean,,,1000,1,,,,
Q2303-058,2023-03-20,D02,高橋,チラシ,offset,0,0.8,20000,16000,7600,0,0,800,0,0,0,0,0,44400,35520,0,35520,0,0,0,0,0,0,35520,10,35520,0,-20,35500,35500,35500,35500,税抜,,clean,,,1500,1,,,,
Q2303-059,2023-03-20,C021,鈴木,名刺,card,0,1.1,0,0,0,0,0,0,0,0,0,0,4400,4400,4840,0,4840,0,0,0,0,0,0,4840,10,4840,800,0,5640,5640,5640,5640,,,clean,,,200,1,,,,
Q2303-060,2023-03-22,C015,田中,名刺,card,0,1,0,0,0,0,0,0,0,0,0,0,6200,6200,6200,0,6200,1550,0,0,0,0,3000,10750,10,10750,0,0,10750,10750,10750,10750,,,clean,,,500,1,,,,
Q2303-061,2023-03-22,D05,田中,冊子,offset,0,0.85,30000,24000,9900,0,0,0,0,0,7500,0,0,71400,60690,0,60690,0,0,0,0,0,0,60690,10,60690,0,0,60690,60690,60690,60690,税抜,,clean,,,300,1,,,,
Q2303-062,2023-03-22,一般,田中,チラシ,od,0,1,0,0,1054,4500,1500,800,0,0,0,0,0,7854,7854,0,7854,0,0,0,0,0,0,7854,10,7850,0,0,7850,7850,7850,8635,,,clean,,,300,1,,,,
Q2303-063,2023-03-22,C020,田中,チラシ,offset,0,1,10000,8000,4950,0,0,800,0,0,0,0,0,23750,23750,0,23750,0,0,0,0,0,0,23750,10,23750,0,0,23750,23750,23750,23750,,,clean,,,1000,1,,,,
Q2303-064,2023-03-23,C007,田中,名刺,card,0,0.95,0,0,0,0,0,0,0,0,0,0,15600,15600,14820,0,14820,0,1000,0,0,0,0,15820,10,15820,0,0,15820,15820,15820,15820,,,clean,,,500,3,,,,
Q2303-065,2023-03-23,一般,鈴木,名刺,card,0,1,0,0,0,0,0,0,0,0,0,0,1600,1600,1600,0,1600,0,0,0,0,0,3000,4600,10,4600,0,0,4600,4600,4600,5060,,,clean,,,100,1,,,,
Q2303-066,2023-03-23,C009,田中,冊子,offset,0,0.95,20000,16000,11400,0,0,0,0,0,13000,0,0,60400,57380,0,57380,14345,0,0,0,0,0,71725,10,71720,3900,0,75620,75620,75620,75620,税抜,,clean,,,1000,1,,,,
Q2303-067,2023-03-23,C002,高橋,リーフレット,offset,0,1,20000,16000,9900,0,0,800,5700,0,0,0,0,52400,52400,0,52400,0,0,0,0,0,0,52400,10,52400,0,-400,52000,52000,52000,52000,税抜,,clean,,,2000,1,,,,
Q2303-068,2023-03-23,D04,鈴木,チラシ,offset,0,0.75,10000,10800,14850,0,0,800,0,0,0,0,0,36450,27337.5,0,27337.5,0,0,0,0,0,0,27337.5,10,27330,5200,0,32530,32530,32530,32530,,,clean,,,10000,1,,,,
Q2303-069,2023-03-23,C001,田中,チラシ,offset,0,0.9,10000,16400,30400,0,0,800,0,0,0,0,0,57600,51840,0,51840,0,0,0,0,0,0,51840,10,51840,0,0,51840,51840,51840,51840,税抜,,clean,,,15000,1,,,,
Q2303-070,2023-03-23,C002,高橋,リーフレット,offset,0,1,20000,16000,4950,0,0,800,4100,0,0,0,0,45850,45850,0,45850,11462.5,0,0,0,0,0,57312.5,10,57310,0,-310,57000,57000,57000,57000,,,clean,,,1000,1,,,,
Q2303-071,2023-03-23,一般,鈴木,名刺,card,0,1,0,0,0,0,0,0,0,0,0,0,1600,1600,1600,0,1600,0,0,0,0,0,3000,4600,10,4600,0,0,4600,4600,4600,5060,,,duplicate_entry,same quote keyed twice,Q2303-065,100,1,,,,
Q2303-072,2023-03-24,C012,高橋,名刺,card,0,0.9,0,0,0,0,0,0,0,0,0,0,12600,12600,11340,0,11340,0,0,0,0,0,0,11340,10,11340,0,-340,11000,11000,11000,11000,,,clean,,,300,3,,,,
Q2303-073,2023-03-24,C022,田中,チラシ,offset,0,0.95,10000,8000,7600,0,0,800,0,0,0,0,0,26400,25080,0,25080,0,3000,0,0,0,0,28080,10,28080,0,0,28080,28080,28080,28080,,,clean,,,3000,1,,,,
Q2303-074,2023-03-24,C003,高橋,名刺,card,0,1,0,0,0,0,0,0,0,0,0,0,13600,13600,13600,0,13600,0,0,0,0,0,4500,18100,10,18100,1500,-100,19500,19500,19500,19500,税抜,,clean,,,100,4,,,,
Q2303-075,2023-03-24,C040,鈴木,封筒,env,0,1.05,1800,2600,0,0,0,0,0,0,0,4800,0,9200,9660,0,9660,0,0,0,0,0,0,9660,10,9660,1500,0,11160,11160,11160,11160,,,clean,,,1200,1,,,,
Q2303-076,2023-03-24,一般,田中,チラシ,od,0,1,0,0,312.7,800,1500,800,0,0,0,0,0,3412.7,3412.7,1,5000,1250,0,0,0,0,0,6250,10,6250,0,0,6250,6250,6250,6875,税込,,clean,,,100,1,,,,
Q2303-077,2023-03-24,C003,高橋,名刺,card,0,1,0,0,0,0,0,0,0,0,0,0,4800,4800,4800,0,4800,0,0,0,0,0,0,4800,10,4800,1500,0,6300,6300,6300,6300,,,clean,,,100,3,,,,
Q2303-078,2023-03-24,C003,高橋,封筒,env,0,1,1800,3000,0,0,0,0,0,0,0,9600,0,14400,14400,0,14400,0,0,0,0,0,0,14400,10,14400,1500,-400,15500,15500,15500,15500,,,clean,,,1000,1,,,,
Q2303-079,2023-03-24,C001,高橋,チラシ,offset,0,0.9,30000,24000,26100,0,0,800,0,0,0,0,0,80900,72810,0,72810,0,0,0,0,0,0,72810,10,72810,0,-310,72500,72500,72500,72500,,,clean,,,3000,3,,,,
Q2303-080,2023-03-27,C018,田中,チラシ,offset,0,1,2500,2000,3600,0,0,800,0,0,0,0,0,8900,8900,0,8900,0,0,0,0,0,0,8900,10,8900,800,0,9700,9700,9700,9700,税抜,,clean,,,1000,1,,,,
Q2303-081,2023-03-27,C023,高橋,名刺,card,0,1,0,0,0,0,0,0,0,0,0,0,12000,12000,12000,0,12000,0,0,0,0,0,0,12000,10,12000,520,-20,12500,12500,12500,12500,税抜,,clean,,,100,5,,,,
Q2303-082,2023-03-27,C038,田中,チラシ,od,0,1,0,0,700.4,3000,1500,800,0,0,0,0,0,6000.4,6000.4,0,6000.4,0,0,0,0,0,0,6000.4,10,6000,800,0,6800,6800,6800,6800,,,clean,,,200,1,,,,
Q2303-083,2023-03-28,C022,田中,封筒,env,0,0.95,3600,5200,0,0,0,0,0,0,0,4800,0,13600,12920,0,12920,0,0,0,0,0,0,12920,10,12920,0,0,12920,12920,12920,12920,,,clean,,,2000,1,,,,
Q2303-084,2023-03-28,D05,田中,チラシ,offset,0,0.85,10000,19200,34650,0,0,800,0,0,0,0,0,64650,54952.5,0,54952.5,0,0,0,0,0,0,54952.5,10,54950,0,0,54950,54950,54950,54950,税抜,,clean,,,10000,1,,,,
Q2303-085,2023-03-29,C002,高橋,リーフレット,offset,0,1,20000,16000,4950,0,0,800,4100,0,0,0,0,45850,45850,0,45850,0,0,0,0,0,0,45850,10,45850,0,-350,45500,45500,45500,45500,税抜,,clean,,,1000,1,,,,
Q2303-086,2023-03-29,C007,田中,封筒,env,0,0.95,3600,8800,0,0,0,0,0,0,0,12000,0,24400,23180,0,23180,0,0,4000,0,0,0,27180,10,27180,0,0,27180,27180,27180,27180,,,clean,,,5000,1,,,,
Q2303-087,2023-03-29,C038,田中,チラシ,offset,0,1,10000,19200,41800,0,0,800,0,0,0,0,0,71800,71800,0,71800,0,3000,0,0,0,0,74800,10,74800,0,0,74800,74800,74800,74800,税抜,,clean,,,20000,1,,,,
Q2303-088,2023-03-29,D05,田中,チラシ,offset,0,0.85,10000,8000,6300,0,0,800,0,0,0,0,0,25100,21335,0,21335,0,0,0,0,0,0,21335,10,21330,0,0,21330,21330,21330,21330,税抜,,clean,,,2000,1,,,,
Q2303-089,2023-03-29,C006,鈴木,冊子,offset,0,0.95,70000,56000,44550,0,0,0,0,0,18000,0,0,188550,179122.5,0,179122.5,44780.62,0,0,0,0,0,223903.12,10,223900,0,0,223900,223900,223900,223900,,,clean,,,1000,1,,,,
Q2303-090,2023-03-29,一般,鈴木,名刺,card,0,1,0,0,0,0,0,0,0,0,0,0,2600,2600,2600,0,2600,650,1000,0,0,0,0,4250,10,4250,0,0,4250,4250,4250,4675,,,clean,,,100,1,,,,
Q2303-091,2023-03-30,C012,高橋,名刺,card,0,0.9,0,0,0,0,0,0,0,0,0,0,13600,13600,12240,0,12240,0,0,0,0,0,4500,16740,10,16740,0,-240,16500,16500,16500,16500,,,clean,,,200,4,,,,
Q2303-092,2023-03-30,C026,田中,チラシ,offset,0,1,20000,21600,17400,0,0,800,0,0,0,0,0,59800,59800,0,59800,0,0,0,0,0,0,59800,10,59800,0,0,59800,59800,59800,59800,税抜,,clean,,,5000,1,,,,
Q2303-093,2023-03-30,C026,田中,チラシ,offset,0,1,20000,55200,121600,0,0,800,0,0,0,0,0,197600,197600,0,197600,0,0,0,0,0,0,197600,10,197600,0,0,197600,197600,197600,197600,税抜,,clean,,,30000,2,,,,
Q2303-094,2023-03-31,一般,鈴木,名刺,card,0,1,0,0,0,0,0,0,0,0,0,0,2700,2700,2700,0,2700,0,0,0,0,0,0,2700,10,2700,0,0,2700,2700,2700,2970,,,clean,,,100,1,,,,
Q2304-001,2023-04-03,D01,田中,チラシ,offset,1,0.8,10000,10800,10875,0,0,800,0,0,0,0,0,32475,25980,0,25980,0,3000,0,0,0,0,28980,10,28980,0,0,28980,28980,28980,28980,税抜,,clean,,,5000,1,4月!R6,,,
Q2304-002,2023-04-03,C029,高橋,名刺,card,1,0.95,0,0,0,0,0,0,0,0,0,0,4800,4800,4560,0,4560,0,0,0,0,0,3500,8060,10,8060,800,0,8860,8860,8860,8860,税抜,,clean,,,100,2,,,,
Q2304-003,2023-04-03,C001,高橋,チラシ,offset,0,0.9,10000,19200,47850,0,0,800,0,0,0,0,0,77850,70065,0,70065,0,0,0,0,0,0,70065,10,70060,0,-60,70000,76500,70000,70000,,,stale_price_table,priced with period-0 tables after revision,,20000,1,,,,
Q2304-004,2023-04-03,C036,田中,封筒,env,0,0.9,1800,7400,0,0,0,0,0,0,0,56000,0,65200,58680,0,58680,14670,0,4000,0,0,0,77350,10,77350,0,0,77350,84880,77350,77350,税抜,,stale_price_table,priced with period-0 tables after revision,,10000,1,4月!R7,,,
Q2304-005,2023-04-03,C031,鈴木,封筒,env,1,1,3600,4000,0,0,0,0,0,0,0,6270,0,13870,13870,0,13870,0,0,0,0,0,0,13870,10,13870,1300,0,15170,15170,1517,1517,,,digit_typo,"dropped a zero: intended 15170, written 1517",,1000,1,4月!R8,,,
Q2304-006,2023-04-03,C012,高橋,名刺,card,1,0.9,0,0,0,0,0,0,0,0,0,0,26640,26640,23976,0,23976,0,0,0,0,0,0,23976,10,23970,0,-470,23500,23500,23500,23500,税抜,,clean,,,100,12,,,,
Q2304-007,2023-04-04,一般,鈴木,チラシ,od,1,1,0,0,221.2,1500,1500,800,0,0,0,0,0,4021.2,4021.2,1,5000,0,0,0,0,0,0,5000,10,5000,0,0,5000,5000,5000,5500,,,clean,,,50,1,4月!R9,,,
Q2304-008,2023-04-04,C014,鈴木,封筒,env,1,0.9,1800,3000,0,0,0,0,0,0,0,10760,0,15560,14004,0,14004,0,0,0,0,0,0,14004,10,14000,0,0,14000,14000,14000,14000,,,clean,,,1000,1,4月!R10-R11,,,
Q2304-009,2023-04-04,C009,田中,冊子,offset,1,0.95,20000,21600,17500,0,0,0,0,0,18000,0,0,77100,73245,0,73245,0,0,0,0,0,0,73245,10,73240,5200,0,78440,78440,78440,78440,税抜,,clean,,,1500,1,4月!R12,,,
Q2304-010,2023-04-05,一般,田中,名刺,card,1,1,0,0,0,0,0,0,0,0,0,0,3400,3400,3400,0,3400,0,1000,0,0,0,0,4400,10,4400,0,0,4400,4400,4400,4840,,,clean,,,100,1,4月!R13,,,
Q2304-011,2023-04-06,D01,高橋,リーフレット,od,1,0.8,0,0,2038.2,13800,1500,800,4100,0,0,0,0,22238.2,17790.56,0,17790.56,0,0,0,0,0,0,17790.56,10,17790,1500,-290,19000,19000,19000,19000,税抜,,clean,,,500,1,,,,
Q2304-012,2023-04-06,C001,高橋,チラシ,offset,1,0.9,20000,21600,30000,0,0,800,0,0,0,0,0,72400,65160,0,65160,0,0,0,0,0,0,65160,10,65160,0,-160,65000,65000,65000,65000,,,clean,,,10000,2,,,,
Q2304-013,2023-04-06,C023,高橋,リーフレット,od,1,1,0,0,1677,13800,1500,800,4100,0,0,0,0,21877,21877,0,21877,0,0,0,0,0,0,21877,10,21870,0,-370,21500,21500,21500,21500,税抜,,clean,,,500,1,,,,
Q2304-014,2023-04-06,C004,鈴木,名刺,card,1,1.05,0,0,0,0,0,0,0,0,0,0,17000,17000,17850,0,17850,0,0,0,0,0,0,17850,10,17850,1500,0,19350,19350,19350,19350,,,clean,,,100,5,4月!R14,,,
Q2304-015,2023-04-06,D01,高橋,リーフレット,od,1,0.8,0,0,2038.2,13800,1500,800,4100,0,0,0,0,22238.2,17790.56,0,17790.56,0,3000,0,0,0,0,20790.56,10,20790,1500,-290,22000,22000,22000,22000,税抜,,clean,,,500,1,,,,
Q2304-016,2023-04-06,C007,田中,チラシ,offset,1,0.95,40000,76800,79750,0,0,800,0,0,0,0,0,197350,187482.5,0,187482.5,0,0,0,0,0,0,187482.5,10,187480,0,0,187480,187480,187480,187480,税抜,,clean,,,20000,2,4月!R15,,,
Q2304-017,2023-04-07,C031,鈴木,封筒,env,1,1,3600,4000,0,0,0,0,0,0,0,6270,0,13870,13870,0,13870,0,0,0,0,0,0,13870,10,13870,1300,0,15170,15170,15170,15170,,,clean,,,1000,1,4月!R16-R17,,,
Q2304-018,2023-04-10,C034,鈴木,リーフレット,offset,1,1,20000,21600,22800,0,0,800,10500,0,0,0,0,75700,75700,0,75700,0,0,0,0,0,0,75700,10,75700,0,0,75700,75700,75700,75700,,,clean,,,5000,1,4月!R18,,,
Q2304-019,2023-04-10,C038,田中,チラシ,offset,1,1,10000,10800,13125,0,0,800,0,0,0,0,0,34725,34725,0,34725,0,0,4000,0,0,0,38725,10,38720,0,0,38720,38720,38720,38720,税抜,,clean,,,5000,1,4月!R19,,,
Q2304-020,2023-04-10,C001,高橋,チラシ,offset,1,0.9,20000,21600,30000,0,0,800,0,0,0,0,0,72400,65160,0,65160,0,0,0,0,0,0,65160,10,65160,0,-160,65000,65000,65000,65000,,,clean,,,10000,2,,,,
Q2304-021,2023-04-11,D05,田中,冊子,offset,0,0.85,30000,24000,14850,0,0,0,0,0,10500,0,0,79350,67447.5,0,67447.5,0,0,0,0,0,0,67447.5,10,67440,0,0,67440,69360,67440,67440,税抜,,stale_price_table,priced with period-0 tables after revision,,500,1,4月!R20,,,
Q2304-022,2023-04-12,C019,鈴木,封筒,env,1,0.95,1800,2600,0,0,0,0,0,0,0,5380,0,9780,9291,0,9291,0,3000,0,0,0,0,12291,10,12290,0,0,12290,12290,12290,12290,,,clean,,,2000,1,4月!R21-R22,,,
Q2304-023,2023-04-12,C017,田中,リーフレット,offset,1,0.9,20000,16000,8750,0,0,800,5700,0,0,0,0,51250,46125,0,46125,0,0,0,0,0,0,46125,10,46120,0,0,46120,46120,46120,46120,税抜,,clean,,,2000,1,4月!R23,,,
Q2304-024,2023-04-13,C016,高橋,封筒,env,0,1,3600,9600,0,0,0,0,0,0,0,42000,0,55200,55200,0,55200,0,3000,0,0,0,0,58200,10,58200,0,-200,58000,63000,58000,58000,税抜,,stale_price_table,priced with period-0 tables after revision,,3000,1,,,,
Q2304-025,2023-04-13,C038,田中,チラシ,offset,1,1,10000,10800,13125,0,0,800,0,0,0,0,0,34725,34725,0,34725,0,0,4000,0,0,0,38725,10,38720,0,0,38720,38720,38720,38720,,,clean,,,5000,1,4月!R24,,,
Q2304-026,2023-04-13,C031,鈴木,冊子,offset,1,1,30000,40800,30000,0,0,0,0,0,48000,0,0,148800,148800,0,148800,0,0,0,0,0,0,148800,10,148800,9100,0,157900,157900,157900,157900,,,clean,,,3000,1,4月!R25-R26,,,
Q2304-027,2023-04-14,C020,田中,チラシ,od,1,1,0,0,1328.7,7500,1500,800,0,0,0,0,0,11128.7,11128.7,0,11128.7,0,0,0,0,0,0,11128.7,10,11120,0,0,11120,11120,11120,11120,税抜,,clean,,,500,1,4月!R27,,,
Q2304-028,2023-04-14,C002,高橋,リーフレット,offset,1,1,20000,21600,14500,0,0,800,5600,0,0,0,0,62500,62500,0,62500,0,0,0,0,0,0,62500,10,62500,0,0,62500,62500,62500,62500,税抜,,clean,,,3000,1,,,,
Q2304-029,2023-04-14,一般,田中,名刺,card,1,1,0,0,0,0,0,0,0,0,0,0,2600,2600,2600,0,2600,0,0,0,0,0,0,2600,10,2600,520,0,3120,3120,3120,3432,,,clean,,,100,1,4月!R28,,,
Q2304-030,2023-04-17,C040,鈴木,封筒,env,1,1.05,1800,2600,0,0,0,0,0,0,0,5380,0,9780,10269,0,10269,0,0,4000,0,0,0,14269,10,14260,0,0,14260,14260,14260,14260,,,clean,,,1200,1,4月!R29,,,
Q2304-031,2023-04-17,C017,田中,封筒,env,0,0.9,3600,6000,0,0,0,0,0,0,0,4800,0,14400,12960,0,12960,0,0,0,0,0,0,12960,10,12960,1500,0,14460,14980,14460,14460,,,stale_price_table,priced with period-0 tables after revision,,500,1,4月!R30-R31,,,
Q2304-032,2023-04-17,C040,鈴木,封筒,env,1,1.05,1800,2600,0,0,0,0,0,0,0,5380,0,9780,10269,0,10269,0,0,0,0,0,0,10269,10,10260,1500,0,11760,11760,11760,11760,,,clean,,,1500,1,4月!R32-R33,,,
Q2304-033,2023-04-17,C003,高橋,封筒,env,1,1,1800,3000,0,0,0,0,0,0,0,10760,0,15560,15560,0,15560,0,0,4000,0,0,0,19560,10,19560,1500,-60,21000,21000,21000,21000,,,clean,,,1000,1,,,,
Q2304-034,2023-04-18,G05,高橋,冊子,od,1,1,0,0,340.2,3600,1500,0,0,0,3300,0,0,8740.2,8740.2,0,8740.2,0,3000,0,0,0,0,11740.2,10,11740,1500,-240,13000,13000,13000,14300,,,clean,,,30,1,,,,
Q2304-035,2023-04-18,G04,鈴木,チラシ,od,1,0.9,0,0,556.2,1600,1500,800,0,0,0,0,0,4456.2,4010.58,1,5000,0,0,0,0,0,0,5000,10,5000,1500,0,6500,6500,6500,7150,,,clean,,,200,1,4月!R34,,,
Q2304-036,2023-04-19,K008,田中,冊子,od,1,1,0,0,837,9000,1500,0,0,0,3750,0,0,15087,15087,0,15087,0,0,0,0,0,0,15087,10,15080,0,0,15080,15080,15080,16588,,,clean,,,50,1,4月!R35,,,
Q2304-037,2023-04-19,C006,鈴木,封筒,env,1,0.95,3600,5200,0,0,0,0,0,0,0,5380,0,14180,13471,0,13471,0,0,0,0,0,0,13471,10,13470,0,0,13470,13470,13470,13470,,,clean,,,2000,1,4月!R36,,,
Q2304-038,2023-04-19,C031,鈴木,リーフレット,offset,1,1,20000,16000,10875,0,0,800,7300,0,0,0,0,54975,54975,0,54975,0,0,0,0,0,0,54975,10,54970,2600,0,57570,57570,57570,57570,,,clean,,,3000,1,4月!R37,,,
Q2304-039,2023-04-20,C001,高橋,チラシ,offset,0,0.9,20000,32800,28350,0,0,800,0,0,0,0,0,81950,73755,0,73755,0,0,0,0,0,0,73755,10,73750,0,-250,73500,77500,73500,73500,税抜,,stale_price_table,priced with period-0 tables after revision,,15000,1,,,,
Q2304-040,2023-04-20,C037,高橋,封筒,env,1,1,3600,4000,0,0,0,0,0,0,0,2690,0,10290,10290,0,10290,0,0,0,0,0,0,10290,10,10290,0,-290,10000,10000,10000,10000,税抜,,clean,,,1000,1,,,,
Q2304-041,2023-04-20,C007,田中,チラシ,od,1,0.95,0,0,2008.5,9000,4500,800,0,0,0,0,0,16308.5,15493.08,0,15493.08,0,0,0,0,0,0,15493.08,10,15490,0,0,15490,15490,15490,15490,税抜,,clean,,,100,3,4月!R38,,,
Q2304-042,2023-04-21,D05,田中,チラシ,offset,1,0.85,20000,16000,7250,0,0,800,0,0,0,0,0,44050,37442.5,0,37442.5,0,0,0,0,0,0,37442.5,10,37440,0,0,37440,37440,37440,37440,,,clean,,,2000,1,4月!R39,,,
Q2304-043,2023-04-21,C002,高橋,チラシ,offset,0,1,10000,8000,4350,0,0,800,0,0,0,0,0,23150,23150,0,23150,0,0,0,0,0,0,23150,10,23150,1500,-150,24500,25000,24500,24500,税抜,,stale_price_table,priced with period-0 tables after revision,,1000,1,,,,
Q2304-044,2023-04-21,C033,鈴木,チラシ,offset,0,1,10000,8000,6300,0,0,800,0,0,0,0,0,25100,25100,0,25100,0,0,0,0,0,0,25100,10,25100,1500,0,26600,27550,26600,26600,,,stale_price_table,priced with period-0 tables after revision,,2000,1,4月!R40-R41,,,
Q2304-045,2023-04-24,K001,田中,名刺,card,1,1,0,0,0,0,0,0,0,0,0,0,3100,3100,3100,0,3100,0,0,0,0,0,0,3100,10,3100,0,0,3100,3100,3100,3410,税込,,clean,,,200,1,4月!R42,,,
Q2304-046,2023-04-24,C001,高橋,チラシ,offset,1,0.9,20000,38400,45650,0,0,800,0,0,0,0,0,104850,94365,0,94365,0,0,4000,0,0,0,98365,10,98360,0,-360,98000,98000,98000,98000,税抜,,clean,,,20000,1,,,,
Q2304-047,2023-04-25,一般,田中,名刺,card,1,1,0,0,0,0,0,0,0,0,0,0,2900,2900,2900,0,2900,0,0,0,0,0,0,2900,10,2900,0,0,2900,2900,2900,3190,税込,,clean,,,100,1,4月!R43,,,
Q2304-048,2023-04-25,C031,鈴木,リーフレット,offset,1,1,20000,16000,10875,0,0,800,7300,0,0,0,0,54975,54975,0,54975,0,0,0,0,0,0,54975,10,54970,2600,0,57570,57570,57570,57570,,,clean,,,3000,1,4月!R44-R45,,,
Q2304-049,2023-04-25,C028,田中,チラシ,od,0,0.9,0,0,2935.5,25800,1500,800,0,0,0,0,0,31035.5,27931.95,0,27931.95,0,0,0,0,0,0,27931.95,10,27930,0,0,27930,28300,27930,27930,,,stale_price_table,priced with period-0 tables after revision,,500,1,4月!R46,,,
Q2304-050,2023-04-25,C022,田中,封筒,env,1,0.95,3600,6400,0,0,0,0,0,0,0,8070,0,18070,17166.5,0,17166.5,0,0,4000,0,0,0,21166.5,10,21160,0,0,21160,21160,21160,21160,,,clean,,,2500,1,4月!R47,,,
Q2304-051,2023-04-25,C021,鈴木,名刺,card,1,1.1,0,0,0,0,0,0,0,0,0,0,4400,4400,4840,0,4840,0,0,0,0,0,0,4840,10,4840,800,0,5640,5640,5640,5640,,,clean,,,200,1,4月!R48-R49,,,
Q2304-052,2023-04-26,D05,田中,チラシ,offset,1,0.85,20000,16000,10875,0,0,800,0,0,0,0,0,47675,40523.75,0,40523.75,0,0,0,0,0,0,40523.75,10,40520,0,0,40520,40520,40520,40520,税抜,,clean,,,3000,1,4月!R50,,,
Q2304-053,2023-04-27,G08,田中,封筒,env,1,0.9,3600,6400,0,0,0,0,0,0,0,8070,0,18070,16263,0,16263,0,0,0,0,0,0,16263,10,16260,0,0,16260,16260,16260,17886,,,clean,,,2500,1,4月!R51,,,
Q2304-054,2023-04-27,G02,高橋,冊子,od,1,0.9,0,0,2224.8,21000,1500,0,0,0,4000,0,0,28724.8,25852.32,0,25852.32,0,0,0,1500,0,0,27352.32,10,27350,1500,-350,28500,28500,28500,31350,,,clean,,,100,1,,,,
Q2304-055,2023-04-28,D02,高橋,名刺,card,1,0.8,0,0,0,0,0,0,0,0,0,0,13200,13200,10560,0,10560,0,0,0,0,0,0,10560,10,10560,0,-60,10500,10500,10500,10500,,,clean,,,200,3,,,,
Q2304-056,2023-04-28,K003,高橋,名刺,card,1,1,0,0,0,0,0,0,0,0,0,0,3400,3400,3400,0,3400,0,0,0,0,0,3000,6400,10,6400,0,0,6400,6400,6400,7040,税込,,clean,,,100,1,,,,
Q2304-057,2023-04-29,C006,鈴木,リーフレット,offset,1,0.95,20000,27200,26250,0,0,800,8000,0,0,0,0,82250,78137.5,0,78137.5,19534.38,0,0,0,0,0,97671.88,10,97670,0,0,97670,97670,97670,97670,,,clean,,,5000,1,4月!R52,,,
Q2305-001,2023-05-01,C021,鈴木,冊子,offset,0,1.1,10000,8000,9900,0,0,0,0,0,13000,0,0,40900,44990,0,44990,0,0,0,0,0,0,44990,10,44990,0,0,44990,46640,44990,44990,,,stale_price_table,priced with period-0 tables after revision,,1000,1,5月!R6,,,
Q2305-002,2023-05-01,C002,高橋,リーフレット,offset,0,1,20000,16000,4950,0,0,800,4100,0,0,0,0,45850,45850,0,45850,0,0,0,0,0,0,45850,10,45850,0,-350,45500,46500,45500,45500,税抜,,stale_price_table,priced with period-0 tables after revision,,1000,1,,,,
Q2305-003,2023-05-08,C003,高橋,名刺,card,1,1,0,0,0,0,0,0,0,0,0,0,14500,14500,14500,0,14500,0,0,0,0,0,5000,19500,10,19500,1500,0,21000,21000,21000,21000,,,clean,,,100,5,,,,
Q2305-004,2023-05-08,D03,田中,リーフレット,offset,1,0.85,20000,16000,5700,0,0,800,4100,0,0,0,0,46600,39610,0,39610,0,0,0,0,0,0,39610,10,39610,0,0,39610,39610,39610,39610,税抜,,clean,,,1000,1,5月!R7,,,
Q2305-005,2023-05-09,C038,田中,リーフレット,offset,1,1,20000,16000,8750,0,0,800,5700,0,0,0,0,51250,51250,0,51250,0,0,0,0,0,0,51250,10,51250,0,0,51250,51250,51250,51250,税抜,,clean,,,2000,1,5月!R8,,,
Q2305-006,2023-05-09,一般,田中,チラシ,od,1,1,0,0,700.4,3000,1500,800,0,0,0,0,0,6000.4,6000.4,0,6000.4,0,0,0,0,0,0,6000.4,10,6000,0,0,6000,6000,6000,6600,税込,,clean,,,200,1,5月!R9,,,
Q2305-007,2023-05-10,C001,高橋,チラシ,offset,1,0.9,10000,41600,78000,0,0,800,0,0,0,0,0,130400,117360,0,117360,0,0,0,0,0,0,117360,10,117360,0,-360,117000,117000,117000,117000,税抜,,clean,,,50000,1,,,,
Q2305-008,2023-05-11,一般,田中,チラシ,od,1,1,0,0,1596.5,9000,1500,800,0,0,0,0,0,12896.5,12896.5,0,12896.5,0,0,0,0,0,0,12896.5,10,12890,0,0,12890,12890,12890,14179,,,clean,,,300,1,5月!R10,,,
Q2305-009,2023-05-12,C034,鈴木,チラシ,offset,1,1,2500,2700,9000,0,0,800,0,0,0,0,0,15000,15000,0,15000,0,0,0,0,0,0,15000,10,15000,0,0,15000,15000,10500,10500,,,digit_typo,"transposed digits: intended 15000, written 10500",,5000,1,5月!R11,,,
Q2305-010,2023-05-12,D04,鈴木,リーフレット,offset,1,0.75,20000,16000,8750,0,0,800,3200,0,0,0,0,48750,36562.5,0,36562.5,0,0,0,0,0,0,36562.5,10,36560,2600,0,39160,39160,39160,39160,,,superseded_by_revision,re-issued with changed quantity,Q2305-010-R2,1000,1,5月!R12,,,
Q2305-011,2023-05-16,C030,高橋,名刺,card,1,1,0,0,0,0,0,0,0,0,0,0,2400,2400,2400,0,2400,0,0,0,0,0,3000,5400,10,5400,0,0,5400,5400,5400,5400,,,clean,,,100,1,,,,
Q2305-012,2023-05-17,C004,鈴木,冊子,offset,1,1.05,20000,16000,11400,0,0,0,0,0,6000,0,0,53400,56070,0,56070,0,3000,0,0,0,0,59070,10,59070,0,0,59070,59070,59070,59070,,,clean,,,300,1,5月!R13,,,
Q2305-013,2023-05-18,C029,高橋,チラシ,od,1,0.95,0,0,1677,13800,1500,800,0,0,0,0,0,17777,16888.15,0,16888.15,0,0,0,0,0,0,16888.15,10,16880,0,-380,16500,16500,16500,16500,税抜,,clean,,,500,1,,,,
Q2305-014,2023-05-18,K007,田中,名刺,card,1,1,0,0,0,0,0,0,0,0,0,0,2400,2400,2400,0,2400,0,0,0,0,0,0,2400,10,2400,0,0,2400,2400,2400,2640,税込,,clean,,,100,1,5月!R14,,,
Q2305-015,2023-05-18,C012,高橋,封筒,env,1,0.9,1800,2000,0,0,0,0,0,0,0,6270,0,10070,9063,0,9063,0,0,4000,0,0,0,13063,10,13060,0,-60,13000,13000,13000,13000,,,clean,,,500,1,,,,
Q2305-016,2023-05-18,D02,高橋,チラシ,offset,1,0.8,20000,16000,8750,0,0,800,0,0,0,0,0,45550,36440,0,36440,0,0,0,0,0,0,36440,10,36440,0,-440,36000,36000,36000,36000,税抜,,clean,,,2000,1,,,,
Q2305-017,2023-05-19,一般,鈴木,名刺,card,1,1,0,0,0,0,0,0,0,0,0,0,2600,2600,2600,0,2600,650,0,0,0,0,0,3250,10,3250,0,0,3250,3250,3250,3575,,,clean,,,200,1,5月!R15,,,
Q2305-018,2023-05-19,C004,鈴木,チラシ,offset,1,1.05,30000,32400,32625,0,0,800,0,0,0,0,0,95825,100616.25,0,100616.25,0,0,0,0,0,0,100616.25,10,100610,0,0,100610,100610,100610,100610,,,clean,,,5000,3,5月!R16,,,
Q2305-019,2023-05-19,一般,田中,名刺,card,1,1,0,0,0,0,0,0,0,0,0,0,3100,3100,3100,0,3100,0,0,0,0,0,0,3100,10,3100,0,0,3100,3100,3100,3410,税込,,clean,,,200,1,5月!R17,,,
Q2305-010-R2,2023-05-22,D04,鈴木,リーフレット,offset,1,0.75,20000,16000,13125,0,0,800,4400,0,0,0,0,54325,40743.75,0,40743.75,0,0,0,0,0,0,40743.75,10,40740,2600,0,43340,43340,43340,43340,,,clean,re-issue with changed quantity,Q2305-010,1500,1,5月!R18-R19,,,
Q2305-020,2023-05-22,C031,鈴木,リーフレット,offset,1,1,20000,16000,10875,0,0,800,7300,0,0,0,0,54975,54975,0,54975,0,0,0,0,0,0,54975,10,54970,2600,0,57570,57570,57570,57570,,,clean,,,3000,1,5月!R20,,,
Q2305-021,2023-05-22,C020,田中,名刺,card,1,1,0,0,0,0,0,0,0,0,0,0,6300,6300,6300,0,6300,0,0,0,0,0,0,6300,10,6300,800,0,7100,7100,7100,7100,,,clean,,,100,3,5月!R21,,,
Q2305-022,2023-05-22,一般,鈴木,名刺,card,1,1,0,0,0,0,0,0,0,0,0,0,3200,3200,3200,0,3200,0,0,0,0,0,0,3200,10,3200,0,0,3200,3200,3200,3520,,,clean,,,200,1,5月!R22,,,
Q2305-023,2023-05-22,一般,田中,名刺,card,1,1,0,0,0,0,0,0,0,0,0,0,5400,5400,5400,0,5400,0,0,0,0,0,3500,8900,10,8900,0,0,8900,8900,8900,9790,税込,,clean,,,100,2,5月!R23,,,
Q2305-024,2023-05-22,C004,鈴木,チラシ,offset,1,1.05,20000,27200,39875,0,0,800,0,0,0,0,0,87875,92268.75,0,92268.75,0,0,0,8000,0,0,100268.75,10,100260,0,0,100260,100260,100260,100260,,,clean,,,10000,2,5月!R24,,,
Q2305-025,2023-05-22,C026,田中,チラシ,offset,1,1,20000,38400,39875,0,0,800,0,0,0,0,0,99075,99075,0,99075,0,0,0,0,0,0,99075,10,99070,0,0,99070,99070,99070,99070,税抜,,clean,,,10000,1,5月!R25,,,
Q2305-026,2023-05-23,D05,田中,冊子,offset,1,0.85,30000,24000,11400,0,0,0,0,0,7500,0,0,72900,61965,0,61965,0,0,0,0,0,0,61965,10,61960,0,0,61960,61960,61960,61960,,,clean,,,300,1,5月!R26,,,
Q2305-027,2023-05-23,一般,田中,リーフレット,offset,1,1,20000,16000,11400,0,0,800,3200,0,0,0,0,51400,51400,0,51400,0,0,0,0,0,0,51400,10,51400,0,0,51400,51400,51400,56540,税込,,clean,,,1000,1,5月!R27,,,
Q2305-028,2023-05-23,D05,田中,名刺,card,1,0.85,0,0,0,0,0,0,0,0,0,0,10200,10200,8670,0,8670,0,0,0,0,0,0,8670,10,8670,800,0,9470,9470,9470,9470,税抜,,clean,,,200,3,5月!R28,,,
Q2305-029,2023-05-24,G04,鈴木,チラシ,od,1,0.9,0,0,556.2,1600,0,800,0,0,0,0,0,2956.2,2660.58,1,5000,0,0,0,0,0,0,5000,10,5000,1500,0,6500,6500,6500,7150,,,clean,,,200,1,5月!R29,,,
Q2305-030,2023-05-24,一般,田中,名刺,card,1,1,0,0,0,0,0,0,0,0,0,0,3400,3400,3400,0,3400,0,0,0,0,0,0,3400,10,3400,0,0,3400,3400,3400,3740,税込,,clean,,,100,1,5月!R30,,,
Q2305-031,2023-05-25,C028,田中,冊子,offset,1,0.9,20000,21600,21875,0,0,0,0,0,23000,0,0,86475,77827.5,0,77827.5,0,0,0,0,0,0,77827.5,10,77820,0,0,77820,77820,77820,77820,,,clean,,,2000,1,5月!R31,,,
Q2305-032,2023-05-26,D02,高橋,チラシ,offset,1,0.8,10000,8000,8750,0,0,800,0,0,0,0,0,27550,22040,0,22040,0,0,0,0,0,0,22040,10,22040,1500,-40,23500,23500,23500,23500,,,clean,,,5000,1,,,,
Q2305-033,2023-05-26,C017,田中,名刺,card,1,0.9,0,0,0,0,0,0,0,0,0,0,26800,26800,24120,0,24120,0,0,0,0,0,0,24120,10,24120,1500,0,25620,25620,25620,25620,税抜,,clean,,,500,4,5月!R32,,,
Q2305-034,2023-05-26,C001,高橋,チラシ,offset,1,0.9,10000,19200,39875,0,0,800,0,0,0,0,0,69875,62887.5,0,62887.5,15721.88,0,0,0,0,0,78609.38,10,78600,0,-100,78500,78500,78500,78500,,,clean,,,10000,1,,,,
Q2305-035,2023-05-29,C037,高橋,リーフレット,offset,1,1,20000,16000,17100,0,0,800,5600,0,0,0,0,59500,59500,0,59500,0,0,0,8000,1200,0,68700,10,68700,0,-200,68500,68500,68500,68500,税抜,,clean,,,3000,1,,,,
Q2305-036,2023-05-29,C007,田中,チラシ,offset,1,0.95,20000,27200,21750,0,0,800,0,0,0,0,0,69750,66262.5,0,66262.5,0,0,0,0,0,0,66262.5,10,66260,0,0,66260,66260,66260,66260,,,clean,,,10000,1,5月!R33,,,
Q2305-037,2023-05-30,C030,高橋,リーフレット,offset,0,1,20000,16000,9900,0,0,800,5700,0,0,0,0,52400,52400,0,52400,0,0,0,0,0,0,52400,10,52400,0,-400,52000,53500,52000,52000,税抜,,stale_price_table,priced with period-0 tables after revision,,2000,1,,,,
Q2305-038,2023-05-30,D05,田中,リーフレット,offset,1,0.85,20000,21600,17500,0,0,800,5600,0,0,0,0,65500,55675,0,55675,0,0,0,0,0,0,55675,10,55670,0,0,55670,55670,55670,55670,,,clean,,,3000,1,5月!R34,,,
Q2305-039,2023-05-31,C006,鈴木,封筒,env,1,0.95,7200,12000,0,0,0,0,0,0,0,31360,0,50560,48032,0,48032,0,0,0,0,0,0,48032,10,48030,0,0,48030,48030,48030,48030,,,clean,,,1000,2,5月!R35,,,
Q2305-040,2023-05-31,C040,鈴木,チラシ,offset,1,1.05,20000,16000,7875,0,0,800,0,14250,0,0,0,58925,61871.25,0,61871.25,0,0,0,0,0,0,61871.25,10,61870,0,0,61870,61870,61870,61870,,,clean,,,1000,1,5月!R36,,,
Q2306-001,2023-06-01,C003,高橋,封筒,env,1,1,1800,3000,0,0,0,0,0,0,0,15680,0,20480,20480,0,20480,0,0,4000,0,0,0,24480,10,24480,1500,-480,25500,25500,28050,28050,税抜,,tax_label_error,gross_as_net,,1000,1,,,,
Q2306-002,2023-06-01,C009,田中,冊子,offset,1,0.95,20000,21600,17500,0,0,0,0,0,18000,0,0,77100,73245,0,73245,0,0,0,8000,0,0,81245,10,81240,5200,0,86440,86440,86440,86440,,,clean,,,1500,1,6月!R6,,,
Q2306-003,2023-06-02,C004,鈴木,名刺,card,1,1.05,0,0,0,0,0,0,0,0,0,0,8800,8800,9240,0,9240,0,0,0,0,0,0,9240,10,9240,1500,0,10740,10740,10740,10740,,,clean,,,200,2,6月!R7,,,
Q2306-004,2023-06-02,C035,鈴木,封筒,env,1,1,1800,3200,0,0,0,0,0,0,0,13440,0,18440,18440,0,18440,0,0,0,0,0,0,18440,10,18440,0,0,18440,18440,18440,18440,,,clean,,,2500,1,6月!R8,,,
Q2306-005,2023-06-05,C023,高橋,名刺,card,1,1,0,0,0,0,0,0,0,0,0,0,16320,16320,16320,0,16320,0,0,0,0,0,0,16320,10,16320,520,-340,16500,16500,16500,16500,税抜,,clean,,,100,7,,,,
Q2306-006,2023-06-05,一般,田中,名刺,card,1,1,0,0,0,0,0,0,0,0,0,0,5400,5400,5400,0,5400,0,0,0,0,0,0,5400,10,5400,0,0,5400,5400,5400,5940,税込,,clean,,,300,1,6月!R9,,,
Q2306-007,2023-06-06,C017,田中,名刺,card,1,0.9,0,0,0,0,0,0,0,0,0,0,17760,17760,15984,0,15984,0,0,0,0,0,0,15984,10,15980,1500,0,17480,17480,17480,17480,税抜,,clean,,,100,12,6月!R10,,,
Q2306-008,2023-06-06,D05,田中,チラシ,offset,1,0.85,20000,16000,10875,0,0,800,0,0,0,0,0,47675,40523.75,0,40523.75,0,0,0,0,0,0,40523.75,10,40520,0,0,40520,40520,40520,40520,,,clean,,,3000,1,6月!R11,,,
Q2306-009,2023-06-07,C007,渡辺,名刺,card,1,0.95,0,0,0,0,0,0,0,0,0,0,5200,5200,4940,0,4940,1235,0,0,0,0,3500,9675,10,9670,800,0,10470,10470,10470,10470,,,clean,,,100,2,,,,
Q2306-010,2023-06-07,C031,鈴木,リーフレット,offset,1,1,20000,16000,10875,0,0,800,7300,0,0,0,0,54975,54975,0,54975,0,0,0,0,0,0,54975,10,54970,2600,0,57570,57570,57570,57570,,,clean,,,3000,1,6月!R12,,,
Q2306-011,2023-06-07,K007,田中,名刺,card,1,1,0,0,0,0,0,0,0,0,0,0,3200,3200,3200,0,3200,0,0,0,0,0,3000,6200,10,6200,0,0,6200,6200,5636,6200,,,tax_label_error,net_as_gross,,500,1,6月!R13,,,
Q2306-012,2023-06-07,C038,田中,チラシ,offset,1,1,10000,8000,8750,0,0,800,0,0,0,0,0,27550,27550,0,27550,0,3000,0,0,0,0,30550,10,30550,0,0,30550,30550,30550,30550,税抜,,clean,,,3000,1,6月!R14,,,
Q2306-013,2023-06-07,C022,渡辺,封筒,env,1,0.95,3600,5200,0,0,0,0,0,0,0,5380,0,14180,13471,0,13471,0,0,0,0,0,0,13471,10,13470,0,0,13470,13470,13470,13470,税抜,,clean,,,2000,1,,,,
Q2306-014,2023-06-08,C031,鈴木,封筒,env,1,1,3600,14800,0,0,0,0,0,0,0,89600,0,108000,108000,0,108000,0,0,4000,0,0,0,112000,10,112000,9100,0,121100,121100,121100,121100,,,clean,,,10000,2,6月!R15,,,
Q2306-015,2023-06-08,D05,田中,チラシ,offset,1,0.85,10000,19200,39875,0,0,800,0,0,0,0,0,69875,59393.75,0,59393.75,0,0,0,0,0,0,59393.75,10,59390,0,0,59390,59390,59390,59390,税抜,,clean,,,20000,1,6月!R16,,,
Q2306-016,2023-06-08,C036,渡辺,封筒,env,1,0.9,1800,3000,0,0,0,0,0,0,0,7840,0,12640,11376,0,11376,0,0,4000,0,0,0,15376,10,15370,0,0,15370,15370,15370,15370,税抜,,clean,,,500,1,,,,
Q2306-017,2023-06-08,C007,渡辺,チラシ,offset,1,0.95,30000,40800,61625,0,0,800,0,0,0,0,0,133225,126563.75,0,126563.75,0,0,0,8000,0,0,134563.75,10,134560,0,0,134560,134560,134560,134560,税抜,,clean,,,5000,3,,,,
Q2306-018,2023-06-09,C003,高橋,チラシ,offset,1,1,10000,8000,15750,0,0,800,0,0,0,0,0,34550,34550,0,34550,0,0,0,0,0,0,34550,10,34550,0,-50,34500,34500,34500,34500,,,clean,,,5000,1,,,,
Q2306-019,2023-06-09,C006,鈴木,封筒,env,1,0.95,3600,7800,0,0,0,0,0,0,0,31360,0,42760,40622,0,40622,0,0,0,0,0,0,40622,10,40620,0,0,40620,40620,40620,40620,,,clean,,,2000,1,6月!R17,,,
Q2306-020,2023-06-09,D02,高橋,チラシ,offset,1,0.8,10000,10800,11325,0,0,800,0,0,0,0,0,32925,26340,0,26340,0,0,0,0,0,0,26340,10,26340,1500,-340,27500,27500,27500,27500,税抜,,clean,,,5000,1,,,,
Q2306-021,2023-06-09,C037,高橋,名刺,card,1,1,0,0,0,0,0,0,0,0,0,0,2200,2200,2200,0,2200,0,0,0,0,0,0,2200,10,2200,800,0,3000,3000,3000,3000,税抜,,clean,,,100,1,,,,
Q2306-022,2023-06-09,C033,鈴木,チラシ,offset,1,1,10000,19200,39875,0,0,800,0,0,0,0,0,69875,69875,0,69875,0,0,0,0,0,0,69875,10,69870,0,0,69870,69870,69870,69870,,,clean,,,20000,1,6月!R18,,,
Q2306-023,2023-06-12,C004,田中,チラシ,offset,1,1.05,20000,55200,58000,0,0,800,0,0,0,0,0,134000,140700,0,140700,0,0,0,0,0,0,140700,10,140700,0,0,140700,140700,140700,140700,税抜,,clean,,,30000,1,6月!R19,,,
Q2306-024,2023-06-12,C033,鈴木,チラシ,offset,1,1,10000,19200,39875,0,0,800,0,0,0,0,0,69875,69875,0,69875,0,0,0,0,0,0,69875,10,69870,0,0,69870,69870,69870,69870,,,clean,,,20000,1,6月!R20,,,
Q2306-025,2023-06-12,C007,渡辺,リーフレット,offset,1,0.95,20000,16000,8750,0,0,800,3200,0,0,0,0,48750,46312.5,0,46312.5,0,0,0,0,0,0,46312.5,10,46310,0,0,46310,46310,46310,46310,,,clean,,,1000,1,,,,
Q2306-026,2023-06-12,D04,鈴木,リーフレット,od,1,0.75,0,0,2657.4,13800,0,800,4100,0,0,0,0,21357.4,16018.05,0,16018.05,0,0,0,0,0,0,16018.05,10,16010,1300,0,17310,17310,17310,17310,,,clean,,,500,1,6月!R21,,,
Q2306-027,2023-06-13,C017,田中,リーフレット,offset,1,0.9,20000,16000,8750,0,0,800,5700,0,0,0,0,51250,46125,0,46125,0,0,0,0,0,0,46125,10,46120,0,0,46120,46120,46120,46120,税抜,,clean,,,2000,1,6月!R22,,,
Q2306-028,2023-06-13,C003,田中,冊子,offset,1,1,40000,43200,45600,0,0,0,0,0,25500,0,0,154300,154300,0,154300,0,0,0,0,0,0,154300,10,154300,0,0,154300,154300,154300,154300,税抜,,clean,,,1500,1,6月!R23,,,
Q2306-029,2023-06-13,G08,渡辺,冊子,od,1,0.9,0,0,6674.4,13600,1500,0,0,0,6000,0,0,27774.4,24996.96,0,24996.96,0,0,0,0,0,0,24996.96,10,24990,0,0,24990,24990,24990,27489,,,clean,,,200,1,,,,
Q2306-030,2023-06-13,G02,高橋,チラシ,offset,1,0.9,10000,8000,4150,0,0,800,0,0,0,0,0,22950,20655,0,20655,0,0,4000,0,0,0,24655,10,24650,1500,-150,26000,26000,26000,28600,税込,,clean,,,1500,1,,,,
Q2306-031,2023-06-13,C029,高橋,名刺,card,1,0.95,0,0,0,0,0,0,0,0,0,0,13500,13500,12825,0,12825,0,0,0,0,0,0,12825,10,12820,0,-320,12500,12500,12500,12500,,,clean,,,100,5,,,,
Q2306-032,2023-06-13,C040,鈴木,チラシ,od,1,1.05,0,0,2657.4,13800,0,800,0,8625,0,0,0,25882.4,27176.52,0,27176.52,0,0,0,0,0,0,27176.52,10,27170,1500,0,28670,28670,28670,28670,,,clean,,,500,1,6月!R24,,,
Q2306-033,2023-06-14,D05,田中,チラシ,offset,1,0.85,20000,16000,7250,0,0,800,0,0,0,0,0,44050,37442.5,0,37442.5,0,0,0,0,0,0,37442.5,10,37440,0,0,37440,37440,37440,37440,税抜,,clean,,,2000,1,6月!R25,,,
Q2306-034,2023-06-14,C009,田中,冊子,offset,1,0.95,20000,21600,17500,0,0,0,0,0,18000,0,0,77100,73245,0,73245,0,0,0,0,0,0,73245,10,73240,5200,0,78440,78440,78440,78440,税抜,,clean,,,1500,1,6月!R26-R27,,,
Q2306-035,2023-06-14,C036,渡辺,名刺,card,1,0.9,0,0,0,0,0,0,0,0,0,0,6800,6800,6120,0,6120,0,0,0,0,0,0,6120,10,6120,800,0,6920,6920,6920,6920,,,clean,,,100,2,,,,
Q2306-036,2023-06-14,C005,鈴木,名刺,card,1,1,0,0,0,0,0,0,0,0,0,0,3200,3200,3200,0,3200,0,0,0,0,0,0,3200,10,3200,800,0,4000,4000,4000,4000,,,clean,,,100,2,6月!R28,,,
Q2306-037,2023-06-15,C040,鈴木,名刺,card,1,1.05,0,0,0,0,0,0,0,0,0,0,20060,20060,21063,0,21063,0,0,0,0,0,0,21063,10,21060,1500,0,22560,22560,22560,22560,,,clean,,,100,6,6月!R29-R31,,,
Q2306-038,2023-06-15,G04,鈴木,チラシ,od,1,0.9,0,0,556.2,1600,1500,800,0,0,0,0,0,4456.2,4010.58,1,5000,0,0,0,0,0,0,5000,10,5000,1500,0,6500,6500,6500,7150,,,clean,,,200,1,6月!R32,,,
Q2306-039,2023-06-15,C024,鈴木,封筒,env,1,1,1800,3000,0,0,0,0,0,0,0,15680,0,20480,20480,0,20480,0,0,0,0,0,0,20480,10,20480,0,0,20480,20480,20480,20480,,,clean,,,1000,1,6月!R33,,,
Q2306-040,2023-06-16,C037,高橋,封筒,env,1,1,1800,2000,0,0,0,0,0,0,0,2690,0,6490,6490,0,6490,0,0,0,0,0,0,6490,10,6490,800,0,7290,7290,7290,7290,税抜,,clean,,,1000,1,,,,
Q2306-041,2023-06-19,C001,高橋,チラシ,offset,1,0.9,10000,13600,26250,0,0,800,0,0,0,0,0,50650,45585,0,45585,0,0,4000,0,0,0,49585,10,49580,0,-80,49500,49500,49500,49500,,,clean,,,10000,1,,,,
Q2306-042,2023-06-19,C002,高橋,リーフレット,offset,1,1,20000,16000,11400,0,0,800,5700,0,0,0,0,53900,53900,0,53900,0,0,0,0,0,0,53900,10,53900,0,-400,53500,53500,53500,53500,税抜,,clean,,,2000,1,,,,
Q2306-043,2023-06-20,C022,渡辺,封筒,env,1,0.95,3600,5200,0,0,0,0,0,0,0,5380,0,14180,13471,0,13471,0,0,0,0,0,0,13471,10,13470,0,0,13470,13470,13470,13470,税抜,,clean,,,2000,1,,,,
Q2306-044,2023-06-20,D05,田中,チラシ,offset,1,0.85,20000,21600,14500,0,0,800,0,0,0,0,0,56900,48365,0,48365,0,0,0,0,0,0,48365,10,48360,0,0,48360,48360,48360,48360,税抜,,clean,,,5000,1,6月!R34,,,
Q2306-045,2023-06-20,G05,高橋,冊子,od,1,1,0,0,1668.6,16200,1500,0,0,0,4500,0,0,23868.6,23868.6,0,23868.6,0,0,0,0,0,0,23868.6,10,23860,1500,-360,25000,25000,25000,27500,税込,,clean,,,150,1,,,,
Q2306-046,2023-06-20,C037,高橋,冊子,offset,1,1,60000,81600,87500,0,0,0,0,0,48000,0,0,277100,277100,0,277100,0,0,0,8000,0,0,285100,10,285100,0,-100,285000,285000,285000,285000,税抜,,clean,,,3000,1,,,,
Q2306-047,2023-06-21,D01,高橋,リーフレット,offset,1,0.8,20000,38400,48125,0,0,800,34500,0,0,0,0,141825,113460,0,113460,0,0,0,0,0,0,113460,10,113460,0,-460,113000,113000,113000,113000,税抜,,clean,,,20000,1,,,,
Q2306-048,2023-06-22,K005,田中,名刺,card,1,1,0,0,0,0,0,0,0,0,0,0,3400,3400,3400,0,3400,850,0,0,0,0,0,4250,10,4250,0,0,4250,4250,4250,4675,,,clean,,,100,1,6月!R35,,,
Q2306-049,2023-06-22,C034,鈴木,リーフレット,offset,1,1,20000,21600,18125,0,0,800,15300,0,0,0,0,75825,75825,0,75825,0,0,0,0,0,0,75825,10,75820,0,0,75820,75820,75820,75820,,,clean,,,8000,1,6月!R36,,,
Q2306-050,2023-06-23,C001,高橋,チラシ,offset,1,0.9,20000,21600,45000,0,0,800,0,0,0,0,0,87400,78660,0,78660,0,0,0,0,0,0,78660,10,78660,0,-160,78500,78500,78500,78500,,,clean,,,15000,2,,,,
Q2306-051,2023-06-26,C026,田中,チラシ,offset,1,1,20000,21600,20000,0,0,800,0,0,0,0,0,62400,62400,0,62400,0,0,0,0,0,0,62400,10,62400,0,0,62400,62400,62400,62400,税抜,,clean,,,5000,1,6月!R37,,,
Q2306-052,2023-06-26,C035,鈴木,リーフレット,offset,1,1,,,,,,,,,,,,,,,,,,,,,,,,,,,178000,100200,178000,178000,,,unreconcilable,amount not derivable from the spec (orig rule net 100200),,1500,2,6月!R38,,,
Q2306-053,2023-06-26,C031,鈴木,名刺,card,1,1,0,0,0,0,0,0,0,0,0,0,10400,10400,10400,0,10400,0,1000,0,0,0,0,11400,10,11400,0,0,11400,11400,11400,11400,,,clean,,,100,4,6月!R39,,,
Q2306-054,2023-06-27,C019,鈴木,封筒,env,1,0.95,1800,2600,0,0,0,0,0,0,0,5380,0,9780,9291,0,9291,0,0,4000,0,0,0,13291,10,13290,0,0,13290,13290,13290,13290,,,clean,,,2000,1,6月!R40,,,
Q2306-055,2023-06-27,C006,鈴木,名刺,card,1,0.95,0,0,0,0,0,0,0,0,0,0,9440,9440,8968,0,8968,0,0,0,0,0,0,8968,10,8960,800,0,9760,9760,9760,9760,,,clean,,,100,6,6月!R41,,,
Q2306-056,2023-06-29,C028,田中,冊子,offset,1,0.9,20000,21600,21875,0,0,0,0,0,23000,0,0,86475,77827.5,0,77827.5,19456.88,3000,0,0,0,0,100284.38,10,100280,0,0,100280,80820,100280,100280,,,unrecorded_rush,rush surcharge applied without note,,2000,1,6月!R42,,,
Q2306-057,2023-06-29,C001,高橋,名刺,card,1,0.9,0,0,0,0,0,0,0,0,0,0,11200,11200,10080,0,10080,2520,0,0,0,0,0,12600,10,12600,0,-100,12500,12500,12500,12500,税抜,,clean,,,200,2,,,,
Q2306-058,2023-06-30,C001,高橋,チラシ,offset,1,0.9,10000,10800,15000,0,0,800,0,0,0,0,0,36600,32940,0,32940,0,0,0,0,0,0,32940,10,32940,0,-440,32500,32500,32500,32500,,,clean,,,5000,1,,,,
Q2307-001,2023-07-01,C031,鈴木,冊子,offset,1,1,30000,40800,30000,0,0,0,0,0,48000,0,0,148800,148800,0,148800,0,0,0,0,0,0,148800,10,148800,9100,0,157900,157900,157900,157900,,,clean,,,3000,1,7月!R6-R7,,,
Q2307-002,2023-07-03,D02,高橋,名刺,card,1,0.8,0,0,0,0,0,0,0,0,0,0,5800,5800,4640,0,4640,0,0,0,0,0,0,4640,10,4640,1500,0,6140,6140,6140,6140,,,clean,,,100,2,,,,
Q2307-003,2023-07-03,D04,鈴木,冊子,offset,1,0.75,10000,8000,5700,0,0,0,0,0,6000,0,0,29700,22275,0,22275,0,3000,0,0,0,0,25275,10,25270,0,0,25270,25270,25270,25270,,,clean,,,300,1,7月!R8,,,
Q2307-004,2023-07-03,C006,鈴木,冊子,offset,1,0.95,10000,8000,5700,0,0,0,0,0,6000,0,0,29700,28215,0,28215,0,0,0,0,0,0,28215,10,28210,0,0,28210,28210,28210,28210,,,clean,,,300,1,7月!R9,,,
Q2307-005,2023-07-03,D01,高橋,チラシ,offset,1,0.8,20000,21600,14500,0,0,800,0,0,0,0,0,56900,45520,0,45520,0,0,4000,0,0,0,49520,10,49520,0,-20,49500,49500,49500,49500,,,clean,,,5000,1,,,,
Q2307-006,2023-07-03,一般,田中,名刺,card,1,1,0,0,0,0,0,0,0,0,0,0,2400,2400,2400,0,2400,0,0,0,0,0,0,2400,10,2400,0,0,2400,2400,2400,2640,税込,,clean,,,100,1,7月!R10,,,
Q2307-007,2023-07-04,C005,鈴木,名刺,card,1,1,0,0,0,0,0,0,0,0,0,0,4800,4800,4800,0,4800,0,0,0,0,0,0,4800,10,4800,800,0,5600,5600,5600,5600,,,clean,,,100,3,7月!R11,,,
Q2307-008,2023-07-05,K003,鈴木,名刺,card,1,1,0,0,0,0,0,0,0,0,0,0,4500,4500,4500,0,4500,0,0,0,0,0,0,4500,10,4500,0,0,4500,4500,4500,4950,,,clean,,,100,1,7月!R12,,,
Q2307-009,2023-07-06,C024,鈴木,名刺,card,1,1,0,0,0,0,0,0,0,0,0,0,6400,6400,6400,0,6400,0,0,0,0,0,0,6400,10,6400,800,0,7200,7200,7200,7200,,,clean,,,100,2,7月!R13,,,
Q2307-010,2023-07-06,C033,鈴木,チラシ,offset,1,1,10000,19200,39875,0,0,800,0,0,0,0,0,69875,69875,0,69875,0,0,0,0,0,0,69875,10,69870,0,0,69870,69870,69870,69870,,,clean,,,20000,1,7月!R14,,,
Q2307-011,2023-07-06,C030,高橋,名刺,card,1,1,0,0,0,0,0,0,0,0,0,0,2400,2400,2400,0,2400,600,0,0,0,0,0,3000,10,3000,800,0,3800,3800,3800,3800,税抜,,clean,,,100,1,,,,
Q2307-012,2023-07-06,一般,渡辺,チラシ,od,1,1,0,0,164.8,390,1500,800,0,0,0,0,0,2854.8,2854.8,1,5000,0,0,0,0,0,0,5000,10,5000,800,0,5800,5800,5800,6380,,,clean,,,50,1,,,,
Q2307-013,2023-07-06,C007,渡辺,チラシ,offset,1,0.95,10000,19200,66550,0,0,800,0,0,0,0,0,96550,91722.5,0,91722.5,0,0,0,0,0,0,91722.5,10,91720,0,0,91720,91720,91720,91720,税抜,,clean,,,20000,1,,,,
Q2307-014,2023-07-07,C040,鈴木,チラシ,od,1,1.05,0,0,1677,13800,1500,800,0,0,0,0,0,17777,18665.85,0,18665.85,0,3000,0,0,0,0,21665.85,10,21660,1500,0,23160,23160,23160,23160,,,clean,,,500,1,7月!R15-R16,,,
Q2307-015,2023-07-07,K004,田中,チラシ,od,1,1,0,0,2038.2,7500,1500,800,0,0,0,0,0,11838.2,11838.2,0,11838.2,0,3000,0,0,0,0,14838.2,10,14830,0,0,14830,14830,14830,16313,,,clean,,,500,1,7月!R17,,,
Q2307-016,2023-07-07,C006,鈴木,名刺,card,1,0.95,0,0,0,0,0,0,0,0,0,0,17400,17400,16530,0,16530,0,1000,0,0,0,0,17530,10,17530,0,0,17530,17530,17530,17530,,,clean,,,1000,2,7月!R18,,,
Q2307-017,2023-07-07,G04,鈴木,チラシ,od,1,0.9,0,0,286.2,800,1500,800,0,0,0,0,0,3386.2,3047.58,1,5000,0,0,0,0,0,0,5000,10,5000,0,0,5000,5000,5000,5500,,,clean,,,100,1,7月!R19,,,
Q2307-018,2023-07-10,C020,渡辺,名刺,card,1,1,0,0,0,0,0,0,0,0,0,0,6300,6300,6300,0,6300,0,0,0,0,0,0,6300,10,6300,800,0,7100,7100,7100,7100,,,clean,,,100,3,,,,
Q2307-019,2023-07-10,一般,田中,名刺,card,1,1,0,0,0,0,0,0,0,0,0,0,5200,5200,5200,0,5200,0,0,0,0,0,3500,8700,10,8700,0,0,8700,8700,8700,9570,税込,,clean,,,100,2,7月!R20,,,
Q2307-020,2023-07-10,C006,鈴木,冊子,offset,1,0.95,10000,8000,5700,0,0,0,0,0,6000,0,0,29700,28215,0,28215,7053.75,0,0,0,0,0,35268.75,10,35260,0,0,35260,35260,35260,35260,,,clean,,,300,1,7月!R21,,,
Q2307-021,2023-07-11,K013,鈴木,チラシ,od,1,1,0,0,2038.2,13800,1500,800,0,0,0,0,0,18138.2,18138.2,0,18138.2,0,0,0,0,0,0,18138.2,10,18130,0,0,18130,18130,18130,19943,,,clean,,,500,1,7月!R22,,,
Q2307-022,2023-07-12,D04,鈴木,冊子,offset,1,0.75,10000,8000,5700,0,0,0,0,0,8000,0,0,31700,23775,0,23775,0,3000,0,0,0,0,26775,10,26770,1300,0,28070,28070,28070,28070,,,clean,,,500,1,7月!R23-R24,,,
Q2307-023,2023-07-12,C012,高橋,封筒,env,1,0.9,1800,2000,0,0,0,0,0,0,0,6270,0,10070,9063,0,9063,0,0,0,0,0,0,9063,10,9060,800,0,9860,9860,9860,9860,税抜,,clean,,,300,1,,,,
Q2307-024,2023-07-12,K004,田中,リーフレット,offset,1,1,20000,16000,8750,0,0,800,3200,0,0,0,0,48750,48750,0,48750,0,0,0,0,0,0,48750,10,48750,0,0,48750,48750,48750,53625,税込,,clean,,,1000,1,7月!R25,,,
Q2307-025,2023-07-13,C021,鈴木,冊子,offset,1,1.1,40000,32000,9000,0,0,0,0,0,6000,0,0,87000,95700,0,95700,0,3000,0,0,0,0,98700,10,98700,0,0,98700,98700,98700,98700,,,clean,,,300,1,7月!R26,,,
Q2307-026,2023-07-13,D05,田中,リーフレット,offset,1,0.85,20000,27200,26250,0,0,800,8000,0,0,0,0,82250,69912.5,0,69912.5,0,0,0,0,0,0,69912.5,10,69910,0,0,68910,69910,68910,68910,税抜,,undocumented_discount,minus_fixed: 69910 -> 68910,,5000,1,7月!R27-R28,,,
Q2307-027,2023-07-13,C002,高橋,チラシ,offset,1,1,10000,8000,5000,0,0,800,0,0,0,0,0,23800,23800,0,23800,0,0,0,0,0,0,23800,10,23800,1500,-300,25000,25000,25000,25000,税抜,,clean,,,1000,1,,,,
Q2307-028,2023-07-13,C007,渡辺,チラシ,offset,1,0.95,20000,21600,24200,0,0,800,0,0,0,0,0,66600,63270,0,63270,0,0,0,0,0,0,63270,10,63270,0,0,63270,63270,63270,63270,税抜,,clean,,,10000,1,,,,
Q2307-029,2023-07-13,G02,高橋,冊子,od,1,0.9,0,0,6674.4,51000,0,0,0,0,5250,0,0,62924.4,56631.96,0,56631.96,0,0,0,0,0,0,56631.96,10,56630,0,-130,56500,56500,56500,62150,,,clean,,,150,1,,,,
Q2307-030,2023-07-14,一般,鈴木,チラシ,od,1,1,0,0,813.7,3000,0,800,0,0,0,0,0,4613.7,4613.7,1,5000,0,0,0,0,0,0,5000,10,5000,0,0,5000,5000,5000,5500,,,clean,,,200,1,7月!R29,,,
Q2307-031,2023-07-18,C037,高橋,リーフレット,offset,1,1,20000,16000,11400,0,0,800,4400,0,0,0,0,52600,52600,0,52600,0,0,0,0,0,0,52600,10,52600,0,-100,52500,52500,52500,52500,税抜,,clean,,,1500,1,,,,
Q2307-032,2023-07-18,C007,渡辺,リーフレット,offset,1,0.95,20000,16000,8750,0,0,800,3200,0,0,0,0,48750,46312.5,0,46312.5,0,0,0,0,0,0,46312.5,10,46310,0,0,46310,46310,46310,46310,税抜,,clean,,,1000,1,,,,
Q2307-033,2023-07-18,C001,高橋,チラシ,offset,1,0.9,20000,66400,76125,0,0,800,0,0,0,0,0,163325,146992.5,0,146992.5,0,0,0,8000,0,0,154992.5,10,154990,0,-490,154500,154500,154500,154500,税抜,,clean,,,20000,1,,,,
Q2307-034,2023-07-18,一般,渡辺,名刺,card,1,1,0,0,0,0,0,0,0,0,0,0,5200,5200,5200,0,5200,0,0,0,0,0,0,5200,10,5200,520,0,5720,5720,5720,6292,,,clean,,,500,1,,,,
Q2307-035,2023-07-18,一般,鈴木,チラシ,od,1,1,0,0,1754.4,2000,1500,800,0,0,0,0,0,6054.4,6054.4,0,6054.4,0,3000,0,0,0,0,9054.4,10,9050,1300,0,10350,10350,10350,11385,,,clean,,,500,1,7月!R30,,,
Q2307-036,2023-07-19,C023,高橋,冊子,offset,1,1,5000,6800,39900,0,0,0,0,0,33000,0,0,84700,84700,0,84700,0,0,0,0,0,0,84700,10,84700,0,-200,84500,84500,84500,84500,税抜,,clean,,,3000,1,,,,
Q2307-037,2023-07-19,K014,鈴木,名刺,card,1,1,0,0,0,0,0,0,0,0,0,0,3400,3400,3400,0,3400,0,0,0,0,0,0,3400,10,3400,520,0,3920,3920,3920,4312,,,clean,,,100,1,7月!R31,,,
Q2307-038,2023-07-20,D05,田中,チラシ,offset,1,0.85,10000,27600,58000,0,0,800,0,0,0,0,0,96400,81940,0,81940,0,0,0,0,0,0,81940,10,81940,0,0,81940,81940,81940,81940,税抜,,clean,,,30000,1,7月!R32,,,
Q2307-039,2023-07-20,C016,高橋,名刺,card,1,1,0,0,0,0,0,0,0,0,0,0,18480,18480,18480,0,18480,0,0,0,0,0,0,18480,10,18480,0,-480,18000,18000,18000,18000,,,clean,,,100,8,,,,
Q2307-040,2023-07-20,C001,高橋,チラシ,offset,1,0.9,20000,55200,58000,0,0,800,0,0,0,0,0,134000,120600,0,120600,0,0,0,8000,0,0,128600,10,128600,0,-100,128500,128500,128500,128500,,,clean,,,30000,1,,,,
Q2307-041,2023-07-21,C033,鈴木,チラシ,offset,1,1,10000,19200,39875,0,0,800,0,0,0,0,0,69875,69875,0,69875,0,3000,0,0,0,0,72875,10,72870,0,0,72870,72870,72870,72870,,,clean,,,20000,1,7月!R33,,,
Q2307-042,2023-07-21,C040,鈴木,名刺,card,1,1.05,0,0,0,0,0,0,0,0,0,0,8400,8400,8820,0,8820,0,0,0,0,0,0,8820,10,8820,1500,0,10320,10320,10320,10320,,,clean,,,100,4,7月!R34,,,
Q2307-043,2023-07-21,C017,田中,リーフレット,od,1,0.9,0,0,813.7,6000,1500,800,4100,0,0,0,0,13213.7,11892.33,0,11892.33,0,0,0,0,0,0,11892.33,10,11890,1500,0,13390,13390,13390,13390,,,clean,,,200,1,7月!R35-R36,,,
Q2307-044,2023-07-21,C003,高橋,チラシ,od,1,1,0,0,1677,7500,1500,800,0,0,0,0,0,11477,11477,0,11477,0,0,0,0,0,0,11477,10,11470,1500,-470,12500,12500,12500,12500,税抜,,clean,,,500,1,,,,
Q2307-045,2023-07-24,G05,高橋,冊子,od,1,1,0,0,1668.6,16200,0,0,0,0,4500,0,0,22368.6,22368.6,0,22368.6,0,0,0,0,0,0,22368.6,10,22360,1500,-360,23500,23500,23500,25850,,,clean,,,150,1,,,,
Q2307-046,2023-07-24,C039,鈴木,チラシ,offset,1,1,5000,4000,4150,0,0,800,0,0,0,0,0,13950,13950,0,13950,0,0,0,0,0,0,13950,10,13950,0,0,13950,13950,13950,13950,,,clean,,,1000,1,7月!R37,,,
Q2307-047,2023-07-24,一般,鈴木,名刺,card,1,1,0,0,0,0,0,0,0,0,0,0,2400,2400,2400,0,2400,0,0,0,0,0,0,2400,10,2400,0,0,2400,2400,2400,2640,,,clean,,,100,1,7月!R38,,,
Q2307-048,2023-07-24,G04,鈴木,チラシ,od,1,0.9,0,0,286.2,800,1500,800,0,0,0,0,0,3386.2,3047.58,1,5000,0,0,0,0,0,0,5000,10,5000,1500,0,6500,6500,6500,7150,,,clean,,,100,1,7月!R39,,,
Q2307-049,2023-07-24,K001,田中,チラシ,od,1,1,0,0,813.7,6000,1500,800,0,0,0,0,0,9113.7,9113.7,0,9113.7,0,0,0,0,0,0,9113.7,10,9110,800,0,9910,9910,9910,10901,,,clean,,,200,1,7月!R40,,,
Q2307-050,2023-07-24,D01,高橋,チラシ,offset,1,0.8,30000,24000,18125,0,0,800,0,0,0,0,0,72925,58340,0,58340,0,0,0,0,0,0,58340,10,58340,0,-340,58000,58000,58000,58000,税抜,,clean,,,5000,3,,,,
Q2307-051,2023-07-25,C001,高橋,チラシ,offset,1,0.9,10000,27600,48000,0,0,800,0,0,0,0,0,86400,77760,0,77760,0,0,0,0,0,0,77760,10,77760,0,-260,77500,77500,77500,77500,税抜,,clean,,,30000,1,,,,
Q2307-052,2023-07-25,C031,鈴木,名刺,card,1,1,0,0,0,0,0,0,0,0,0,0,15600,15600,15600,0,15600,0,0,0,0,0,0,15600,10,15600,1300,0,16900,16900,16900,16900,,,clean,,,500,3,7月!R41-R42,,,
Q2307-053,2023-07-25,C008,高橋,封筒,env,1,0.95,3600,6000,0,0,0,0,0,0,0,10760,0,20360,19342,0,19342,0,0,0,0,0,0,19342,10,19340,0,-340,19000,19000,19000,19000,税抜,,clean,,,1000,1,,,,
Q2307-054,2023-07-25,C003,高橋,名刺,card,1,1,0,0,0,0,0,0,0,0,0,0,9440,9440,9440,0,9440,0,0,0,0,0,5500,14940,10,14940,1500,-440,16000,16000,16000,16000,,,clean,,,100,6,,,,
Q2307-055,2023-07-25,D02,高橋,名刺,card,1,0.8,0,0,0,0,0,0,0,0,0,0,10200,10200,8160,0,8160,0,0,0,0,0,0,8160,10,8160,1500,0,9660,9660,9660,9660,税抜,,clean,,,100,3,,,,
Q2307-056,2023-07-26,C015,渡辺,名刺,card,1,1,0,0,0,0,0,0,0,0,0,0,6400,6400,6400,0,6400,0,0,0,0,0,0,6400,10,6400,800,0,7200,7200,7200,7200,税抜,,clean,,,500,2,,,,
Q2307-057,2023-07-26,一般,鈴木,名刺,card,1,1,0,0,0,0,0,0,0,0,0,0,19600,19600,19600,0,19600,0,0,0,0,0,0,19600,10,19600,1300,0,20900,20900,20900,22990,,,clean,,,1000,2,7月!R43,,,
Q2307-058,2023-07-26,C020,渡辺,名刺,card,1,1,0,0,0,0,0,0,0,0,0,0,4800,4800,4800,0,4800,0,0,0,0,0,0,4800,10,4800,800,0,5600,5600,5600,5600,,,clean,,,300,2,,,,
Q2307-059,2023-07-26,C018,田中,チラシ,offset,1,1,2500,2000,4150,0,0,800,0,0,0,0,0,9450,9450,0,9450,0,0,0,0,0,0,9450,10,9450,800,0,10250,10250,10250,10250,税抜,,clean,,,1000,1,7月!R44,,,
Q2307-060,2023-07-27,D01,高橋,チラシ,offset,1,0.8,10000,19200,39875,0,0,800,0,0,0,0,0,69875,55900,0,55900,0,0,0,0,0,0,55900,10,55900,0,-400,55500,55500,55500,55500,,,superseded_by_revision,re-issued with a negotiated price,Q2307-060-R2,20000,1,,,,
Q2307-061,2023-07-27,一般,鈴木,名刺,card,1,1,0,0,0,0,0,0,0,0,0,0,3700,3700,3700,0,3700,0,0,0,0,0,3000,6700,10,6700,0,0,6700,6700,6700,7370,,,clean,,,200,1,7月!R45,,,
Q2307-062,2023-07-27,C001,高橋,チラシ,offset,1,0.9,20000,55200,58000,0,0,800,0,0,0,0,0,134000,120600,0,120600,0,0,0,0,0,0,120600,10,120600,0,-100,120500,120500,120500,120500,税抜,,clean,,,30000,1,,,,
Q2307-063,2023-07-27,G05,高橋,冊子,od,1,1,0,0,4882.2,29400,1500,0,0,0,5000,0,0,40782.2,40782.2,0,40782.2,0,0,0,0,0,0,40782.2,10,40780,0,-280,40500,40500,40500,44550,税込,,clean,,,200,1,,,,
Q2307-064,2023-07-28,C009,田中,名刺,card,1,0.95,0,0,0,0,0,0,0,0,0,0,32300,32300,30685,0,30685,0,0,0,0,0,0,30685,10,30700,0,0,30700,30680,30700,30700,税抜,,rounding_inconsistency,rounded with half_up_100 instead of floor-10,,100,10,7月!R46,,,
Q2307-065,2023-07-28,D05,田中,リーフレット,offset,1,0.85,20000,27200,26250,0,0,800,8000,0,0,0,0,82250,69912.5,0,69912.5,0,0,0,0,0,0,69912.5,10,69910,0,0,69910,69910,69910,69910,,,clean,,,5000,1,7月!R47,,,
Q2307-066,2023-07-28,C004,鈴木,チラシ,offset,1,1.05,40000,54400,43500,0,0,800,0,0,0,0,0,138700,145635,0,145635,0,0,0,0,0,0,145635,10,145630,0,0,145630,145630,145630,145630,,,clean,,,10000,2,7月!R48,,,
Q2307-067,2023-07-28,C012,高橋,封筒,env,1,0.9,1800,2000,0,0,0,0,0,0,0,6270,0,10070,9063,0,9063,0,0,0,0,0,0,9063,10,9060,800,0,9860,9860,9860,9860,税抜,,clean,,,500,1,,,,
Q2307-068,2023-07-31,C002,高橋,チラシ,offset,1,1,10000,8000,5000,0,0,800,0,0,0,0,0,23800,23800,0,23800,0,0,4000,0,0,0,27800,10,27800,1500,-300,29000,29000,29000,29000,税抜,,clean,,,1000,1,,,,
Q2308-001,2023-08-01,C028,田中,チラシ,od,1,0.9,0,0,3347.5,25800,1500,800,0,0,0,0,0,31447.5,28302.75,0,28302.75,0,0,0,0,0,0,28302.75,10,28300,0,0,28300,28300,28300,28300,,,clean,,,500,1,8月!R6,,,
Q2308-002,2023-08-02,C031,高橋,リーフレット,offset,1,1,20000,16000,7250,0,0,800,5700,0,0,0,0,49750,49750,0,49750,0,0,0,0,0,0,49750,10,49750,0,-250,49500,51000,49500,49500,税抜,,omitted_delivery_fee,delivery fee 1300 not added,,2000,1,,,,
Q2308-003,2023-08-03,一般,鈴木,名刺,card,1,1,0,0,0,0,0,0,0,0,0,0,23200,23200,23200,0,23200,0,0,0,0,0,0,23200,10,23200,0,0,23200,23200,23200,25520,,,clean,,,500,4,8月!R7,,,
Q2308-004,2023-08-03,D01,高橋,チラシ,offset,1,0.8,20000,16000,5000,0,0,800,0,0,0,0,0,41800,33440,0,33440,0,0,0,0,0,0,33440,10,33440,0,-440,33000,33000,33000,33000,税抜,,clean,,,1000,1,,,,
Q2308-005,2023-08-03,C003,高橋,封筒,env,1,1,1800,2000,0,0,0,0,0,0,0,2690,0,6490,6490,0,6490,0,0,0,0,0,0,6490,10,6490,1500,0,7990,7990,7990,7990,,,clean,,,500,1,,,,
Q2308-006,2023-08-04,C013,高橋,チラシ,od,1,1,0,0,2038.2,2000,1500,800,0,0,0,0,0,6338.2,6338.2,0,6338.2,0,0,0,0,0,0,6338.2,10,6330,800,0,7130,7130,7130,7130,,,clean,,,500,1,,,,
Q2308-007,2023-08-04,G02,高橋,封筒,env,1,0.9,3600,14800,0,0,0,0,0,0,0,26900,0,45300,40770,0,40770,0,0,0,0,0,0,40770,10,40770,0,-270,40500,40500,40500,44550,税込,,clean,,,10000,1,,,,
Q2308-008,2023-08-04,C021,鈴木,冊子,offset,1,1.1,10000,8000,5700,0,0,0,0,0,8000,0,0,31700,34870,0,34870,0,0,0,0,0,0,34870,10,34870,0,0,34870,34870,34870,34870,,,clean,,,500,1,8月!R8,,,
Q2307-060-R2,2023-08-07,D01,高橋,チラシ,offset,1,0.8,10000,19200,39875,0,0,800,0,0,0,0,0,69875,55900,0,55900,0,0,0,0,0,0,55900,10,55900,0,-400,51600,55500,51600,51600,税抜,,negotiated_revision,price cut on re-issue: 55500 -> 51600,Q2307-060,20000,1,,,,
Q2308-009,2023-08-07,C039,鈴木,チラシ,offset,1,1,2500,2000,3000,0,0,800,0,0,0,0,0,8300,8300,0,8300,0,0,0,0,0,0,8300,10,8300,0,0,8300,8300,8300,8300,,,clean,,,1000,1,8月!R9,,,
Q2308-010,2023-08-07,D05,田中,冊子,offset,1,0.85,20000,16000,8750,0,0,0,0,0,8000,0,0,52750,44837.5,0,44837.5,11209.38,0,0,0,0,0,56046.88,10,56040,0,0,56040,44830,56040,56040,税抜,,unrecorded_rush,rush surcharge applied without note,,500,1,8月!R10,,,
Q2308-011,2023-08-07,一般,田中,チラシ,od,1,1,0,0,877.2,3750,1500,800,0,0,0,0,0,6927.2,6927.2,0,6927.2,0,0,0,0,0,0,6927.2,10,6920,800,0,7720,7720,7720,8492,,,clean,,,500,1,8月!R11,,,
Q2308-012,2023-08-08,C023,高橋,チラシ,offset,1,1,5000,4000,3625,0,0,800,0,0,0,0,0,13425,13425,0,13425,0,3000,0,0,0,0,16425,10,16420,1300,-220,17500,17500,17500,17500,税抜,,clean,,,2000,1,,,,
Q2308-013,2023-08-08,一般,渡辺,名刺,card,1,1,0,0,0,0,0,0,0,0,0,0,1600,1600,1600,0,1600,0,0,0,0,0,0,1600,10,1600,0,0,1600,1600,1600,1760,税込,,clean,,,100,1,,,,
Q2308-014,2023-08-08,K005,田中,冊子,od,1,1,0,0,1224.5,9000,1500,0,0,0,3450,0,0,15174.5,15174.5,0,15174.5,0,0,0,1500,0,0,16674.5,10,16670,0,0,16670,16670,16670,18337,税込,,clean,,,30,1,8月!R12,,,
Q2308-015,2023-08-08,D05,田中,冊子,offset,1,0.85,30000,24000,11400,0,0,0,0,0,7500,0,0,72900,61965,0,61965,0,0,0,0,0,0,61965,10,61960,0,0,61960,61960,61960,61960,税抜,,clean,,,300,1,8月!R13,,,
Q2308-016,2023-08-09,C040,鈴木,リーフレット,od,1,1.05,0,0,2038.2,13800,1500,800,4100,0,0,0,0,22238.2,23350.11,0,23350.11,0,0,0,0,0,0,23350.11,10,23350,1500,0,24850,24850,24850,24850,,,clean,,,500,1,8月!R14,,,
Q2308-017,2023-08-09,C002,鈴木,チラシ,od,1,1,0,0,2038.2,7500,1500,800,0,0,0,0,0,11838.2,11838.2,0,11838.2,0,0,0,0,0,0,11838.2,10,11830,0,0,11830,11830,11830,11830,,,clean,,,500,1,8月!R15,,,
Q2308-018,2023-08-10,C016,高橋,リーフレット,od,1,1,0,0,3182.7,16200,1500,800,3200,0,0,0,0,24882.7,24882.7,0,24882.7,0,0,0,0,0,0,24882.7,10,24880,0,-380,24500,24500,24500,24500,,,clean,,,300,1,,,,
Q2308-019,2023-08-10,C023,高橋,名刺,card,1,1,0,0,0,0,0,0,0,0,0,0,2400,2400,2400,0,2400,0,0,0,0,0,3000,5400,10,5400,520,0,5920,5920,5920,5920,税抜,,clean,,,100,1,,,,
Q2308-020,2023-08-21,D05,田中,チラシ,offset,1,0.85,10000,8000,8750,0,0,800,0,0,0,0,0,27550,23417.5,0,23417.5,0,0,0,0,800,0,24217.5,10,24210,0,0,24210,24210,24210,24210,税抜,,clean,,,2000,1,8月!R16,,,
Q2308-021,2023-08-21,C028,田中,冊子,offset,1,0.9,20000,21600,17500,0,0,0,0,0,18000,0,0,77100,69390,0,69390,17347.5,0,0,0,0,0,86737.5,10,86730,0,0,86730,86730,86730,86730,税抜,,clean,,,1500,1,8月!R17,,,
Q2308-022,2023-08-21,D05,田中,チラシ,offset,1,0.85,20000,16000,10875,0,0,800,0,0,0,0,0,47675,40523.75,0,40523.75,0,0,0,0,0,0,40523.75,10,40520,0,0,40520,40520,40520,40520,税抜,,clean,,,3000,1,8月!R18,,,
Q2308-023,2023-08-23,一般,鈴木,チラシ,od,1,1,0,0,2441.1,2400,3000,800,0,0,0,0,0,8641.1,8641.1,0,8641.1,0,0,0,0,0,0,8641.1,10,8640,0,0,8640,8640,8640,9504,,,clean,,,300,2,8月!R19,,,
Q2308-024,2023-08-23,D06,鈴木,チラシ,offset,1,0.8,20000,16000,7250,0,0,800,0,0,0,0,0,44050,35240,0,35240,0,0,0,0,0,0,35240,10,35240,1300,0,36540,36540,36540,36540,,,clean,,,2000,1,8月!R20-R21,,,
Q2308-025,2023-08-23,C038,田中,チラシ,offset,1,1,10000,8000,8750,0,0,800,0,0,0,0,0,27550,27550,0,27550,0,0,0,0,0,0,27550,10,27550,0,0,27550,27550,27550,27550,税抜,,clean,,,3000,1,8月!R22,,,
Q2308-026,2023-08-24,C034,鈴木,チラシ,offset,1,1,2500,2700,15000,0,0,800,0,0,0,0,0,21000,21000,0,21000,0,0,0,0,0,0,21000,10,21000,0,0,21000,21000,21000,21000,,,clean,,,5000,1,8月!R23,,,
Q2308-027,2023-08-25,C004,鈴木,チラシ,offset,1,1.05,20000,55200,58000,0,0,800,0,0,0,0,0,134000,140700,0,140700,0,0,0,0,12000,0,152700,10,152700,0,0,152700,152700,152700,152700,,,clean,,,30000,1,8月!R24,,,
Q2308-028,2023-08-28,C021,鈴木,名刺,card,1,1.1,0,0,0,0,0,0,0,0,0,0,7800,7800,8580,0,8580,0,0,0,0,0,0,8580,10,8580,800,0,9380,9380,9380,9380,,,clean,,,100,2,8月!R25,,,
Q2308-029,2023-08-28,C002,高橋,リーフレット,offset,1,1,20000,27200,21750,0,0,800,8000,0,0,0,0,77750,77750,0,77750,0,0,0,0,2000,0,79750,10,79750,0,-250,79500,79500,79500,79500,,,clean,,,5000,1,,,,
Q2308-030,2023-08-28,C001,高橋,チラシ,offset,1,0.9,10000,16400,24000,0,0,800,0,0,0,0,0,51200,46080,0,46080,0,0,0,0,0,0,46080,10,46080,0,-80,46000,46000,46000,46000,,,clean,,,15000,1,,,,
Q2308-031,2023-08-29,C002,高橋,リーフレット,offset,1,1,20000,16000,4375,0,0,800,4100,0,0,0,0,45275,45275,0,45275,0,0,0,0,0,0,45275,10,45270,0,-270,45000,45000,45000,45000,税抜,,clean,,,1000,1,,,,
Q2308-032,2023-08-29,D02,田中,名刺,card,1,0.8,0,0,0,0,0,0,0,0,0,0,13200,13200,10560,0,10560,0,0,0,0,0,0,10560,10,10560,1500,0,12060,12060,12060,12060,,,clean,,,200,3,8月!R26-R27,,,
Q2308-033,2023-08-30,C012,高橋,名刺,card,1,0.9,,,,,,,,,,,,,,,,,,,,,,,,,,,12000,4580,12000,12000,税抜,,unreconcilable,amount not derivable from the spec (orig rule net 4580),,300,1,,,,
Q2308-034,2023-08-30,C015,渡辺,名刺,card,1,1,0,0,0,0,0,0,0,0,0,0,12400,12400,12400,0,12400,0,0,0,0,0,0,12400,10,12400,0,0,12400,12400,12400,12400,,,clean,,,500,2,,,,
Q2308-035,2023-08-30,一般,田中,名刺,card,1,1,0,0,0,0,0,0,0,0,0,0,5000,5000,5000,0,5000,0,0,0,0,0,0,5000,10,5000,0,0,5000,5000,5000,5500,税込,,clean,,,200,1,8月!R28,,,
Q2308-036,2023-08-31,C017,田中,封筒,env,1,0.9,1800,3000,0,0,0,0,0,0,0,7840,0,12640,11376,0,11376,0,0,0,0,0,0,11376,10,11370,1500,0,12870,12870,12870,12870,税抜,,clean,,,300,1,8月!R29-R30,,,
Q2309-001,2023-09-01,C017,田中,名刺,card,1,0.9,0,0,0,0,0,0,0,0,0,0,19040,19040,17136,0,17136,0,0,0,0,0,0,17136,10,17130,1500,0,18630,18630,18630,18630,税抜,,clean,,,100,13,9月!R6-R7,,,
Q2309-002,2023-09-01,C037,高橋,冊子,od,1,1,0,0,2224.8,5600,1500,0,0,0,4000,0,0,13324.8,13324.8,0,13324.8,0,0,0,0,0,0,13324.8,10,13320,0,-320,13000,13000,13000,13000,,,clean,,,100,1,,,,
Q2309-003,2023-09-04,D05,田中,冊子,offset,1,0.85,60000,48000,21875,0,0,0,0,0,10500,0,0,140375,119318.75,0,119318.75,0,3000,0,0,0,0,122318.75,10,122310,0,0,122310,122310,122310,122310,,,clean,,,500,1,9月!R8,,,
Q2309-004,2023-09-05,C015,渡辺,名刺,card,1,1,0,0,0,0,0,0,0,0,0,0,5200,5200,5200,0,5200,0,0,0,0,0,0,5200,10,5200,800,0,6000,6000,6000,6000,税抜,,clean,,,1000,1,,,,
Q2309-005,2023-09-05,C030,高橋,名刺,card,1,1,0,0,0,0,0,0,0,0,0,0,13500,13500,13500,0,13500,0,0,0,0,0,0,13500,10,13500,0,0,13500,13500,13500,13500,,,clean,,,100,5,,,,
Q2309-006,2023-09-05,C015,渡辺,名刺,card,1,1,0,0,0,0,0,0,0,0,0,0,6200,6200,6200,0,6200,0,1000,0,0,0,0,7200,10,7200,800,0,8000,8000,8000,8000,税抜,,clean,,,500,1,,,,
Q2309-007,2023-09-05,K010,田中,チラシ,od,1,1,0,0,1224.5,9000,1500,800,0,0,0,0,0,12524.5,12524.5,0,12524.5,0,0,0,0,0,0,12524.5,10,12520,1300,0,13820,13820,13820,15202,,,clean,,,300,1,9月!R9,,,
Q2309-008,2023-09-05,C035,鈴木,封筒,env,1,1,1800,7400,0,0,0,0,0,0,0,44800,0,54000,54000,0,54000,0,0,0,0,0,0,54000,10,54000,0,0,54000,54000,54000,54000,,,clean,,,10000,1,9月!R10,,,
Q2309-009,2023-09-06,K001,田中,名刺,card,1,1,0,0,0,0,0,0,0,0,0,0,2400,2400,2400,0,2400,0,0,0,0,0,0,2400,10,2400,0,0,2400,2400,2400,2640,,,clean,,,100,1,9月!R11,,,
Q2309-010,2023-09-06,C001,高橋,チラシ,offset,1,0.9,10000,41600,78000,0,0,800,0,0,0,0,0,130400,117360,0,117360,0,0,0,0,0,0,117360,10,117360,0,-360,117000,117000,117000,117000,,,clean,,,50000,1,,,,
Q2309-011,2023-09-06,一般,鈴木,名刺,card,1,1,0,0,0,0,0,0,0,0,0,0,2400,2400,2400,0,2400,0,0,0,0,0,0,2400,10,2400,0,0,2400,2400,2400,2640,,,clean,,,100,1,9月!R12,,,
Q2309-012,2023-09-06,C035,鈴木,封筒,env,1,1,1800,7400,0,0,0,0,0,0,0,44800,0,54000,54000,0,54000,0,0,0,0,0,0,54000,10,54000,0,0,54000,54000,54000,54000,,,duplicate_entry,same quote keyed twice,Q2309-008,10000,1,,,,
Q2309-013,2023-09-07,C026,田中,チラシ,offset,1,1,20000,21600,25000,0,0,800,0,0,0,0,0,67400,67400,0,67400,0,0,0,0,0,0,67400,10,67400,0,0,67400,67400,67400,67400,,,clean,,,8000,1,9月!R13,,,
Q2309-014,2023-09-07,C009,田中,名刺,card,1,1,0,0,0,0,0,0,0,0,0,0,32300,32300,32300,0,32300,0,0,0,0,0,0,32300,10,32300,1300,0,33600,31980,33600,33600,税抜,,copied_customer_rate,rate 1.00 copied from previous quote for C026,,100,10,9月!R14-R15,,,
Q2309-015,2023-09-07,C002,高橋,チラシ,od,1,1,0,0,2038.2,7500,1500,800,0,0,0,0,0,11838.2,11838.2,0,11838.2,0,0,0,0,0,0,11838.2,10,11830,1500,-330,13000,13000,13000,13000,税抜,,clean,,,500,1,,,,
Q2309-016,2023-09-08,一般,渡辺,名刺,card,1,1,0,0,0,0,0,0,0,0,0,0,16000,16000,16000,0,16000,0,0,0,0,0,0,16000,10,16000,0,0,16000,16000,16000,17600,,,clean,,,500,5,,,,
Q2309-017,2023-09-08,C004,高橋,チラシ,offset,1,1.05,20000,21600,12000,0,0,800,0,0,0,0,0,54400,57120,0,57120,0,0,4000,0,0,0,61120,10,61120,0,-120,61000,61000,61000,61000,税抜,,clean,,,5000,1,,,,
Q2309-018,2023-09-11,一般,田中,名刺,card,1,1,0,0,0,0,0,0,0,0,0,0,1600,1600,1600,0,1600,0,0,0,0,0,0,1600,10,1600,0,0,1600,1600,1600,1760,税込,,clean,,,100,1,9月!R16,,,
Q2309-019,2023-09-11,一般,鈴木,名刺,card,1,1,0,0,0,0,0,0,0,0,0,0,4400,4400,4400,0,4400,0,0,0,0,0,3000,7400,10,7400,0,0,7400,7400,7400,8140,,,clean,,,200,1,9月!R17,,,
Q2309-020,2023-09-12,K007,田中,チラシ,od,1,1,0,0,126.4,104,1500,800,0,0,0,0,0,2530.4,2530.4,1,5000,0,0,0,0,0,0,5000,10,5000,0,0,5000,5000,5000,5500,,,clean,,,50,1,9月!R18,,,
Q2309-021,2023-09-12,C026,田中,チラシ,offset,1,1,20000,32800,32625,0,0,800,0,0,0,0,0,86225,86225,0,86225,0,0,0,8000,0,0,94225,10,94220,0,0,94220,94220,94220,94220,税抜,,clean,,,8000,1,9月!R19,,,
Q2309-022,2023-09-12,C037,高橋,封筒,env,1,1,3600,6400,0,0,0,0,0,0,0,13440,0,23440,23440,0,23440,0,0,4000,0,0,0,27440,10,27440,0,-440,27000,27000,27000,27000,,,clean,,,3000,1,,,,
Q2309-023,2023-09-12,C022,渡辺,封筒,env,1,0.95,1800,3000,0,0,0,0,0,0,0,15680,0,20480,19456,0,19456,0,0,0,0,0,0,19456,10,19450,0,0,19450,19450,19450,19450,税抜,,clean,,,1000,1,,,,
Q2309-024,2023-09-13,G05,高橋,冊子,od,1,1,0,0,1668.6,16200,1500,0,0,0,4500,0,0,23868.6,23868.6,0,23868.6,0,0,0,0,0,0,23868.6,10,23860,1500,-360,25000,25000,25000,27500,,,clean,,,150,1,,,,
Q2309-025,2023-09-13,C006,鈴木,冊子,offset,1,0.95,10000,8000,5700,0,0,0,0,0,6000,0,0,29700,28215,0,28215,0,0,0,0,0,0,28215,10,28210,0,0,28210,28210,28210,28210,,,clean,,,300,1,9月!R20,,,
Q2309-026,2023-09-13,C017,田中,封筒,env,1,0.9,3600,6400,0,0,0,0,0,0,0,13440,0,23440,21096,0,21096,0,0,4000,0,0,0,25096,10,25090,1500,0,26590,26590,26590,26590,,,clean,,,3000,1,9月!R21,,,
Q2309-027,2023-09-13,D01,高橋,チラシ,offset,1,0.8,30000,24000,14500,0,0,800,0,0,0,0,0,69300,55440,0,55440,0,0,0,0,0,0,55440,10,55440,0,-440,55000,55000,55000,55000,税抜,,clean,,,3000,3,,,,
Q2309-028,2023-09-13,一般,田中,名刺,card,1,1,0,0,0,0,0,0,0,0,0,0,3200,3200,3200,0,3200,0,0,0,0,0,3500,6700,10,6700,0,0,6700,6700,6700,7370,税込,,clean,,,100,2,9月!R22,,,
Q2309-029,2023-09-13,C002,高橋,リーフレット,offset,1,1,20000,16000,11400,0,0,800,5700,0,0,0,0,53900,53900,0,53900,0,0,0,0,0,0,53900,10,53900,0,-400,53500,53500,53500,53500,,,clean,,,2000,1,,,,
Q2309-030,2023-09-14,一般,田中,チラシ,od,1,1,0,0,813.7,3000,1500,800,0,0,0,0,0,6113.7,6113.7,0,6113.7,0,0,0,0,0,0,6113.7,10,6110,0,0,6110,6110,6110,6721,,,clean,,,200,1,9月!R23,,,
Q2309-031,2023-09-15,C021,田中,冊子,offset,1,1.1,10000,8000,11400,0,0,0,0,0,13000,0,0,42400,46640,0,46640,0,0,0,0,0,0,46640,10,46640,0,0,46640,46640,46640,46640,税抜,,clean,,,1000,1,9月!R24,,,
Q2309-032,2023-09-15,一般,田中,名刺,card,1,1,0,0,0,0,0,0,0,0,0,0,3400,3400,3400,0,3400,0,0,0,0,0,0,3400,10,3400,0,0,3400,3400,3400,3740,税込,,clean,,,100,1,9月!R25,,,
Q2309-033,2023-09-15,D06,鈴木,名刺,card,1,0.8,0,0,0,0,0,0,0,0,0,0,8100,8100,6480,0,6480,0,0,0,0,0,4000,10480,10,10480,520,0,11000,11000,11000,11000,,,clean,,,100,3,9月!R26,,,
Q2309-034,2023-09-19,D05,田中,封筒,env,1,0.85,3600,5200,0,0,0,0,0,0,0,8960,0,17760,15096,0,15096,0,0,0,0,0,0,15096,10,15090,0,0,15090,15090,15090,15090,税抜,,clean,,,2000,1,9月!R27,,,
Q2309-035,2023-09-20,C008,高橋,封筒,env,1,0.95,1800,2000,0,0,0,0,0,0,0,2690,0,6490,6165.5,0,6165.5,0,0,0,0,0,0,6165.5,10,6160,800,0,6960,6960,6960,6960,税抜,,clean,,,1000,1,,,,
Q2309-036,2023-09-20,C022,渡辺,封筒,env,1,0.95,1800,3000,0,0,0,0,0,0,0,15680,0,20480,19456,0,19456,0,0,0,0,0,0,19456,10,19450,0,0,19450,19450,19450,19450,,,clean,,,1000,1,,,,
Q2309-037,2023-09-20,一般,田中,チラシ,od,1,1,0,0,1224.5,4500,1500,800,0,0,0,0,0,8024.5,8024.5,0,8024.5,0,0,0,0,0,0,8024.5,10,8020,800,0,8820,8820,8820,9702,税込,,clean,,,300,1,9月!R28,,,
Q2309-038,2023-09-20,C012,高橋,封筒,env,1,0.9,1800,2600,0,0,0,0,0,0,0,5380,0,9780,8802,0,8802,2200.5,0,0,0,0,0,11002.5,10,11000,0,0,11000,11000,11000,11000,,,clean,,,2000,1,,,,
Q2309-039,2023-09-21,C035,鈴木,名刺,card,1,1,0,0,0,0,0,0,0,0,0,0,27140,27140,27140,0,27140,0,0,0,0,0,0,27140,10,27140,0,0,27140,27140,27140,27140,,,clean,,,200,6,9月!R29,,,
Q2309-040,2023-09-21,C012,高橋,封筒,env,1,0.9,3600,5200,0,0,0,0,0,0,0,8960,0,17760,15984,0,15984,0,0,0,0,0,0,15984,10,15980,0,-480,15500,15500,15500,15500,,,clean,,,2000,1,,,,
Q2309-041,2023-09-21,C007,渡辺,リーフレット,offset,1,0.95,20000,38400,48125,0,0,800,14000,0,0,0,0,121325,115258.75,0,115258.75,0,0,0,0,0,0,115258.75,10,115250,0,0,115250,115250,115250,115250,税抜,,clean,,,10000,1,,,,
Q2309-042,2023-09-22,G08,渡辺,冊子,offset,1,0.9,15000,12000,9000,0,0,0,0,0,7500,0,0,43500,39150,0,39150,0,0,0,0,0,0,39150,10,39150,0,0,39150,39150,39150,43065,税込,,clean,,,300,1,,,,
Q2309-043,2023-09-22,C006,鈴木,名刺,card,1,0.95,0,0,0,0,0,0,0,0,0,0,17400,17400,16530,0,16530,0,1000,0,0,0,0,17530,10,17530,0,0,17530,17530,17530,17530,,,clean,,,1000,2,9月!R30,,,
Q2309-044,2023-09-22,C033,田中,リーフレット,offset,1,1,20000,16000,7875,0,0,800,3200,0,0,0,0,47875,47875,0,47875,0,0,0,0,0,0,47875,10,47870,0,0,47870,47870,47870,47870,税抜,,clean,,,1000,1,9月!R31,,,
Q2309-045,2023-09-22,一般,鈴木,名刺,card,1,1,0,0,0,0,0,0,0,0,0,0,4600,4600,4600,0,4600,0,1000,0,0,0,0,5600,10,5600,0,0,5600,5600,5600,6160,,,clean,,,200,1,9月!R32,,,
Q2309-046,2023-09-22,C017,田中,リーフレット,offset,1,0.9,20000,16000,13125,0,0,800,7300,0,0,0,0,57225,51502.5,0,51502.5,0,0,0,0,0,0,51502.5,10,51500,0,0,51500,51500,51500,51500,,,clean,,,3000,1,9月!R33,,,
Q2309-047,2023-09-25,K002,田中,冊子,od,1,1,0,0,957.9,5400,1500,0,0,0,3300,0,0,11157.9,11157.9,0,11157.9,0,0,0,0,0,0,11157.9,10,11150,0,0,11150,11150,11150,12265,,,clean,,,30,1,9月!R34,,,
Q2309-048,2023-09-25,K004,田中,名刺,card,1,1,0,0,0,0,0,0,0,0,0,0,3200,3200,3200,0,3200,0,0,0,0,0,0,3200,10,3200,0,0,3200,3200,3200,3520,税込,,clean,,,500,1,9月!R35,,,
Q2309-049,2023-09-26,C036,渡辺,名刺,card,1,0.9,0,0,0,0,0,0,0,0,0,0,3400,3400,3060,0,3060,0,0,0,0,0,0,3060,10,3060,0,0,3060,3060,3060,3060,税抜,,clean,,,100,1,,,,
Q2309-050,2023-09-26,D06,鈴木,名刺,card,1,0.8,0,0,0,0,0,0,0,0,0,0,2700,2700,2160,0,2160,0,0,0,0,0,0,2160,10,2160,520,0,2680,2680,2680,2680,,,clean,,,100,1,9月!R36-R37,,,
Q2309-051,2023-09-26,C022,高橋,封筒,env,1,0.95,3600,5200,0,0,0,0,0,0,0,5380,0,14180,13471,0,13471,0,0,4000,0,0,0,17471,10,17470,0,-470,17000,17000,17000,17000,税抜,,clean,,,2000,1,,,,
Q2309-052,2023-09-26,C001,高橋,冊子,offset,1,0.9,60000,48000,17500,0,0,0,0,0,7500,0,0,133000,119700,0,119700,0,0,0,0,0,0,119700,10,119700,0,-200,119500,119500,119500,119500,税抜,,clean,,,300,1,,,,
Q2309-053,2023-09-26,C006,鈴木,リーフレット,offset,1,0.95,20000,16000,5700,0,0,800,4100,0,0,0,0,46600,44270,0,44270,0,0,0,0,0,0,44270,10,44270,0,0,44270,44270,44270,44270,,,clean,,,1000,1,9月!R38,,,
Q2309-054,2023-09-26,C007,渡辺,チラシ,offset,1,0.95,10000,10800,13125,0,0,800,0,0,0,0,0,34725,32988.75,0,32988.75,0,0,0,0,0,0,32988.75,10,32980,0,0,32980,32980,32980,32980,税抜,,clean,,,5000,1,,,,
Q2309-055,2023-09-26,C006,鈴木,名刺,card,1,0.95,0,0,0,0,0,0,0,0,0,0,17400,17400,16530,0,16530,0,0,0,0,0,0,16530,10,16530,0,0,16530,16530,16530,16530,,,clean,,,1000,2,9月!R39,,,
Q2309-056,2023-09-26,C012,高橋,封筒,env,1,0.9,3600,5200,0,0,0,0,0,0,0,8960,0,17760,15984,0,15984,3996,0,4000,0,0,0,23980,10,23980,0,-480,23500,23500,23500,23500,税抜,,clean,,,2000,1,,,,
Q2309-057,2023-09-27,C040,鈴木,チラシ,od,1,1.05,0,0,1007.5,9000,0,800,0,0,0,0,0,10807.5,11347.88,0,11347.88,0,0,0,0,0,0,11347.88,10,11340,1500,0,12840,12840,12840,12840,,,clean,,,300,1,9月!R40-R41,,,
Q2309-058,2023-09-27,C012,高橋,封筒,env,1,0.9,1800,2000,0,0,0,0,0,0,0,6270,0,10070,9063,0,9063,0,0,0,0,0,0,9063,10,9060,800,0,9860,9860,9860,9860,,,clean,,,500,1,,,,
Q2309-059,2023-09-27,C023,高橋,名刺,card,1,1,0,0,0,0,0,0,0,0,0,0,2400,2400,2400,0,2400,0,0,0,0,0,0,2400,10,2400,520,0,2920,2920,2920,2920,,,clean,,,100,1,,,,
Q2309-060,2023-09-28,C016,高橋,名刺,card,1,1,0,0,0,0,0,0,0,0,0,0,8100,8100,8100,0,8100,0,0,0,0,0,0,8100,10,8100,800,0,8900,8900,8900,8900,,,clean,,,100,3,,,,
Q2309-061,2023-09-28,D06,鈴木,封筒,env,1,0.8,1800,4400,0,0,0,0,0,0,0,13450,0,19650,15720,0,15720,3930,0,4000,0,0,0,23650,10,23650,0,0,23650,23650,23650,23650,,,clean,,,5000,1,9月!R42,,,
Q2309-062,2023-09-28,C009,田中,冊子,offset,1,0.95,20000,16000,13125,0,0,0,0,0,13000,0,0,62125,59018.75,0,59018.75,0,0,0,0,0,0,59018.75,10,59010,3900,0,62910,62910,62910,62910,,,clean,,,1000,1,9月!R43,,,
Q2309-063,2023-09-28,C039,鈴木,チラシ,offset,1,1,5000,4000,4150,0,0,800,0,0,0,0,0,13950,13950,0,13950,3487.5,0,0,0,0,0,17437.5,10,17430,1500,0,18930,18930,18930,18930,,,clean,,,1500,1,9月!R44-R45,,,
Q2309-064,2023-09-29,G08,渡辺,冊子,offset,1,0.9,15000,12000,9000,0,0,0,0,0,7500,0,0,43500,39150,0,39150,0,3000,0,0,0,0,42150,10,42150,0,0,42150,42150,42150,46365,税込,,clean,,,300,1,,,,
Q2309-065,2023-09-29,一般,鈴木,名刺,card,1,1,0,0,0,0,0,0,0,0,0,0,5200,5200,5200,0,5200,0,0,0,0,0,0,5200,10,5200,0,0,5200,5200,5200,5720,,,clean,,,500,1,9月!R46,,,
Q2309-066,2023-09-29,C015,渡辺,チラシ,offset,1,1,20000,16000,12100,0,0,800,0,0,0,0,0,48900,48900,0,48900,0,0,0,0,0,0,48900,10,48900,0,0,48900,48900,48900,48900,税抜,,clean,,,2000,1,,,,
Q2309-067,2023-09-29,一般,渡辺,名刺,card,1,1,0,0,0,0,0,0,0,0,0,0,2900,2900,2900,0,2900,0,0,0,0,0,3000,5900,10,5900,0,0,5900,5900,5900,6490,,,clean,,,100,1,,,,
Q2310-001,2023-10-02,C026,田中,チラシ,offset,1,1,20000,27200,30000,0,0,800,0,0,0,0,0,78000,78000,0,78000,0,3000,0,0,0,0,81000,10,81000,0,0,81000,81000,81000,81000,税抜,8100,clean,,,10000,1,10月!R6,,,
Q2310-002,2023-10-02,K013,鈴木,チラシ,od,1,1,0,0,221.2,750,1500,800,0,0,0,0,0,3271.2,3271.2,1,5000,1250,0,0,0,0,0,6250,10,6250,0,0,6250,6250,6250,6875,税込,625,clean,,,50,1,10月!R7,,,
Q2310-003,2023-10-03,C018,田中,チラシ,od,1,1,0,0,1007.5,4500,1500,800,0,0,0,0,0,7807.5,7807.5,0,7807.5,0,0,0,0,0,0,7807.5,10,7800,0,0,7800,7800,7800,7800,税抜,780,clean,,,300,1,10月!R8,,,
Q2310-004,2023-10-03,C039,鈴木,チラシ,offset,1,1,10000,8000,4375,0,0,800,0,0,0,0,0,23175,23175,0,23175,0,0,0,0,0,0,23175,10,23170,1500,0,24670,24670,24670,24670,税抜,2467,clean,,,1000,1,10月!R9-R10,,,
Q2310-005,2023-10-03,K014,鈴木,チラシ,od,1,1,0,0,360.4,3000,1500,800,0,0,0,0,0,5660.4,5660.4,0,5660.4,0,0,0,0,0,0,5660.4,10,5660,0,0,5660,5660,5660,6226,税込,566,clean,,,100,1,10月!R11,,,
Q2310-006,2023-10-03,C003,高橋,封筒,env,1,1,1800,3200,0,0,0,0,0,0,0,8070,0,13070,13070,0,13070,0,3000,0,0,0,0,16070,10,16070,1500,-70,17500,17500,17500,17500,税抜,1750,clean,,,3000,1,,,,
Q2310-007,2023-10-04,C017,田中,封筒,env,1,0.9,1800,2000,0,0,0,0,0,0,0,2690,0,6490,5841,0,5841,0,0,4000,0,0,0,9841,10,9840,1500,0,11340,11340,11340,11340,税抜,1134,clean,,,1000,1,10月!R12-R13,,,
Q2310-008,2023-10-05,C006,鈴木,名刺,card,1,0.95,0,0,0,0,0,0,0,0,0,0,19000,19000,18050,0,18050,0,0,0,0,0,0,18050,10,18050,0,0,18050,18050,18050,18050,税抜,1805,clean,,,300,5,10月!R14,,,
Q2310-009,2023-10-05,D04,鈴木,リーフレット,od,1,0.75,0,0,4068.5,25800,0,800,3200,0,0,0,0,33868.5,25401.38,0,25401.38,0,0,0,0,0,0,25401.38,10,25400,1300,0,26700,26700,26700,26700,税抜,2670,clean,,,500,1,10月!R15-R16,,,
Q2310-010,2023-10-05,G05,高橋,チラシ,od,1,1,0,0,1054,1200,1500,800,0,0,0,0,0,4554,4554,1,5000,0,0,0,0,0,0,5000,10,5000,0,0,5000,5000,5000,5000,税抜,500,clean,,,300,1,,,,
Q2310-011,2023-10-05,G04,鈴木,チラシ,od,1,0.9,0,0,286.2,800,0,800,0,0,0,0,0,1886.2,1697.58,1,5000,0,0,0,0,0,0,5000,10,5000,1500,0,6500,6500,6500,6500,税抜,650,clean,,,100,1,10月!R17-R18,,,
Q2310-012,2023-10-05,C026,田中,チラシ,offset,1,1,20000,27200,21750,0,0,800,0,0,0,0,0,69750,69750,0,69750,0,0,0,0,0,0,69750,10,69750,0,0,69750,69750,69750,69750,税抜,6975,clean,,,5000,1,10月!R19,,,
Q2310-013,2023-10-06,C005,鈴木,名刺,card,1,1,0,0,0,0,0,0,0,0,0,0,4800,4800,4800,0,4800,0,1000,0,0,0,0,5800,10,5800,800,0,6600,6600,6600,6600,税抜,660,clean,,,100,3,10月!R20,,,
Q2310-014,2023-10-06,G06,高橋,リーフレット,od,1,0.9,0,0,5304.5,25800,1500,800,3200,0,0,0,0,36604.5,32944.05,0,32944.05,0,0,0,0,0,0,32944.05,10,32940,0,-440,32500,32500,32500,32500,税抜,3250,clean,,,500,1,,,,
Q2310-015,2023-10-06,C034,鈴木,冊子,offset,1,1,7500,6000,11400,0,0,0,0,0,8000,0,0,32900,32900,0,32900,0,0,0,8000,0,0,40900,10,40900,0,0,40900,40900,40900,40900,税抜,4090,clean,,,500,1,10月!R21,,,
Q2310-016,2023-10-10,C020,渡辺,名刺,card,1,1,0,0,0,0,0,0,0,0,0,0,4000,4000,4000,0,4000,0,0,0,0,0,0,4000,10,4000,800,0,4800,4800,4800,4800,税抜,480,clean,,,200,2,,,,
Q2310-017,2023-10-10,C001,高橋,チラシ,offset,1,0.9,20000,16000,25000,0,0,800,0,0,0,0,0,61800,55620,0,55620,0,0,4000,0,0,0,59620,10,59620,0,-120,59500,59500,59500,59500,税抜,5950,clean,,,8000,2,,,,
Q2310-018,2023-10-11,C025,鈴木,チラシ,offset,1,1,10000,8000,7250,0,0,800,0,0,0,0,0,26050,26050,0,26050,0,0,0,0,0,0,26050,10,26050,1500,0,27550,27550,27550,27550,税抜,2755,clean,,,3000,1,10月!R22,,,
Q2310-019,2023-10-12,C040,鈴木,チラシ,offset,1,1.05,20000,16000,15750,0,0,800,0,36750,0,0,0,89300,93765,0,93765,23441.25,0,4000,0,0,0,121206.25,10,121200,0,0,121200,24820,121200,121200,税抜,12120,quantity_entry_error,"recorded qty/kinds 300/1, priced 3000/1",,3000,1,10月!R23,,,
Q2310-020,2023-10-13,C012,高橋,封筒,env,1,0.9,1800,2600,0,0,0,0,0,0,0,5380,0,9780,8802,0,8802,0,0,0,0,0,0,8802,10,8800,800,0,9600,9600,9600,9600,税抜,960,clean,,,1500,1,,,,
Q2310-021,2023-10-13,一般,田中,名刺,card,1,1,0,0,0,0,0,0,0,0,0,0,5800,5800,5800,0,5800,0,0,0,0,0,0,5800,10,5800,1500,0,7300,7300,7300,8030,税込,730,clean,,,500,1,10月!R24,,,
Q2310-022,2023-10-13,C026,田中,チラシ,offset,1,1,20000,21600,20000,0,0,800,0,0,0,0,0,62400,62400,0,62400,0,0,0,0,0,0,62400,10,62400,0,0,62400,62400,62400,62400,税抜,6240,clean,,,5000,1,10月!R25,,,
Q2310-023,2023-10-13,D02,高橋,チラシ,offset,1,0.8,10000,10800,13125,0,0,800,0,0,0,0,0,34725,27780,0,27780,6945,0,0,0,0,0,34725,10,34720,0,-220,34500,34500,34500,34500,税抜,3450,clean,,,10000,1,,,,
Q2310-024,2023-10-13,一般,鈴木,名刺,card,1,1,0,0,0,0,0,0,0,0,0,0,4000,4000,4000,0,4000,0,0,0,0,0,0,4000,10,4000,0,0,4000,4000,4000,4400,税込,400,clean,,,100,1,10月!R26,,,
Q2310-025,2023-10-16,C040,鈴木,リーフレット,od,1,1.05,0,0,1677,13800,1500,800,3200,0,0,0,0,20977,22025.85,0,22025.85,0,0,0,0,0,0,22025.85,10,22020,1500,0,23520,23520,23520,23520,税抜,2352,clean,,,500,1,10月!R27,,,
Q2310-026,2023-10-16,C025,鈴木,チラシ,offset,1,1,10000,8000,4375,0,0,800,0,0,0,0,0,23175,23175,0,23175,0,0,0,0,0,0,23175,10,23170,1500,0,24670,24670,24670,24670,税抜,2467,clean,,,1000,1,10月!R28-R29,,,
Q2310-027,2023-10-16,K001,田中,名刺,card,1,1,0,0,0,0,0,0,0,0,0,0,1600,1600,1600,0,1600,0,1000,0,0,0,0,2600,10,2600,0,0,2600,2600,2600,2860,税込,260,clean,,,100,1,10月!R30,,,
Q2310-028,2023-10-16,D05,渡辺,チラシ,offset,1,1,2500,3400,26250,0,0,800,0,0,0,0,0,32950,32950,0,32950,0,0,0,0,0,0,32950,10,32950,0,0,32950,28000,32950,32950,税抜,3295,copied_customer_rate,rate 1.00 copied from previous quote for C020,,10000,1,,,,
Q2310-029,2023-10-16,G08,渡辺,冊子,offset,1,0.9,15000,12000,9000,0,0,0,0,0,7500,0,0,43500,39150,0,39150,0,0,0,0,0,0,39150,10,39150,0,0,39150,39150,39150,39150,税抜,3915,clean,,,300,1,,,,
Q2310-030,2023-10-16,C017,田中,冊子,offset,1,0.9,40000,32000,13125,0,0,0,0,0,6000,0,0,91125,82012.5,0,82012.5,0,0,0,0,0,0,82012.5,10,82010,0,0,82010,82010,82010,82010,税抜,8201,clean,,,300,1,10月!R31,,,
Q2310-031,2023-10-17,G05,高橋,封筒,env,1,1,1800,2600,0,0,0,0,0,0,0,8960,0,13360,13360,0,13360,0,0,0,0,0,0,13360,10,13360,1500,-360,14500,14500,14500,14500,税抜,1450,clean,,,1500,1,,,,
Q2310-032,2023-10-17,C002,高橋,リーフレット,offset,1,1,20000,16000,10875,0,0,800,4400,0,0,0,0,52075,52075,0,52075,0,0,0,0,0,0,52075,10,52070,0,-70,52000,52000,52000,52000,税抜,5200,clean,,,1500,1,,,,
Q2310-033,2023-10-17,C004,鈴木,チラシ,offset,1,1.05,20000,16000,12450,0,0,800,0,0,0,0,0,49250,51712.5,0,51712.5,0,0,0,0,0,0,51712.5,10,51710,0,0,51710,51710,51710,51710,税抜,5171,clean,,,3000,1,10月!R32,,,
Q2310-034,2023-10-18,C007,渡辺,チラシ,offset,1,0.95,10000,13600,26250,0,0,800,0,0,0,0,0,50650,48117.5,0,48117.5,0,3000,0,0,0,0,51117.5,10,51110,0,0,51110,51110,51110,51110,税抜,5111,clean,,,10000,1,,,,
Q2310-035,2023-10-18,C026,田中,チラシ,offset,1,1,20000,27200,30000,0,0,800,0,0,0,0,0,78000,78000,0,78000,0,0,0,0,0,0,78000,10,78000,0,0,78000,78000,78000,78000,税抜,7800,clean,,,10000,1,10月!R33,,,
Q2310-036,2023-10-18,C002,高橋,チラシ,offset,1,1,10000,8000,3625,0,0,800,0,0,0,0,0,22425,22425,0,22425,5606.25,3000,0,0,0,0,31031.25,10,31030,0,-30,31000,31000,31000,31000,税抜,3100,clean,,,1000,1,,,,
Q2310-037,2023-10-19,C021,鈴木,冊子,offset,1,1.1,2500,3400,17500,0,0,0,0,0,33000,0,0,56400,62040,0,62040,0,0,0,0,0,0,62040,10,62040,0,0,62040,62040,62040,62040,税抜,6204,clean,,,3000,1,10月!R34,,,
Q2310-038,2023-10-20,C031,鈴木,リーフレット,offset,1,1,20000,16000,10875,0,0,800,7300,0,0,0,0,54975,54975,0,54975,0,0,0,0,0,0,54975,10,54970,2600,0,57570,57570,57570,57570,税抜,5757,clean,,,3000,1,10月!R35-R36,,,
Q2310-039,2023-10-21,D06,高橋,リーフレット,offset,1,0.8,20000,16000,13125,0,0,800,5700,0,0,0,0,55625,44500,0,44500,0,0,0,0,0,0,44500,10,44500,3900,-400,48000,48000,48000,48000,税抜,4800,clean,,,2000,1,,,,
Q2310-040,2023-10-23,K001,田中,チラシ,offset,1,1,20000,16000,5700,0,0,800,0,0,0,0,0,42500,42500,0,42500,0,0,0,0,0,0,42500,10,42500,0,0,42500,42500,42500,46750,税込,4250,clean,,,1000,1,10月!R37,,,
Q2310-041,2023-10-23,D06,鈴木,リーフレット,offset,1,0.8,20000,16000,13125,0,0,800,5700,0,0,0,0,55625,44500,0,44500,0,0,0,0,0,0,44500,10,44500,2600,0,47100,47100,47100,47100,税抜,4710,clean,,,1500,1,10月!R38,,,
Q2310-042,2023-10-23,一般,田中,名刺,card,1,1,0,0,0,0,0,0,0,0,0,0,3400,3400,3400,0,3400,0,0,0,0,0,0,3400,10,3400,0,0,3400,3400,3400,3740,税込,340,clean,,,100,1,10月!R39,,,
Q2310-043,2023-10-23,C012,高橋,封筒,env,1,0.9,1800,2000,0,0,0,0,0,0,0,6270,0,10070,9063,0,9063,0,0,0,0,0,0,9063,10,9060,800,0,9860,9860,9860,9860,税抜,986,clean,,,300,1,,,,
Q2310-044,2023-10-24,C027,田中,封筒,env,1,1,3600,4000,0,0,0,0,0,0,0,4480,0,12080,12080,0,12080,0,0,0,0,0,0,12080,10,12080,1500,0,13580,13580,13580,13580,税抜,1358,clean,,,1000,1,10月!R40-R41,,,
Q2310-045,2023-10-24,一般,鈴木,名刺,card,1,1,0,0,0,0,0,0,0,0,0,0,2400,2400,2400,0,2400,0,0,0,0,0,0,2400,10,2400,800,0,3200,3200,3200,3520,税込,320,clean,,,100,1,10月!R42,,,
Q2310-046,2023-10-24,一般,渡辺,チラシ,od,1,1,0,0,221.2,1500,1500,800,0,0,0,0,0,4021.2,4021.2,1,5000,0,0,0,0,0,0,5000,10,5000,0,0,5000,5000,5000,5500,税込,500,clean,,,50,1,,,,
Q2310-047,2023-10-25,C009,田中,名刺,card,1,0.95,0,0,0,0,0,0,0,0,0,0,32300,32300,30685,0,30685,0,1000,0,0,0,0,31685,10,31680,1300,0,32980,32980,32980,32980,税抜,3298,clean,,,100,10,10月!R43-R44,,,
Q2310-048,2023-10-26,C027,田中,封筒,env,1,1,3600,4000,0,0,0,0,0,0,0,4480,0,12080,12080,0,12080,0,0,0,0,0,0,12080,10,12080,1500,0,13580,13580,13580,13580,税抜,1358,clean,,,500,1,10月!R45-R46,,,
Q2310-049,2023-10-27,C002,高橋,チラシ,od,1,1,0,0,2038.2,7500,0,800,0,0,0,0,0,10338.2,10338.2,0,10338.2,0,0,0,0,0,0,10338.2,10,10330,1500,-330,11500,11500,11500,11500,税抜,1150,clean,,,500,1,,,,
Q2310-050,2023-10-27,D01,高橋,チラシ,offset,1,0.8,10000,8000,5700,0,0,800,0,0,0,0,0,24500,19600,0,19600,0,3000,0,0,0,0,22600,10,22600,1500,-100,24000,24000,24000,24000,税抜,2400,clean,,,1000,1,,,,
Q2310-051,2023-10-27,C031,鈴木,封筒,env,1,1,3600,9600,0,0,0,0,0,0,0,47040,0,60240,60240,0,60240,0,0,0,0,0,0,60240,10,60240,5200,0,65440,65440,65440,65440,税抜,6544,clean,,,3000,1,10月!R47-R48,,,
Q2310-052,2023-10-27,K002,田中,冊子,od,1,1,0,0,3254.8,21000,1500,0,0,0,4000,0,0,29754.8,29754.8,0,29754.8,0,0,0,0,0,0,29754.8,10,29750,0,0,29750,29750,29750,32725,税込,2975,clean,,,100,1,10月!R49,,,
Q2310-053,2023-10-28,C006,鈴木,名刺,card,1,0.95,0,0,0,0,0,0,0,0,0,0,4800,4800,4560,0,4560,0,0,0,0,0,0,4560,10,4560,800,0,5360,5360,5360,5360,税抜,536,clean,,,100,3,10月!R50-R51,,,
Q2310-054,2023-10-30,C003,高橋,封筒,env,1,1,1800,3000,0,0,0,0,0,0,0,7840,0,12640,12640,0,12640,0,0,0,0,0,0,12640,10,12640,1500,-140,14000,14000,14000,14000,税抜,1400,clean,,,300,1,,,,
Q2310-055,2023-10-30,C004,鈴木,チラシ,offset,1,1.05,30000,32400,32625,0,0,800,0,0,0,0,0,95825,100616.25,0,100616.25,0,0,0,0,0,0,100616.25,10,100610,0,0,100610,100610,100610,100610,税抜,10061,clean,,,5000,3,10月!R52,,,
Q2310-056,2023-10-31,D01,高橋,チラシ,offset,1,0.8,10000,8000,5700,0,0,800,0,0,0,0,0,24500,19600,0,19600,0,0,0,8000,0,0,27600,10,27600,1500,-100,29000,29000,29000,29000,税抜,2900,clean,,,1000,1,,,,
Q2310-057,2023-10-31,D06,鈴木,チラシ,offset,1,0.8,20000,21600,22800,0,0,800,0,0,0,0,0,65200,52160,0,52160,0,0,0,0,0,0,52160,10,52200,5200,0,57400,57360,57400,57400,税抜,5740,rounding_inconsistency,rounded with ceil_100 instead of floor-10,,5000,1,10月!R53,,,
Q2310-058,2023-10-31,C031,鈴木,リーフレット,offset,1,1,20000,16000,10875,0,0,800,7300,0,0,0,0,54975,54975,0,54975,0,0,0,0,0,0,54975,10,54970,2600,0,57570,57570,57570,57570,税抜,5757,clean,,,3000,1,10月!R54-R55,,,
Q2311-001,2023-11-01,C039,鈴木,チラシ,od,1,1,0,0,1007.5,4500,1500,800,0,0,0,0,0,7807.5,7807.5,0,7807.5,0,0,0,0,0,0,7807.5,10,7807,0,0,7807,7800,7807,7807,税抜,780,rounding_inconsistency,rounded with no_rounding instead of floor-10,,300,1,11月!R6,,,
Q2311-002,2023-11-01,C001,高橋,チラシ,offset,1,0.9,20000,21600,30000,0,0,800,0,0,0,0,0,72400,65160,0,65160,0,0,0,8000,0,0,73160,10,73160,0,-160,73000,73000,73000,73000,税抜,7300,clean,,,10000,2,,,,
Q2311-003,2023-11-01,D05,田中,リーフレット,offset,1,0.85,20000,27200,26250,0,0,800,8000,0,0,0,0,82250,69912.5,0,69912.5,0,0,0,0,0,0,69912.5,10,69910,0,0,69910,69910,69910,69910,税抜,6991,clean,,,5000,1,11月!R7,,,
Q2311-004,2023-11-01,C004,鈴木,チラシ,offset,1,1.05,30000,24000,21750,0,0,800,0,0,0,0,0,76550,80377.5,0,80377.5,0,0,0,0,0,0,80377.5,10,80370,0,0,80370,80370,80370,80370,税抜,8037,clean,,,3000,3,11月!R8,,,
Q2311-005,2023-11-06,C005,鈴木,リーフレット,offset,1,1,10000,8000,8750,0,0,800,5700,0,0,0,0,33250,33250,0,33250,0,0,0,0,0,0,33250,10,33250,0,0,33250,33250,33250,33250,税抜,3325,clean,,,2000,1,11月!R9,,,
Q2311-006,2023-11-06,C006,鈴木,名刺,card,1,0.95,0,0,0,0,0,0,0,0,0,0,6800,6800,6460,0,6460,0,0,0,0,0,0,6460,10,6460,800,0,7260,7260,7260,7260,税抜,726,clean,,,100,2,11月!R10,,,
Q2311-007,2023-11-06,C006,鈴木,リーフレット,offset,1,0.95,20000,16000,7250,0,0,800,5700,0,0,0,0,49750,47262.5,0,47262.5,0,0,0,0,0,0,47262.5,10,47260,0,0,47260,47260,47260,47260,税抜,4726,clean,,,2000,1,11月!R11,,,
Q2311-008,2023-11-07,C040,鈴木,チラシ,offset,1,1.05,20000,16000,7875,0,0,800,0,14250,0,0,0,58925,61871.25,0,61871.25,0,0,0,0,0,0,61871.25,10,61870,0,0,61870,61870,61870,61870,税抜,6187,clean,,,1000,1,11月!R12-R13,,,
Q2311-009,2023-11-07,D06,鈴木,チラシ,offset,1,0.8,10000,8000,7250,0,0,800,0,0,0,0,0,26050,20840,0,20840,0,0,0,0,0,0,20840,10,20840,2600,0,23440,23440,23440,23440,税抜,2344,clean,,,3000,1,11月!R14,,,
Q2311-010,2023-11-07,C037,高橋,チラシ,od,1,1,0,0,1677,2000,0,800,3200,0,0,0,0,7677,7677,0,7677,0,0,0,0,0,0,7677,10,7670,800,0,8470,8470,8470,8470,税抜,847,clean,,,500,1,,,,
Q2311-011,2023-11-07,D05,田中,冊子,offset,1,0.85,30000,24000,11400,0,0,0,0,0,7500,0,0,72900,61965,0,61965,0,0,0,0,0,0,61965,10,61960,0,0,61960,61960,61960,61960,税抜,6196,clean,,,300,1,11月!R15,,,
Q2311-012,2023-11-07,C022,渡辺,封筒,env,1,0.95,3600,7800,0,0,0,0,0,0,0,21520,0,32920,31274,0,31274,0,0,0,0,0,0,31274,10,31270,0,0,31270,31270,31270,31270,税抜,3127,clean,,,2000,1,,,,
Q2311-013,2023-11-08,C022,渡辺,チラシ,od,1,0.95,0,0,1007.5,1200,1500,800,0,0,0,0,0,4507.5,4282.12,1,5000,0,0,0,0,0,0,5000,10,5000,0,0,5000,5000,5000,5000,税抜,500,clean,,,300,1,,,,
Q2311-014,2023-11-08,D04,鈴木,チラシ,offset,1,0.75,10000,8000,4375,0,0,800,0,0,0,0,0,23175,17381.25,0,17381.25,0,0,0,0,0,0,17381.25,10,17380,1300,0,18680,18680,18680,18680,税抜,1868,clean,,,1000,1,11月!R16,,,
Q2311-015,2023-11-08,C007,渡辺,チラシ,offset,1,0.95,20000,27200,30000,0,0,800,0,0,0,0,0,78000,74100,0,74100,0,0,0,0,0,0,74100,10,74100,0,0,74100,74100,74100,74100,税抜,7410,clean,,,10000,1,,,,
Q2311-016,2023-11-08,C002,高橋,チラシ,od,1,1,0,0,5304.5,13800,1500,800,0,0,0,0,0,21404.5,21404.5,0,21404.5,0,0,0,0,0,0,21404.5,10,21400,1500,-400,22500,22500,22500,22500,税抜,2250,clean,,,500,1,,,,
Q2311-017,2023-11-08,C031,鈴木,封筒,env,1,1,3600,6400,0,0,0,0,0,0,0,18810,0,28810,28810,0,28810,0,0,0,0,0,0,28810,10,28810,1300,0,30110,30110,30110,30110,税抜,3011,clean,,,2500,1,11月!R17-R18,,,
Q2311-018,2023-11-09,C002,高橋,チラシ,od,1,1,0,0,2038.2,7500,0,800,0,0,0,0,0,10338.2,10338.2,0,10338.2,0,0,0,1500,0,0,11838.2,10,11830,1500,-330,13000,13000,13000,13000,税抜,1300,clean,,,500,1,,,,
Q2311-019,2023-11-09,C031,鈴木,リーフレット,offset,1,1,20000,16000,10875,0,0,800,7300,0,0,0,0,54975,54975,0,54975,0,0,0,0,0,0,54975,10,54970,2600,0,57570,57570,57570,57570,税抜,5757,clean,,,3000,1,11月!R19-R20,,,
Q2311-020,2023-11-09,C040,鈴木,チラシ,od,1,1.05,0,0,1677,13800,0,800,0,0,0,0,0,16277,17090.85,0,17090.85,0,0,0,0,0,0,17090.85,10,17090,0,0,17090,17090,17090,17090,税抜,1709,clean,,,500,1,11月!R21,,,
Q2311-021,2023-11-09,C035,鈴木,リーフレット,offset,1,1,40000,43200,39900,0,0,800,18500,0,0,0,0,142400,142400,0,142400,0,0,0,0,0,0,142400,10,142400,0,0,142400,142400,142400,142400,税抜,14240,clean,,,5000,2,11月!R22,,,
Q2311-022,2023-11-09,D06,鈴木,リーフレット,offset,1,0.8,20000,16000,13125,0,0,800,5700,0,0,0,0,55625,44500,0,44500,0,0,0,0,0,0,44500,10,44500,3900,0,48400,48400,48400,48400,税抜,4840,clean,,,2000,1,11月!R23,,,
Q2311-023,2023-11-09,C029,高橋,チラシ,od,1,0.95,0,0,1677,3680,1500,800,0,0,0,0,0,7657,7274.15,0,7274.15,0,3000,0,0,0,0,10274.15,10,10270,0,-270,10000,10000,10000,10000,税抜,1000,clean,,,500,1,,,,
Q2311-024,2023-11-09,C001,高橋,チラシ,offset,1,0.9,20000,16000,10000,0,0,800,0,0,0,0,0,46800,42120,0,42120,0,0,0,0,0,0,42120,10,42120,0,-120,42000,42000,42000,42000,税抜,4200,clean,,,3000,1,,,,
Q2311-025,2023-11-10,C036,渡辺,封筒,env,1,0.9,1800,7400,0,0,0,0,0,0,0,62700,0,71900,64710,0,64710,0,0,4000,0,0,0,68710,10,68710,0,0,68710,68710,68710,68710,税抜,6871,clean,,,10000,1,,,,
Q2311-026,2023-11-10,C018,田中,名刺,card,1,1,0,0,0,0,0,0,0,0,0,0,2000,2000,2000,0,2000,0,0,0,0,0,0,2000,10,2000,800,0,2800,2800,2800,2800,税抜,280,clean,,,200,1,11月!R24,,,
Q2311-027,2023-11-10,C031,鈴木,チラシ,od,1,1,0,0,360.4,400,1500,800,0,0,0,0,0,3060.4,3060.4,1,5000,0,0,0,0,0,0,5000,10,5000,520,0,5520,5520,5520,5520,税抜,552,clean,,,200,1,11月!R25,,,
Q2311-028,2023-11-10,一般,田中,名刺,card,1,1,0,0,0,0,0,0,0,0,0,0,6400,6400,6400,0,6400,0,1000,0,0,0,0,7400,10,7400,0,0,7400,7400,7400,8140,税込,740,clean,,,500,2,11月!R26,,,
Q2311-029,2023-11-10,C003,高橋,封筒,env,1,1,1800,3900,0,0,0,0,0,0,0,16140,0,21840,21840,0,21840,0,0,0,0,0,0,21840,10,21840,0,-340,21500,21500,21500,21500,税抜,2150,clean,,,1200,1,,,,
Q2311-030,2023-11-10,C016,高橋,封筒,env,1,1,3600,13200,0,0,0,0,0,0,0,78400,0,95200,95200,0,95200,0,0,0,0,0,0,95200,10,95200,0,-200,95000,95000,95000,95000,税抜,9500,clean,,,5000,1,,,,
Q2311-031,2023-11-10,C001,高橋,チラシ,offset,1,0.9,20000,21600,20000,0,0,800,0,0,0,0,0,62400,56160,0,56160,0,0,0,0,0,0,56160,10,56160,0,-160,56000,56000,56000,56000,税抜,5600,clean,,,5000,1,,,,
Q2311-032,2023-11-13,C028,田中,冊子,offset,1,0.9,20000,21600,21875,0,0,0,0,0,23000,0,0,86475,77827.5,0,77827.5,0,0,0,0,0,0,77827.5,10,77820,0,0,77820,77820,77820,77820,税抜,7782,clean,,,2000,1,11月!R27,,,
Q2311-033,2023-11-13,C007,渡辺,チラシ,offset,1,0.95,20000,21600,14500,0,0,800,0,0,0,0,0,56900,54055,0,54055,0,0,0,0,0,0,54055,10,54050,0,0,54050,54050,54050,54050,税抜,5405,clean,,,5000,1,,,,
Q2311-034,2023-11-13,C036,渡辺,名刺,card,1,0.9,0,0,0,0,0,0,0,0,0,0,7400,7400,6660,0,6660,0,0,0,0,0,0,6660,10,6660,0,0,6660,6660,6660,6660,税抜,666,clean,,,500,1,,,,
Q2311-035,2023-11-13,D02,高橋,チラシ,offset,1,0.8,20000,16000,8750,0,0,800,0,0,0,0,0,45550,36440,0,36440,0,0,0,0,0,0,36440,10,36440,0,-440,36000,36000,36000,36000,税抜,3600,clean,,,2000,1,,,,
Q2311-036,2023-11-14,C004,鈴木,チラシ,offset,1,1.05,30000,24000,21750,0,0,800,0,0,0,0,0,76550,80377.5,0,80377.5,0,0,0,0,0,0,80377.5,10,80370,0,0,80370,80370,80370,80370,税抜,8037,clean,,,3000,3,11月!R28-R29,,,
Q2311-037,2023-11-14,一般,渡辺,チラシ,od,1,1,0,0,1328.7,7500,1500,800,0,0,0,0,0,11128.7,11128.7,0,11128.7,0,0,0,0,0,0,11128.7,10,11120,0,0,11120,11120,11120,12232,税込,1112,clean,,,500,1,,,,
Q2311-038,2023-11-14,C002,高橋,チラシ,offset,1,1,10000,8000,5000,0,0,800,0,0,0,0,0,23800,23800,0,23800,0,0,0,0,0,0,23800,10,23800,1500,-300,25000,25000,25000,25000,税抜,2500,clean,,,1000,1,,,,
Q2311-039,2023-11-14,C003,高橋,チラシ,od,1,1,0,0,2038.2,13800,1500,800,0,0,0,0,0,18138.2,18138.2,0,18138.2,0,0,0,0,0,0,18138.2,10,18130,0,-130,18000,18000,18000,18000,税抜,1800,clean,,,500,1,,,,
Q2311-040,2023-11-16,K013,鈴木,リーフレット,offset,1,1,10000,8000,4375,0,0,800,4100,0,0,0,0,27275,27275,0,27275,0,0,0,0,0,0,27275,10,27270,0,0,27270,27270,27270,29997,税込,2727,clean,,,1000,1,11月!R30,,,
Q2311-041,2023-11-16,K007,田中,名刺,card,1,1,0,0,0,0,0,0,0,0,0,0,2400,2400,2400,0,2400,0,0,0,0,0,3000,5400,10,5400,0,0,5400,5400,5400,5940,税込,540,clean,,,100,1,11月!R31,,,
Q2311-042,2023-11-16,C017,田中,封筒,env,1,0.9,1800,2000,0,0,0,0,0,0,0,2690,0,6490,5841,0,5841,0,0,4000,0,0,0,9841,10,9840,1500,0,11340,11340,11340,11340,税抜,1134,clean,,,1000,1,11月!R32,,,
Q2311-043,2023-11-16,C023,高橋,リーフレット,offset,1,1,20000,16000,5700,0,0,800,4100,0,0,0,0,46600,46600,0,46600,0,0,0,0,0,0,46600,10,46600,1300,-400,47500,47500,47500,47500,税抜,4750,clean,,,1000,1,,,,
Q2311-044,2023-11-17,一般,渡辺,リーフレット,offset,1,1,20000,16000,8750,0,0,800,3200,0,0,0,0,48750,48750,0,48750,0,0,0,0,0,0,48750,10,48750,0,0,48750,48750,48750,53625,税込,4875,clean,,,1000,1,,,,
Q2311-045,2023-11-17,C023,高橋,リーフレット,od,1,1,0,0,2657.4,13800,1500,800,4100,0,0,0,0,22857.4,22857.4,0,22857.4,0,0,0,0,0,0,22857.4,10,22850,1300,-150,24000,24000,24000,24000,税抜,2400,clean,,,500,1,,,,
Q2311-046,2023-11-17,C027,鈴木,封筒,env,1,1,1800,2000,0,0,0,0,0,0,0,4480,0,8280,8280,0,8280,2070,0,0,0,0,0,10350,10,10350,1500,0,11850,11850,11850,11850,税抜,1185,clean,,,1000,1,11月!R33-R34,,,
Q2311-047,2023-11-17,D06,鈴木,名刺,card,1,0.8,0,0,0,0,0,0,0,0,0,0,8100,8100,6480,0,6480,0,0,0,0,0,0,6480,10,6480,520,0,7000,7000,7000,7000,税抜,700,clean,,,100,3,11月!R35,,,
Q2311-048,2023-11-18,G08,渡辺,冊子,offset,1,0.9,15000,16200,30000,0,0,0,0,0,25500,0,0,86700,78030,0,78030,19507.5,0,0,0,0,0,97537.5,10,97530,0,0,97530,97530,97530,97530,税抜,9753,clean,,,1500,1,,,,
Q2311-049,2023-11-20,C039,鈴木,チラシ,offset,1,1,10000,8000,3625,0,0,800,0,0,0,0,0,22425,22425,0,22425,0,0,0,0,0,0,22425,10,22420,1500,0,23920,23920,23920,23920,税抜,2392,clean,,,1000,1,11月!R36,,,
Q2311-050,2023-11-20,D06,鈴木,リーフレット,offset,1,0.8,20000,16000,7250,0,0,800,5700,0,0,0,0,49750,39800,0,39800,0,0,0,0,0,0,39800,10,39800,1300,0,41100,41100,41100,41100,税抜,4110,clean,,,2000,1,11月!R37-R38,,,
Q2311-051,2023-11-20,D05,田中,チラシ,offset,1,0.85,10000,41600,94250,0,0,800,0,0,0,0,0,146650,124652.5,0,124652.5,0,0,0,0,0,0,124652.5,10,124650,0,0,124650,124650,124650,124650,税抜,12465,clean,,,50000,1,11月!R39-R40,,,
Q2311-052,2023-11-20,C031,渡辺,冊子,offset,1,1,30000,40800,30000,0,0,0,0,0,48000,0,0,148800,148800,0,148800,0,0,0,0,0,0,148800,10,148800,9100,0,157900,157900,157900,157900,税抜,15790,clean,,,3000,1,,,,
Q2311-053,2023-11-20,D02,渡辺,チラシ,offset,1,0.8,10000,8000,8750,0,0,800,0,0,0,0,0,27550,22040,0,22040,0,3000,0,0,0,0,25040,10,25040,1500,0,26540,26540,26540,26540,税抜,2654,clean,,,5000,1,,,,
Q2311-054,2023-11-21,C017,田中,名刺,card,1,0.9,0,0,0,0,0,0,0,0,0,0,17760,17760,15984,0,15984,0,0,0,0,0,0,15984,10,15980,1500,0,17480,17480,17480,17480,税抜,1748,clean,,,100,12,11月!R41-R42,,,
Q2311-055,2023-11-21,C013,高橋,封筒,env,1,1,1800,3000,0,0,0,0,0,0,0,7840,0,12640,12640,0,12640,0,0,0,0,0,0,12640,10,12640,0,-140,12500,12500,12500,12500,税抜,1250,clean,,,500,1,,,,
Q2311-056,2023-11-22,C033,鈴木,チラシ,offset,1,1,20000,27200,21750,0,0,800,0,0,0,0,0,69750,69750,0,69750,0,0,0,0,0,0,69750,10,69750,0,0,69750,69750,69750,69750,税抜,6975,clean,,,10000,1,11月!R43,,,
Q2311-057,2023-11-22,C009,田中,名刺,card,1,0.95,0,0,0,0,0,0,0,0,0,0,3200,3200,3040,0,3040,0,0,0,0,0,3500,6540,10,6540,0,0,6540,6540,6540,6540,税抜,654,clean,,,100,2,11月!R44,,,
Q2311-058,2023-11-22,C018,田中,封筒,env,1,1,3600,6000,0,0,0,0,0,0,0,10760,0,20360,20360,0,20360,0,0,0,0,0,0,20360,10,20360,0,0,20360,20360,20360,20360,税抜,2036,clean,,,1000,1,11月!R45,,,
Q2311-059,2023-11-22,C034,鈴木,名刺,card,1,1,0,0,0,0,0,0,0,0,0,0,2600,2600,2600,0,2600,0,0,0,0,0,0,2600,10,2600,800,0,3400,3400,3400,3400,税抜,340,clean,,,100,1,11月!R46-R47,,,
Q2311-060,2023-11-22,G01,鈴木,チラシ,od,1,0.9,0,0,1393.2,7500,1500,800,0,0,0,0,0,11193.2,10073.88,0,10073.88,0,0,0,0,0,0,10073.88,10,10070,0,0,10070,10070,10070,10070,税抜,1007,clean,,,500,1,11月!R48,,,
Q2311-061,2023-11-24,C002,高橋,リーフレット,offset,1,1,20000,16000,11400,0,0,800,5700,0,0,0,0,53900,53900,0,53900,0,3000,0,0,0,0,56900,10,56900,0,-400,56500,56500,56500,56500,税抜,5650,clean,,,2000,1,,,,
Q2311-062,2023-11-24,C006,鈴木,冊子,offset,1,0.95,10000,8000,5700,0,0,0,0,0,6000,0,0,29700,28215,0,28215,0,0,0,0,0,0,28215,10,28210,0,0,28210,28210,28210,28210,税抜,2821,clean,,,300,1,11月!R49,,,
Q2311-063,2023-11-24,一般,渡辺,チラシ,od,1,1,0,0,1060.9,3000,1500,800,0,0,0,0,0,6360.9,6360.9,0,6360.9,0,0,0,0,0,0,6360.9,10,6360,0,0,6360,6360,6360,6996,税込,636,clean,,,200,1,,,,
Q2311-064,2023-11-24,C006,鈴木,名刺,card,1,0.95,0,0,0,0,0,0,0,0,0,0,10400,10400,9880,0,9880,0,0,0,0,0,0,9880,10,9880,800,0,10680,10680,10680,10680,税抜,1068,clean,,,500,2,11月!R50,,,
Q2311-065,2023-11-27,G06,高橋,封筒,env,1,0.9,3600,8800,0,0,0,0,0,0,0,22400,0,34800,31320,0,31320,7830,0,0,0,0,0,39150,10,39150,0,-150,39000,39000,39000,39000,税抜,3900,clean,,,5000,1,,,,
Q2311-066,2023-11-27,C031,鈴木,名刺,card,1,1,0,0,0,0,0,0,0,0,0,0,7200,7200,7200,0,7200,0,1000,0,0,0,0,8200,10,8200,520,0,8720,8720,8720,8720,税抜,872,clean,,,100,3,11月!R51,,,
Q2311-067,2023-11-27,C038,田中,チラシ,offset,1,1,10000,10800,13125,0,0,800,0,0,0,0,0,34725,34725,0,34725,0,0,0,0,0,0,34725,10,34720,0,0,34720,34720,34720,34720,税抜,3472,clean,,,5000,1,11月!R52,,,
Q2311-068,2023-11-28,C002,高橋,リーフレット,offset,1,1,20000,16000,5700,0,0,800,4100,0,0,0,0,46600,46600,0,46600,0,0,0,0,0,0,46600,10,46600,0,-100,46500,46500,46500,46500,税抜,4650,clean,,,1000,1,,,,
Q2311-069,2023-11-28,C027,田中,封筒,env,1,1,3600,4000,0,0,0,0,0,0,0,4480,0,12080,12080,0,12080,0,0,0,0,0,0,12080,10,12080,1500,0,13580,13580,13580,13580,税抜,1358,clean,,,500,1,11月!R53,,,
Q2311-070,2023-11-28,C040,鈴木,封筒,env,1,1.05,3600,4000,0,0,0,0,0,0,0,4480,0,12080,12684,0,12684,0,0,0,0,0,0,12684,10,12680,1500,0,14180,14180,14180,14180,税抜,1418,clean,,,1000,1,11月!R54,,,
Q2311-071,2023-11-28,C033,鈴木,チラシ,offset,1,1,10000,10800,10875,0,0,800,0,0,0,0,0,32475,32475,0,32475,0,0,0,0,0,0,32475,10,32470,0,0,32470,32470,32470,32470,税抜,3247,clean,,,5000,1,11月!R55,,,
Q2311-072,2023-11-29,C003,高橋,リーフレット,offset,1,1,20000,16000,13125,0,0,800,4400,0,0,0,0,54325,54325,0,54325,0,0,0,0,0,0,54325,10,54320,0,-320,54000,54000,54000,54000,税抜,5400,clean,,,2000,1,,,,
Q2311-073,2023-11-29,D01,高橋,チラシ,offset,1,0.8,20000,21600,20000,0,0,800,0,0,0,0,0,62400,49920,0,49920,0,3000,0,0,0,0,52920,10,52920,0,-420,52500,52500,52500,52500,税抜,5250,clean,,,10000,1,,,,
Q2311-074,2023-11-29,一般,渡辺,チラシ,offset,1,1,10000,8000,5700,0,0,800,0,0,0,0,0,24500,24500,0,24500,0,0,4000,0,0,0,28500,10,28500,0,0,28500,28500,28500,31350,税込,2850,clean,,,1000,1,,,,
Q2311-075,2023-11-29,C004,鈴木,チラシ,offset,1,1.05,20000,83200,113750,0,0,800,0,0,0,0,0,217750,228637.5,0,228637.5,0,0,0,0,0,0,228637.5,10,228630,0,0,228630,228630,228630,228630,税抜,22863,clean,,,50000,1,11月!R56,,,
Q2311-076,2023-11-29,G02,高橋,冊子,od,1,0.9,0,0,2224.8,21000,0,0,0,0,4000,0,0,27224.8,24502.32,0,24502.32,0,0,0,0,0,0,24502.32,10,24500,1500,0,26000,26000,26000,26000,税抜,2600,clean,,,100,1,,,,
Q2311-077,2023-11-29,C033,鈴木,チラシ,offset,1,1,10000,19200,39875,0,0,800,0,0,0,0,0,69875,69875,0,69875,17468.75,0,0,0,0,0,87343.75,10,87340,0,0,87340,87340,87340,87340,税抜,8734,clean,,,20000,1,11月!R57,,,
Q2311-078,2023-11-30,C017,田中,封筒,env,1,0.9,3600,8800,0,0,0,0,0,0,0,13450,0,25850,23265,0,23265,5816.25,0,4000,0,0,0,33081.25,10,33080,0,0,33080,33080,33080,33080,税抜,3308,clean,,,5000,1,11月!R58,,,
Q2312-001,2023-12-01,C009,田中,冊子,offset,1,0.95,20000,21600,17500,0,0,0,0,0,18000,0,0,77100,73245,0,73245,0,0,0,0,0,0,73245,10,73240,5200,0,78440,78440,78440,78440,税抜,7844,clean,,,1500,1,12月!R6-R7,,,
Q2312-002,2023-12-01,C006,鈴木,封筒,env,1,0.95,3600,4000,0,0,0,0,0,0,0,6270,0,13870,13176.5,0,13176.5,0,0,0,0,0,0,13176.5,10,13170,0,0,13170,13170,13170,13170,税抜,1317,clean,,,1000,1,12月!R8,,,
Q2312-003,2023-12-01,C031,鈴木,封筒,env,1,1,1800,2000,0,0,0,0,0,0,0,2690,0,6490,6490,0,6490,0,0,0,0,0,0,6490,10,6490,1300,0,7790,7790,7790,7790,税抜,779,clean,,,1000,1,12月!R9,,,
Q2312-004,2023-12-01,一般,鈴木,名刺,card,1,1,0,0,0,0,0,0,0,0,0,0,5800,5800,5800,0,5800,0,0,0,0,0,0,5800,10,5800,0,0,5800,5800,5800,6380,税込,580,clean,,,500,1,12月!R10,,,
Q2312-005,2023-12-02,C007,渡辺,封筒,env,1,0.95,3600,8800,0,0,0,0,0,0,0,13450,0,25850,24557.5,0,24557.5,0,0,4000,0,0,0,28557.5,10,28550,0,0,28550,28550,28550,28550,税抜,2855,clean,,,5000,1,,,,
Q2312-006,2023-12-04,C014,鈴木,封筒,env,1,0.9,1800,3900,0,0,0,0,0,0,0,16140,0,21840,19656,0,19656,0,0,4000,0,0,0,23656,10,23650,0,0,23650,23650,23650,23650,税抜,2365,clean,,,1200,1,12月!R11,,,
Q2312-007,2023-12-04,C001,高橋,チラシ,offset,1,0.9,10000,13600,26250,0,0,800,0,0,0,0,0,50650,45585,0,45585,0,0,0,0,0,0,45585,10,45580,0,-80,45500,45500,45500,45500,税抜,4550,clean,,,10000,1,,,,
Q2312-008,2023-12-04,C034,鈴木,名刺,card,1,1,0,0,0,0,0,0,0,0,0,0,10400,10400,10400,0,10400,0,0,0,0,0,4500,14900,10,14900,0,0,14900,14900,14900,14900,税抜,1490,clean,,,100,4,12月!R12,,,
Q2312-009,2023-12-04,C001,高橋,チラシ,offset,1,0.9,20000,21600,30000,0,0,800,0,0,0,0,0,72400,65160,0,65160,0,0,0,0,0,0,65160,10,65160,0,-160,65000,65000,65000,65000,税抜,6500,clean,,,10000,2,,,,
Q2312-010,2023-12-05,C007,渡辺,リーフレット,offset,1,0.95,20000,38400,48125,0,0,800,18500,0,0,0,0,125825,119533.75,0,119533.75,0,0,0,0,0,0,119533.75,10,119530,0,0,119530,119530,119530,119530,税抜,11953,clean,,,10000,1,,,,
Q2312-011,2023-12-05,一般,渡辺,名刺,card,1,1,0,0,0,0,0,0,0,0,0,0,3900,3900,3900,0,3900,0,0,0,0,0,3000,6900,10,6900,0,0,6900,6900,6900,7590,税込,690,clean,,,100,1,,,,
Q2312-012,2023-12-05,C039,鈴木,チラシ,od,1,1,0,0,1677,7500,0,800,0,0,0,0,0,9977,9977,0,9977,0,0,0,0,0,0,9977,10,9970,1500,0,11470,11470,11470,11470,税抜,1147,clean,,,500,1,12月!R13,,,
Q2312-013,2023-12-06,C016,高橋,リーフレット,offset,1,1,20000,38400,62700,0,0,800,14000,0,0,0,0,135900,135900,0,135900,0,3000,0,0,0,0,138900,10,138900,0,-400,138500,138500,138500,138500,税抜,13850,clean,,,10000,1,,,,
Q2312-014,2023-12-06,C033,鈴木,チラシ,offset,1,1,60000,64800,36250,0,0,800,0,0,0,0,0,161850,161850,0,161850,0,0,0,0,0,0,161850,10,161850,0,0,161850,161850,161850,161850,税抜,16185,clean,,,5000,3,12月!R14,,,
Q2312-015,2023-12-06,D03,田中,チラシ,offset,1,0.85,2500,4800,39875,0,0,800,0,0,0,0,0,47975,40778.75,0,40778.75,0,0,0,0,0,0,40778.75,10,40770,0,0,40770,40770,40770,40770,税抜,4077,clean,,,20000,1,12月!R15-R16,,,
Q2312-016,2023-12-06,C038,田中,冊子,offset,1,1,60000,64800,61250,0,0,0,0,0,33000,0,0,219050,219050,0,219050,54762.5,0,0,0,0,0,273812.5,10,273810,0,0,273810,273810,273810,273810,税抜,27381,clean,,,2000,1,12月!R17-R18,,,
Q2312-017,2023-12-07,C006,鈴木,リーフレット,offset,1,0.95,20000,16000,11400,0,0,800,5700,0,0,0,0,53900,51205,0,51205,0,0,0,0,0,0,51205,10,51200,0,0,51200,51200,512000,512000,税抜,51200,digit_typo,"extra zero: intended 51200, written 512000",,2000,1,12月!R19,,,
Q2312-018,2023-12-07,G01,鈴木,冊子,offset,1,0.9,5000,4000,6000,0,0,0,0,0,8000,0,0,23000,20700,0,20700,0,0,0,0,0,0,20700,10,20700,0,0,20700,20700,20700,20700,税抜,2070,clean,,,500,1,12月!R20,,,
Q2312-019,2023-12-07,C040,鈴木,名刺,card,1,1.05,0,0,0,0,0,0,0,0,0,0,5400,5400,5670,0,5670,0,0,0,0,0,0,5670,10,5670,1500,0,7170,7170,7170,7170,税抜,717,clean,,,300,1,12月!R21-R22,,,
Q2312-020,2023-12-07,D01,高橋,リーフレット,od,1,0.8,0,0,2657.4,13800,1500,800,4100,0,0,0,0,22857.4,18285.92,0,18285.92,0,0,0,0,0,0,18285.92,10,18280,1500,-280,19500,19500,19500,19500,税抜,1950,clean,,,500,1,,,,
Q2312-021,2023-12-07,C007,渡辺,チラシ,offset,1,0.95,20000,55200,96800,0,0,800,0,0,0,0,0,172800,164160,0,164160,0,0,0,0,0,0,164160,10,164160,0,0,164160,164160,164160,164160,税抜,16416,clean,,,30000,1,,,,
Q2312-022,2023-12-07,C023,高橋,チラシ,offset,1,0.8,5000,4000,3625,0,0,800,0,0,0,0,0,13425,10740,0,10740,2685,0,0,0,0,0,13425,10,13420,1300,-220,14500,18000,14500,14500,税抜,1450,copied_customer_rate,rate 0.80 copied from previous quote for D01,,2000,1,,,,
Q2312-023,2023-12-08,C016,高橋,封筒,env,1,1,3600,9600,0,0,0,0,0,0,0,47040,0,60240,60240,0,60240,0,0,0,0,0,0,60240,10,60240,0,-240,60000,60000,60000,60000,税抜,6000,clean,,,3000,1,,,,
Q2312-024,2023-12-08,C006,鈴木,リーフレット,offset,1,0.95,20000,16000,11400,0,0,800,5700,0,0,0,0,53900,51205,0,51205,0,0,0,0,0,0,51205,10,51200,0,0,51200,51200,61200,61200,税抜,6120,digit_typo,"wrong digit: intended 51200, written 61200",,2000,1,12月!R23,,,
Q2312-025,2023-12-09,D01,高橋,チラシ,offset,1,0.8,10000,8000,7250,0,0,800,0,0,0,0,0,26050,20840,0,20840,0,0,0,0,0,0,20840,10,20840,1500,-340,22000,22000,22000,22000,税抜,2200,clean,,,3000,1,,,,
Q2312-026,2023-12-09,C021,鈴木,名刺,card,1,1.1,0,0,0,0,0,0,0,0,0,0,13600,13600,14960,0,14960,0,0,0,0,0,4500,19460,10,19460,0,0,19460,19460,19460,19460,税抜,1946,clean,,,200,4,12月!R24,,,
Q2312-027,2023-12-11,C003,高橋,封筒,env,1,1,1800,3200,0,0,0,0,0,0,0,8070,0,13070,13070,0,13070,0,0,4000,0,0,0,17070,10,17070,1500,-70,18500,18500,18500,18500,税抜,1850,clean,,,2500,1,,,,
Q2312-028,2023-12-11,D01,高橋,リーフレット,od,1,0.8,0,0,1224.5,9000,0,800,4100,0,0,0,0,15124.5,12099.6,0,12099.6,0,0,0,0,0,0,12099.6,10,12090,1500,-90,13500,13500,13500,13500,税抜,1350,clean,,,300,1,,,,
Q2312-029,2023-12-11,D01,高橋,チラシ,offset,1,0.8,30000,24000,18125,0,0,800,0,0,0,0,0,72925,58340,0,58340,0,0,0,0,0,0,58340,10,58340,0,-340,58000,58000,58000,58000,税抜,5800,clean,,,5000,3,,,,
Q2312-030,2023-12-11,C008,高橋,名刺,card,1,0.95,0,0,0,0,0,0,0,0,0,0,9600,9600,9120,0,9120,0,0,0,0,0,4000,13120,10,13120,0,-120,13000,13000,13000,13000,税抜,1300,clean,,,500,3,,,,
Q2312-031,2023-12-11,C002,高橋,チラシ,od,1,1,0,0,2038.2,7500,1500,800,0,0,0,0,0,11838.2,11838.2,0,11838.2,0,0,0,0,0,0,11838.2,10,11830,1500,-330,13000,13000,13000,13000,税抜,1300,clean,,,500,1,,,,
Q2312-032,2023-12-11,C026,田中,チラシ,offset,1,1,20000,38400,39875,0,0,800,0,0,0,0,0,99075,99075,0,99075,0,0,0,0,0,0,99075,10,99070,0,0,99070,99070,99070,99070,税抜,9907,clean,,,10000,1,12月!R25,,,
Q2312-033,2023-12-11,K010,田中,名刺,card,1,1,0,0,0,0,0,0,0,0,0,0,2400,2400,2400,0,2400,0,0,0,0,0,0,2400,10,2400,800,0,3200,3200,3200,3520,税込,320,clean,,,100,1,12月!R26,,,
Q2312-034,2023-12-11,D02,高橋,名刺,card,1,0.8,0,0,0,0,0,0,0,0,0,0,13200,13200,10560,0,10560,0,0,0,0,0,0,10560,10,10560,1500,-60,12000,12000,13200,13200,税抜,1320,tax_label_error,double_tax,,200,3,,,,
Q2312-035,2023-12-11,C026,田中,チラシ,offset,1,1,20000,38400,39875,0,0,800,0,0,0,0,0,99075,99075,0,99075,0,0,0,0,0,0,99075,10,99070,0,0,99070,99070,99070,99070,税抜,9907,duplicate_entry,same quote keyed twice,Q2312-032,10000,1,,,,
Q2312-036,2023-12-11,C031,鈴木,名刺,card,1,1,0,0,0,0,0,0,0,0,0,0,24700,24700,24700,0,24700,0,0,0,0,0,7500,32200,10,32200,520,0,32720,32720,32720,32720,税抜,3272,clean,,,100,10,12月!R27,,,
Q2312-037,2023-12-12,C017,田中,封筒,env,1,0.9,1800,2000,0,0,0,0,0,0,0,2690,0,6490,5841,0,5841,1460.25,3000,0,0,0,0,10301.25,10,10300,0,0,10300,10300,10300,10300,税抜,1030,clean,,,1000,1,12月!R28,,,
Q2312-038,2023-12-12,C007,渡辺,チラシ,offset,1,0.95,10000,19200,66550,0,0,800,0,0,0,0,0,96550,91722.5,0,91722.5,0,0,0,8000,0,0,99722.5,10,99720,0,0,99720,99720,99720,99720,税抜,9972,clean,,,20000,1,,,,
Q2312-039,2023-12-13,C036,渡辺,封筒,env,1,0.9,1800,7400,0,0,0,0,0,0,0,62700,0,71900,64710,0,64710,0,0,0,0,0,0,64710,10,64710,0,0,64710,64710,64710,64710,税抜,6471,clean,,,10000,1,,,,
Q2312-040,2023-12-13,C039,鈴木,チラシ,offset,1,1,5000,4000,4150,0,0,800,0,0,0,0,0,13950,13950,0,13950,0,0,0,0,0,0,13950,10,13950,1500,0,15450,15450,15450,15450,税抜,1545,clean,,,1000,1,12月!R29,,,
Q2312-041,2023-12-13,C006,高橋,名刺,card,1,0.95,0,0,0,0,0,0,0,0,0,0,12000,12000,11400,0,11400,0,0,0,0,0,0,11400,10,11400,0,-400,11000,11000,11000,11000,税抜,1100,clean,,,100,5,,,,
Q2312-042,2023-12-14,C020,渡辺,名刺,card,1,1,0,0,0,0,0,0,0,0,0,0,6300,6300,6300,0,6300,0,0,0,0,0,0,6300,10,6300,800,0,7100,7100,7100,7100,税抜,710,clean,,,100,3,,,,
Q2312-043,2023-12-14,C007,渡辺,封筒,env,1,0.95,3600,8800,0,0,0,0,0,0,0,13450,0,25850,24557.5,0,24557.5,0,0,0,0,0,0,24557.5,10,24550,0,0,24550,24550,24550,24550,税抜,2455,clean,,,5000,1,,,,
Q2312-044,2023-12-14,C018,田中,チラシ,od,1,1,0,0,1393.2,2000,1500,800,0,0,0,0,0,5693.2,5693.2,0,5693.2,0,0,0,0,0,0,5693.2,10,5690,800,0,6490,6490,6490,6490,税抜,649,clean,,,500,1,12月!R30,,,
Q2312-045,2023-12-14,C037,田中,チラシ,offset,1,1,20000,21600,17500,0,0,800,0,0,0,0,0,59900,59900,0,59900,0,0,0,0,0,0,59900,10,59900,0,0,59900,59900,59900,59900,税抜,5990,clean,,,5000,1,12月!R31,,,
Q2312-046,2023-12-14,G02,高橋,チラシ,offset,1,0.9,10000,8000,4150,0,0,800,0,0,0,0,0,22950,20655,0,20655,0,0,0,0,0,0,20655,10,20650,1500,-150,22000,22000,22000,22000,税抜,2200,clean,,,1500,1,,,,
Q2312-047,2023-12-14,G01,鈴木,冊子,offset,1,0.9,50000,40000,17500,0,0,0,0,0,10500,0,0,118000,106200,0,106200,0,0,0,0,0,0,106200,10,106200,0,0,106200,106200,106200,106200,税抜,10620,clean,,,500,1,12月!R32,,,
Q2312-048,2023-12-14,C031,鈴木,封筒,env,1,1,1800,3900,0,0,0,0,0,0,0,16140,0,21840,21840,0,21840,0,0,4000,0,0,0,25840,10,25840,2600,0,28440,28440,28440,28440,税抜,2844,clean,,,1500,1,12月!R33-R34,,,
Q2312-049,2023-12-15,C031,鈴木,名刺,card,1,1,0,0,0,0,0,0,0,0,0,0,7200,7200,7200,0,7200,0,0,0,0,0,0,7200,10,7200,520,0,7720,7720,7720,7720,税抜,772,clean,,,100,3,12月!R35,,,
Q2312-050,2023-12-15,C006,鈴木,リーフレット,offset,1,0.95,20000,27200,26250,0,0,800,8000,0,0,0,0,82250,78137.5,0,78137.5,19534.38,0,0,0,0,0,97671.88,10,97670,0,0,97670,97670,97670,97670,税抜,9767,clean,,,5000,1,12月!R36,,,
Q2312-051,2023-12-16,C020,鈴木,チラシ,offset,1,1,20000,21600,14500,0,0,800,0,0,0,0,0,56900,56900,0,56900,0,0,0,0,0,0,56900,10,56900,0,0,56900,56900,56900,56900,税抜,5690,superseded_by_revision,re-issued with changed quantity,Q2312-051-R2,5000,1,12月!R37,,,
Q2312-052,2023-12-18,G04,鈴木,チラシ,offset,1,0.9,5000,9600,33000,0,0,800,0,0,0,0,0,48400,43560,0,43560,0,0,0,0,0,0,43560,10,43560,0,0,43560,43560,43560,43560,税抜,4356,clean,,,20000,1,12月!R38,,,
Q2312-053,2023-12-18,C017,田中,封筒,env,1,0.9,3600,6000,0,0,0,0,0,0,0,10760,0,20360,18324,0,18324,0,0,0,0,0,0,18324,10,18320,1500,0,19820,19820,19820,19820,税抜,1982,clean,,,1000,1,12月!R39,,,
Q2312-054,2023-12-19,G01,鈴木,チラシ,offset,1,0.9,2500,2000,3775,0,0,800,0,0,0,0,0,9075,8167.5,0,8167.5,0,0,0,0,0,0,8167.5,10,8160,800,0,8960,8960,8960,8960,税抜,896,clean,,,1000,1,12月!R40,,,
Q2312-055,2023-12-19,C022,渡辺,リーフレット,offset,1,0.95,20000,16000,11400,0,0,800,5700,0,0,0,0,53900,51205,0,51205,0,0,0,0,0,0,51205,10,51200,0,0,51200,51200,51200,51200,税抜,5120,clean,,,2000,1,,,,
Q2312-056,2023-12-19,一般,田中,名刺,card,1,1,0,0,0,0,0,0,0,0,0,0,12800,12800,12800,0,12800,0,0,0,0,0,0,12800,10,12800,0,0,12800,12800,12800,14080,税込,1280,clean,,,500,4,12月!R41,,,
Q2312-057,2023-12-19,C001,高橋,リーフレット,offset,1,0.9,40000,32000,17100,0,0,800,8900,0,0,0,0,98800,88920,0,88920,0,0,0,0,0,0,88920,10,88920,0,-420,88500,88500,88500,88500,税抜,8850,clean,,,2000,2,,,,
Q2312-058,2023-12-19,C021,鈴木,冊子,offset,1,1.1,10000,10800,11400,0,0,0,0,0,18000,0,0,50200,55220,0,55220,0,0,0,0,0,0,55220,10,55220,0,0,55220,55220,55220,55220,税抜,5522,clean,,,1500,1,12月!R42,,,
Q2312-059,2023-12-19,C006,鈴木,封筒,env,1,0.95,1800,3000,0,0,0,0,0,0,0,5380,0,10180,9671,0,9671,2417.75,0,0,0,0,0,12088.75,10,12080,0,0,12080,12080,12080,12080,税抜,1208,clean,,,500,1,12月!R43,,,
Q2312-060,2023-12-20,一般,渡辺,名刺,card,1,1,0,0,0,0,0,0,0,0,0,0,3400,3400,3400,0,3400,0,0,0,0,0,0,3400,10,3400,0,0,3400,3400,3400,3740,税込,340,clean,,,100,1,,,,
Q2312-061,2023-12-21,G08,渡辺,リーフレット,offset,1,0.9,20000,16000,5700,0,0,800,3200,0,0,0,0,45700,41130,0,41130,10282.5,3000,0,0,0,0,54412.5,10,54410,0,0,54410,44130,54410,54410,税抜,5441,unrecorded_rush,rush surcharge applied without note,,1000,1,,,,
Q2312-062,2023-12-21,C035,鈴木,チラシ,od,1,1,0,0,2038.2,7500,1500,800,0,0,0,0,0,11838.2,11838.2,0,11838.2,0,3000,0,0,0,0,14838.2,10,14830,0,0,14830,14830,14830,14830,税抜,1483,clean,,,500,1,12月!R44,,,
Q2312-063,2023-12-22,D04,鈴木,リーフレット,od,1,0.75,0,0,2441.1,16200,1500,800,3200,0,0,0,0,24141.1,18105.83,0,18105.83,0,0,0,0,0,0,18105.83,10,18100,0,0,18100,19400,18100,18100,税抜,1810,omitted_delivery_fee,delivery fee 1300 not added,,300,1,12月!R45,,,
Q2312-064,2023-12-22,C028,田中,冊子,offset,1,0.9,20000,21600,21875,0,0,0,0,0,23000,0,0,86475,77827.5,0,77827.5,0,3000,0,0,0,0,80827.5,10,80820,0,0,80820,80820,80820,80820,税抜,8082,clean,,,2000,1,12月!R46,,,
Q2312-065,2023-12-22,K015,田中,名刺,card,1,1,0,0,0,0,0,0,0,0,0,0,7400,7400,7400,0,7400,0,0,0,0,0,0,7400,10,7400,0,0,7400,7400,7400,8140,税込,740,clean,,,500,1,12月!R47,,,
Q2312-066,2023-12-22,C006,鈴木,リーフレット,offset,1,0.95,20000,27200,26250,0,0,800,8000,0,0,0,0,82250,78137.5,0,78137.5,0,3000,0,0,0,0,81137.5,10,81130,0,0,81130,81130,81130,81130,税抜,8113,clean,,,5000,1,12月!R48,,,
Q2312-067,2023-12-25,C025,鈴木,チラシ,offset,1,1,10000,8000,7250,0,0,800,0,0,0,0,0,26050,26050,0,26050,0,0,0,0,0,0,26050,10,26050,1500,0,27550,27550,27550,27550,税抜,2755,clean,,,3000,1,12月!R49,,,
Q2312-068,2023-12-25,一般,高橋,名刺,card,1,1,0,0,0,0,0,0,0,0,0,0,3700,3700,3700,0,3700,0,0,0,0,0,0,3700,10,3700,1500,0,5200,5200,5200,5720,税込,520,clean,,,100,1,,,,
Q2312-051-R2,2023-12-26,C020,鈴木,チラシ,offset,1,1,20000,21600,18125,0,0,800,0,0,0,0,0,60525,60525,0,60525,0,0,0,0,0,0,60525,10,60520,0,0,60520,60520,60520,60520,税抜,6052,clean,re-issue with changed quantity,Q2312-051,8000,1,12月!R50,,,
Q2312-069,2023-12-26,C033,鈴木,チラシ,offset,1,1,20000,27200,21750,0,0,800,0,0,0,0,0,69750,69750,0,69750,0,0,0,0,0,0,69750,10,69750,0,0,69750,69750,69750,69750,税抜,6975,clean,,,10000,1,12月!R51,,,
Q2312-070,2023-12-26,一般,渡辺,名刺,card,1,1,0,0,0,0,0,0,0,0,0,0,3400,3400,3400,0,3400,0,0,0,0,0,0,3400,10,3400,0,0,3400,3400,3400,3740,税込,340,clean,,,100,1,,,,
Q2312-071,2023-12-26,C025,鈴木,チラシ,offset,1,1,10000,8000,7250,0,0,800,0,0,0,0,0,26050,26050,0,26050,0,0,0,0,0,0,26050,10,26050,1500,0,27550,27550,27550,27550,税抜,2755,clean,,,3000,1,12月!R52,,,
Q2312-072,2023-12-26,C004,鈴木,名刺,card,1,1.05,0,0,0,0,0,0,0,0,0,0,13600,13600,14280,0,14280,0,1000,0,0,0,0,15280,10,15280,1500,0,16780,16780,16780,16780,税抜,1678,clean,,,100,4,12月!R53,,,
Q2312-073,2023-12-26,一般,田中,リーフレット,od,1,1,0,0,2657.4,13800,1500,800,4100,0,0,0,0,22857.4,22857.4,0,22857.4,0,0,0,0,0,0,22857.4,10,22850,1300,0,24150,24150,24150,26565,税込,2415,clean,,,500,1,12月!R54,,,
Q2312-074,2023-12-26,C017,田中,名刺,card,1,0.9,0,0,0,0,0,0,0,0,0,0,12320,12320,11088,0,11088,0,0,0,0,0,0,11088,10,11080,1500,0,12580,12580,12580,12580,税抜,1258,clean,,,100,8,12月!R55-R56,,,
Q2312-075,2023-12-26,G04,田中,チラシ,offset,1,0.9,5000,4000,6000,0,0,800,0,0,0,0,0,15800,14220,0,14220,0,0,0,0,0,0,14220,10,14220,1500,0,15720,15720,15720,15720,税抜,1572,clean,,,2000,1,12月!R57-R58,,,
Q2312-076,2023-12-27,D02,高橋,チラシ,offset,1,0.8,20000,21600,22800,0,0,800,0,0,0,0,0,65200,52160,0,52160,0,0,0,0,0,0,52160,10,52160,0,-160,52000,52000,52000,52000,税抜,5200,clean,,,5000,1,,,,
Q2312-077,2023-12-27,C016,高橋,名刺,card,1,1,0,0,0,0,0,0,0,0,0,0,14160,14160,14160,0,14160,0,0,0,0,0,0,14160,10,14160,0,-160,14000,14000,14000,14000,税抜,1400,clean,,,100,6,,,,
Q2312-078,2023-12-27,C018,田中,リーフレット,offset,1,1,20000,16000,5700,0,0,800,4100,0,0,0,0,46600,46600,0,46600,0,0,0,0,0,0,46600,10,46600,0,0,46600,46600,46600,46600,税抜,4660,clean,,,1000,1,12月!R59,,,
Q2312-079,2023-12-27,G02,高橋,冊子,od,1,0.9,0,0,2224.8,21000,1500,0,0,0,4000,0,0,28724.8,25852.32,0,25852.32,0,0,0,0,0,0,25852.32,10,25850,1500,-350,27000,27000,27000,27000,税抜,2700,clean,,,100,1,,,,
Q2312-080,2023-12-28,C004,鈴木,名刺,card,1,1.05,0,0,0,0,0,0,0,0,0,0,15930,15930,16726.5,0,16726.5,4181.62,0,0,0,0,0,20908.12,10,20900,1500,0,22400,22400,22400,22400,税抜,2240,clean,,,100,6,12月!R60,,,
Q2312-081,2023-12-28,D06,鈴木,リーフレット,offset,1,0.8,20000,16000,13125,0,0,800,5700,0,0,0,0,55625,44500,0,44500,0,0,0,0,0,0,44500,10,44500,3900,0,48400,48400,48400,48400,税抜,4840,clean,,,2000,1,12月!R61-R62,,,
Q2312-082,2023-12-28,C007,渡辺,チラシ,offset,1,0.95,20000,27200,24900,0,0,800,0,0,0,0,0,72900,69255,0,69255,0,0,0,0,0,0,69255,10,69250,0,0,69250,69250,69250,69250,税抜,6925,clean,,,10000,1,,,,
Q2312-083,2023-12-28,C031,鈴木,リーフレット,offset,1,1,20000,16000,7250,0,0,800,4400,0,0,0,0,48450,48450,0,48450,0,3000,0,0,0,0,51450,10,51450,1300,0,52750,52750,52750,52750,税抜,5275,clean,,,2000,1,12月!R63,,,
Q2312-084,2023-12-28,K002,田中,冊子,od,1,1,0,0,502.2,5400,1500,0,0,0,3450,0,0,10852.2,10852.2,0,10852.2,0,0,0,0,0,0,10852.2,10,10850,0,0,10850,10850,10850,11935,税込,1085,clean,,,30,1,12月!R64,,,
Q2312-085,2023-12-28,C002,高橋,リーフレット,od,1,1,0,0,1224.5,4500,1500,800,4100,0,0,0,0,12124.5,12124.5,0,12124.5,0,0,0,0,0,0,12124.5,10,12120,1500,-120,13500,13500,13500,13500,税抜,1350,clean,,,300,1,,,,
Q2312-086,2023-12-28,C018,田中,チラシ,offset,1,1,2500,2000,4150,0,0,800,0,0,0,0,0,9450,9450,0,9450,0,0,0,0,0,0,9450,10,9450,800,0,10250,10250,10250,10250,税抜,1025,clean,,,1000,1,12月!R65,,,
Q2401-001,2024-01-05,C037,高橋,リーフレット,od,1,1,0,0,2038.2,13800,1500,800,4100,0,0,0,0,22238.2,22238.2,0,22238.2,0,0,0,0,0,0,22238.2,10,22230,0,-230,22000,22000,22000,22000,税抜,2200,clean,,,500,1,,,,
Q2401-002,2024-01-05,C031,鈴木,リーフレット,offset,1,1,20000,16000,13125,0,0,800,7300,0,0,0,0,57225,57225,0,57225,0,0,0,0,0,0,57225,10,57220,2600,0,59820,59820,59820,59820,税抜,5982,superseded_by_revision,re-issued with a negotiated price,Q2401-002-R2,3000,1,1月!R6-R7,,,
Q2401-003,2024-01-05,D02,高橋,チラシ,offset,1,0.8,10000,10800,10875,0,0,800,0,0,0,0,0,32475,25980,0,25980,0,0,0,0,0,0,25980,10,25980,1500,-480,27000,27000,27000,27000,税抜,2700,clean,,,5000,1,,,,
Q2401-004,2024-01-09,D05,田中,リーフレット,offset,1,0.85,20000,27200,26250,0,0,800,8000,0,0,0,0,82250,69912.5,0,69912.5,0,0,0,0,0,0,69912.5,10,69910,0,0,69910,69910,69910,69910,税抜,6991,clean,,,5000,1,1月!R8,,,
Q2401-005,2024-01-09,C006,鈴木,リーフレット,offset,1,0.95,20000,27200,26250,0,0,800,8000,0,0,0,0,82250,78137.5,0,78137.5,0,0,0,0,0,0,78137.5,10,78130,0,0,78130,78130,78130,78130,税抜,7813,clean,,,5000,1,1月!R9,,,
Q2401-002-R2,2024-01-10,C031,鈴木,リーフレット,offset,1,1,20000,16000,13125,0,0,800,7300,0,0,0,0,57225,57225,0,57225,0,0,0,0,0,0,57225,10,57220,2600,0,56200,59820,56200,56200,税抜,5620,negotiated_revision,price cut on re-issue: 59820 -> 56200,Q2401-002,3000,1,1月!R10,,,
Q2401-006,2024-01-12,D04,鈴木,リーフレット,od,1,0.75,0,0,4068.5,25800,0,800,3200,0,0,0,0,33868.5,25401.38,0,25401.38,0,0,0,0,0,0,25401.38,10,25400,1300,0,26700,26700,26700,26700,税抜,2670,clean,,,500,1,1月!R11,,,
Q2401-007,2024-01-12,G02,高橋,冊子,od,1,0.9,0,0,3337.2,29400,1500,0,0,0,4500,0,0,38737.2,34863.48,0,34863.48,0,0,0,0,0,0,34863.48,10,34860,0,-360,34500,34500,34500,34500,税抜,3450,clean,,,150,1,,,,
Q2401-008,2024-01-12,G01,鈴木,チラシ,offset,1,0.9,2500,2000,3775,0,0,800,0,0,0,0,0,9075,8167.5,0,8167.5,0,0,0,0,0,0,8167.5,10,8160,800,0,8960,8960,8960,8960,税抜,896,clean,,,1500,1,1月!R12-R13,,,
Q2401-009,2024-01-15,一般,渡辺,チラシ,od,1,1,0,0,1224.5,9000,1500,800,0,0,0,0,0,12524.5,12524.5,0,12524.5,0,0,0,0,0,0,12524.5,10,12520,0,0,12520,12520,12520,13772,税込,1252,clean,,,300,1,,,,
Q2401-010,2024-01-16,G08,渡辺,封筒,env,1,0.9,3600,5200,0,0,0,0,0,0,0,5380,0,14180,12762,0,12762,0,0,4000,0,800,0,17562,10,17560,0,0,17560,17560,17560,17560,税抜,1756,clean,,,1500,1,,,,
Q2401-011,2024-01-16,C034,鈴木,チラシ,offset,1,1,40000,32000,12100,0,0,800,0,0,0,0,0,84900,84900,0,84900,0,0,0,0,0,0,84900,10,84900,0,0,84900,84900,84900,84900,税抜,8490,clean,,,1000,2,1月!R14,,,
Q2401-012,2024-01-16,一般,渡辺,名刺,card,1,1,0,0,0,0,0,0,0,0,0,0,1900,1900,1900,0,1900,0,0,0,0,0,0,1900,10,1900,0,0,1900,1900,1900,2090,税込,190,clean,,,100,1,,,,
Q2401-013,2024-01-16,C009,田中,名刺,card,1,0.95,0,0,0,0,0,0,0,0,0,0,35020,35020,33269,0,33269,0,0,0,0,0,0,33269,10,33260,0,0,33260,33260,33260,33260,税抜,3326,clean,,,100,11,1月!R15,,,
Q2401-014,2024-01-16,C002,高橋,チラシ,offset,1,1,20000,16000,8750,0,0,800,0,0,0,0,0,45550,45550,0,45550,0,0,0,0,0,0,45550,10,45550,0,-50,45500,45500,45500,45500,税抜,4550,clean,,,3000,1,,,,
Q2401-015,2024-01-16,C023,高橋,名刺,card,1,1,0,0,0,0,0,0,0,0,0,0,2400,2400,2400,0,2400,0,0,0,0,0,0,2400,10,2400,0,0,2400,2400,2400,2400,税抜,240,clean,,,100,1,,,,
Q2401-016,2024-01-17,C004,鈴木,チラシ,offset,1,1.05,20000,27200,30000,0,0,800,0,0,0,0,0,78000,81900,0,81900,0,0,0,0,0,0,81900,10,81900,0,0,81900,81900,81900,81900,税抜,8190,clean,,,10000,1,1月!R16,,,
Q2401-017,2024-01-18,C037,高橋,封筒,env,1,1,3600,6000,0,0,0,0,0,0,0,5380,0,14980,14980,0,14980,0,0,4000,0,0,0,18980,10,18980,0,-480,18500,18500,18500,18500,税抜,1850,clean,,,500,1,,,,
Q2401-018,2024-01-19,C033,鈴木,チラシ,offset,1,1,20000,21600,20000,0,0,800,8000,0,0,0,0,70400,70400,0,70400,0,0,0,0,0,0,70400,10,70400,0,0,70400,70400,70400,70400,税抜,7040,clean,,,5000,1,1月!R17,,,
Q2401-019,2024-01-22,C037,高橋,リーフレット,offset,1,1,20000,16000,11400,0,0,800,4400,0,0,0,0,52600,52600,0,52600,0,0,0,0,0,0,52600,10,52600,0,-100,52500,52500,52500,52500,税抜,5250,clean,,,2000,1,,,,
Q2401-020,2024-01-23,D06,田中,リーフレット,od,1,0.8,0,0,1596.5,9000,1500,800,4100,0,0,0,0,16996.5,13597.2,0,13597.2,0,3000,0,0,0,0,16597.2,10,16590,1300,0,17890,17890,17890,17890,税抜,1789,clean,,,300,1,1月!R18,,,
Q2401-021,2024-01-23,C002,高橋,チラシ,offset,1,1,10000,8000,11400,0,0,800,0,0,0,0,0,30200,30200,0,30200,0,0,0,0,0,0,30200,10,30200,0,-200,30000,30000,30000,30000,税抜,3000,clean,,,2000,1,,,,
Q2401-022,2024-01-24,G04,鈴木,チラシ,od,1,0.9,0,0,837,2400,0,800,0,0,0,0,0,4037,3633.3,1,5000,0,0,0,0,0,0,5000,10,5000,0,0,5000,6500,5000,5000,税抜,500,omitted_delivery_fee,delivery fee 1500 not added,,300,1,1月!R19,,,
Q2401-023,2024-01-24,D06,鈴木,リーフレット,od,1,0.8,0,0,1596.5,9000,0,800,4100,0,0,0,0,15496.5,12397.2,0,12397.2,0,0,0,0,0,0,12397.2,10,12390,1300,0,13690,13690,13690,13690,税抜,1369,clean,,,300,1,1月!R20,,,
Q2401-024,2024-01-25,D03,田中,リーフレット,offset,1,0.85,20000,16000,11400,0,0,800,5700,0,0,0,0,53900,45815,0,45815,0,0,0,0,0,0,45815,10,45800,0,0,45800,45810,45800,45800,税抜,4580,rounding_inconsistency,rounded with half_up_100 instead of floor-10,,1500,1,1月!R21,,,
Q2401-025,2024-01-26,C006,鈴木,冊子,od,1,0.95,0,0,339.9,1800,1500,0,0,0,3300,0,0,6939.9,6592.9,0,6592.9,0,0,0,0,0,0,6592.9,10,6590,800,0,7390,7390,7390,7390,税抜,739,clean,,,30,1,1月!R22-R23,,,
Q2401-026,2024-01-26,C001,高橋,チラシ,offset,1,0.9,10000,27600,70000,0,0,800,0,0,0,0,0,108400,97560,0,97560,0,0,0,0,0,0,97560,10,97560,0,-60,97500,97500,97500,97500,税抜,9750,clean,,,30000,1,,,,
Q2401-027,2024-01-27,C023,高橋,名刺,card,1,1,0,0,0,0,0,0,0,0,0,0,2400,2400,2400,0,2400,0,0,0,0,0,0,2400,10,2400,520,0,2920,2920,2920,2920,税抜,292,clean,,,100,1,,,,
Q2401-028,2024-01-29,C004,鈴木,チラシ,offset,1,1.05,10000,10800,15000,0,0,800,0,0,0,0,0,36600,38430,0,38430,0,0,0,0,0,0,38430,10,38430,0,0,38430,38430,38430,38430,税抜,3843,clean,,,5000,1,1月!R24,,,
Q2401-029,2024-01-29,D05,田中,チラシ,offset,1,0.85,40000,32000,11400,0,0,800,0,33000,0,0,0,117200,99620,0,99620,0,0,0,0,0,0,99620,10,99620,0,0,99620,99620,99620,99620,税抜,9962,clean,,,1000,2,1月!R25,,,
Q2401-030,2024-01-30,C012,高橋,封筒,env,1,0.9,1800,2600,0,0,0,0,0,0,0,5380,0,9780,8802,0,8802,0,0,0,0,0,0,8802,10,8800,800,0,9600,9600,9600,9600,税抜,960,clean,,,2000,1,,,,
Q2401-031,2024-01-30,D06,鈴木,リーフレット,od,1,0.8,0,0,2038.2,13800,1500,800,4100,0,0,0,0,22238.2,17790.56,0,17790.56,0,0,0,0,0,0,17790.56,10,17790,1300,0,19090,19090,19090,19090,税抜,1909,clean,,,500,1,1月!R26,,,
Q2401-032,2024-01-30,C001,高橋,チラシ,offset,1,0.9,10000,27600,70000,0,0,800,0,0,0,0,0,108400,97560,0,97560,0,3000,0,0,0,0,100560,10,100560,0,-60,100500,100500,100500,100500,税抜,10050,clean,,,30000,1,,,,
Q2401-033,2024-01-30,C003,高橋,封筒,env,1,0.95,1800,3000,0,0,0,0,0,0,0,7840,0,12640,12008,0,12008,0,0,0,0,0,0,12008,10,12000,1500,0,13500,13500,13500,13500,税抜,1350,clean,,,300,1,,,,
Q2401-034,2024-01-30,C031,鈴木,冊子,offset,1,1,30000,40800,30000,0,0,0,0,0,48000,0,0,148800,148800,0,148800,0,0,0,0,0,0,148800,10,148800,0,0,148000,148800,148000,148000,税抜,14800,undocumented_discount,floor_1000: 148800 -> 148000,,3000,1,1月!R27-R28,,,
Q2401-035,2024-01-30,C021,鈴木,チラシ,od,1,1.1,0,0,1596.5,9000,1500,800,0,0,0,0,0,12896.5,14186.15,0,14186.15,0,0,0,0,0,0,14186.15,10,14180,0,0,14180,14180,14180,14180,税抜,1418,clean,,,300,1,1月!R29,,,
Q2401-036,2024-01-30,C026,田中,チラシ,offset,1,1,20000,38400,39875,0,0,800,0,0,0,0,0,99075,99075,0,99075,0,0,0,0,0,0,99075,10,99070,0,0,99070,99070,99070,99070,税抜,9907,clean,,,10000,1,1月!R30,,,
Q2401-037,2024-01-30,C007,渡辺,チラシ,offset,1,0.95,40000,76800,91300,0,0,800,0,0,0,0,0,208900,198455,0,198455,0,0,0,0,0,0,198455,10,198450,0,0,198450,198450,198450,198450,税抜,19845,clean,,,20000,2,,,,
Q2401-038,2024-01-31,D06,鈴木,リーフレット,od,1,0.8,0,0,1596.5,9000,1500,800,4100,0,0,0,0,16996.5,13597.2,0,13597.2,0,0,0,0,0,0,13597.2,10,13590,1300,0,14890,14890,14890,14890,税抜,1489,clean,,,300,1,1月!R31,,,
Q2402-001,2024-02-01,C039,鈴木,リーフレット,offset,1,1,20000,21600,17500,0,0,800,10500,0,0,0,0,70400,70400,0,70400,0,0,0,0,0,0,70400,10,70400,0,0,70400,70400,70400,70400,税抜,7040,clean,,,5000,1,2月!R6,,,
Q2402-002,2024-02-01,一般,渡辺,チラシ,od,1,1,0,0,1400.8,6000,3000,800,0,0,0,0,0,11200.8,11200.8,0,11200.8,0,0,0,0,0,0,11200.8,10,11200,0,0,11200,11200,11200,12320,税込,1120,clean,,,200,2,,,,
Q2402-003,2024-02-02,C001,高橋,チラシ,offset,1,0.9,10000,13600,26250,0,0,800,0,0,0,0,0,50650,45585,0,45585,0,0,0,0,0,0,45585,10,45580,0,-80,45500,45500,45500,45500,税抜,4550,clean,,,10000,1,,,,
Q2402-004,2024-02-02,K003,鈴木,名刺,card,1,1,0,0,0,0,0,0,0,0,0,0,7300,7300,7300,0,7300,0,0,0,0,0,0,7300,10,7300,0,0,7300,7300,7300,8030,税込,730,clean,,,500,1,2月!R7,,,
Q2402-005,2024-02-02,C017,田中,封筒,env,1,0.9,3600,6000,0,0,0,0,0,0,0,15680,0,25280,22752,0,22752,0,0,0,0,0,0,22752,10,22750,0,0,22750,22750,22750,22750,税抜,2275,clean,,,1000,1,2月!R8,,,
Q2402-006,2024-02-05,C033,鈴木,チラシ,offset,1,1,10000,19200,39875,0,0,800,0,0,0,0,0,69875,69875,0,69875,0,3000,0,0,0,0,72875,10,72870,0,0,72870,72870,72870,72870,税抜,7287,clean,,,20000,1,2月!R9,,,
Q2402-007,2024-02-05,C002,高橋,チラシ,od,1,1,0,0,2038.2,7500,0,800,0,0,0,0,0,10338.2,10338.2,0,10338.2,2584.55,0,0,0,0,0,12922.75,10,12920,1500,-420,14000,14000,14000,14000,税抜,1400,clean,,,500,1,,,,
Q2402-008,2024-02-05,C037,高橋,リーフレット,offset,1,1,20000,27200,26250,0,0,800,10500,0,0,0,0,84750,84750,0,84750,0,0,0,0,0,0,84750,10,84750,0,-250,84500,84500,84500,84500,税抜,8450,clean,,,5000,1,,,,
Q2402-009,2024-02-05,C002,高橋,リーフレット,offset,1,1,20000,16000,5700,0,0,800,4100,0,0,0,0,46600,46600,0,46600,0,0,4000,0,0,0,50600,10,50600,0,-100,50500,50500,50500,50500,税抜,5050,clean,,,1000,1,,,,
Q2402-010,2024-02-06,C025,鈴木,チラシ,offset,1,1,10000,8000,7250,0,0,800,0,0,0,0,0,26050,26050,0,26050,0,0,0,8000,0,0,34050,10,34050,0,0,34050,34050,34050,34050,税抜,3405,clean,,,3000,1,2月!R10,,,
Q2402-011,2024-02-06,一般,鈴木,名刺,card,1,1,0,0,0,0,0,0,0,0,0,0,17800,17800,17800,0,17800,0,0,0,0,0,3500,21300,10,21300,0,0,21300,21300,21300,23430,税込,2130,clean,,,500,2,2月!R11,,,
Q2402-012,2024-02-07,C036,渡辺,名刺,card,1,0.9,0,0,0,0,0,0,0,0,0,0,3400,3400,3060,0,3060,0,0,0,0,0,0,3060,10,3060,800,0,3860,3860,3860,3860,税抜,386,clean,,,100,1,,,,
Q2402-013,2024-02-07,C007,渡辺,チラシ,offset,1,0.95,30000,40800,61625,0,0,800,0,0,0,0,0,133225,126563.75,0,126563.75,0,0,0,0,0,0,126563.75,10,126560,0,0,126560,126560,126560,126560,税抜,12656,clean,,,5000,3,,,,
Q2402-014,2024-02-07,C003,高橋,封筒,env,1,0.95,1800,3000,0,0,0,0,0,0,0,10760,0,15560,14782,0,14782,0,0,0,0,0,0,14782,10,14780,1500,-280,16000,16000,16000,16000,税抜,1600,clean,,,1000,1,,,,
Q2402-015,2024-02-07,C030,高橋,冊子,od,1,1,0,0,1668.6,16200,1500,0,0,0,4500,0,0,23868.6,23868.6,0,23868.6,0,0,0,0,0,0,23868.6,10,23860,0,-360,23500,23500,23500,23500,税抜,2350,clean,,,150,1,,,,
Q2402-016,2024-02-08,C017,田中,リーフレット,offset,1,0.9,20000,16000,3625,0,0,800,4100,0,0,0,0,44525,40072.5,0,40072.5,0,0,0,0,0,0,40072.5,10,40070,0,0,40070,40070,40070,40070,税抜,4007,clean,,,1000,1,2月!R12,,,
Q2402-017,2024-02-09,D04,鈴木,チラシ,offset,1,0.75,10000,10800,15100,0,0,800,0,0,0,0,0,36700,27525,0,27525,0,0,0,0,0,0,27525,10,27520,3900,0,30800,31420,30800,30800,税抜,3080,undocumented_discount,price_point: 31420 -> 30800,,3000,1,2月!R13-R14,,,
Q2402-018,2024-02-09,C001,高橋,チラシ,offset,1,0.9,20000,66400,76125,0,0,800,0,0,0,0,0,163325,146992.5,0,146992.5,0,0,0,0,0,0,146992.5,10,146990,0,-490,146500,146500,146500,146500,税抜,14650,clean,,,20000,1,,,,
Q2402-019,2024-02-13,C030,高橋,冊子,od,1,1,0,0,1112.4,11400,0,0,0,0,4000,0,0,16512.4,16512.4,0,16512.4,0,0,0,0,0,0,16512.4,10,16510,0,-10,16500,16500,16500,16500,税抜,1650,clean,,,100,1,,,,
Q2402-020,2024-02-13,C009,田中,名刺,card,1,0.95,0,0,0,0,0,0,0,0,0,0,32300,32300,30685,0,30685,0,0,0,0,0,0,30685,10,30680,1300,0,31980,31980,31980,31980,税抜,3198,clean,,,100,10,2月!R15-R17,,,
Q2402-021,2024-02-13,C025,鈴木,名刺,card,1,1,0,0,0,0,0,0,0,0,0,0,6200,6200,6200,0,6200,1550,0,0,0,0,0,7750,10,7750,1500,0,9250,9250,9250,9250,税抜,925,clean,,,200,2,2月!R18,,,
Q2402-022,2024-02-14,G03,高橋,チラシ,od,1,0.9,0,0,421.2,1200,1500,800,0,0,0,0,0,3921.2,3529.08,1,5000,0,0,0,0,0,0,5000,10,5000,1500,0,6500,6500,6500,6500,税抜,650,clean,,,300,1,,,,
Q2402-023,2024-02-14,C010,鈴木,チラシ,offset,1,1,20000,38400,55000,0,0,800,0,0,0,0,0,114200,114200,0,114200,0,0,0,0,0,0,114200,10,114200,0,0,114200,114200,114200,114200,税抜,11420,clean,,,20000,1,2月!R19,,,
Q2402-024,2024-02-14,C031,鈴木,封筒,env,1,1,1800,3000,0,0,0,0,0,0,0,10760,0,15560,15560,0,15560,0,0,0,0,0,0,15560,10,15560,1300,0,16860,16860,16860,16860,税抜,1686,clean,,,1000,1,2月!R20,,,
Q2402-025,2024-02-14,G05,高橋,冊子,offset,1,1,7500,6000,6000,0,0,0,0,0,8000,0,0,27500,27500,0,27500,0,0,0,0,0,0,27500,10,27500,1500,0,29000,29000,29000,29000,税抜,2900,clean,,,500,1,,,,
Q2402-026,2024-02-15,C003,高橋,封筒,env,1,1,1800,3000,0,0,0,0,0,0,0,7840,0,12640,12640,0,12640,0,0,0,0,0,0,12640,10,12640,1500,-140,14000,13500,14000,14000,税抜,1400,stale_customer_rate,old customer rate 1.00 used,,300,1,,,,
Q2402-027,2024-02-15,C040,鈴木,名刺,card,1,1.05,0,0,0,0,0,0,0,0,0,0,20060,20060,21063,0,21063,0,0,0,0,0,0,21063,10,21060,1500,0,22560,22560,22560,22560,税抜,2256,clean,,,100,6,2月!R21,,,
Q2402-028,2024-02-15,C031,渡辺,リーフレット,offset,1,1,20000,16000,5700,0,0,800,4100,0,0,0,0,46600,46600,0,46600,0,3000,0,0,0,0,49600,10,49600,1300,0,50900,50900,50900,50900,税抜,5090,clean,,,1000,1,,,,
Q2402-029,2024-02-15,C020,渡辺,チラシ,offset,1,1,10000,8000,12100,0,0,800,0,0,0,0,0,30900,30900,0,30900,0,0,0,0,2000,0,32900,10,32900,0,0,32900,32900,32900,32900,税抜,3290,clean,,,5000,1,,,,
Q2402-030,2024-02-16,C036,渡辺,名刺,card,1,0.9,0,0,0,0,0,0,0,0,0,0,3400,3400,3060,0,3060,0,0,0,0,0,0,3060,10,3060,800,0,3860,3860,3860,3860,税抜,386,clean,,,100,1,,,,
Q2402-031,2024-02-17,C036,渡辺,チラシ,offset,1,0.9,10000,8000,3625,0,0,800,0,0,0,0,0,22425,20182.5,0,20182.5,0,0,0,0,0,0,20182.5,10,20180,0,0,20180,20180,20180,20180,税抜,2018,clean,,,1000,1,,,,
Q2402-032,2024-02-19,C001,高橋,名刺,card,1,0.9,0,0,0,0,0,0,0,0,0,0,17600,17600,15840,0,15840,0,0,0,0,0,0,15840,10,15840,0,-340,15500,15500,15500,15500,税抜,1550,clean,,,200,4,,,,
Q2402-033,2024-02-19,一般,田中,名刺,card,1,1,0,0,0,0,0,0,0,0,0,0,2400,2400,2400,0,2400,0,0,0,0,0,3000,5400,10,5400,0,0,5400,5400,5400,5940,税込,540,clean,,,100,1,2月!R22,,,
Q2402-034,2024-02-19,C002,高橋,リーフレット,offset,1,1,20000,16000,5700,0,0,800,4100,0,0,0,0,46600,46600,0,46600,0,0,0,0,0,0,46600,10,46600,0,-100,46500,46500,46500,46500,税抜,4650,clean,,,1000,1,,,,
Q2402-035,2024-02-19,C006,鈴木,リーフレット,offset,1,0.95,20000,27200,26250,0,0,800,8000,0,0,0,0,82250,78137.5,0,78137.5,0,0,0,0,0,0,78137.5,10,78130,0,0,78130,78130,78130,78130,税抜,7813,clean,,,5000,1,2月!R23,,,
Q2402-036,2024-02-20,D04,鈴木,冊子,offset,1,0.75,20000,16000,11400,0,0,0,0,0,8000,0,0,55400,41550,0,41550,0,0,0,0,0,0,41550,10,41550,2600,0,44150,44150,44150,44150,税抜,4415,clean,,,500,1,2月!R24-R25,,,
Q2402-037,2024-02-20,C018,田中,名刺,card,1,1,0,0,0,0,0,0,0,0,0,0,4000,4000,4000,0,4000,0,0,0,0,0,0,4000,10,4000,800,0,4800,4800,4800,4800,税抜,480,clean,,,200,1,2月!R26,,,
Q2402-038,2024-02-20,C001,高橋,名刺,card,1,0.9,0,0,0,0,0,0,0,0,0,0,3400,3400,3060,0,3060,0,0,0,0,0,3000,6060,10,6060,800,0,6860,6860,6860,6860,税抜,686,clean,,,100,1,,,,
Q2402-039,2024-02-20,G05,高橋,冊子,od,1,1,0,0,5005.8,40200,1500,0,0,0,5250,0,0,51955.8,51955.8,0,51955.8,0,0,0,0,0,0,51955.8,10,51950,0,-450,51500,51500,51500,51500,税抜,5150,clean,,,150,1,,,,
Q2402-040,2024-02-21,C004,鈴木,チラシ,offset,1,1.05,10000,8000,10000,0,0,800,0,0,0,0,0,28800,30240,0,30240,0,0,0,0,0,0,30240,10,30240,0,0,30240,30240,30240,30240,税抜,3024,clean,,,3000,1,2月!R27,,,
Q2402-041,2024-02-21,C006,鈴木,リーフレット,offset,1,0.95,20000,16000,11400,0,0,800,5700,0,0,0,0,53900,51205,0,51205,0,0,4000,0,0,0,55205,10,55200,0,0,55200,55200,55200,55200,税抜,5520,clean,,,2000,1,2月!R28,,,
Q2402-042,2024-02-21,C001,高橋,名刺,card,1,0.9,0,0,0,0,0,0,0,0,0,0,15340,15340,13806,0,13806,0,0,0,0,0,5500,19306,10,19300,0,-300,19000,19000,19000,19000,税抜,1900,clean,,,100,6,,,,
Q2402-043,2024-02-22,一般,渡辺,名刺,card,1,1,0,0,0,0,0,0,0,0,0,0,2000,2000,2000,0,2000,0,0,0,0,0,3000,5000,10,5000,0,0,5000,5000,5000,5500,税込,500,clean,,,200,1,,,,
Q2402-044,2024-02-22,K001,田中,冊子,od,1,1,0,0,1277.2,7200,1500,0,0,0,3300,0,0,13277.2,13277.2,0,13277.2,0,0,0,0,0,0,13277.2,10,13270,0,0,13270,13270,13270,14597,税込,1327,clean,,,30,1,2月!R29,,,
Q2402-045,2024-02-22,C006,渡辺,冊子,offset,1,0.95,10000,8000,5700,0,0,0,0,0,6000,0,0,29700,28215,0,28215,0,0,0,0,0,0,28215,10,28210,0,0,28210,28210,28210,28210,税抜,2821,clean,,,300,1,,,,
Q2402-046,2024-02-26,D06,鈴木,リーフレット,od,1,0.8,0,0,1596.5,9000,1500,800,4100,0,0,0,0,16996.5,13597.2,0,13597.2,0,0,0,0,0,0,13597.2,10,13590,0,0,13590,13590,13590,13590,税抜,1359,clean,,,300,1,2月!R30,,,
Q2402-047,2024-02-26,C016,高橋,封筒,env,1,1,3600,9600,0,0,0,0,0,0,0,47040,0,60240,60240,0,60240,0,0,0,0,0,0,60240,10,60240,0,-240,60000,60000,60000,60000,税抜,6000,clean,,,3000,1,,,,
Q2402-048,2024-02-26,C026,田中,チラシ,offset,1,1,20000,27200,30000,0,0,800,0,0,0,0,0,78000,78000,0,78000,0,0,0,0,0,0,78000,10,78000,0,0,78000,78000,78000,78000,税抜,7800,clean,,,10000,1,2月!R31,,,
Q2402-049,2024-02-27,D01,高橋,リーフレット,od,1,0.8,0,0,1677,13800,1500,800,4100,0,0,0,0,21877,17501.6,0,17501.6,0,0,0,0,0,0,17501.6,10,17500,1500,0,19000,19000,19000,19000,税抜,1900,clean,,,500,1,,,,
Q2402-050,2024-02-28,C036,渡辺,リーフレット,od,1,0.9,0,0,2038.2,3680,1500,800,4100,0,0,0,0,12118.2,10906.38,0,10906.38,0,0,0,0,0,0,10906.38,10,10900,0,0,10900,10900,10900,10900,税抜,1090,clean,,,500,1,,,,
Q2402-051,2024-02-28,C007,渡辺,チラシ,offset,1,0.95,10000,10800,18150,0,0,800,0,0,0,0,0,39750,37762.5,0,37762.5,0,0,0,0,2000,0,39762.5,10,39760,0,0,39760,39760,39760,39760,税抜,3976,clean,,,5000,1,,,,
Q2402-052,2024-02-28,D06,鈴木,リーフレット,od,1,0.8,0,0,1596.5,9000,0,800,4100,0,0,0,0,15496.5,12397.2,0,12397.2,0,0,0,0,0,0,12397.2,10,12390,1300,0,13690,13690,13690,13690,税抜,1369,clean,,,300,1,2月!R32-R33,,,
Q2402-053,2024-02-28,C001,高橋,チラシ,offset,1,0.9,30000,24000,20000,0,0,800,0,0,0,0,0,74800,67320,0,67320,0,0,0,0,0,0,67320,10,67320,0,-320,67000,67000,67000,67000,税抜,6700,clean,,,2000,3,,,,
Q2402-054,2024-02-28,一般,田中,名刺,card,1,1,0,0,0,0,0,0,0,0,0,0,5200,5200,5200,0,5200,0,0,0,0,0,0,5200,10,5200,0,0,5200,5200,5200,5720,税込,520,clean,,,100,2,2月!R34,,,
Q2402-055,2024-02-29,G06,渡辺,冊子,od,1,0.9,0,0,1627.4,3040,1500,0,0,0,4000,0,0,10167.4,9150.66,0,9150.66,0,0,0,0,0,0,9150.66,10,9150,800,0,9950,9950,9950,9950,税抜,995,clean,,,100,1,,,,
Q2402-056,2024-02-29,C002,高橋,チラシ,offset,1,1,10000,8000,7250,0,0,800,0,0,0,0,0,26050,26050,0,26050,0,0,0,0,0,0,26050,10,26050,1500,-50,27500,27500,27500,27500,税抜,2750,clean,,,3000,1,,,,
Q2402-057,2024-02-29,C001,高橋,チラシ,offset,1,0.9,20000,38400,39875,0,0,800,0,0,0,0,0,99075,89167.5,0,89167.5,0,0,0,0,0,0,89167.5,10,89160,0,-160,89000,89000,89000,89000,税抜,8900,clean,,,20000,1,,,,
Q2402-058,2024-02-29,C022,渡辺,封筒,env,1,0.95,1800,3000,0,0,0,0,0,0,0,15680,0,20480,19456,0,19456,0,0,0,0,0,0,19456,10,19450,0,0,19450,19450,19450,19450,税抜,1945,clean,,,1000,1,,,,
Q2402-059,2024-02-29,D06,鈴木,リーフレット,od,1,0.8,0,0,1060.9,6000,1500,800,4100,0,0,0,0,13460.9,10768.72,0,10768.72,0,0,0,0,0,0,10768.72,10,10760,1300,0,12060,12060,12060,12060,税抜,1206,clean,,,200,1,2月!R35,,,
Q2402-060,2024-02-29,C031,鈴木,リーフレット,offset,1,1,20000,16000,11400,0,0,800,5700,0,0,0,0,53900,53900,0,53900,0,0,0,0,0,0,53900,10,53900,2600,0,56500,56500,56500,56500,税抜,5650,clean,,,2000,1,2月!R36,,,
Q2403-001,2024-03-01,D05,田中,リーフレット,od,1,0.85,0,0,5304.5,25800,1500,800,3200,0,0,0,0,36604.5,31113.83,0,31113.83,0,0,0,0,0,0,31113.83,10,31110,0,0,31110,31110,31110,31110,税抜,3111,clean,,,500,1,3月!R6-R7,,,
Q2403-002,2024-03-01,K006,田中,チラシ,od,1,1,0,0,360.4,400,1500,800,0,0,0,0,0,3060.4,3060.4,1,5000,0,0,0,0,0,0,5000,10,5000,0,0,5000,5000,5000,5500,税込,500,clean,,,200,1,3月!R8,,,
Q2403-003,2024-03-01,G04,鈴木,チラシ,od,1,0.9,0,0,286.2,800,1500,800,0,0,0,0,0,3386.2,3047.58,1,5000,0,0,0,0,0,0,5000,10,5000,0,0,5000,5000,5000,5000,税抜,500,clean,,,100,1,3月!R9,,,
Q2403-004,2024-03-01,C034,鈴木,チラシ,offset,1,1,10000,10800,15000,0,0,800,0,0,0,0,0,36600,36600,0,36600,0,0,0,0,0,0,36600,10,36600,0,0,36600,36600,36600,36600,税抜,3660,clean,,,5000,1,3月!R10,,,
Q2403-005,2024-03-01,一般,鈴木,チラシ,offset,1,1,20000,16000,8750,0,0,800,0,0,0,0,0,45550,45550,0,45550,0,0,0,0,0,0,45550,10,45550,0,0,45550,45550,45550,50105,税込,4555,clean,,,1000,2,3月!R11,,,
Q2403-006,2024-03-01,一般,田中,名刺,card,1,1,0,0,0,0,0,0,0,0,0,0,1600,1600,1600,0,1600,0,0,0,0,0,0,1600,10,1600,0,0,1600,1600,1600,1760,税込,160,clean,,,100,1,3月!R12,,,
Q2403-007,2024-03-04,C031,鈴木,冊子,offset,1,1,30000,40800,30000,0,0,0,0,0,48000,0,0,148800,148800,0,148800,0,0,0,0,0,0,148800,10,148800,9100,0,157900,157900,157900,157900,税抜,15790,clean,,,3000,1,3月!R13-R14,,,
Q2403-008,2024-03-04,C006,鈴木,封筒,env,1,0.95,3600,4000,0,0,0,0,0,0,0,8960,0,16560,15732,0,15732,0,0,0,0,0,0,15732,10,15730,0,0,15730,15730,15730,15730,税抜,1573,clean,,,1000,2,3月!R15,,,
Q2403-009,2024-03-04,K003,鈴木,チラシ,od,1,1,0,0,10609,43800,3000,800,0,0,0,0,0,58209,58209,0,58209,0,0,0,0,0,0,58209,10,58200,0,0,58200,58200,58200,64020,税込,5820,clean,,,500,2,3月!R16,,,
Q2403-010,2024-03-04,C002,高橋,チラシ,offset,1,1,5000,4000,7875,0,0,800,0,14250,0,0,0,31925,31925,0,31925,0,0,0,0,0,0,31925,10,31920,0,-420,31500,31500,31500,31500,税抜,3150,clean,,,1000,1,,,,
Q2403-011,2024-03-04,G04,鈴木,チラシ,od,1,0.9,0,0,556.2,1600,0,800,0,0,0,0,0,2956.2,2660.58,1,5000,0,0,0,0,0,0,5000,10,5000,1500,0,6500,6500,6500,6500,税抜,650,clean,,,200,1,3月!R17,,,
Q2403-012,2024-03-04,D01,高橋,リーフレット,od,1,0.8,0,0,2038.2,13800,1500,800,4100,0,0,0,0,22238.2,17790.56,0,17790.56,0,0,0,0,0,0,17790.56,10,17790,1500,-290,19000,19000,19000,19000,税抜,1900,superseded_by_revision,re-issued with changed quantity,Q2403-012-R2,500,1,,,,
Q2403-013,2024-03-05,C040,鈴木,チラシ,offset,1,1.05,20000,16000,7875,0,0,800,0,14250,0,0,0,58925,61871.25,0,61871.25,0,0,0,8000,0,0,69871.25,10,69870,0,0,69870,69870,69870,69870,税抜,6987,clean,,,1000,1,3月!R18-R19,,,
Q2403-014,2024-03-05,C027,田中,封筒,env,1,1,3600,4000,0,0,0,0,0,0,0,4480,0,12080,12080,0,12080,0,0,0,0,0,0,12080,10,12080,1500,0,13580,13580,13580,13580,税抜,1358,clean,,,1000,1,3月!R20,,,
Q2403-015,2024-03-05,C024,鈴木,名刺,card,1,1,0,0,0,0,0,0,0,0,0,0,6000,6000,6000,0,6000,0,0,0,0,0,0,6000,10,6000,800,0,6800,6800,6800,6800,税抜,680,clean,,,300,1,3月!R21,,,
Q2403-016,2024-03-05,D02,高橋,チラシ,offset,1,0.8,10000,8000,8750,0,0,800,0,0,0,0,0,27550,22040,0,22040,0,0,0,0,0,0,22040,10,22040,1500,-40,23500,23500,23500,23500,税抜,2350,clean,,,5000,1,,,,
Q2403-017,2024-03-05,D02,高橋,チラシ,offset,1,0.8,10000,10800,17100,0,0,800,0,0,0,0,0,38700,30960,0,30960,0,0,0,0,0,0,30960,10,30960,0,-460,30500,30500,30500,30500,税抜,3050,clean,,,5000,1,,,,
Q2403-018,2024-03-05,C022,渡辺,封筒,env,1,0.95,3600,5200,0,0,0,0,0,0,0,5380,0,14180,13471,0,13471,0,0,0,0,0,0,13471,10,13470,0,0,13470,13470,13470,13470,税抜,1347,clean,,,2000,1,,,,
Q2403-019,2024-03-05,C010,鈴木,名刺,card,1,1,0,0,0,0,0,0,0,0,0,0,3200,3200,3200,0,3200,0,0,0,0,0,0,3200,10,3200,0,0,3200,4000,3200,3200,税抜,320,omitted_delivery_fee,delivery fee 800 not added,,100,2,3月!R22,,,
Q2403-020,2024-03-05,一般,渡辺,名刺,card,1,1,0,0,0,0,0,0,0,0,0,0,5800,5800,5800,0,5800,0,0,0,0,0,0,5800,10,5800,520,0,6320,6320,6320,6952,税込,632,clean,,,500,1,,,,
Q2403-021,2024-03-05,一般,鈴木,名刺,card,1,1,0,0,0,0,0,0,0,0,0,0,1600,1600,1600,0,1600,0,0,0,0,0,0,1600,10,1600,0,0,1600,1600,1600,1760,税込,160,clean,,,100,1,3月!R23,,,
Q2403-022,2024-03-05,C014,鈴木,チラシ,od,1,0.9,0,0,2657.4,2000,1500,800,0,0,0,0,0,6957.4,6261.66,0,6261.66,0,0,0,0,0,0,6261.66,10,6260,0,0,6260,6260,6260,6260,税抜,626,clean,,,500,1,3月!R24,,,
Q2403-023,2024-03-06,C010,鈴木,チラシ,offset,1,1,40000,110400,160000,0,0,800,0,0,0,0,0,311200,311200,0,311200,0,0,0,0,0,0,311200,10,311200,0,0,311200,311200,311200,311200,税抜,31120,clean,,,30000,2,3月!R25,,,
Q2403-024,2024-03-06,C006,鈴木,封筒,env,1,0.95,1800,4400,0,0,0,0,0,0,0,22400,0,28600,27170,0,27170,0,0,4000,0,0,0,31170,10,31170,0,0,31170,31170,31170,31170,税抜,3117,clean,,,5000,1,3月!R26,,,
Q2403-025,2024-03-06,C031,鈴木,名刺,card,1,1,0,0,0,0,0,0,0,0,0,0,9600,9600,9600,0,9600,0,0,0,0,0,0,9600,10,9600,520,0,10120,10120,10120,10120,税抜,1012,clean,,,100,4,3月!R27,,,
Q2403-026,2024-03-07,C010,鈴木,チラシ,offset,1,1,20000,38400,39875,0,0,800,0,0,0,0,0,99075,99075,0,99075,0,0,0,0,0,0,99075,10,99070,0,0,99070,99070,99070,99070,税抜,9907,clean,,,20000,1,3月!R28,,,
Q2403-027,2024-03-08,D06,鈴木,リーフレット,od,1,0.8,0,0,2038.2,13800,0,800,4100,0,0,0,0,20738.2,16590.56,0,16590.56,0,0,0,0,0,0,16590.56,10,16590,1300,0,17890,17890,17890,17890,税抜,1789,clean,,,500,1,3月!R29,,,
Q2403-028,2024-03-08,C033,鈴木,チラシ,offset,1,1,10000,19200,39875,0,0,800,0,0,0,0,0,69875,69875,0,69875,0,0,0,0,0,0,69875,10,69870,0,0,69870,69870,69870,69870,税抜,6987,clean,,,20000,1,3月!R30,,,
Q2403-029,2024-03-08,C017,田中,リーフレット,offset,1,0.9,20000,16000,8750,0,0,800,5700,0,0,0,0,51250,46125,0,46125,0,0,0,0,0,0,46125,10,46120,0,0,46120,46120,46120,46120,税抜,4612,clean,,,2000,1,3月!R31,,,
Q2403-030,2024-03-08,C040,鈴木,封筒,env,1,1.05,1800,2000,0,0,0,0,0,0,0,2690,0,6490,6814.5,0,6814.5,0,0,4000,0,0,0,10814.5,10,10810,1500,0,12310,12310,12310,12310,税抜,1231,clean,,,1000,1,3月!R32,,,
Q2403-031,2024-03-08,C033,鈴木,チラシ,offset,1,1,20000,27200,21750,0,0,800,0,0,0,0,0,69750,69750,0,69750,0,0,0,0,0,0,69750,10,69750,0,0,69750,69750,69750,69750,税抜,6975,clean,,,10000,1,3月!R33,,,
Q2403-032,2024-03-11,D01,高橋,リーフレット,offset,1,0.8,20000,16000,7250,0,0,800,5700,0,0,0,0,49750,39800,0,39800,0,0,0,0,0,0,39800,10,39800,0,-300,39500,39500,39500,39500,税抜,3950,clean,,,2000,1,,,,
Q2403-033,2024-03-11,G04,鈴木,チラシ,od,1,0.9,0,0,1668.6,2400,1500,800,0,0,0,0,0,6368.6,5731.74,0,5731.74,0,0,0,0,0,0,5731.74,10,5730,1500,0,7230,7230,7230,7230,税抜,723,clean,,,300,1,3月!R34-R35,,,
Q2403-034,2024-03-11,D03,田中,リーフレット,offset,1,0.85,20000,16000,5700,0,0,800,4100,0,0,0,0,46600,39610,0,39610,0,0,0,0,0,0,39610,10,39610,0,0,39610,39610,39610,39610,税抜,3961,clean,,,1000,1,3月!R36,,,
Q2403-035,2024-03-11,C002,高橋,リーフレット,offset,1,1,20000,27200,26250,0,0,800,18500,0,0,0,0,92750,92750,0,92750,0,0,0,0,0,0,92750,10,92750,0,-250,92500,92500,92500,92500,税抜,9250,clean,,,10000,1,,,,
Q2403-036,2024-03-12,C036,渡辺,名刺,card,1,1,0,0,0,0,0,0,0,0,0,0,15340,15340,15340,0,15340,0,0,0,0,0,0,15340,10,15340,0,0,15340,13800,15340,15340,税抜,1534,copied_customer_rate,rate 1.00 copied from previous quote for 一般,,100,6,,,,
Q2403-037,2024-03-12,一般,田中,チラシ,od,1,1,0,0,813.7,3000,3000,800,0,0,0,0,0,7613.7,7613.7,0,7613.7,0,0,0,0,0,0,7613.7,10,7610,0,0,7610,7610,7610,8371,税込,761,clean,,,100,2,3月!R37,,,
Q2403-038,2024-03-12,C006,鈴木,名刺,card,1,0.95,0,0,0,0,0,0,0,0,0,0,30030,30030,28528.5,0,28528.5,0,0,0,0,0,0,28528.5,10,28520,0,0,28520,28520,28520,28520,税抜,2852,clean,,,100,8,3月!R38-R39,,,
Q2403-039,2024-03-12,一般,田中,リーフレット,offset,1,1,20000,16000,8750,0,0,800,5700,0,0,0,0,51250,51250,0,51250,0,0,4000,0,800,0,56050,10,56050,2600,0,58650,58650,58650,64515,税込,5865,clean,,,2000,1,3月!R40,,,
Q2403-040,2024-03-12,C040,鈴木,名刺,card,1,1.05,0,0,0,0,0,0,0,0,0,0,20060,20060,21063,0,21063,5265.75,0,0,0,0,0,26328.75,10,26320,1500,0,27820,27820,27820,27820,税抜,2782,clean,,,100,6,3月!R41-R43,,,
Q2403-041,2024-03-12,C031,鈴木,リーフレット,offset,1,1,10000,8000,7250,0,0,800,5700,0,0,0,0,31750,31750,0,31750,0,0,0,0,0,0,31750,10,31750,1300,0,33050,33050,33050,33050,税抜,3305,clean,,,2000,1,3月!R44,,,
Q2403-042,2024-03-13,C001,高橋,チラシ,offset,1,0.9,20000,21600,30000,0,0,800,0,0,0,0,0,72400,65160,0,65160,0,0,0,0,0,0,65160,10,65160,0,-160,65000,65000,65000,65000,税抜,6500,clean,,,10000,2,,,,
Q2403-043,2024-03-13,C012,高橋,封筒,env,1,0.9,1800,2600,0,0,0,0,0,0,0,5380,0,9780,8802,0,8802,0,3000,0,0,0,0,11802,10,11800,0,-300,11500,11500,11500,11500,税抜,1150,clean,,,2000,1,,,,
Q2403-044,2024-03-13,一般,田中,名刺,card,1,1,0,0,0,0,0,0,0,0,0,0,2200,2200,2200,0,2200,0,0,0,0,0,0,2200,10,2200,800,0,3000,3000,3000,3300,税込,300,clean,,,100,1,3月!R45,,,
Q2403-045,2024-03-13,D02,高橋,名刺,card,1,0.8,0,0,0,0,0,0,0,0,0,0,2400,2400,1920,0,1920,480,0,0,0,0,0,2400,10,2400,1500,0,3900,3900,3900,3900,税抜,390,clean,,,100,1,,,,
Q2403-046,2024-03-13,D05,田中,チラシ,offset,1,0.85,20000,16000,5700,0,0,800,0,0,0,0,0,42500,36125,0,36125,0,0,0,0,0,0,36125,10,36120,0,0,36120,36120,36120,36120,税抜,3612,clean,,,1000,1,3月!R46,,,
Q2403-012-R2,2024-03-14,D01,高橋,リーフレット,offset,1,0.8,20000,16000,4375,0,0,800,4100,0,0,0,0,45275,36220,0,36220,0,0,0,0,0,0,36220,10,36220,0,-220,36000,36000,36000,36000,税抜,3600,clean,re-issue with changed quantity,Q2403-012,1000,1,,,,
Q2403-047,2024-03-14,C033,鈴木,チラシ,offset,1,1,10000,19200,39875,0,0,800,0,0,0,0,0,69875,69875,0,69875,0,0,0,0,0,0,69875,10,69870,0,0,69870,69870,69870,69870,税抜,6987,clean,,,20000,1,3月!R47,,,
Q2403-048,2024-03-14,D05,田中,チラシ,offset,1,0.85,20000,16000,10875,0,0,800,0,0,0,0,0,47675,40523.75,0,40523.75,0,3000,0,0,0,0,43523.75,10,43520,0,0,43520,43520,43520,43520,税抜,4352,clean,,,3000,1,3月!R48,,,
Q2403-049,2024-03-14,D06,鈴木,チラシ,offset,1,0.8,10000,8000,10000,0,0,800,0,0,0,0,0,28800,23040,0,23040,0,0,0,0,0,0,23040,10,23040,2600,0,25640,25640,25640,25640,税抜,2564,clean,,,5000,1,3月!R49,,,
Q2403-050,2024-03-14,一般,鈴木,チラシ,od,1,1,0,0,360.4,3000,1500,800,0,0,0,0,0,5660.4,5660.4,0,5660.4,0,0,0,0,0,0,5660.4,10,5660,0,0,5660,5660,5660,6226,税込,566,clean,,,100,1,3月!R50,,,
Q2403-051,2024-03-14,一般,渡辺,チラシ,od,1,1,0,0,813.7,1600,1500,800,0,0,0,0,0,4713.7,4713.7,1,5000,0,0,0,0,0,0,5000,10,5000,0,0,5000,5000,5000,5500,税込,500,clean,,,200,1,,,,
Q2403-052,2024-03-15,一般,鈴木,名刺,card,1,1,0,0,0,0,0,0,0,0,0,0,3100,3100,3100,0,3100,0,0,0,0,0,3000,6100,10,6100,0,0,6100,6100,6100,6710,税込,610,clean,,,200,1,3月!R51,,,
Q2403-053,2024-03-15,K002,田中,チラシ,offset,1,1,10000,8000,4375,0,0,800,0,0,0,0,0,23175,23175,0,23175,0,0,0,0,0,0,23175,10,23170,0,0,23170,23170,23170,25487,税込,2317,clean,,,1000,1,3月!R52,,,
Q2403-054,2024-03-15,一般,鈴木,名刺,card,1,1,0,0,0,0,0,0,0,0,0,0,3200,3200,3200,0,3200,0,0,0,0,0,0,3200,10,3200,0,0,3200,3200,3200,3520,税込,320,clean,,,100,2,3月!R53,,,
Q2403-055,2024-03-15,C038,田中,冊子,offset,1,1,70000,75600,70000,0,0,0,0,0,33000,0,0,248600,248600,0,248600,0,0,0,0,0,0,248600,10,248600,0,0,248600,248600,248600,248600,税抜,24860,clean,,,2000,1,3月!R54,,,
Q2403-056,2024-03-15,一般,渡辺,名刺,card,1,1,0,0,0,0,0,0,0,0,0,0,5200,5200,5200,0,5200,0,0,0,0,0,0,5200,10,5200,0,0,5200,5200,5200,5720,税込,520,clean,,,500,1,,,,
Q2403-057,2024-03-15,C015,渡辺,チラシ,offset,1,1,20000,16000,6050,0,0,800,0,0,0,0,0,42850,42850,0,42850,0,0,0,0,0,0,42850,10,42850,0,0,42850,42850,42850,42850,税抜,4285,clean,,,1000,1,,,,
Q2403-058,2024-03-18,一般,渡辺,名刺,card,1,1,0,0,0,0,0,0,0,0,0,0,2600,2600,2600,0,2600,0,0,0,0,0,3000,5600,10,5600,0,0,5600,5600,5600,6160,税込,560,clean,,,100,1,,,,
Q2403-059,2024-03-18,C010,鈴木,チラシ,offset,1,1,20000,38400,39875,0,0,800,0,0,0,0,0,99075,99075,0,99075,0,0,0,0,0,0,99075,10,99070,0,0,99070,99070,99070,99070,税抜,9907,clean,,,20000,1,3月!R55,,,
Q2403-060,2024-03-18,D02,高橋,チラシ,offset,1,0.8,20000,16000,8750,0,0,800,0,0,0,0,0,45550,36440,0,36440,0,0,0,0,0,0,36440,10,36440,0,-440,36000,36000,36000,36000,税抜,3600,clean,,,2000,1,,,,
Q2403-061,2024-03-19,C009,田中,名刺,card,1,0.95,0,0,0,0,0,0,0,0,0,0,18500,18500,17575,0,17575,0,0,0,0,0,0,17575,10,17570,520,0,18090,18090,18090,18090,税抜,1809,clean,,,100,5,3月!R56,,,
Q2403-062,2024-03-19,C001,高橋,チラシ,offset,1,0.9,10000,13600,30000,0,0,800,0,0,0,0,0,54400,48960,0,48960,0,0,0,0,0,0,48960,10,48960,0,-460,48500,48500,48500,48500,税抜,4850,clean,,,10000,1,,,,
Q2403-063,2024-03-19,K014,鈴木,冊子,od,1,1,0,0,1469.4,10440,1500,0,0,0,3450,0,0,16859.4,16859.4,0,16859.4,0,0,0,0,0,0,16859.4,10,16850,0,0,16850,16850,16850,18535,税込,1685,duplicate_entry,same quote keyed twice,Q2403-064,30,1,,,,
Q2403-064,2024-03-19,K014,鈴木,冊子,od,1,1,0,0,1469.4,10440,1500,0,0,0,3450,0,0,16859.4,16859.4,0,16859.4,0,0,0,0,0,0,16859.4,10,16850,0,0,16850,16850,16850,18535,税込,1685,clean,,,30,1,3月!R57,,,
Q2403-065,2024-03-19,D05,田中,冊子,offset,1,0.85,20000,16000,8750,0,0,0,0,0,6000,0,0,50750,43137.5,0,43137.5,0,0,0,0,0,0,43137.5,10,43130,0,0,43130,43130,43130,43130,税抜,4313,clean,,,300,1,3月!R58,,,
Q2403-066,2024-03-19,一般,鈴木,名刺,card,1,1,0,0,0,0,0,0,0,0,0,0,3100,3100,3100,0,3100,0,0,0,0,0,0,3100,10,3100,0,0,3100,3100,3100,3410,税込,310,clean,,,200,1,3月!R59,,,
Q2403-067,2024-03-21,C017,田中,冊子,od,1,0.9,0,0,6365.4,29400,1500,0,0,0,5000,0,0,42265.4,38038.86,0,38038.86,0,0,0,0,0,0,38038.86,10,38030,0,0,38030,38030,38030,38030,税抜,3803,clean,,,200,1,3月!R60-R61,,,
Q2403-068,2024-03-21,一般,鈴木,名刺,card,1,1,0,0,0,0,0,0,0,0,0,0,4200,4200,4200,0,4200,0,0,0,0,0,0,4200,10,4200,0,0,4200,4200,4200,4620,税込,420,clean,,,300,1,3月!R62,,,
Q2403-069,2024-03-21,C040,鈴木,名刺,card,1,1.05,0,0,0,0,0,0,0,0,0,0,12390,12390,13009.5,0,13009.5,0,0,0,0,0,0,13009.5,10,13000,1500,0,14500,14500,14500,14500,税抜,1450,clean,,,100,6,3月!R63,,,
Q2403-070,2024-03-22,G01,鈴木,リーフレット,offset,1,0.9,20000,27200,26250,0,0,800,10500,0,0,0,0,84750,76275,0,76275,0,0,0,0,0,0,76275,10,76270,0,0,76270,76270,76270,76270,税抜,7627,clean,,,5000,1,3月!R64,,,
Q2403-071,2024-03-22,C036,渡辺,名刺,card,1,0.9,0,0,0,0,0,0,0,0,0,0,6800,6800,6120,0,6120,0,0,0,0,0,3500,9620,10,9620,800,0,10420,10420,10420,10420,税抜,1042,clean,,,100,2,,,,
Q2403-072,2024-03-22,一般,鈴木,名刺,card,1,1,0,0,0,0,0,0,0,0,0,0,3100,3100,3100,0,3100,0,0,0,0,0,0,3100,10,3100,520,0,3620,3620,3620,3982,税込,362,clean,,,200,1,3月!R65,,,
Q2403-073,2024-03-22,D01,高橋,リーフレット,offset,1,0.8,20000,21600,17500,0,0,800,10500,0,0,0,0,70400,56320,0,56320,0,0,0,0,0,0,56320,10,56320,0,-320,56000,56000,56000,56000,税抜,5600,clean,,,5000,1,,,,
Q2403-074,2024-03-25,C035,鈴木,封筒,env,1,1,1800,7400,0,0,0,0,0,0,0,44800,0,54000,54000,0,54000,0,0,0,0,0,0,54000,10,54000,0,0,54000,54000,54000,54000,税抜,5400,clean,,,10000,1,3月!R66,,,
Q2403-075,2024-03-25,C002,高橋,チラシ,offset,1,1,10000,8000,5000,0,0,800,0,0,0,0,0,23800,23800,0,23800,0,0,0,0,0,0,23800,10,23800,1500,-300,25000,25000,25000,25000,税抜,2500,clean,,,1000,1,,,,
Q2403-076,2024-03-25,C035,鈴木,封筒,env,1,1,1800,3000,0,0,0,0,0,0,0,15680,0,20480,20480,0,20480,0,3000,0,0,0,0,23480,10,23480,0,0,23480,23480,23480,23480,税抜,2348,clean,,,1000,1,3月!R67,,,
Q2403-077,2024-03-25,一般,鈴木,名刺,card,1,1,0,0,0,0,0,0,0,0,0,0,3700,3700,3700,0,3700,0,0,0,0,0,3000,6700,10,6700,0,0,6700,6700,6700,7370,税込,670,clean,,,200,1,3月!R68,,,
Q2403-078,2024-03-25,C004,鈴木,チラシ,offset,1,1.05,10000,8000,10000,0,0,800,0,0,0,0,0,28800,30240,0,30240,0,0,0,0,0,0,30240,10,30240,0,0,30240,30240,30240,30240,税抜,3024,clean,,,5000,1,3月!R69,,,
Q2403-079,2024-03-25,C005,鈴木,チラシ,od,1,1,0,0,3347.5,6880,3000,800,0,0,0,0,0,14027.5,14027.5,0,14027.5,0,0,0,0,0,0,14027.5,10,14020,0,0,14020,14020,14020,14020,税抜,1402,clean,,,500,2,3月!R70,,,
Q2403-080,2024-03-26,D06,鈴木,リーフレット,offset,1,0.8,20000,32800,39375,0,0,800,26500,0,0,0,0,119475,95580,0,95580,0,0,0,0,0,0,95580,10,95580,10400,0,105980,105980,105980,105980,税抜,10598,clean,,,15000,1,3月!R71,,,
Q2403-081,2024-03-26,C037,高橋,リーフレット,od,1,1,0,0,1677,13800,1500,800,4100,0,0,0,0,21877,21877,0,21877,0,0,0,0,0,0,21877,10,21870,0,-370,21500,21500,21500,21500,税抜,2150,clean,,,500,1,,,,
Q2403-082,2024-03-26,D02,高橋,チラシ,offset,1,0.8,5000,13800,91200,0,0,800,0,0,0,0,0,110800,88640,0,88640,0,0,0,0,0,0,88640,10,88640,0,-140,88500,88500,88500,88500,税抜,8850,clean,,,30000,1,,,,
Q2403-083,2024-03-26,C017,田中,チラシ,od,1,0.9,0,0,1754.4,3680,1500,800,0,0,0,0,0,7734.4,6960.96,0,6960.96,0,0,0,0,0,0,6960.96,10,6960,1500,0,8460,8460,8460,8460,税抜,846,clean,,,500,1,3月!R72-R73,,,
Q2403-084,2024-03-26,C031,鈴木,封筒,env,1,1,1800,2600,0,0,0,0,0,0,0,12540,0,16940,16940,0,16940,0,0,4000,0,0,0,20940,10,20940,1300,0,22240,22240,22240,22240,税抜,2224,clean,,,2000,1,3月!R74,,,
Q2403-085,2024-03-26,C018,田中,封筒,env,1,1,3600,6000,0,0,0,0,0,0,0,10760,0,20360,20360,0,20360,0,0,4000,0,0,0,24360,10,24360,0,0,24360,24360,24360,24360,税抜,2436,clean,,,1000,1,3月!R75,,,
Q2403-086,2024-03-26,C004,鈴木,チラシ,offset,1,1.05,20000,21600,24900,0,0,800,14000,0,0,0,0,81300,85365,0,85365,0,0,0,0,0,0,85365,10,85360,0,0,85360,85360,85360,85360,税抜,8536,clean,,,5000,2,3月!R76,,,
Q2403-087,2024-03-26,D06,鈴木,冊子,offset,1,0.8,70000,75600,70000,0,0,0,0,0,33000,0,0,248600,198880,0,198880,0,0,0,0,0,0,198880,10,198880,19500,0,218380,218380,218380,218380,税抜,21838,clean,,,2000,1,3月!R77,,,
Q2403-088,2024-03-27,C026,田中,チラシ,offset,1,1,20000,38400,66550,0,0,800,0,0,0,0,0,125750,125750,0,125750,0,0,0,0,0,0,125750,10,125750,0,0,125750,125750,125750,125750,税抜,12575,clean,,,20000,1,3月!R78,,,
Q2403-089,2024-03-27,D05,田中,冊子,offset,1,0.85,20000,16000,8750,0,0,0,0,0,8000,0,0,52750,44837.5,0,44837.5,0,0,0,0,0,0,44837.5,10,44830,0,0,44830,44830,44830,44830,税抜,4483,clean,,,500,1,3月!R79,,,
Q2403-090,2024-03-27,C024,鈴木,名刺,card,1,1,0,0,0,0,0,0,0,0,0,0,3200,3200,3200,0,3200,0,0,0,0,0,0,3200,10,3200,800,0,4000,4000,4000,4000,税抜,400,clean,,,100,1,3月!R80,,,
Q2403-091,2024-03-27,C030,高橋,封筒,env,1,1,3600,5200,0,0,0,0,0,0,0,5380,0,14180,14180,0,14180,0,0,4000,0,0,0,18180,10,18180,0,-180,18000,18000,18000,18000,税抜,1800,clean,,,2000,1,,,,
Q2403-092,2024-03-27,C025,鈴木,チラシ,offset,1,1,2500,2000,11400,0,0,800,0,0,0,0,0,16700,16700,0,16700,0,0,0,0,0,0,16700,10,16700,0,0,16700,16700,16700,16700,税抜,1670,clean,,,2000,1,3月!R81,,,
Q2403-093,2024-03-28,C030,田中,封筒,env,1,1,3600,6400,0,0,0,0,0,0,0,8070,0,18070,18070,0,18070,0,0,0,0,0,0,18070,10,18070,0,0,18070,18070,18070,18070,税抜,1807,clean,,,2500,1,3月!R82,,,
Q2403-094,2024-03-28,一般,鈴木,チラシ,od,1,1,0,0,190.4,750,1500,800,0,0,0,0,0,3240.4,3240.4,1,5000,0,0,0,0,0,0,5000,10,5000,0,0,5000,5000,5000,5500,税込,500,clean,,,50,1,3月!R83,,,
Q2403-095,2024-03-28,G01,鈴木,リーフレット,offset,1,0.9,20000,55200,70000,0,0,800,26500,0,0,0,0,172500,155250,0,155250,0,0,0,0,0,0,155250,10,155250,0,0,155250,155250,155250,155250,税抜,15525,clean,,,15000,1,3月!R84,,,
Q2403-096,2024-03-29,C006,鈴木,名刺,card,1,0.95,0,0,0,0,0,0,0,0,0,0,17400,17400,16530,0,16530,0,0,0,0,0,0,16530,10,16530,0,0,16530,16530,16530,16530,税抜,1653,clean,,,1000,2,3月!R85,,,
Q2403-097,2024-03-29,C001,渡辺,チラシ,offset,1,0.9,20000,16000,10875,0,0,800,0,0,0,0,0,47675,42907.5,0,42907.5,0,0,0,0,0,0,42907.5,10,42900,0,0,42900,42900,42900,42900,税抜,4290,clean,,,3000,1,,,,
Q2403-098,2024-03-29,D01,高橋,リーフレット,od,1,0.8,0,0,4068.5,25800,1500,800,3200,0,0,0,0,35368.5,28294.8,0,28294.8,0,3000,0,0,0,0,31294.8,10,31290,0,-290,31000,31000,31000,31000,税抜,3100,clean,,,500,1,,,,
Q2403-099,2024-03-29,D05,田中,冊子,od,1,0.85,0,0,957.9,5400,0,0,0,0,3450,0,0,9807.9,8336.72,0,8336.72,0,0,0,0,0,0,8336.72,10,8330,800,0,9130,9130,9130,9130,税抜,913,clean,,,30,1,3月!R86-R87,,,
Q2403-100,2024-03-29,C007,渡辺,封筒,env,1,0.95,3600,8800,0,0,0,0,0,0,0,13450,0,25850,24557.5,0,24557.5,0,0,0,0,0,0,24557.5,10,24550,0,0,24550,24550,24550,24550,税抜,2455,clean,,,5000,1,,,,
Q2404-001,2024-04-01,C003,高橋,冊子,offset,1,1,40000,32000,34200,0,0,0,0,0,18000,0,0,124200,124200,0,124200,0,0,0,0,0,0,124200,10,124200,0,-200,124000,117500,124000,124000,税抜,12400,stale_customer_rate,old customer rate 1.00 used,,1000,1,,,見積メモ!R6,
Q2404-002,2024-04-01,C037,渡辺,リーフレット,offset,1,1,20000,27200,26250,0,0,800,10500,0,0,0,0,84750,84750,0,84750,0,0,0,0,0,0,84750,10,84750,0,0,84750,84750,84750,84750,税抜,8475,clean,,,5000,1,,,,
Q2404-003,2024-04-01,一般,鈴木,冊子,od,1,1,0,0,1596.5,2400,1500,0,0,0,3450,0,0,8946.5,8946.5,0,8946.5,0,0,0,0,0,0,8946.5,10,8940,0,0,8940,8940,8940,9834,税込,894,clean,,,30,1,,,,
Q2404-004,2024-04-01,C001,高橋,チラシ,offset,1,0.9,10000,41600,78000,0,0,800,0,0,0,0,0,130400,117360,0,117360,0,0,0,0,0,0,117360,10,117360,0,-360,117000,117000,117000,117000,税抜,11700,clean,,,50000,1,,,見積メモ!R7,
Q2404-005,2024-04-02,C004,鈴木,チラシ,offset,1,1.05,10000,19200,33000,0,0,800,0,0,0,0,0,63000,66150,0,66150,0,0,0,0,0,0,66150,10,66150,0,0,66150,66150,66150,66150,税抜,6615,clean,,,20000,1,,,,
Q2404-006,2024-04-02,D06,田中,リーフレット,od,1,0.8,0,0,2038.2,13800,1500,800,4100,0,0,0,0,22238.2,17790.56,0,17790.56,0,0,0,0,0,0,17790.56,10,17790,1300,0,19090,19090,19090,19090,税抜,1909,clean,,,500,1,,,,
Q2404-007,2024-04-02,C036,渡辺,封筒,env,1,0.9,1800,3000,0,0,0,0,0,0,0,15680,0,20480,18432,0,18432,0,0,0,0,0,0,18432,10,18430,0,0,18430,18430,18430,18430,税抜,1843,clean,,,1000,1,,,,
Q2404-008,2024-04-03,C001,高橋,チラシ,offset,1,0.9,10000,41600,78000,0,0,800,0,0,0,0,0,130400,117360,0,117360,0,0,0,0,0,0,117360,10,117360,0,-360,117000,117000,117000,117000,税抜,11700,clean,,,50000,1,,,見積メモ!R8,
Q2404-009,2024-04-03,D06,鈴木,冊子,offset,1,0.8,70000,75600,70000,0,0,0,0,0,33000,0,0,248600,198880,0,198880,0,0,0,0,0,0,198880,10,198880,0,0,198880,198880,198880,198880,税抜,19888,clean,,,2000,1,,,,
Q2404-010,2024-04-03,C033,鈴木,チラシ,offset,1,1,10000,10800,15000,0,0,800,0,0,0,0,0,36600,36600,0,36600,0,0,4000,0,0,0,40600,10,40600,0,0,40600,40600,40600,40600,税抜,4060,clean,,,5000,1,,,,
Q2404-011,2024-04-03,C010,鈴木,チラシ,offset,1,1,40000,43200,35000,0,0,800,0,0,0,0,0,119000,119000,0,119000,0,3000,0,0,0,0,122000,10,122000,0,0,122000,122000,122000,122000,税抜,12200,clean,,,5000,2,,,,
Q2404-012,2024-04-03,G01,鈴木,リーフレット,offset,1,0.9,20000,16000,11400,0,0,800,5700,0,0,0,0,53900,48510,0,48510,0,0,0,0,0,0,48510,10,48510,0,0,48510,48510,48510,48510,税抜,4851,clean,,,2000,1,,,,
Q2404-013,2024-04-04,C025,鈴木,チラシ,od,1,1,0,0,1007.5,9000,1500,800,0,0,0,0,0,12307.5,12307.5,0,12307.5,0,0,0,0,0,0,12307.5,10,12300,1500,0,13800,13800,13800,13800,税抜,1380,clean,,,300,1,,,,
Q2404-014,2024-04-05,K013,鈴木,名刺,card,1,1,0,0,0,0,0,0,0,0,0,0,2400,2400,2400,0,2400,0,0,0,0,0,0,2400,10,2400,0,0,2400,2400,2400,2640,税込,240,clean,,,100,1,,,,
Q2404-015,2024-04-08,C005,鈴木,チラシ,offset,1,1,10000,8000,7250,0,0,800,0,0,0,0,0,26050,26050,0,26050,0,0,0,0,0,0,26050,10,26050,0,0,26050,26050,26050,26050,税抜,2605,clean,,,1000,2,,,,
Q2404-016,2024-04-08,一般,田中,名刺,card,1,1,0,0,0,0,0,0,0,0,0,0,1900,1900,1900,0,1900,0,0,0,0,0,3000,4900,10,4900,0,0,4900,4900,4900,5390,税込,490,clean,,,100,1,,,,
Q2404-017,2024-04-08,C021,鈴木,冊子,offset,1,1.1,10000,8000,5700,0,0,0,0,0,8000,0,0,31700,34870,0,34870,0,0,0,8000,0,0,42870,10,42870,0,0,42870,42870,42870,42870,税抜,4287,clean,,,500,1,,,,
Q2404-018,2024-04-09,C001,高橋,チラシ,offset,1,0.9,20000,55200,58000,0,0,800,0,0,0,0,0,134000,120600,0,120600,0,0,0,0,0,0,120600,10,120600,0,-100,120500,120500,120500,120500,税抜,12050,clean,,,30000,1,,,見積メモ!R9,
Q2404-019,2024-04-09,D05,田中,リーフレット,offset,1,0.85,20000,27200,26250,0,0,800,8000,0,0,0,0,82250,69912.5,0,69912.5,0,0,0,0,0,0,69912.5,10,69910,0,0,69910,69910,69910,69910,税抜,6991,clean,,,5000,1,,,,
Q2404-020,2024-04-09,C007,渡辺,チラシ,offset,1,0.95,40000,43200,42350,0,0,800,0,0,0,0,0,126350,120032.5,0,120032.5,0,0,0,0,0,0,120032.5,10,120030,0,0,120030,120030,120030,120030,税抜,12003,clean,,,5000,2,,,,
Q2404-021,2024-04-11,C031,鈴木,名刺,card,1,1,0,0,0,0,0,0,0,0,0,0,2700,2700,2700,0,2700,0,0,0,0,0,0,2700,10,2700,520,0,3220,3220,3220,3220,税抜,322,clean,,,100,1,,,,
Q2404-022,2024-04-11,C016,高橋,封筒,env,1,1,1800,3900,0,0,0,0,0,0,0,21520,0,27220,27220,0,27220,6805,0,4000,0,0,0,38025,10,38020,0,-20,38000,38000,38000,38000,税抜,3800,clean,,,2000,1,,,見積メモ!R10,
Q2404-023,2024-04-11,一般,鈴木,チラシ,od,1,1,0,0,1224.5,4500,0,800,0,0,0,0,0,6524.5,6524.5,0,6524.5,0,0,0,0,0,0,6524.5,10,6520,0,0,6520,6520,6520,7172,税込,652,clean,,,300,1,,,,
Q2404-024,2024-04-12,C026,田中,チラシ,offset,1,1,10000,41600,94250,0,0,800,0,0,0,0,0,146650,146650,0,146650,0,0,0,0,0,0,146650,10,146650,0,0,146650,146650,146650,146650,税抜,14665,clean,,,50000,1,,,,
Q2404-025,2024-04-12,C029,高橋,名刺,card,1,0.95,0,0,0,0,0,0,0,0,0,0,18800,18800,17860,0,17860,0,0,0,0,0,0,17860,10,17860,0,-360,17500,17500,17500,17500,税抜,1750,clean,,,300,4,,,見積メモ!R11,
Q2404-026,2024-04-12,一般,鈴木,名刺,card,1,1,0,0,0,0,0,0,0,0,0,0,1900,1900,1900,0,1900,0,0,0,0,0,0,1900,10,1900,0,0,1900,1900,1900,2090,税込,190,clean,,,100,1,,,,
Q2404-027,2024-04-12,C030,高橋,名刺,card,1,1,0,0,0,0,0,0,0,0,0,0,20800,20800,20800,0,20800,0,0,0,0,0,0,20800,10,20800,0,-300,20500,20500,20500,20500,税抜,2050,clean,,,500,4,,,見積メモ!R12,
Q2404-028,2024-04-13,C035,鈴木,封筒,env,1,1,1800,2000,0,0,0,0,0,0,0,4480,0,8280,8280,0,8280,0,0,0,0,0,0,8280,10,8280,800,0,9080,9080,9080,9080,税抜,908,clean,,,1000,1,,,,
Q2404-029,2024-04-15,一般,渡辺,名刺,card,1,1,0,0,0,0,0,0,0,0,0,0,3400,3400,3400,0,3400,0,0,0,0,0,0,3400,10,3400,520,0,3920,3920,39200,43120,税込,3920,digit_typo,"extra zero: intended 4312, written 43120",,100,1,,,,
Q2404-030,2024-04-15,C010,鈴木,チラシ,offset,1,1,40000,110400,160000,0,0,800,0,0,0,0,0,311200,311200,0,311200,0,0,0,0,0,0,311200,10,311200,0,0,311200,311200,342320,342320,税抜,34232,tax_label_error,double_tax,,30000,2,,,,
Q2404-031,2024-04-15,C026,田中,チラシ,offset,1,1,20000,32800,32625,0,0,800,0,0,0,0,0,86225,86225,0,86225,0,0,0,0,0,0,86225,10,86220,0,0,86220,86220,86220,86220,税抜,8622,clean,,,8000,1,,,,
Q2404-032,2024-04-15,C009,田中,冊子,offset,1,0.95,20000,21600,17500,0,0,0,0,0,18000,0,0,77100,73245,0,73245,18311.25,0,0,8000,0,0,99556.25,10,99550,5200,0,104750,104750,104750,104750,税抜,10475,clean,,,1500,1,,,,
Q2404-033,2024-04-15,C040,鈴木,リーフレット,offset,1,1.05,20000,16000,4375,0,0,800,4100,0,0,0,0,45275,47538.75,0,47538.75,0,0,0,0,0,0,47538.75,10,47530,0,0,47530,47530,47530,47530,税抜,4753,clean,,,1000,1,,,,
Q2404-034,2024-04-16,C027,田中,封筒,env,1,1,3600,4000,0,0,0,0,0,0,0,4480,0,12080,12080,0,12080,0,0,4000,0,0,0,16080,10,16080,0,0,16080,16080,16080,16080,税抜,1608,clean,,,1000,1,,,,
Q2404-035,2024-04-16,C014,田中,チラシ,od,1,0.9,0,0,2657.4,2000,0,800,0,0,0,0,0,5457.4,4911.66,1,5000,0,0,0,0,0,0,5000,10,5000,800,0,5800,5800,5800,5800,税抜,580,clean,,,500,1,,,,
Q2404-036,2024-04-16,K007,田中,名刺,card,1,1,0,0,0,0,0,0,0,0,0,0,2600,2600,2600,0,2600,650,0,0,0,0,0,3250,10,3250,0,0,3250,3250,3250,3575,税込,325,clean,,,100,1,,,,
Q2404-037,2024-04-16,一般,田中,チラシ,od,1,1,0,0,360.4,1500,1500,800,0,0,0,0,0,4160.4,4160.4,1,5000,1250,0,0,0,0,0,6250,10,6250,0,0,6250,6250,6250,6875,税込,625,clean,,,100,1,,,,
Q2404-038,2024-04-16,D02,高橋,チラシ,offset,1,0.8,20000,16000,8750,0,0,800,0,0,0,0,0,45550,36440,0,36440,0,0,0,0,0,0,36440,10,36440,0,-440,36000,36000,36000,36000,税抜,3600,clean,,,1500,1,,,見積メモ!R13,
Q2404-039,2024-04-17,C021,鈴木,封筒,env,1,1.1,1800,3000,0,0,0,0,0,0,0,7840,0,12640,13904,0,13904,0,0,0,0,0,0,13904,10,13900,0,0,13900,13900,13900,13900,税抜,1390,clean,,,500,1,,,,
Q2404-040,2024-04-17,C016,高橋,封筒,env,1,1,1800,3900,0,0,0,0,0,0,0,21520,0,27220,27220,0,27220,0,0,0,0,0,0,27220,10,27220,0,-220,27000,27000,27000,27000,税抜,2700,clean,,,2000,1,,,見積メモ!R14,
Q2404-041,2024-04-17,C021,鈴木,封筒,env,1,1.1,1800,3000,0,0,0,0,0,0,0,7840,0,12640,13904,0,13904,0,0,0,0,0,0,13904,10,13900,0,0,13900,13900,13900,13900,税抜,1390,duplicate_entry,same quote keyed twice,Q2404-039,500,1,,,,
Q2404-042,2024-04-18,C012,高橋,封筒,env,1,0.9,3600,5200,0,0,0,0,0,0,0,8960,0,17760,15984,0,15984,0,0,0,0,0,0,15984,10,15980,0,-480,15500,15500,15500,15500,税抜,1550,clean,,,2000,1,,,見積メモ!R15,
Q2404-043,2024-04-18,C031,鈴木,名刺,card,1,1,0,0,0,0,0,0,0,0,0,0,7800,7800,7800,0,7800,0,0,0,0,0,4000,11800,10,11800,520,0,12320,12320,12320,12320,税抜,1232,clean,,,100,3,,,,
Q2404-044,2024-04-18,C038,田中,冊子,offset,1,1,60000,64800,61250,0,0,0,0,0,33000,0,0,219050,219050,0,219050,0,0,0,0,0,0,219050,10,219050,0,0,219050,219050,219050,219050,税抜,21905,clean,,,2000,1,,,,
Q2404-045,2024-04-18,C021,鈴木,冊子,od,1,1.1,0,0,339.9,1800,1500,0,0,0,3300,0,0,6939.9,7633.89,0,7633.89,0,3000,0,0,0,0,10633.89,10,10630,0,0,10630,10630,10630,10630,税抜,1063,clean,,,30,1,,,,
Q2404-046,2024-04-19,C009,田中,名刺,card,1,0.95,0,0,0,0,0,0,0,0,0,0,15340,15340,14573,0,14573,0,0,0,0,0,0,14573,10,14570,520,0,15090,15090,15090,15090,税抜,1509,clean,,,100,6,,,,
Q2404-047,2024-04-19,一般,田中,名刺,card,1,1,0,0,0,0,0,0,0,0,0,0,6800,6800,6800,0,6800,0,0,0,0,0,3500,10300,10,10300,0,0,10300,10300,10300,11330,税込,1030,clean,,,100,2,,,,
Q2404-048,2024-04-19,K008,田中,名刺,card,1,1,0,0,0,0,0,0,0,0,0,0,2400,2400,2400,0,2400,0,1000,0,0,0,0,3400,10,3400,0,0,3400,3400,3400,3740,税込,340,clean,,,100,1,,,,
Q2404-049,2024-04-19,C026,田中,チラシ,offset,1,1,20000,27200,30000,0,0,800,0,0,0,0,0,78000,78000,0,78000,0,0,0,0,0,0,78000,10,78000,0,0,78000,78000,78000,78000,税抜,7800,clean,,,10000,1,,,,
Q2404-050,2024-04-19,C010,鈴木,チラシ,offset,1,1,10000,13600,21750,0,0,800,0,0,0,0,0,46150,46150,0,46150,0,0,4000,0,0,0,50150,10,50150,0,0,50150,50150,50150,50150,税抜,5015,clean,,,10000,1,,,,
Q2404-051,2024-04-22,K005,田中,チラシ,od,1,1,0,0,190.4,750,1500,800,0,0,0,0,0,3240.4,3240.4,1,5000,0,0,0,0,0,0,5000,10,5000,0,0,5000,5000,5000,5500,税込,500,clean,,,100,1,,,,
Q2404-052,2024-04-22,C010,鈴木,チラシ,offset,1,1,20000,38400,39875,0,0,800,0,0,0,0,0,99075,99075,0,99075,0,0,0,0,0,0,99075,10,99070,0,0,99070,99070,99070,99070,税抜,9907,clean,,,20000,1,,,,
Q2404-053,2024-04-22,C003,高橋,名刺,card,1,0.95,0,0,0,0,0,0,0,0,0,0,39960,39960,37962,0,37962,0,0,0,0,0,8500,46462,10,46460,0,-460,46000,46000,46000,46000,税抜,4600,clean,,,200,12,,,見積メモ!R16,
Q2404-054,2024-04-22,C007,渡辺,チラシ,offset,1,0.95,20000,16000,10875,0,0,800,0,0,0,0,0,47675,45291.25,0,45291.25,0,0,0,0,0,0,45291.25,10,45290,0,0,45290,45290,45290,45290,税抜,4529,clean,,,3000,1,,,,
Q2404-055,2024-04-23,C020,渡辺,名刺,card,1,1,0,0,0,0,0,0,0,0,0,0,6400,6400,6400,0,6400,0,0,0,0,0,0,6400,10,6400,800,0,7200,7200,7200,7200,税抜,720,clean,,,500,2,,,,
Q2404-056,2024-04-23,一般,田中,名刺,card,1,1,0,0,0,0,0,0,0,0,0,0,1600,1600,1600,0,1600,0,0,0,0,0,0,1600,10,1600,0,0,1600,1600,1600,1760,税込,160,clean,,,100,1,,,,
Q2404-057,2024-04-24,一般,鈴木,名刺,card,1,1,0,0,0,0,0,0,0,0,0,0,2200,2200,2200,0,2200,0,0,0,0,0,0,2200,10,2200,0,0,2200,2200,2200,2420,税込,220,clean,,,100,1,,,,
Q2404-058,2024-04-24,C034,鈴木,名刺,card,1,1,0,0,0,0,0,0,0,0,0,0,3400,3400,3400,0,3400,0,0,0,0,0,3000,6400,10,6400,800,0,7200,7200,7200,7200,税抜,720,clean,,,100,1,,,,
Q2404-059,2024-04-24,C035,鈴木,封筒,env,1,1,1800,2000,0,0,0,0,0,0,0,4480,0,8280,8280,0,8280,0,0,0,0,0,0,8280,10,8280,800,0,9080,9080,9080,9080,税抜,908,clean,,,500,1,,,,
Q2404-060,2024-04-25,C009,田中,名刺,card,1,0.95,0,0,0,0,0,0,0,0,0,0,29240,29240,27778,0,27778,0,0,0,0,0,0,27778,10,27770,1300,0,29070,29070,29070,29070,税抜,2907,clean,,,100,9,,,,
Q2404-061,2024-04-25,一般,鈴木,名刺,card,1,1,0,0,0,0,0,0,0,0,0,0,4400,4400,4400,0,4400,1100,0,0,0,0,0,5500,10,5500,0,0,5500,5500,5500,6050,税込,550,clean,,,100,2,,,,
Q2404-062,2024-04-25,C031,鈴木,封筒,env,1,1,3600,4000,0,0,0,0,0,0,0,6270,0,13870,13870,0,13870,0,0,4000,0,0,0,17870,10,17870,1300,0,19170,19170,19170,19170,税抜,1917,clean,,,1000,1,,,,
Q2404-063,2024-04-25,C033,鈴木,名刺,card,1,1,0,0,0,0,0,0,0,0,0,0,2700,2700,2700,0,2700,0,0,0,0,0,0,2700,10,2700,1500,0,4200,4200,4200,4200,税抜,420,clean,,,100,1,,,,
Q2404-064,2024-04-25,K002,田中,チラシ,od,1,1,0,0,360.4,1500,1500,800,0,0,0,0,0,4160.4,4160.4,1,5000,0,0,0,0,0,0,5000,10,5000,0,0,5000,5000,5000,5500,税込,500,clean,,,100,1,,,,
Q2404-065,2024-04-30,C028,鈴木,チラシ,od,1,0.9,0,0,2038.2,7500,1500,800,0,0,0,0,0,11838.2,10654.38,0,10654.38,0,0,0,0,0,0,10654.38,10,10650,0,0,10650,10650,10650,10650,税抜,1065,clean,,,500,1,,,,
Q2404-066,2024-04-30,C035,鈴木,名刺,card,1,1,0,0,0,0,0,0,0,0,0,0,2600,2600,2600,0,2600,0,0,0,0,0,0,2600,10,2600,800,0,3400,3400,3400,3400,税抜,340,clean,,,100,1,,,,
Q2404-067,2024-04-30,D05,田中,冊子,offset,1,0.85,30000,24000,11400,0,0,0,0,0,7500,0,0,72900,61965,0,61965,0,0,0,0,0,0,61965,10,61960,0,0,61960,61960,61960,61960,税抜,6196,clean,,,300,1,,,,
Q2404-068,2024-04-30,C012,高橋,名刺,card,1,0.9,0,0,0,0,0,0,0,0,0,0,8400,8400,7560,0,7560,0,0,0,0,0,0,7560,10,7560,800,0,8360,8360,8360,8360,税抜,836,clean,,,300,2,,,見積メモ!R17,
Q2404-069,2024-04-30,C007,渡辺,チラシ,offset,1,0.95,20000,21600,20000,0,0,800,0,0,0,0,0,62400,59280,0,59280,0,0,0,0,0,0,59280,10,59280,0,0,59280,59280,59280,59280,税抜,5928,clean,,,5000,1,,,,
Q2405-001,2024-05-01,C003,高橋,冊子,offset,1,1,40000,32000,34200,0,0,0,0,0,18000,0,0,124200,124200,0,124200,31050,0,0,0,0,0,155250,10,155250,0,-250,155000,147000,155000,155000,税抜,15500,stale_customer_rate,old customer rate 1.00 used,,1000,1,,,見積メモ!R20,
Q2405-002,2024-05-01,C031,鈴木,封筒,env,1,1,1800,2000,0,0,0,0,0,0,0,2690,0,6490,6490,0,6490,0,3000,0,0,0,0,9490,10,9490,1300,0,10790,10790,10790,10790,税抜,1079,clean,,,1000,1,,,,
Q2405-003,2024-05-01,D05,田中,チラシ,offset,1,0.85,20000,16000,10875,0,0,800,0,0,0,0,0,47675,40523.75,0,40523.75,0,0,4000,0,0,0,44523.75,10,44520,0,0,44520,44520,44520,44520,税抜,4452,clean,,,3000,1,,,,
Q2405-004,2024-05-01,C007,渡辺,封筒,env,1,0.95,3600,8800,0,0,0,0,0,0,0,13450,0,25850,24557.5,0,24557.5,0,0,0,0,0,0,24557.5,10,24550,0,0,24550,24550,24550,24550,税抜,2455,clean,,,5000,1,,,,
Q2405-005,2024-05-01,一般,田中,チラシ,od,1,1,0,0,813.7,3000,1500,800,0,0,0,0,0,6113.7,6113.7,0,6113.7,0,3000,0,0,0,0,9113.7,10,9110,0,0,9110,9110,9110,10021,税込,911,clean,,,200,1,,,,
Q2405-006,2024-05-02,C003,高橋,封筒,env,1,0.95,1800,3200,0,0,0,0,0,0,0,8070,0,13070,12416.5,0,12416.5,0,0,4000,0,0,0,16416.5,10,16410,1500,-410,17500,17500,17500,17500,税抜,1750,clean,,,3000,1,,,見積メモ!R21,
Q2405-007,2024-05-02,C020,渡辺,名刺,card,1,1,0,0,0,0,0,0,0,0,0,0,3400,3400,3400,0,3400,0,0,0,0,0,0,3400,10,3400,800,0,4200,4200,4200,4200,税抜,420,clean,,,100,1,,,,
Q2405-008,2024-05-02,C040,鈴木,チラシ,offset,1,1.05,20000,16000,7250,0,0,800,0,0,0,0,0,44050,46252.5,0,46252.5,0,3000,0,0,0,0,49252.5,10,49250,0,0,49250,49250,49250,49250,税抜,4925,clean,,,2000,1,,,,
Q2405-009,2024-05-07,K009,鈴木,チラシ,od,1,1,0,0,360.4,1500,1500,800,0,0,0,0,0,4160.4,4160.4,1,5000,0,0,0,0,0,0,5000,10,5000,0,0,5000,5000,5000,5500,税込,500,clean,,,100,1,,,,
Q2405-010,2024-05-08,C007,渡辺,チラシ,offset,1,0.95,10000,19200,55000,0,0,800,0,0,0,0,0,85000,80750,0,80750,0,3000,4000,0,0,0,87750,10,87750,0,0,87750,87750,87750,87750,税抜,8775,clean,,,20000,1,,,,
Q2405-011,2024-05-08,C017,田中,名刺,card,1,0.9,0,0,0,0,0,0,0,0,0,0,22200,22200,19980,0,19980,0,1000,0,0,0,0,20980,10,20980,1500,0,22480,22480,22480,22480,税抜,2248,clean,,,200,12,,,,
Q2405-012,2024-05-08,C001,高橋,チラシ,offset,1,0.9,30000,40800,74375,0,0,800,0,0,0,0,0,145975,131377.5,0,131377.5,0,0,0,0,0,0,131377.5,10,131370,0,-370,131000,131000,131000,131000,税抜,13100,clean,,,5000,3,,,見積メモ!R22,
Q2405-013,2024-05-08,C027,田中,名刺,card,1,1,0,0,0,0,0,0,0,0,0,0,3200,3200,3200,0,3200,0,1000,0,0,0,0,4200,10,4200,1500,0,5700,4100,5700,5700,税抜,570,quantity_entry_error,"recorded qty/kinds 100/1, priced 100/2",,100,2,,,,
Q2405-014,2024-05-08,C002,高橋,リーフレット,offset,1,1,20000,16000,8750,0,0,800,4400,0,0,0,0,49950,49950,0,49950,0,0,0,0,0,0,49950,10,49950,0,-450,49500,49500,49500,49500,税抜,4950,clean,,,2000,1,,,見積メモ!R23,
Q2405-015,2024-05-09,C016,高橋,名刺,card,1,1,0,0,0,0,0,0,0,0,0,0,15500,15500,15500,0,15500,0,0,0,0,0,0,15500,10,15500,0,0,15500,15500,15500,15500,税抜,1550,clean,,,200,5,,,見積メモ!R24,
Q2405-016,2024-05-09,C037,高橋,チラシ,offset,1,1,10000,8000,3625,0,0,800,0,0,0,0,0,22425,22425,0,22425,5606.25,0,0,0,0,0,28031.25,10,28030,0,-30,28000,28000,28000,28000,税抜,2800,clean,,,2000,1,,,見積メモ!R25,
Q2405-017,2024-05-09,C031,鈴木,冊子,offset,1,1,30000,40800,30000,0,0,0,0,0,48000,0,0,148800,148800,0,148800,0,0,0,0,0,0,148800,10,148800,9100,0,157900,157900,157900,157900,税抜,15790,clean,,,3000,1,,,,
Q2405-018,2024-05-09,一般,渡辺,チラシ,od,1,1,0,0,545.9,800,1500,800,0,0,0,0,0,3645.9,3645.9,1,5000,0,0,0,0,0,0,5000,10,5000,0,0,5000,5000,5000,5500,税込,500,clean,,,100,1,,,,
Q2405-019,2024-05-09,C026,田中,チラシ,offset,1,1,10000,13600,26250,0,0,800,0,0,0,0,0,50650,50650,0,50650,0,0,0,0,0,0,50650,10,50650,0,0,50650,50650,50650,50650,税抜,5065,clean,,,5000,1,,,,
Q2405-020,2024-05-13,C001,高橋,チラシ,offset,1,0.9,20000,55200,58000,0,0,800,0,0,0,0,0,134000,120600,0,120600,0,0,0,0,0,0,120600,10,120600,0,-100,120500,120500,120500,120500,税抜,12050,clean,,,30000,1,,,見積メモ!R26,
Q2405-021,2024-05-13,C001,高橋,チラシ,offset,1,0.9,20000,21600,20000,0,0,800,0,0,0,0,0,62400,56160,0,56160,0,0,0,0,0,0,56160,10,56160,0,-160,56000,56000,56000,56000,税抜,5600,clean,,,5000,1,,,見積メモ!R27,
Q2405-022,2024-05-13,C001,高橋,チラシ,offset,1,0.9,20000,38400,39875,0,0,800,0,0,0,0,0,99075,89167.5,0,89167.5,0,0,0,0,0,0,89167.5,10,89160,0,-160,89000,89000,89000,89000,税抜,8900,clean,,,20000,1,,,見積メモ!R28,
Q2405-023,2024-05-13,D01,高橋,チラシ,offset,1,0.8,20000,21600,22800,0,0,800,0,0,0,0,0,65200,52160,0,52160,0,0,0,0,0,0,52160,10,52160,0,-160,52000,52000,52000,52000,税抜,5200,clean,,,5000,1,,,見積メモ!R29,
Q2405-024,2024-05-13,一般,鈴木,名刺,card,1,1,0,0,0,0,0,0,0,0,0,0,1600,1600,1600,0,1600,0,0,0,0,0,0,1600,10,1600,0,0,1600,1600,1600,1760,税込,160,clean,,,100,1,,,,
Q2405-025,2024-05-13,C016,高橋,名刺,card,1,1,0,0,0,0,0,0,0,0,0,0,14160,14160,14160,0,14160,0,0,0,0,0,0,14160,10,14160,0,-160,14000,14000,14000,14000,税抜,1400,clean,,,100,6,,,見積メモ!R30,
Q2405-026,2024-05-13,G08,渡辺,封筒,env,1,0.9,3600,5200,0,0,0,0,0,0,0,5380,0,14180,12762,0,12762,0,0,0,0,0,0,12762,10,12760,0,0,12760,12760,12760,12760,税抜,1276,clean,,,2000,1,,,,
Q2405-027,2024-05-14,C007,渡辺,リーフレット,offset,1,0.95,20000,27200,26250,0,0,800,8000,0,0,0,0,82250,78137.5,0,78137.5,0,0,0,8000,0,0,86137.5,10,86130,0,0,86130,86130,86130,86130,税抜,8613,clean,,,5000,1,,,,
Q2405-028,2024-05-14,C010,鈴木,チラシ,offset,1,1,40000,110400,160000,0,0,800,0,0,0,0,0,311200,311200,0,311200,0,0,0,0,0,0,311200,10,311200,0,0,311200,311200,311200,311200,税抜,31120,clean,,,30000,2,,,,
Q2405-029,2024-05-15,C017,田中,封筒,env,1,0.9,3600,7800,0,0,0,0,0,0,0,21520,0,32920,29628,0,29628,0,0,4000,0,0,0,33628,10,33620,0,0,33620,33620,33620,33620,税抜,3362,clean,,,2000,1,,,,
Q2405-030,2024-05-15,C039,高橋,チラシ,offset,1,1,10000,8000,3625,0,0,800,0,0,0,0,0,22425,22425,0,22425,0,0,0,0,0,0,22425,10,22420,1500,-420,23500,23500,23500,23500,税抜,2350,clean,,,1000,1,,,見積メモ!R31,
Q2405-031,2024-05-15,一般,渡辺,名刺,card,1,1,0,0,0,0,0,0,0,0,0,0,10400,10400,10400,0,10400,0,0,0,0,0,3000,13400,10,13400,0,0,13400,13400,13400,14740,税込,1340,clean,,,500,1,,,,
Q2405-032,2024-05-15,C021,鈴木,名刺,card,1,1.1,0,0,0,0,0,0,0,0,0,0,14800,14800,16280,0,16280,0,0,0,0,0,0,16280,10,16280,0,0,16280,16280,16280,16280,税抜,1628,clean,,,500,2,,,,
Q2405-033,2024-05-16,C037,高橋,リーフレット,offset,1,1,20000,27200,26250,0,0,800,10500,0,0,0,0,84750,84750,0,84750,0,0,0,0,0,0,84750,10,84750,0,-250,84500,84500,84500,84500,税抜,8450,clean,,,5000,1,,,見積メモ!R32,
Q2405-034,2024-05-16,C028,田中,冊子,offset,1,0.9,20000,21600,21875,0,0,0,0,0,23000,0,0,86475,77827.5,0,77827.5,0,0,0,0,0,0,77827.5,10,77820,0,0,77820,77820,77820,77820,税抜,7782,clean,,,2000,1,,,,
Q2405-035,2024-05-16,C030,高橋,封筒,env,1,1,1800,3000,0,0,0,0,0,0,0,5380,0,10180,10180,0,10180,0,0,0,0,0,0,10180,10,10180,0,-180,10000,10000,10000,10000,税抜,1000,clean,,,500,1,,,見積メモ!R33,
Q2405-036,2024-05-16,C035,鈴木,名刺,card,1,1,0,0,0,0,0,0,0,0,0,0,14160,14160,14160,0,14160,0,0,0,0,0,5500,19660,10,19660,0,0,19660,19660,19660,19660,税抜,1966,clean,,,100,6,,,,
Q2405-037,2024-05-16,C031,鈴木,封筒,env,1,1,3600,9600,0,0,0,0,0,0,0,47040,0,60240,60240,0,60240,0,0,0,0,0,0,60240,10,60240,5200,0,65440,65440,65440,65440,税抜,6544,clean,,,3000,1,,,,
Q2405-038,2024-05-16,C033,鈴木,リーフレット,offset,1,1,20000,27200,47250,0,0,800,14000,0,0,0,0,109250,109250,0,109250,0,0,0,0,0,0,109250,10,109250,0,0,109250,109250,109250,109250,税抜,10925,clean,,,10000,1,,,,
Q2405-039,2024-05-17,C006,鈴木,冊子,offset,1,0.95,50000,40000,17100,0,0,0,0,0,7500,0,0,114600,108870,0,108870,27217.5,0,0,0,0,0,136087.5,10,136080,0,0,136080,136080,136080,136080,税抜,13608,clean,,,300,1,,,,
Q2405-040,2024-05-17,C016,高橋,名刺,card,1,1,0,0,0,0,0,0,0,0,0,0,12000,12000,12000,0,12000,0,0,0,0,0,0,12000,10,12000,0,0,12000,12000,12000,12000,税抜,1200,clean,,,100,5,,,見積メモ!R34,
Q2405-041,2024-05-18,C012,高橋,チラシ,offset,1,0.9,10000,8000,4375,0,0,800,0,0,0,0,0,23175,20857.5,0,20857.5,0,0,0,0,0,0,20857.5,10,20850,0,-350,20500,20500,20500,20500,税抜,2050,clean,,,1000,1,,,見積メモ!R35,
Q2405-042,2024-05-20,C021,鈴木,名刺,card,1,1.1,0,0,0,0,0,0,0,0,0,0,5400,5400,5940,0,5940,0,0,0,0,0,0,5940,10,5940,800,0,6740,6740,6740,6740,税抜,674,clean,,,300,1,,,,
Q2405-043,2024-05-20,C020,渡辺,チラシ,od,1,1,0,0,803.4,1200,1500,800,0,0,0,0,0,4303.4,4303.4,1,5000,0,0,0,0,0,0,5000,10,5000,800,0,5800,5800,5800,5800,税抜,580,clean,,,300,1,,,,
Q2405-044,2024-05-20,C027,田中,封筒,env,1,1,3600,6400,0,0,0,0,0,0,0,13440,0,23440,23440,0,23440,0,0,0,0,0,0,23440,10,23440,1500,0,24940,24940,24940,24940,税抜,2494,clean,,,3000,1,,,,
Q2405-045,2024-05-20,D05,田中,冊子,offset,1,0.85,30000,24000,11400,0,0,0,0,0,7500,0,0,72900,61965,0,61965,0,0,0,0,0,0,61965,10,61960,0,0,61960,61960,61960,61960,税抜,6196,clean,,,300,1,,,,
Q2405-046,2024-05-20,一般,鈴木,チラシ,od,1,1,0,0,1596.5,4500,1500,800,0,7500,0,0,0,15896.5,15896.5,0,15896.5,0,0,0,0,0,0,15896.5,10,15890,0,0,15890,15890,15890,17479,税込,1589,clean,,,300,1,,,,
Q2405-047,2024-05-20,C021,鈴木,封筒,env,1,1.1,1800,2000,0,0,0,0,0,0,0,4480,0,8280,9108,0,9108,0,0,4000,0,0,0,13108,10,13100,0,0,13100,13100,13100,13100,税抜,1310,clean,,,500,1,,,,
Q2405-048,2024-05-20,G05,高橋,冊子,offset,1,1,7500,6000,6000,0,0,0,0,0,6000,0,0,25500,25500,0,25500,0,0,0,0,0,0,25500,10,25500,1500,0,27000,27000,27000,27000,税抜,2700,clean,,,300,1,,,見積メモ!R36,
Q2405-049,2024-05-21,C016,高橋,封筒,env,1,1,3600,7800,0,0,0,0,0,0,0,23520,0,34920,34920,0,34920,0,3000,0,0,0,0,37920,10,37920,0,-420,37500,37500,37500,37500,税抜,3750,clean,,,1500,1,,,見積メモ!R37,
Q2405-050,2024-05-21,G02,高橋,冊子,od,1,0.9,0,0,4882.2,29400,1500,0,0,0,4500,0,0,40282.2,36253.98,0,36253.98,0,0,0,0,0,0,36253.98,10,36250,0,-250,36000,36000,36000,36000,税抜,3600,clean,,,100,1,,,見積メモ!R38,
Q2405-051,2024-05-21,C017,田中,リーフレット,offset,1,0.9,20000,16000,13125,0,0,800,7300,0,0,0,0,57225,51502.5,0,51502.5,0,0,0,0,0,0,51502.5,10,51500,0,0,51500,51500,51500,51500,税抜,5150,clean,,,3000,1,,,,
Q2405-052,2024-05-21,C009,田中,チラシ,od,1,0.95,0,0,2657.4,13800,1500,800,0,0,0,0,0,18757.4,17819.53,0,17819.53,0,3000,0,0,0,0,20819.53,10,20810,1300,0,22110,22110,22110,22110,税抜,2211,clean,,,500,1,,,,
Q2405-053,2024-05-21,一般,田中,名刺,card,1,1,0,0,0,0,0,0,0,0,0,0,2400,2400,2400,0,2400,0,0,0,0,0,0,2400,10,2400,0,0,2400,2400,2400,2640,税込,240,clean,,,100,1,,,,
Q2405-054,2024-05-22,C007,渡辺,リーフレット,offset,1,0.95,20000,66400,91875,0,0,800,26000,0,0,0,0,205075,194821.25,0,194821.25,0,0,0,0,0,0,194821.25,10,194820,0,0,194820,194820,194820,194820,税抜,19482,clean,,,20000,1,,,,
Q2405-055,2024-05-22,C007,渡辺,チラシ,offset,1,0.95,30000,40800,61625,0,0,800,0,0,0,0,0,133225,126563.75,0,126563.75,0,0,0,0,0,0,126563.75,10,126560,0,0,126560,126560,126560,126560,税抜,12656,superseded_by_revision,re-issued with a negotiated price,Q2405-055-R2,5000,3,,,,
Q2405-056,2024-05-22,一般,田中,名刺,card,1,1,0,0,0,0,0,0,0,0,0,0,3400,3400,3400,0,3400,0,0,0,0,0,0,3400,10,3400,0,0,3400,3400,3400,3740,税込,340,clean,,,200,1,,,,
Q2405-057,2024-05-22,C010,鈴木,名刺,card,1,1,0,0,0,0,0,0,0,0,0,0,14800,14800,14800,0,14800,0,0,0,0,0,0,14800,10,14800,0,0,14800,14800,14800,14800,税抜,1480,clean,,,500,2,,,,
Q2405-058,2024-05-23,C006,鈴木,冊子,offset,1,0.95,10000,8000,5700,0,0,0,0,0,8000,0,0,31700,30115,0,30115,0,0,0,0,0,0,30115,10,30110,0,0,30110,30110,30110,30110,税抜,3011,clean,,,500,1,,,,
Q2405-059,2024-05-23,一般,田中,名刺,card,1,1,0,0,0,0,0,0,0,0,0,0,6200,6200,6200,0,6200,0,0,0,0,0,0,6200,10,6200,0,0,6200,6200,6200,6820,税込,620,clean,,,200,2,,,,
Q2405-060,2024-05-23,K011,田中,名刺,card,1,1,0,0,0,0,0,0,0,0,0,0,2400,2400,2400,0,2400,0,0,0,0,0,3000,5400,10,5400,0,0,5400,5400,5400,5940,税込,540,clean,,,100,1,,,,
Q2405-061,2024-05-23,D05,田中,リーフレット,offset,1,0.85,20000,27200,26250,0,0,800,8000,0,0,0,0,82250,69912.5,0,69912.5,0,0,0,0,0,0,69912.5,10,69910,0,0,69910,69910,69910,69910,税抜,6991,clean,,,5000,1,,,,
Q2405-062,2024-05-23,C007,渡辺,名刺,card,1,0.95,0,0,0,0,0,0,0,0,0,0,2400,2400,2280,0,2280,0,0,0,0,0,3000,5280,10,5280,800,0,6080,6080,6080,6080,税抜,608,clean,,,100,1,,,,
Q2405-063,2024-05-23,C010,鈴木,チラシ,offset,1,1,10000,13600,21750,0,0,800,0,0,0,0,0,46150,46150,0,46150,0,0,0,0,0,0,46150,10,46150,0,0,46150,46150,46150,46150,税抜,4615,clean,,,10000,1,,,,
Q2405-064,2024-05-23,C002,高橋,チラシ,offset,1,1,20000,21600,12000,0,0,800,0,0,0,0,0,54400,54400,0,54400,0,0,0,0,0,0,54400,10,54400,0,-400,54000,54000,54000,54000,税抜,5400,clean,,,5000,1,,,見積メモ!R39,
Q2405-065,2024-05-24,D05,田中,リーフレット,offset,1,0.85,20000,27200,26250,0,0,800,8000,0,0,0,0,82250,69912.5,0,69912.5,0,3000,0,0,0,0,72912.5,10,72910,0,0,72910,72910,72910,72910,税抜,7291,clean,,,5000,1,,,,
Q2405-066,2024-05-24,C006,鈴木,リーフレット,offset,1,0.95,20000,16000,11400,0,0,800,5700,0,0,0,0,53900,51205,0,51205,0,0,0,0,0,0,51205,10,51200,0,0,51200,51200,51200,51200,税抜,5120,clean,,,2000,1,,,,
Q2405-055-R2,2024-05-27,C007,渡辺,チラシ,offset,1,0.95,30000,40800,61625,0,0,800,0,0,0,0,0,133225,126563.75,0,126563.75,0,0,0,0,0,0,126563.75,10,126560,0,0,117000,126560,117000,117000,税抜,11700,negotiated_revision,price cut on re-issue: 126560 -> 117000,Q2405-055,5000,3,,,,
Q2405-067,2024-05-27,C027,田中,封筒,env,1,1,3600,4000,0,0,0,0,0,0,0,4480,0,12080,12080,0,12080,0,0,0,0,0,0,12080,10,12080,1500,0,13580,13580,13580,13580,税抜,1358,clean,,,1000,1,,,,
Q2405-068,2024-05-27,C018,田中,名刺,card,1,1,0,0,0,0,0,0,0,0,0,0,8000,8000,8000,0,8000,0,1000,0,0,0,0,9000,10,9000,800,0,9800,9800,9800,9800,税抜,980,clean,,,200,2,,,,
Q2405-069,2024-05-27,C036,渡辺,冊子,offset,1,0.9,20000,21600,21875,0,0,0,0,0,23000,0,0,86475,77827.5,0,77827.5,0,0,0,0,0,0,77827.5,10,77820,0,0,73900,77820,73900,73900,税抜,7390,undocumented_discount,minus_5pct: 77820 -> 73900,,2000,1,,,,
Q2405-070,2024-05-27,D05,田中,冊子,offset,1,0.85,10000,8000,4375,0,0,0,0,0,8000,0,0,30375,25818.75,0,25818.75,0,0,0,0,0,0,25818.75,10,25810,0,0,25810,25810,25810,25810,税抜,2581,clean,,,500,1,,,,
Q2405-071,2024-05-28,一般,鈴木,チラシ,od,1,0.95,0,0,1400.8,6000,3000,800,0,0,0,0,0,11200.8,10640.76,0,10640.76,0,0,0,0,0,0,10640.76,10,10640,0,0,10640,11200,10640,11704,税込,1064,copied_customer_rate,rate 0.95 copied from previous quote for C006,,200,2,,,,
Q2405-072,2024-05-28,C006,鈴木,冊子,od,1,0.95,0,0,2121.8,11400,1500,0,0,0,5000,0,0,20021.8,19020.71,0,19020.71,0,0,0,0,0,0,19020.71,10,19020,0,0,19020,19020,19020,19020,税抜,1902,clean,,,200,1,,,,
Q2405-073,2024-05-28,C002,高橋,リーフレット,offset,1,1,20000,16000,17100,0,0,800,7300,0,0,0,0,61200,61200,0,61200,0,0,0,0,0,0,61200,10,61200,0,-200,61000,61000,61000,61000,税抜,6100,clean,,,3000,1,,,見積メモ!R40,
Q2405-074,2024-05-29,C002,高橋,リーフレット,offset,1,1,20000,21600,14500,0,0,800,5600,0,0,0,0,62500,62500,0,62500,0,0,0,0,0,0,62500,10,62500,0,0,62500,62500,62500,62500,税抜,6250,clean,,,3000,1,,,見積メモ!R41,
Q2405-075,2024-05-29,C004,鈴木,名刺,card,1,1.05,0,0,0,0,0,0,0,0,0,0,13200,13200,13860,0,13860,0,0,0,0,0,0,13860,10,13860,0,0,13860,13860,13860,13860,税抜,1386,clean,,,200,3,,,,
Q2405-076,2024-05-29,C017,田中,封筒,env,1,0.9,1800,2000,0,0,0,0,0,0,0,2690,0,6490,5841,0,5841,0,0,0,0,0,0,5841,10,5840,0,0,5840,5840,5840,5840,税抜,584,clean,,,500,1,,,,
Q2405-077,2024-05-30,C038,田中,チラシ,offset,1,1,2500,2000,3625,0,0,800,0,0,0,0,0,8925,8925,0,8925,0,0,0,0,0,0,8925,10,8920,800,0,9720,9720,9720,9720,税抜,972,clean,,,2000,1,,,,
Q2405-078,2024-05-30,C003,高橋,冊子,offset,1,0.95,20000,16000,11400,0,0,0,0,0,8000,0,0,55400,52630,0,52630,0,0,0,0,0,0,52630,10,52630,0,-130,52500,52500,52500,52500,税抜,5250,clean,,,500,1,,,見積メモ!R42,
Q2405-079,2024-05-31,C006,鈴木,リーフレット,offset,1,0.95,20000,16000,17100,0,0,800,7300,0,0,0,0,61200,58140,0,58140,0,0,0,0,0,0,58140,10,58140,0,0,58140,58140,58140,58140,税抜,5814,clean,,,3000,1,,,,
Q2405-080,2024-05-31,D06,鈴木,リーフレット,offset,1,0.8,20000,16000,11400,0,0,800,5700,0,0,0,0,53900,43120,0,43120,0,0,4000,0,0,0,47120,10,47120,1300,0,48420,48420,48420,48420,税抜,4842,clean,,,1500,1,,,,
Q2405-081,2024-05-31,C009,田中,名刺,card,1,0.95,0,0,0,0,0,0,0,0,0,0,37740,37740,35853,0,35853,0,0,0,0,0,0,35853,10,35850,0,0,35850,35850,35850,35850,税抜,3585,clean,,,100,12,,,,
Q2405-082,2024-05-31,D06,鈴木,名刺,card,1,0.8,0,0,0,0,0,0,0,0,0,0,11100,11100,8880,0,8880,2220,0,0,0,0,0,11100,10,11100,520,0,11620,11620,11620,11620,税抜,1162,clean,,,200,3,,,,
Q2405-083,2024-05-31,G05,高橋,冊子,offset,1,1,7500,6000,6000,0,0,0,0,0,8000,0,0,27500,27500,0,27500,0,0,0,0,0,0,27500,10,27500,1500,0,29000,29000,29000,29000,税抜,2900,clean,,,500,1,,,見積メモ!R43,
Q2406-001,2024-06-01,C006,鈴木,封筒,env,1,0.95,3600,5200,0,0,0,0,0,0,0,8960,0,17760,16872,0,16872,0,0,4000,0,0,0,20872,10,20870,0,0,20870,20870,20870,20870,税抜,2087,clean,,,1500,1,,,,
Q2406-002,2024-06-01,一般,渡辺,チラシ,od,1,1,0,0,418.7,800,1500,800,0,0,0,0,0,3518.7,3518.7,1,5000,0,0,0,0,0,0,5000,10,5000,0,0,5000,5000,5000,5500,税込,500,clean,,,100,1,,,,
Q2406-003,2024-06-03,C012,高橋,封筒,env,1,0.9,3600,5200,0,0,0,0,0,0,0,8960,0,17760,15984,0,15984,0,0,0,0,0,0,15984,10,15980,0,-480,15500,15500,15500,15500,税抜,1550,clean,,,2000,1,,,見積メモ!R46,
Q2406-004,2024-06-03,C027,田中,チラシ,offset,1,1,20000,16000,7550,0,0,800,0,0,0,0,0,44350,44350,0,44350,0,0,0,0,0,0,44350,10,44350,0,0,44350,44350,44350,44350,税抜,4435,clean,,,1000,2,,,,
Q2406-005,2024-06-03,D02,高橋,冊子,offset,1,0.8,30000,24000,8750,0,0,0,0,0,7500,0,0,70250,56200,0,56200,0,3000,0,0,0,0,59200,10,59200,0,-200,59000,59000,59000,59000,税抜,5900,clean,,,300,1,,,見積メモ!R47,
Q2406-006,2024-06-03,K014,鈴木,チラシ,od,1,1,0,0,229.1,780,3000,800,0,0,0,0,0,4809.1,4809.1,1,5000,0,0,0,0,0,0,5000,10,5000,0,0,5000,5000,5000,5500,税込,500,clean,,,50,2,,,,
Q2406-007,2024-06-03,C029,高橋,名刺,card,1,0.95,0,0,0,0,0,0,0,0,0,0,8100,8100,7695,0,7695,0,0,0,0,0,0,7695,10,7690,800,0,8490,8490,8490,8490,税抜,849,clean,,,100,3,,,見積メモ!R48,
Q2406-008,2024-06-03,一般,鈴木,チラシ,od,1,0.95,0,0,813.7,6000,1500,800,0,0,0,0,0,9113.7,8658.01,0,8658.01,0,0,0,0,0,0,8658.01,10,8650,800,0,9450,9910,9450,10395,税込,945,copied_customer_rate,rate 0.95 copied from previous quote for C006,,200,1,,,,
Q2406-009,2024-06-03,C002,高橋,チラシ,od,1,1,0,0,1007.5,9000,1500,800,0,0,0,0,0,12307.5,12307.5,0,12307.5,0,0,0,0,0,0,12307.5,10,12300,0,-300,12000,12000,12000,12000,税抜,1200,clean,,,300,1,,,見積メモ!R49,
Q2406-010,2024-06-03,C031,鈴木,冊子,offset,1,1,30000,40800,30000,0,0,0,0,0,48000,0,0,148800,148800,0,148800,0,0,0,0,0,0,148800,10,148800,9100,0,157900,157900,157900,157900,税抜,15790,clean,,,3000,1,,,,
Q2406-011,2024-06-04,D05,田中,リーフレット,offset,1,0.85,20000,27200,26250,0,0,800,8000,0,0,0,0,82250,69912.5,0,69912.5,0,0,0,0,0,0,69912.5,10,69910,0,0,69910,69910,69910,69910,税抜,6991,clean,,,5000,1,,,,
Q2406-012,2024-06-04,C018,田中,名刺,card,1,1,0,0,0,0,0,0,0,0,0,0,11600,11600,11600,0,11600,0,0,0,0,0,0,11600,10,11600,0,0,11600,11600,11600,11600,税抜,1160,clean,,,100,4,,,,
Q2406-013,2024-06-04,C016,高橋,リーフレット,od,1,1,0,0,2121.8,11400,0,800,3200,0,0,0,0,17521.8,17521.8,0,17521.8,0,0,0,0,0,0,17521.8,10,17520,0,-20,17500,17500,17500,17500,税抜,1750,clean,,,200,1,,,見積メモ!R50,
Q2406-014,2024-06-05,K003,鈴木,名刺,card,1,1,0,0,0,0,0,0,0,0,0,0,5800,5800,5800,0,5800,0,0,0,0,0,0,5800,10,5800,0,0,5800,5800,5800,6380,税込,580,clean,,,500,1,,,,
Q2406-015,2024-06-05,K013,鈴木,名刺,card,1,1,0,0,0,0,0,0,0,0,0,0,3300,3300,3300,0,3300,0,0,0,0,0,3000,6300,10,6300,0,0,6300,6300,6300,6930,税込,630,clean,,,300,1,,,,
Q2406-016,2024-06-06,D01,高橋,チラシ,offset,1,0.8,10000,27600,70000,0,0,800,0,0,0,0,0,108400,86720,0,86720,0,0,0,0,0,0,86720,10,86720,0,-220,86500,86500,86500,86500,税抜,8650,clean,,,30000,1,,,見積メモ!R51,
Q2406-017,2024-06-06,C040,鈴木,名刺,card,1,1.05,0,0,0,0,0,0,0,0,0,0,20060,20060,21063,0,21063,0,0,0,0,0,0,21063,10,21060,1500,0,22560,22560,22560,22560,税抜,2256,clean,,,100,6,,,,
Q2406-018,2024-06-06,G02,高橋,封筒,env,1,0.9,1800,2000,0,0,0,0,0,0,0,4480,0,8280,7452,0,7452,0,0,0,0,0,0,7452,10,7450,1500,0,8950,8950,8950,8950,税抜,895,clean,,,500,1,,,見積メモ!R52,
Q2406-019,2024-06-06,一般,田中,名刺,card,1,1,0,0,0,0,0,0,0,0,0,0,2600,2600,2600,0,2600,0,0,0,0,0,3000,5600,10,5600,800,0,6400,6400,6400,7040,税込,640,clean,,,100,1,,,,
Q2406-020,2024-06-07,一般,渡辺,名刺,card,1,1,0,0,0,0,0,0,0,0,0,0,3100,3100,3100,0,3100,0,0,0,0,0,0,3100,10,3100,0,0,3100,3100,3100,3410,税込,310,clean,,,200,1,,,,
Q2406-021,2024-06-07,C010,鈴木,チラシ,offset,1,1,40000,110400,160000,0,0,800,0,0,0,0,0,311200,311200,0,311200,0,0,0,0,0,0,311200,10,311200,0,0,311200,311200,311200,311200,税抜,31120,clean,,,30000,2,,,,
Q2406-022,2024-06-10,一般,田中,名刺,card,1,1,0,0,0,0,0,0,0,0,0,0,2400,2400,2400,0,2400,0,0,0,0,0,0,2400,10,2400,0,0,2400,2400,2400,2640,税込,240,clean,,,100,1,,,,
Q2406-023,2024-06-10,C037,高橋,チラシ,offset,1,1,10000,10800,10875,0,0,800,0,0,0,0,0,32475,32475,0,32475,0,0,0,0,2000,0,34475,10,34470,0,-470,34000,34000,34000,34000,税抜,3400,clean,,,5000,1,,,見積メモ!R53,
Q2406-024,2024-06-10,C014,鈴木,チラシ,od,1,0.9,0,0,2657.4,2000,1500,800,0,0,0,0,0,6957.4,6261.66,0,6261.66,0,0,0,0,0,0,6261.66,10,6260,800,0,7060,7060,7060,7060,税抜,706,clean,,,500,1,,,,
Q2406-025,2024-06-11,C040,鈴木,封筒,env,1,1.05,1800,4400,0,0,0,0,0,0,0,13450,0,19650,20632.5,0,20632.5,0,0,4000,0,0,0,24632.5,10,24630,1500,0,26130,26130,26130,26130,税抜,2613,clean,,,5000,1,,,,
Q2406-026,2024-06-11,C040,鈴木,封筒,env,1,1.05,1800,2600,0,0,0,0,0,0,0,5380,0,9780,10269,0,10269,0,0,0,0,0,0,10269,10,10260,1500,0,11760,11760,11760,11760,税抜,1176,clean,,,1200,1,,,,
Q2406-027,2024-06-12,C001,高橋,チラシ,offset,1,0.9,20000,16000,25000,0,0,800,0,0,0,0,0,61800,55620,0,55620,0,0,0,0,0,0,55620,10,55620,0,-120,55500,55500,55500,55500,税抜,5550,clean,,,8000,2,,,見積メモ!R54,
Q2406-028,2024-06-12,C023,高橋,リーフレット,offset,1,1,20000,55200,91200,0,0,800,50500,0,0,0,0,217700,217700,0,217700,0,3000,0,0,0,0,220700,10,220700,26000,-200,246500,246500,246500,246500,税抜,24650,clean,,,30000,1,,,見積メモ!R55,
Q2406-029,2024-06-12,C010,鈴木,チラシ,offset,1,1,10000,10800,18125,0,0,800,0,0,0,0,0,39725,39725,0,39725,0,0,0,0,0,0,39725,10,39720,0,0,39720,39720,39720,39720,税抜,3972,clean,,,8000,1,,,,
Q2406-030,2024-06-12,C003,高橋,冊子,offset,1,0.95,50000,54000,68400,0,0,0,0,0,33000,0,0,205400,195130,0,195130,0,0,0,0,0,0,195130,10,195130,0,-130,195000,195000,195000,195000,税抜,19500,clean,,,2000,1,,,見積メモ!R56,
Q2406-031,2024-06-12,C039,高橋,チラシ,offset,1,1,10000,13600,21750,0,0,800,0,0,0,0,0,46150,46150,0,46150,0,0,0,0,0,0,46150,10,46150,0,-150,46000,46000,46000,46000,税抜,4600,clean,,,10000,1,,,見積メモ!R57,
Q2406-032,2024-06-12,一般,田中,名刺,card,1,1,0,0,0,0,0,0,0,0,0,0,3200,3200,3200,0,3200,0,0,0,0,0,3000,6200,10,6200,520,0,6720,6720,6720,7392,税込,672,clean,,,500,1,,,,
Q2406-033,2024-06-12,C033,鈴木,チラシ,offset,1,1,20000,21600,20000,0,0,800,0,0,0,0,0,62400,62400,0,62400,0,0,0,0,0,0,62400,10,62400,0,0,62400,62400,62400,62400,税抜,6240,clean,,,5000,1,,,,
Q2406-034,2024-06-12,D05,田中,チラシ,offset,1,0.85,20000,16000,10875,0,0,800,0,0,0,0,0,47675,40523.75,0,40523.75,0,0,0,0,0,0,40523.75,10,40520,0,0,40520,40520,40520,40520,税抜,4052,clean,,,3000,1,,,,
Q2406-035,2024-06-13,C004,鈴木,チラシ,offset,1,1.05,20000,16000,15000,0,0,800,0,0,0,0,0,51800,54390,0,54390,0,0,0,0,0,0,54390,10,54390,0,0,54390,54390,54390,54390,税抜,5439,clean,,,3000,1,,,,
Q2406-036,2024-06-13,G08,渡辺,チラシ,od,1,0.9,0,0,1393.2,3680,1500,800,0,0,0,0,0,7373.2,6635.88,0,6635.88,0,0,0,0,0,0,6635.88,10,6630,800,0,7430,7430,7430,7430,税抜,743,clean,,,500,1,,,,
Q2406-037,2024-06-13,一般,渡辺,名刺,card,1,1,0,0,0,0,0,0,0,0,0,0,2600,2600,2600,0,2600,0,0,0,0,0,0,2600,10,2600,0,0,2600,2600,2600,2860,税込,260,clean,,,100,1,,,,
Q2406-038,2024-06-14,C017,田中,名刺,card,1,0.9,0,0,0,0,0,0,0,0,0,0,16480,16480,14832,0,14832,0,0,0,0,0,0,14832,10,14830,1500,0,16330,16330,16330,16330,税抜,1633,clean,,,100,11,,,,
Q2406-039,2024-06-14,C006,渡辺,名刺,card,1,0.95,0,0,0,0,0,0,0,0,0,0,1600,1600,1520,0,1520,0,0,0,0,0,0,1520,10,1520,800,0,2320,2320,2320,2320,税抜,232,clean,,,100,1,,,,
Q2406-040,2024-06-17,C035,鈴木,リーフレット,offset,1,1,40000,32000,28500,0,0,800,12100,0,0,0,0,113400,113400,0,113400,0,0,0,0,0,0,113400,10,113400,0,0,113400,113400,113400,113400,税抜,11340,clean,,,3000,2,,,,
Q2406-041,2024-06-17,D02,高橋,チラシ,offset,1,0.8,10000,13600,21750,0,0,800,0,0,0,0,0,46150,36920,0,36920,0,3000,0,0,0,0,39920,10,39920,0,-420,39500,39500,39500,39500,税抜,3950,clean,,,10000,1,,,見積メモ!R58,
Q2406-042,2024-06-17,一般,田中,名刺,card,1,1,0,0,0,0,0,0,0,0,0,0,1600,1600,1600,0,1600,0,0,0,0,0,0,1600,10,1600,0,0,1600,1600,1600,1760,税込,160,clean,,,100,1,,,,
Q2406-043,2024-06-18,C007,渡辺,チラシ,offset,1,0.95,30000,40800,61625,0,0,800,0,0,0,0,0,133225,126563.75,0,126563.75,0,0,4000,0,0,0,130563.75,10,130560,0,0,130560,130560,130560,130560,税抜,13056,clean,,,5000,3,,,,
Q2406-044,2024-06-18,D04,鈴木,チラシ,offset,1,0.75,20000,21600,22800,0,0,800,0,0,0,0,0,65200,48900,0,48900,0,0,0,0,0,0,48900,10,48900,5200,0,54100,54100,54100,54100,税抜,5410,clean,,,5000,1,,,,
Q2406-045,2024-06-18,C006,鈴木,名刺,card,1,0.95,0,0,0,0,0,0,0,0,0,0,17400,17400,16530,0,16530,0,0,0,0,0,0,16530,10,16530,0,0,16530,16530,16530,16530,税抜,1653,clean,,,1000,2,,,,
Q2406-046,2024-06-18,C026,田中,チラシ,offset,1,1,20000,21600,25000,0,0,800,0,0,0,0,0,67400,67400,0,67400,0,0,0,0,0,0,67400,10,67400,0,0,67400,67400,67400,67400,税抜,6740,clean,,,8000,1,,,,
Q2406-047,2024-06-18,C037,高橋,封筒,env,1,1,3600,4000,0,0,0,0,0,0,0,2690,0,10290,10290,0,10290,0,3000,4000,0,0,0,17290,10,17290,0,-290,17000,17000,17000,17000,税抜,1700,clean,,,500,1,,,見積メモ!R59,
Q2406-048,2024-06-18,C037,高橋,リーフレット,offset,1,1,20000,16000,17100,0,0,800,7300,0,0,0,0,61200,61200,0,61200,0,0,0,0,0,0,61200,10,61200,0,-200,61000,61000,61000,61000,税抜,6100,clean,,,3000,1,,,見積メモ!R60,
Q2406-049,2024-06-19,C017,田中,名刺,card,1,0.9,0,0,0,0,0,0,0,0,0,0,15200,15200,13680,0,13680,0,0,0,0,0,0,13680,10,13680,0,0,13680,13680,13680,13680,税抜,1368,clean,,,100,10,,,,
Q2406-050,2024-06-19,C018,田中,名刺,card,1,1,0,0,0,0,0,0,0,0,0,0,4000,4000,4000,0,4000,0,0,0,0,0,0,4000,10,4000,800,0,4800,4800,4800,4800,税抜,480,clean,,,200,1,,,,
Q2406-051,2024-06-19,C033,鈴木,名刺,card,1,1,0,0,0,0,0,0,0,0,0,0,2700,2700,2700,0,2700,0,0,0,0,0,0,2700,10,2700,1500,0,4200,4200,4200,4200,税抜,420,clean,,,100,1,,,,
Q2406-052,2024-06-19,D05,田中,リーフレット,od,1,0.85,0,0,4068.5,25800,1500,800,3200,0,0,0,0,35368.5,30063.22,0,30063.22,0,0,0,0,0,0,30063.22,10,30060,0,0,30060,30060,30060,30060,税抜,3006,clean,,,500,1,,,,
Q2406-053,2024-06-19,C030,高橋,名刺,card,1,1,0,0,0,0,0,0,0,0,0,0,2400,2400,2400,0,2400,0,0,0,0,0,0,2400,10,2400,800,0,3200,3200,3200,3200,税抜,320,clean,,,100,1,,,見積メモ!R61,
Q2406-054,2024-06-20,C031,鈴木,名刺,card,1,1,0,0,0,0,0,0,0,0,0,0,26000,26000,26000,0,26000,0,0,0,0,0,0,26000,10,26000,1300,0,27300,27300,27300,27300,税抜,2730,clean,,,500,5,,,,
Q2406-055,2024-06-20,C012,高橋,封筒,env,1,0.9,1800,2000,0,0,0,0,0,0,0,6270,0,10070,9063,0,9063,0,0,4000,0,0,0,13063,10,13060,0,-60,13000,13000,13000,13000,税抜,1300,clean,,,1000,1,,,見積メモ!R62,
Q2406-056,2024-06-20,一般,田中,名刺,card,1,1,0,0,0,0,0,0,0,0,0,0,2900,2900,2900,0,2900,0,0,0,0,0,0,2900,10,2900,0,0,2900,2900,2900,3190,税込,290,clean,,,100,1,,,,
Q2406-057,2024-06-20,C039,鈴木,チラシ,od,1,1,0,0,1677,13800,1500,800,0,0,0,0,0,17777,17777,0,17777,0,0,0,0,0,0,17777,10,17770,1500,0,19270,19270,19270,19270,税抜,1927,clean,,,500,1,,,,
Q2406-058,2024-06-21,C012,高橋,封筒,env,1,0.9,3600,5200,0,0,0,0,0,0,0,8960,0,17760,15984,0,15984,0,0,0,0,0,0,15984,10,15980,0,-480,15500,15500,15500,15500,税抜,1550,clean,,,2000,1,,,見積メモ!R63,
Q2406-059,2024-06-21,C005,鈴木,チラシ,od,1,1,0,0,2008.5,4320,3000,800,0,0,0,0,0,10128.5,10128.5,0,10128.5,0,0,0,0,0,0,10128.5,10,10120,0,0,10120,10120,10120,10120,税抜,1012,clean,,,300,2,,,,
Q2406-060,2024-06-21,C037,高橋,リーフレット,offset,1,1,20000,16000,11400,0,0,800,4400,0,0,0,0,52600,52600,0,52600,0,0,0,0,800,0,53400,10,53400,0,-400,53000,53000,53000,53000,税抜,5300,clean,,,2000,1,,,見積メモ!R64,
Q2406-061,2024-06-21,一般,渡辺,名刺,card,1,1,0,0,0,0,0,0,0,0,0,0,3400,3400,3400,0,3400,0,0,0,0,0,3000,6400,10,6400,0,0,6400,6400,6400,7040,税込,640,clean,,,100,1,,,,
Q2406-062,2024-06-21,C003,高橋,冊子,offset,1,0.95,30000,24000,11400,0,0,0,0,0,6000,0,0,71400,67830,0,67830,0,0,0,0,0,0,67830,10,67830,0,-330,67500,67500,67500,67500,税抜,6750,clean,,,300,1,,,見積メモ!R65,
Q2406-063,2024-06-21,D01,渡辺,チラシ,offset,1,0.8,2500,2000,11400,0,0,800,0,0,0,0,0,16700,13360,0,13360,0,0,0,0,0,0,13360,10,13360,1500,0,14860,14860,14860,14860,税抜,1486,clean,,,3000,1,,,,
Q2406-064,2024-06-21,一般,田中,名刺,card,1,1,0,0,0,0,0,0,0,0,0,0,6500,6500,6500,0,6500,0,0,0,0,0,0,6500,10,6500,0,0,6500,6500,6500,7150,税込,650,clean,,,300,1,,,,
Q2406-065,2024-06-24,K006,田中,チラシ,od,1,1,0,0,2657.4,7500,1500,800,0,0,0,0,0,12457.4,12457.4,0,12457.4,0,0,0,0,0,0,12457.4,10,12450,0,0,12450,12450,12450,13695,税込,1245,clean,,,500,1,,,,
Q2406-066,2024-06-25,D05,田中,チラシ,offset,1,0.85,20000,16000,10875,0,0,800,0,0,0,0,0,47675,40523.75,0,40523.75,0,0,0,0,0,0,40523.75,10,40520,0,0,40520,40520,40520,40520,税抜,4052,clean,,,3000,1,,,,
Q2406-067,2024-06-26,C035,鈴木,封筒,env,1,1,1800,7400,0,0,0,0,0,0,0,44800,0,54000,54000,0,54000,0,3000,4000,0,0,0,61000,10,61000,0,0,61000,61000,61000,61000,税抜,6100,clean,,,10000,1,,,,
Q2406-068,2024-06-26,C006,鈴木,名刺,card,1,0.95,0,0,0,0,0,0,0,0,0,0,17400,17400,16530,0,16530,0,0,0,0,0,0,16530,10,16530,0,0,16530,16530,16530,16530,税抜,1653,clean,,,1000,2,,,,
Q2406-069,2024-06-26,C002,高橋,チラシ,offset,1,1,10000,8000,5000,0,0,800,0,0,0,0,0,23800,23800,0,23800,0,0,0,0,0,0,23800,10,23800,1500,-300,25000,25000,25000,25000,税抜,2500,clean,,,1000,1,,,見積メモ!R66,
Q2406-070,2024-06-26,C034,鈴木,リーフレット,offset,1,1,20000,32800,51300,0,0,800,26500,0,0,0,0,131400,131400,0,131400,0,0,0,0,0,0,131400,10,131400,0,0,131400,131400,131400,131400,税抜,13140,clean,,,15000,1,,,,
Q2406-071,2024-06-26,C031,鈴木,リーフレット,offset,1,1,20000,16000,10875,0,0,800,4400,0,0,0,0,52075,52075,0,52075,0,0,0,0,0,0,52075,10,52070,2600,0,54670,54670,54670,54670,税抜,5467,clean,,,2000,1,,,,
Q2406-072,2024-06-26,G01,鈴木,チラシ,od,1,0.9,0,0,1754.4,2000,1500,800,0,0,0,0,0,6054.4,5448.96,0,5448.96,1362.24,0,0,0,0,0,6811.2,10,6810,0,0,6810,6810,6810,6810,税抜,681,clean,,,500,1,,,,
Q2406-073,2024-06-27,C002,高橋,リーフレット,offset,1,1,20000,55200,91200,0,0,800,50500,0,0,0,0,217700,217700,0,217700,0,0,0,0,0,0,217700,10,217700,0,-200,217500,217500,217500,217500,税抜,21750,clean,,,30000,1,,,見積メモ!R67,
Q2406-074,2024-06-27,一般,渡辺,名刺,card,1,1,0,0,0,0,0,0,0,0,0,0,1600,1600,1600,0,1600,0,0,0,0,0,0,1600,10,1600,800,0,2400,2400,2400,2640,税込,240,clean,,,100,1,,,,
Q2406-075,2024-06-27,C024,鈴木,名刺,card,1,1,0,0,0,0,0,0,0,0,0,0,6400,6400,6400,0,6400,0,0,0,0,0,0,6400,10,6400,800,0,7200,7200,7200,7200,税抜,720,clean,,,100,2,,,,
Q2406-076,2024-06-27,C028,田中,冊子,offset,1,0.9,10000,8000,4375,0,0,0,0,0,6000,0,0,28375,25537.5,0,25537.5,0,0,0,0,0,0,25537.5,10,25530,0,0,25530,25530,25530,25530,税抜,2553,clean,,,300,1,,,,
Q2406-077,2024-06-28,C001,高橋,チラシ,offset,1,0.9,10000,8000,3000,0,0,800,0,0,0,0,0,21800,19620,0,19620,0,0,0,0,0,0,19620,10,19620,0,-120,19500,19500,19500,19500,税抜,1950,clean,,,1000,1,,,見積メモ!R68,
Q2406-078,2024-06-28,C033,鈴木,チラシ,offset,1,1,20000,27200,21750,0,0,800,0,0,0,0,0,69750,69750,0,69750,0,0,0,0,0,0,69750,10,69750,0,0,69750,69750,69750,69750,税抜,6975,clean,,,10000,1,,,,
Q2406-079,2024-06-29,D01,高橋,チラシ,offset,1,0.8,20000,16000,13125,0,0,800,0,0,0,0,0,49925,39940,0,39940,0,0,0,0,0,0,39940,10,39940,0,-440,39500,39500,39500,39500,税抜,3950,clean,,,3000,1,,,見積メモ!R69,
Q2407-001,2024-07-01,C001,高橋,チラシ,offset,1,0.9,10000,27600,48000,0,0,800,0,0,0,0,0,86400,77760,0,77760,0,0,0,0,0,0,77760,10,77760,0,-260,77500,84500,77500,77500,税抜,7750,stale_price_table,priced with period-1 tables after revision,,30000,1,,,見積メモ!R72,
Q2407-002,2024-07-01,C017,田中,リーフレット,offset,2,0.9,22400,29600,28350,0,0,1000,8000,0,0,0,0,89350,80415,0,80415,0,0,0,0,0,0,80415,100,80400,0,0,80400,80400,80400,80400,税抜,8040,clean,,,5000,1,,,,
Q2407-003,2024-07-01,C001,高橋,チラシ,offset,1,0.9,40000,166400,260000,0,0,800,0,0,0,0,0,467200,420480,0,420480,0,0,0,0,0,0,420480,10,420480,0,-480,420000,456000,420000,420000,税抜,42000,stale_price_table,priced with period-1 tables after revision,,50000,2,,,見積メモ!R73,
Q2407-004,2024-07-01,C005,鈴木,チラシ,od,2,1,0,0,3656.5,7740,0,1000,0,0,0,0,0,12396.5,12396.5,0,12396.5,0,0,0,0,0,0,12396.5,100,12300,0,0,12300,12300,12300,12300,税抜,1230,clean,,,500,2,,,,
Q2407-005,2024-07-02,C012,高橋,名刺,card,2,0.9,0,0,0,0,0,0,0,0,0,0,30900,30900,27810,0,27810,0,1000,0,0,0,0,28810,100,28800,0,-300,28500,28500,28500,28500,税抜,2850,clean,,,1000,3,,,見積メモ!R74,
Q2407-006,2024-07-03,C006,鈴木,封筒,env,2,0.95,2000,3300,0,0,0,0,0,0,0,11400,0,16700,15865,0,15865,0,0,0,0,0,0,15865,100,15800,0,0,15800,15800,15800,15800,税抜,1580,clean,,,1000,1,,,,
Q2407-007,2024-07-03,C015,渡辺,名刺,card,2,0.95,0,0,0,0,0,0,0,0,0,0,12400,12400,11780,0,11780,0,0,0,0,0,0,11780,100,11700,0,0,11700,12400,11700,11700,税抜,1170,copied_customer_rate,rate 0.95 copied from previous quote for C007,,500,2,,,,
Q2407-008,2024-07-03,C007,渡辺,チラシ,offset,2,0.95,22400,41600,59675,0,0,1000,0,0,0,0,0,124675,118441.25,0,118441.25,0,0,0,0,0,0,118441.25,100,118400,0,0,118400,118400,118400,118400,税抜,11840,clean,,,20000,1,,,,
Q2407-009,2024-07-03,C006,鈴木,名刺,card,1,0.95,0,0,0,0,0,0,0,0,0,0,26100,26100,24795,0,24795,0,0,0,0,0,0,24795,10,24790,0,0,24790,24700,24790,24790,税抜,2479,stale_price_table,priced with period-1 tables after revision,,1000,3,,,,
Q2407-010,2024-07-03,一般,渡辺,名刺,card,2,1,0,0,0,0,0,0,0,0,0,0,7400,7400,7400,0,7400,0,0,0,0,0,0,7400,100,7400,0,0,7400,7400,7400,8140,税込,740,clean,,,500,1,,,,
Q2407-011,2024-07-04,G06,高橋,リーフレット,od,1,0.9,0,0,5304.5,25800,0,800,3200,0,0,0,0,35104.5,31594.05,0,31594.05,0,0,0,0,0,0,31594.05,10,31590,0,-90,31500,33500,31500,31500,税抜,3150,stale_price_table,priced with period-1 tables after revision,,500,1,,,見積メモ!R75,
Q2407-012,2024-07-04,C017,田中,封筒,env,2,0.9,4000,6600,0,0,0,0,0,0,0,11400,0,22000,19800,0,19800,0,0,0,0,0,0,19800,100,19800,0,0,19800,19800,19800,19800,税抜,1980,clean,,,1000,1,,,,
Q2407-013,2024-07-04,K008,田中,名刺,card,2,1,0,0,0,0,0,0,0,0,0,0,2700,2700,2700,0,2700,0,0,0,0,0,0,2700,100,2700,0,0,2700,2700,2700,2970,税込,270,clean,,,100,1,,,,
Q2407-014,2024-07-05,C020,渡辺,名刺,card,2,1,0,0,0,0,0,0,0,0,0,0,3400,3400,3400,0,3400,0,0,0,0,0,0,3400,100,3400,800,0,4200,4200,4200,4200,税抜,420,clean,,,100,1,,,,
Q2407-015,2024-07-08,C040,鈴木,名刺,card,2,1.05,0,0,0,0,0,0,0,0,0,0,26700,26700,28035,0,28035,0,0,0,0,0,0,28035,100,28000,1500,0,29500,29500,29500,29500,税抜,2950,clean,,,500,3,,,,
Q2407-016,2024-07-08,C003,鈴木,封筒,env,2,0.95,2000,3300,0,0,0,0,0,0,0,11400,0,16700,15865,0,15865,0,0,4000,0,0,0,19865,100,19800,0,0,19800,19800,19800,19800,税抜,1980,clean,,,1000,1,,,,
Q2407-017,2024-07-08,C002,高橋,チラシ,offset,2,1,5600,4400,3925,0,0,1000,0,0,0,0,0,14925,14925,0,14925,0,0,0,0,0,0,14925,100,14900,1500,-400,16000,16000,16000,16000,税抜,1600,clean,,,2000,1,,,見積メモ!R76,
Q2407-018,2024-07-09,C027,田中,封筒,env,2,1,4000,4400,0,0,0,0,0,0,0,4750,0,13150,13150,0,13150,0,0,0,0,0,0,13150,100,13100,1500,0,14600,14600,14600,14600,税抜,1460,clean,,,1000,1,,,,
Q2407-019,2024-07-09,C037,高橋,封筒,env,2,1,2000,2200,0,0,0,0,0,0,0,4750,0,8950,8950,0,8950,0,0,0,0,0,0,8950,100,8900,800,0,9700,9700,9700,9700,税抜,970,clean,,,1000,1,,,見積メモ!R77,
Q2407-020,2024-07-09,一般,鈴木,名刺,card,2,1,0,0,0,0,0,0,0,0,0,0,2400,2400,2400,0,2400,0,0,0,0,0,3000,5400,100,5400,600,0,6000,6000,6000,6600,税込,600,clean,,,100,1,,,,
Q2407-021,2024-07-09,D05,田中,冊子,offset,2,0.85,11200,8800,6500,0,0,0,0,0,15500,0,0,42000,35700,0,35700,0,0,0,8000,0,0,43700,100,43700,0,0,43700,43700,43700,43700,税抜,4370,clean,,,1000,1,,,,
Q2407-022,2024-07-10,C001,高橋,チラシ,offset,2,0.9,11200,8800,7850,0,0,1000,0,0,0,0,0,28850,25965,0,25965,0,0,0,0,0,0,25965,100,25900,0,-400,25500,25500,25500,25500,税抜,2550,clean,,,3000,1,,,見積メモ!R78,
Q2407-023,2024-07-10,C030,高橋,名刺,card,2,1,0,0,0,0,0,0,0,0,0,0,4800,4800,4800,0,4800,0,0,0,0,0,0,4800,100,4800,800,0,5600,5600,5600,5600,税抜,560,clean,,,100,2,,,見積メモ!R79,
Q2407-024,2024-07-11,C017,田中,封筒,env,2,0.9,2000,3500,0,0,0,0,0,0,0,8550,0,14050,12645,0,12645,0,0,4000,0,0,0,16645,100,16600,1500,0,18100,18100,18100,18100,税抜,1810,clean,,,3000,1,,,,
Q2407-025,2024-07-11,C009,田中,リーフレット,offset,2,0.95,22400,17600,18450,0,0,1000,7300,0,0,0,0,66750,63412.5,0,63412.5,15853.12,0,0,0,0,0,79265.62,100,79200,3000,0,82200,66400,82200,82200,税抜,8220,unrecorded_rush,rush surcharge applied without note,,3000,1,,,,
Q2407-026,2024-07-11,C030,高橋,封筒,env,2,1,4000,5700,0,0,0,0,0,0,0,5700,0,15400,15400,0,15400,0,0,4000,0,0,0,19400,100,19400,0,-400,19000,19000,19000,19000,税抜,1900,clean,,,2000,1,,,見積メモ!R80,
Q2407-027,2024-07-12,C037,高橋,封筒,env,2,1,8000,17100,0,0,0,0,0,0,0,49860,0,74960,74960,0,74960,0,0,4000,0,0,0,78960,100,78900,0,-400,78500,78500,78500,78500,税抜,7850,clean,,,1500,2,,,見積メモ!R81,
Q2407-028,2024-07-12,C001,高橋,チラシ,offset,2,0.9,22400,29600,32550,0,0,1000,0,0,0,0,0,85550,76995,0,76995,0,0,0,0,0,0,76995,100,76900,0,-400,76500,76500,76500,76500,税抜,7650,clean,,,10000,1,,,見積メモ!R82,
Q2407-029,2024-07-16,C024,鈴木,封筒,env,1,1,1800,2600,0,0,0,0,0,0,0,5380,0,9780,9780,0,9780,0,0,0,0,0,0,9780,10,9780,0,0,9780,10500,9780,9780,税抜,978,stale_price_table,priced with period-1 tables after revision,,1500,1,,,,
Q2407-030,2024-07-16,C001,高橋,チラシ,offset,2,0.9,33600,26400,32550,0,0,1000,0,0,0,0,0,93550,84195,0,84195,0,0,0,0,3600,0,87795,100,87700,0,-200,87500,87500,87500,87500,税抜,8750,clean,,,3000,3,,,見積メモ!R83,
Q2407-031,2024-07-17,一般,鈴木,リーフレット,offset,2,1,22400,23600,26100,0,0,1000,8000,0,0,0,0,81100,81100,0,81100,0,0,0,0,0,0,81100,100,81100,0,0,81100,81100,81100,89210,税込,8110,clean,,,5000,1,,,,
Q2407-032,2024-07-17,C023,高橋,チラシ,offset,2,1,5600,4400,3925,0,0,1000,0,0,0,0,0,14925,14925,0,14925,0,0,0,0,0,0,14925,100,14900,1500,-400,16000,16000,16000,16000,税抜,1600,clean,,,2000,1,,,見積メモ!R84,
Q2407-033,2024-07-17,C017,田中,リーフレット,offset,2,0.9,22400,17600,9450,0,0,1000,5700,0,0,0,0,56150,50535,0,50535,0,0,0,0,0,0,50535,100,50500,0,0,50500,50500,50500,50500,税抜,5050,clean,,,2000,1,,,,
Q2407-034,2024-07-17,D02,高橋,チラシ,offset,2,0.85,11200,8800,9450,0,0,1000,0,0,0,0,0,30450,25882.5,0,25882.5,0,0,0,0,0,0,25882.5,100,25800,1500,-300,27000,27000,27000,27000,税抜,2700,clean,,,5000,1,,,見積メモ!R85,
Q2407-035,2024-07-18,G05,高橋,チラシ,od,2,1,0,0,1883.4,2250,1500,1000,0,0,0,0,0,6633.4,6633.4,0,6633.4,0,0,0,0,0,0,6633.4,100,6600,1500,0,8100,8100,8100,8100,税抜,810,clean,,,500,1,,,見積メモ!R86,
Q2407-036,2024-07-18,C022,渡辺,チラシ,od,2,0.95,0,0,3656.5,14720,1500,1000,0,0,0,0,0,20876.5,19832.67,0,19832.67,0,0,0,0,0,0,19832.67,100,19800,0,0,19800,19800,19800,19800,税抜,1980,clean,,,500,1,,,,
Q2407-037,2024-07-18,一般,鈴木,チラシ,od,2,1,0,0,1317.5,4800,1500,1000,0,0,0,0,0,8617.5,8617.5,0,8617.5,0,3500,0,0,0,0,12117.5,100,12100,0,0,12100,12100,12100,13310,税込,1210,clean,,,300,1,,,,
Q2407-038,2024-07-18,C037,高橋,名刺,card,2,1,0,0,0,0,0,0,0,0,0,0,3100,3100,3100,0,3100,0,0,0,0,0,0,3100,100,3100,0,0,3100,3100,3100,3100,税抜,310,clean,,,200,1,,,見積メモ!R87,
Q2407-039,2024-07-18,C022,渡辺,リーフレット,offset,2,0.95,22400,17600,12300,0,0,1000,5700,0,0,0,0,59000,56050,0,56050,0,0,0,0,0,0,56050,100,56000,0,0,56000,56000,56000,56000,税抜,5600,clean,,,1500,1,,,,
Q2407-040,2024-07-19,D02,高橋,冊子,offset,2,0.85,11200,8800,12300,0,0,0,0,0,15500,0,0,47800,40630,0,40630,0,0,0,0,0,0,40630,100,40600,0,-100,40500,40500,40500,40500,税抜,4050,clean,,,1000,1,,,見積メモ!R88,
Q2407-041,2024-07-19,D05,田中,リーフレット,offset,2,0.85,44800,35200,23625,0,0,1000,12100,0,0,0,0,116725,99216.25,0,99216.25,0,0,0,0,0,0,99216.25,100,99200,0,0,99200,99200,99200,99200,税抜,9920,clean,,,3000,2,,,,
Q2407-042,2024-07-19,C031,鈴木,封筒,env,2,1,4000,4400,0,0,0,0,0,0,0,6650,0,15050,15050,0,15050,0,0,0,0,0,0,15050,100,15000,1500,0,16500,16500,16500,16500,税抜,1650,clean,,,1000,1,,,,
Q2407-043,2024-07-19,K006,田中,チラシ,od,1,1,0,0,1060.9,6000,1500,800,0,0,0,0,0,9360.9,9360.9,0,9360.9,0,0,0,0,0,0,9360.9,10,9360,0,0,9360,10000,9360,10296,税込,936,stale_price_table,priced with period-1 tables after revision,,200,1,,,,
Q2407-044,2024-07-20,C017,田中,封筒,env,2,0.9,2000,2200,0,0,0,0,0,0,0,2850,0,7050,6345,0,6345,0,0,0,0,0,0,6345,100,6300,1500,0,7800,7800,7800,7800,税抜,780,clean,,,1000,1,,,,
Q2407-045,2024-07-20,C027,田中,名刺,card,2,1,0,0,0,0,0,0,0,0,0,0,33300,33300,33300,0,33300,0,0,0,0,0,0,33300,100,33300,0,0,33300,33300,33300,33300,税抜,3330,clean,,,100,12,,,,
Q2407-046,2024-07-22,D01,高橋,リーフレット,offset,2,0.8,22400,17600,14175,0,0,1000,5600,0,0,0,0,60775,48620,0,48620,0,0,0,0,1200,0,49820,100,49800,0,-300,49500,49500,49500,49500,税抜,4950,clean,,,3000,1,,,見積メモ!R89,
Q2407-047,2024-07-23,一般,鈴木,名刺,card,2,1,0,0,0,0,0,0,0,0,0,0,1600,1600,1600,0,1600,0,0,0,0,0,0,1600,100,1600,600,0,2200,2200,2200,2420,税込,220,clean,,,100,1,,,,
Q2407-048,2024-07-23,C033,鈴木,チラシ,offset,2,1,22400,23600,32550,0,0,1000,0,0,0,0,0,79550,79550,0,79550,0,0,0,0,0,0,79550,100,79500,0,0,79500,79500,79500,79500,税抜,7950,clean,,,10000,2,,,,
Q2407-049,2024-07-24,C006,鈴木,封筒,env,2,0.95,4000,4400,0,0,0,0,0,0,0,6650,0,15050,14297.5,0,14297.5,0,0,4000,0,0,0,18297.5,100,18200,0,0,18200,18200,18200,18200,税抜,1820,clean,,,1000,1,,,,
Q2407-050,2024-07-24,C033,鈴木,チラシ,offset,2,1,22400,23600,18900,0,0,1000,0,0,0,0,0,65900,65900,0,65900,0,0,0,0,0,0,65900,100,65900,0,0,65900,65900,65900,65900,税抜,6590,clean,,,5000,1,,,,
Q2407-051,2024-07-25,C001,高橋,チラシ,offset,2,0.9,22400,35600,35325,0,0,1000,0,0,0,0,0,94325,84892.5,0,84892.5,0,0,0,0,0,0,84892.5,100,84800,0,-300,84500,84500,84500,84500,税抜,8450,clean,,,15000,1,,,見積メモ!R90,
Q2407-052,2024-07-26,C035,鈴木,リーフレット,offset,2,1,22400,17600,7850,0,0,1000,5700,0,0,0,0,54550,54550,0,54550,0,0,0,0,0,0,54550,100,54500,0,0,54500,54500,54500,54500,税抜,5450,clean,,,2000,1,,,,
Q2407-053,2024-07-26,C017,田中,リーフレット,offset,1,0.9,20000,16000,8750,0,0,800,5700,0,0,0,0,51250,46125,0,46125,0,0,0,0,0,0,46125,10,46120,0,0,46120,50500,46120,46120,税抜,4612,stale_price_table,priced with period-1 tables after revision,,2000,1,,,,
Q2407-054,2024-07-29,C031,鈴木,封筒,env,2,1,4000,10500,0,0,0,0,0,0,0,49860,0,64360,64360,0,64360,0,3500,4000,0,0,0,71860,100,71800,6000,0,77800,77800,77800,77800,税抜,7780,clean,,,3000,1,,,,
Q2407-055,2024-07-29,C026,田中,チラシ,offset,2,1,22400,41600,43175,0,0,1000,0,0,0,0,0,108175,108175,0,108175,0,0,0,0,0,0,108175,100,108100,0,0,108100,108100,108100,108100,税抜,10810,clean,,,10000,1,,,,
Q2407-056,2024-07-29,C007,渡辺,チラシ,offset,2,0.95,22400,29600,32550,0,0,1000,0,0,0,0,0,85550,81272.5,0,81272.5,0,0,0,0,0,0,81272.5,100,81200,0,0,81200,81200,81200,81200,税抜,8120,clean,,,10000,1,,,,
Q2407-057,2024-07-29,C029,高橋,名刺,card,2,0.95,0,0,0,0,0,0,0,0,0,0,10800,10800,10260,0,10260,0,0,0,0,0,0,10260,100,10200,0,-200,10000,10000,10000,10000,税抜,1000,clean,,,100,4,,,見積メモ!R91,
Q2407-058,2024-07-29,D06,鈴木,冊子,offset,2,0.8,33600,26400,9750,0,0,0,0,0,9500,0,0,79250,63400,0,63400,0,0,0,0,0,0,63400,100,63400,3000,0,66400,66400,66400,66400,税抜,6640,clean,,,500,1,,,,
Q2407-059,2024-07-29,C005,鈴木,リーフレット,offset,2,1,11200,8800,4725,0,0,1000,4100,0,0,0,0,29825,29825,0,29825,0,3500,0,0,0,0,33325,100,33300,0,0,33300,33300,33300,33300,税抜,3330,clean,,,1000,1,,,,
Q2407-060,2024-07-30,C012,高橋,チラシ,offset,2,0.9,5600,4400,6525,0,0,1000,0,0,0,0,0,17525,15772.5,0,15772.5,0,0,0,0,0,0,15772.5,100,15700,0,-200,15500,15500,15500,15500,税抜,1550,clean,,,3000,1,,,見積メモ!R92,
Q2407-061,2024-07-31,C038,田中,冊子,offset,2,1,78400,103600,113400,0,0,0,0,0,57500,0,0,352900,352900,0,352900,0,0,0,0,0,0,352900,100,352900,0,0,352900,352900,352900,352900,税抜,35290,clean,,,3000,1,,,,
Q2407-062,2024-07-31,C021,鈴木,名刺,card,2,1.1,0,0,0,0,0,0,0,0,0,0,5400,5400,5940,0,5940,0,1000,0,0,0,0,6940,100,6900,800,0,7700,7700,7700,7700,税抜,770,clean,,,300,1,,,,
Q2407-063,2024-07-31,C004,鈴木,名刺,card,2,1.05,0,0,0,0,0,0,0,0,0,0,10200,10200,10710,0,10710,0,0,0,0,0,0,10710,100,10700,1500,0,12200,12200,12200,12200,税抜,1220,clean,,,100,3,,,,
Q2407-064,2024-07-31,K012,鈴木,名刺,card,2,1,0,0,0,0,0,0,0,0,0,0,9800,9800,9800,0,9800,0,0,0,0,0,3000,12800,100,12800,0,0,12800,12800,12800,14080,税込,1280,clean,,,1000,1,,,,
Q2407-065,2024-07-31,C014,鈴木,封筒,env,2,0.9,2000,3300,0,0,0,0,0,0,0,11400,0,16700,15030,0,15030,0,0,0,0,0,0,15030,100,15000,0,0,15000,15000,15000,15000,税抜,1500,clean,,,1000,1,,,,
Q2407-066,2024-07-31,C027,田中,封筒,env,2,1,4000,4400,0,0,0,0,0,0,0,4750,0,13150,13150,0,13150,0,0,0,0,0,0,13150,100,13100,1500,0,14600,14600,14600,14600,税抜,1460,clean,,,1000,1,,,,
Q2408-001,2024-08-01,C035,鈴木,名刺,card,2,1,0,0,0,0,0,0,0,0,0,0,2400,2400,2400,0,2400,0,0,0,0,0,3000,5400,100,5400,800,0,6200,6200,6200,6200,税抜,620,clean,,,100,1,,,,
Q2408-002,2024-08-01,C021,鈴木,名刺,card,2,1.1,0,0,0,0,0,0,0,0,0,0,2700,2700,2970,0,2970,0,1000,0,0,0,0,3970,100,3900,800,0,4700,4700,4700,4700,税抜,470,clean,,,100,1,,,,
Q2408-003,2024-08-01,C031,鈴木,名刺,card,2,1,0,0,0,0,0,0,0,0,0,0,20060,20060,20060,0,20060,0,1000,0,0,0,0,21060,100,21000,600,0,21600,21600,21600,21600,税抜,2160,clean,,,100,6,,,,
Q2408-004,2024-08-01,C035,鈴木,封筒,env,2,1,4000,4400,0,0,0,0,0,0,0,2850,0,11250,11250,0,11250,0,0,0,0,0,0,11250,100,11200,0,0,11200,11200,11200,11200,税抜,1120,clean,,,1000,1,,,,
Q2408-005,2024-08-01,C003,高橋,封筒,env,2,0.95,2000,4275,0,0,0,0,0,0,0,33240,0,39515,37539.25,0,37539.25,0,0,0,0,0,0,37539.25,100,37500,0,0,37500,37500,37500,37500,税抜,3750,clean,,,2000,1,,,見積メモ!R95,
Q2408-006,2024-08-01,C039,鈴木,チラシ,od,2,1,0,0,1831.8,8000,1500,1000,0,0,0,0,0,12331.8,12331.8,0,12331.8,0,0,0,0,0,0,12331.8,100,12300,1500,0,13800,13800,13800,13800,税抜,1380,clean,,,500,1,,,,
Q2408-007,2024-08-02,C016,高橋,リーフレット,offset,2,1,22400,29600,36900,0,0,1000,8000,0,0,0,0,97900,97900,0,97900,0,0,0,0,0,0,97900,100,97900,0,-400,97500,97500,97500,97500,税抜,9750,clean,,,5000,1,,,見積メモ!R96,
Q2408-008,2024-08-02,一般,鈴木,チラシ,od,2,1,0,0,1317.5,4800,1500,1000,0,0,0,0,0,8617.5,8617.5,0,8617.5,0,0,0,0,0,0,8617.5,100,8600,1500,0,10100,10100,10100,11110,税込,1010,clean,,,300,1,,,,
Q2408-009,2024-08-05,C031,鈴木,名刺,card,2,1,0,0,0,0,0,0,0,0,0,0,7200,7200,7200,0,7200,0,0,0,0,0,0,7200,100,7200,600,0,7800,7800,7800,7800,税抜,780,clean,,,100,3,,,,
Q2408-010,2024-08-05,C033,鈴木,チラシ,offset,1,1,10000,19200,39875,0,0,800,0,0,0,0,0,69875,69875,0,69875,0,0,0,0,0,0,69875,10,69870,0,0,69870,76100,69870,69870,税抜,6987,stale_price_table,priced with period-1 tables after revision,,20000,1,,,,
Q2408-011,2024-08-07,C031,鈴木,冊子,offset,1,1,60000,48000,22800,0,0,0,0,0,7500,0,0,138300,138300,0,138300,0,0,0,0,0,0,138300,10,138300,0,0,138300,153500,138300,138300,税抜,13830,stale_price_table,priced with period-1 tables after revision,,300,1,,,,
Q2408-012,2024-08-07,C004,鈴木,チラシ,offset,2,1.05,33600,35400,35325,0,0,1000,0,0,0,0,0,105325,110591.25,0,110591.25,0,0,0,0,0,0,110591.25,100,110500,0,0,110500,110500,110500,110500,税抜,11050,clean,,,5000,3,,,,
Q2408-013,2024-08-07,K007,渡辺,チラシ,od,2,1,0,0,1131.5,4800,1500,1000,0,0,0,0,0,8431.5,8431.5,0,8431.5,0,0,0,0,0,0,8431.5,100,8400,0,0,8400,8400,8400,9240,税込,840,clean,,,300,1,,,,
Q2408-014,2024-08-07,C007,渡辺,封筒,env,2,0.95,2000,3300,0,0,0,0,0,0,0,16620,0,21920,20824,0,20824,0,0,4000,0,0,0,24824,100,24800,0,0,24800,24800,24800,24800,税抜,2480,clean,,,1000,1,,,,
Q2408-015,2024-08-08,C037,高橋,封筒,env,2,1,4000,4400,0,0,0,0,0,0,0,2850,0,11250,11250,0,11250,0,0,4000,0,0,0,15250,100,15200,0,-200,15000,15000,15000,15000,税抜,1500,clean,,,1000,1,,,見積メモ!R97,
Q2408-016,2024-08-08,C030,高橋,名刺,card,2,1,0,0,0,0,0,0,0,0,0,0,5400,5400,5400,0,5400,0,0,0,0,0,0,5400,100,5400,800,0,6200,6200,6200,6200,税抜,620,clean,,,100,2,,,見積メモ!R98,
Q2408-017,2024-08-08,C022,渡辺,封筒,env,2,0.95,4000,7000,0,0,0,0,0,0,0,8550,0,19550,18572.5,0,18572.5,0,0,0,0,0,0,18572.5,100,18500,0,0,18500,18500,18500,18500,税抜,1850,clean,,,3000,1,,,,
Q2408-018,2024-08-08,C006,鈴木,冊子,offset,2,0.95,11200,8800,6150,0,0,0,0,0,7100,0,0,33250,31587.5,0,31587.5,0,0,0,0,0,0,31587.5,100,31500,0,0,31500,31500,31500,31500,税抜,3150,clean,,,300,1,,,,
Q2408-019,2024-08-09,C017,高橋,名刺,card,2,0.9,0,0,0,0,0,0,0,0,0,0,35520,35520,31968,0,31968,0,0,0,0,0,0,31968,100,31900,0,-400,31500,31500,31500,31500,税抜,3150,clean,,,500,12,,,見積メモ!R99,
Q2408-020,2024-08-09,D06,鈴木,リーフレット,offset,2,0.8,22400,17600,14175,0,0,1000,5700,0,0,0,0,60875,48700,0,48700,0,0,0,0,0,0,48700,100,48700,4500,0,53200,53200,53200,53200,税抜,5320,clean,,,2000,1,,,,
Q2408-021,2024-08-09,C002,高橋,チラシ,od,2,1,0,0,2193,8000,1500,1000,0,0,0,0,0,12693,12693,0,12693,0,0,0,0,0,0,12693,100,12600,1500,-100,14000,14000,14000,14000,税抜,1400,clean,,,500,1,,,見積メモ!R100,
Q2408-022,2024-08-19,D02,高橋,チラシ,offset,2,0.85,22400,17600,12300,0,0,1000,0,0,0,0,0,53300,45305,0,45305,0,0,0,0,0,0,45305,100,45300,0,-300,45000,45000,45000,45000,税抜,4500,clean,,,5000,1,,,見積メモ!R101,
Q2408-023,2024-08-19,C009,田中,名刺,card,2,0.95,0,0,0,0,0,0,0,0,0,0,2400,2400,2280,0,2280,0,0,0,0,0,3000,5280,100,5200,600,0,5800,5800,5800,5800,税抜,580,clean,,,100,1,,,,
Q2408-024,2024-08-19,C031,鈴木,リーフレット,offset,2,1,22400,17600,12300,0,0,1000,5700,0,0,0,0,59000,59000,0,59000,0,0,0,0,0,0,59000,100,59000,3000,0,62000,62000,62000,62000,税抜,6200,clean,,,2000,1,,,,
Q2408-025,2024-08-20,C021,鈴木,冊子,offset,2,1.1,11200,11800,12300,0,0,0,0,0,21500,0,0,56800,62480,0,62480,0,0,0,0,0,0,62480,100,62400,0,0,62400,62400,62400,62400,税抜,6240,clean,,,1500,1,,,,
Q2408-026,2024-08-20,一般,渡辺,名刺,card,2,1,0,0,0,0,0,0,0,0,0,0,1900,1900,1900,0,1900,0,0,0,0,0,3000,4900,100,4900,0,0,4900,4900,4900,5390,税込,490,clean,,,100,1,,,,
Q2408-027,2024-08-20,C010,鈴木,チラシ,offset,2,1,11200,14800,19500,0,0,1000,0,0,0,0,0,46500,46500,0,46500,0,0,0,0,0,0,46500,100,46500,0,0,46500,46500,46500,46500,税抜,4650,clean,,,5000,1,,,,
Q2408-028,2024-08-20,C001,高橋,チラシ,offset,2,0.9,11200,8800,13050,0,0,1000,0,0,0,0,0,34050,30645,0,30645,0,0,0,0,2000,0,32645,100,32600,0,-100,32500,32500,32500,32500,税抜,3250,clean,,,5000,1,,,見積メモ!R102,
Q2408-029,2024-08-20,一般,鈴木,チラシ,od,2,1,0,0,1317.5,4800,3000,1000,0,0,0,0,0,10117.5,10117.5,0,10117.5,0,0,0,0,0,0,10117.5,100,10100,0,0,10100,10100,10100,11110,税込,1010,clean,,,300,2,,,,
Q2408-030,2024-08-21,C001,高橋,チラシ,offset,2,0.9,22400,23600,48825,0,0,1000,0,0,0,0,0,95825,86242.5,0,86242.5,0,0,0,0,0,0,86242.5,100,86200,0,-200,86000,86000,86000,86000,税抜,8600,clean,,,15000,2,,,見積メモ!R103,
Q2408-031,2024-08-21,C007,渡辺,チラシ,offset,2,0.95,22400,23600,19625,0,0,1000,0,0,0,0,0,66625,63293.75,0,63293.75,0,0,0,0,0,0,63293.75,100,63200,0,0,63200,63200,63200,63200,税抜,6320,clean,,,8000,1,,,,
Q2408-032,2024-08-21,C012,高橋,封筒,env,2,0.9,2000,2200,0,0,0,0,0,0,0,6650,0,10850,9765,0,9765,0,0,0,0,0,0,9765,100,9700,800,0,10500,10500,10500,10500,税抜,1050,clean,,,500,1,,,見積メモ!R104,
Q2408-033,2024-08-21,C020,渡辺,チラシ,offset,2,1,11200,8800,6150,0,0,1000,0,0,0,0,0,27150,27150,0,27150,0,0,0,0,0,0,27150,100,27100,0,0,27100,27100,27100,27100,税抜,2710,clean,,,1000,1,,,,
Q2408-034,2024-08-23,C004,鈴木,チラシ,offset,2,1.05,11200,11800,13425,0,0,1000,0,0,0,0,0,37425,39296.25,0,39296.25,0,0,0,0,0,0,39296.25,100,39200,0,0,39200,39200,39200,39200,税抜,3920,clean,,,10000,1,,,,
Q2408-035,2024-08-23,一般,渡辺,名刺,card,2,1,0,0,0,0,0,0,0,0,0,0,1600,1600,1600,0,1600,400,0,0,0,0,0,2000,100,2000,0,0,2000,2000,2000,2200,税込,200,clean,,,100,1,,,,
Q2408-036,2024-08-26,C031,鈴木,封筒,env,2,1,4000,4400,0,0,0,0,0,0,0,6650,0,15050,15050,0,15050,0,0,0,0,0,0,15050,100,15000,1500,0,16500,16500,16500,16500,税抜,1650,clean,,,300,1,,,,
Q2408-037,2024-08-26,D01,高橋,リーフレット,offset,2,0.8,22400,23600,23625,0,0,1000,15300,0,0,0,0,85925,68740,0,68740,0,0,0,0,0,0,68740,100,68700,0,-200,68500,68500,68500,68500,税抜,6850,clean,,,8000,1,,,見積メモ!R105,
Q2408-038,2024-08-27,一般,鈴木,名刺,card,2,1,0,0,0,0,0,0,0,0,0,0,3400,3400,3400,0,3400,0,0,0,0,0,0,3400,100,3400,0,0,3400,3400,3400,3740,税込,340,clean,,,100,1,,,,
Q2408-039,2024-08-27,C031,鈴木,名刺,card,2,1,0,0,0,0,0,0,0,0,0,0,7200,7200,7200,0,7200,0,0,0,0,0,0,7200,100,7200,600,0,7800,7800,7800,7800,税抜,780,clean,,,100,3,,,,
Q2408-040,2024-08-27,C003,高橋,冊子,od,2,0.95,0,0,1376.4,7680,0,0,0,0,4040,0,0,13096.4,12441.58,0,12441.58,0,0,0,0,0,0,12441.58,100,12400,1500,-400,13500,13500,13500,13500,税抜,1350,clean,,,30,1,,,見積メモ!R106,
Q2408-041,2024-08-28,C003,高橋,リーフレット,offset,2,0.95,22400,17600,18450,0,0,1000,7300,0,0,0,0,66750,63412.5,0,63412.5,0,0,0,0,0,0,63412.5,100,63400,0,-400,63000,63000,63000,63000,税抜,6300,clean,,,3000,1,,,見積メモ!R107,
Q2408-042,2024-08-28,C028,田中,冊子,offset,2,0.9,22400,23600,23625,0,0,0,0,0,27500,0,0,97125,87412.5,0,87412.5,21853.12,0,0,0,0,0,109265.62,100,109200,0,0,109200,109200,109200,109200,税抜,10920,clean,,,2000,1,,,,
Q2408-043,2024-08-28,一般,田中,チラシ,od,2,1,0,0,1317.5,4800,0,1000,0,0,0,0,0,7117.5,7117.5,0,7117.5,0,0,0,0,0,0,7117.5,100,7100,1500,0,8600,8600,8600,9460,税込,860,clean,,,300,1,,,,
Q2408-044,2024-08-28,C017,田中,リーフレット,offset,2,0.9,22400,17600,9450,0,0,1000,5700,0,0,0,0,56150,50535,0,50535,0,0,0,0,0,0,50535,100,50500,0,0,50500,50500,50500,50500,税抜,5050,clean,,,2000,1,,,,
Q2408-045,2024-08-29,一般,鈴木,名刺,card,2,1,0,0,0,0,0,0,0,0,0,0,5100,5100,5100,0,5100,0,0,0,0,0,3000,8100,100,8100,0,0,8100,8100,8100,8910,税込,810,clean,,,300,1,,,,
Q2408-046,2024-08-29,一般,鈴木,名刺,card,2,1,0,0,0,0,0,0,0,0,0,0,5100,5100,5100,0,5100,0,0,0,0,0,3000,8100,100,8100,0,0,8100,8100,8100,8910,税込,810,duplicate_entry,same quote keyed twice,Q2408-045,300,1,,,,
Q2408-047,2024-08-29,C006,鈴木,名刺,card,2,0.95,0,0,0,0,0,0,0,0,0,0,12000,12000,11400,0,11400,0,1000,0,0,0,0,12400,100,12400,0,0,12400,12400,12400,12400,税抜,1240,clean,,,100,5,,,,
Q2408-048,2024-08-29,C015,渡辺,名刺,card,2,1,0,0,0,0,0,0,0,0,0,0,6400,6400,6400,0,6400,0,0,0,0,0,0,6400,100,6400,0,0,6400,6400,6400,6400,税抜,640,clean,,,500,2,,,,
Q2408-049,2024-08-30,K008,田中,名刺,card,2,1,0,0,0,0,0,0,0,0,0,0,3100,3100,3100,0,3100,0,0,0,0,0,0,3100,100,3100,0,0,3100,3100,3100,3410,税込,310,clean,,,200,1,,,,
Q2408-050,2024-08-30,C016,高橋,名刺,card,2,1,0,0,0,0,0,0,0,0,0,0,18480,18480,18480,0,18480,0,0,0,0,0,0,18480,100,18400,0,-400,18000,18000,18000,18000,税抜,1800,clean,,,100,8,,,見積メモ!R108,
Q2408-051,2024-08-30,D05,田中,チラシ,offset,2,0.85,22400,17600,9450,0,0,1000,0,0,0,0,0,50450,42882.5,0,42882.5,0,0,0,0,0,0,42882.5,100,42800,0,0,42800,42800,42800,42800,税抜,4280,clean,,,3000,1,,,,
Q2409-001,2024-09-02,C014,鈴木,チラシ,od,2,0.9,0,0,2863.8,2250,1500,1000,0,0,0,0,0,7613.8,6852.42,0,6852.42,0,0,0,0,0,0,6852.42,100,6800,800,0,7600,7600,7600,7600,税抜,760,clean,,,500,1,,,,
Q2409-002,2024-09-03,C033,鈴木,チラシ,offset,2,1,33600,44400,92225,0,0,1000,0,0,0,0,0,171225,171225,0,171225,0,0,0,0,0,0,171225,100,171200,0,0,171200,171200,171200,171200,税抜,17120,clean,,,20000,3,,,,
Q2409-003,2024-09-03,D05,田中,チラシ,offset,2,0.85,22400,23600,15700,0,0,1000,0,0,0,0,0,62700,53295,0,53295,0,0,0,0,0,0,53295,100,53200,0,0,53200,53200,53200,53200,税抜,5320,clean,,,5000,1,,,,
Q2409-004,2024-09-03,D05,田中,リーフレット,offset,2,0.85,22400,23600,18900,0,0,1000,5600,0,0,0,0,71500,60775,0,60775,0,0,0,0,1200,0,61975,100,61900,0,0,61900,61900,61900,61900,税抜,6190,clean,,,3000,1,,,,
Q2409-005,2024-09-04,一般,田中,名刺,card,2,1,0,0,0,0,0,0,0,0,0,0,2400,2400,2400,0,2400,0,0,0,0,0,0,2400,100,2400,1500,0,3900,3900,3900,4290,税込,390,clean,,,100,1,,,,
Q2409-006,2024-09-05,C005,鈴木,冊子,od,2,1,0,0,3429.9,4860,1500,0,0,0,4700,0,0,14489.9,14489.9,0,14489.9,0,0,0,0,0,0,14489.9,100,14400,0,0,14400,14400,14400,14400,税抜,1440,clean,,,100,1,,,,
Q2409-007,2024-09-05,一般,鈴木,チラシ,od,2,1,0,0,1317.5,4800,0,1000,0,0,0,0,0,7117.5,7117.5,0,7117.5,0,0,0,0,0,0,7117.5,100,7100,0,0,7100,7100,7100,7810,税込,710,clean,,,300,1,,,,
Q2409-008,2024-09-05,一般,田中,名刺,card,2,1,0,0,0,0,0,0,0,0,0,0,4800,4800,4800,0,4800,1200,0,0,0,0,3500,9500,100,9500,0,0,9500,9500,9500,10450,税込,950,clean,,,100,2,,,,
Q2409-009,2024-09-05,C012,高橋,名刺,card,2,0.9,0,0,0,0,0,0,0,0,0,0,13500,13500,12150,0,12150,0,0,0,0,0,0,12150,100,12100,0,-100,12000,12000,12000,12000,税抜,1200,clean,,,100,5,,,見積メモ!R111,
Q2409-010,2024-09-05,C030,高橋,名刺,card,2,1,0,0,0,0,0,0,0,0,0,0,3200,3200,3200,0,3200,0,0,0,0,0,0,3200,100,3200,800,0,4000,4000,4000,4000,税抜,400,clean,,,100,2,,,見積メモ!R112,
Q2409-011,2024-09-05,C015,渡辺,チラシ,offset,2,1,11200,14800,28350,0,0,1000,0,0,0,0,0,55350,55350,0,55350,13837.5,0,0,0,0,0,69187.5,100,69100,0,0,69100,69100,69100,69100,税抜,6910,clean,,,5000,1,,,,
Q2409-012,2024-09-05,G08,渡辺,冊子,od,2,0.9,0,0,7292.4,15300,0,0,0,0,7100,0,0,29692.4,26723.16,0,26723.16,6680.79,0,0,0,0,0,33403.95,100,33400,0,0,33400,26700,33400,33400,税抜,3340,unrecorded_rush,rush surcharge applied without note,,200,1,,,,
Q2409-013,2024-09-06,C013,高橋,チラシ,od,2,1,0,0,2193,2250,0,1000,0,0,0,0,0,5443,5443,1,5500,0,0,0,0,0,0,5500,100,5500,800,0,6300,6300,6300,6300,税抜,630,clean,,,500,1,,,見積メモ!R113,
Q2409-014,2024-09-06,C016,高橋,名刺,card,2,1,0,0,0,0,0,0,0,0,0,0,12400,12400,12400,0,12400,0,0,0,0,0,0,12400,100,12400,0,-400,12000,12000,12000,12000,税抜,1200,clean,,,200,4,,,見積メモ!R114,
Q2409-015,2024-09-06,C001,高橋,チラシ,offset,2,0.9,22400,59600,86800,0,0,1000,0,0,0,0,0,169800,152820,0,152820,0,0,0,0,12000,0,164820,100,164800,0,-300,164500,164500,164500,164500,税抜,16450,clean,,,30000,1,,,見積メモ!R115,
Q2409-016,2024-09-09,C037,高橋,リーフレット,od,2,1,0,0,2863.8,14720,1500,1000,3200,0,0,0,0,23283.8,23283.8,0,23283.8,0,0,0,0,0,0,23283.8,100,23200,0,-200,23000,23000,23000,23000,税抜,2300,clean,,,500,1,,,見積メモ!R116,
Q2409-017,2024-09-09,C001,高橋,チラシ,offset,2,0.9,11200,8800,10850,0,0,1000,0,0,0,0,0,31850,28665,0,28665,0,0,0,0,0,0,28665,100,28600,0,-100,28500,28500,28500,28500,税抜,2850,clean,,,3000,1,,,見積メモ!R117,
Q2409-018,2024-09-09,一般,渡辺,名刺,card,2,1,0,0,0,0,0,0,0,0,0,0,2200,2200,2200,0,2200,0,0,0,0,0,0,2200,100,2200,0,0,2200,2200,2200,2420,税込,220,clean,,,100,1,,,,
Q2409-019,2024-09-09,D02,高橋,チラシ,offset,2,0.8,11200,14800,23550,0,0,1000,0,0,0,0,0,50550,40440,0,40440,0,3500,0,0,0,0,43940,100,43900,0,-400,43500,46000,43500,43500,税抜,4350,stale_customer_rate,old customer rate 0.80 used,,10000,1,,,見積メモ!R118,
Q2409-020,2024-09-10,C010,鈴木,チラシ,od,2,1,0,0,731.3,3200,0,1000,0,0,0,0,0,4931.3,4931.3,1,5500,0,0,0,0,0,0,5500,100,5500,800,0,6300,6300,6300,6300,税抜,630,clean,,,200,1,,,,
Q2409-021,2024-09-10,G08,渡辺,冊子,offset,2,0.9,16800,13200,9750,0,0,0,0,0,8900,0,0,48650,43785,0,43785,0,0,0,0,0,0,43785,100,43700,0,0,43700,43700,43700,43700,税抜,4370,clean,,,300,1,,,,
Q2409-022,2024-09-11,D05,田中,チラシ,offset,2,0.85,22400,23600,15700,0,0,1000,0,0,0,0,0,62700,53295,0,53295,0,0,0,0,2000,0,55295,100,55200,0,0,55200,55200,55200,55200,税抜,5520,clean,,,5000,1,,,,
Q2409-023,2024-09-11,C038,田中,冊子,offset,2,1,78400,82600,75600,0,0,0,0,0,39500,0,0,276100,276100,0,276100,0,0,0,0,0,0,276100,100,276100,0,0,276100,276100,276100,276100,税抜,27610,clean,,,2000,1,,,,
Q2409-024,2024-09-11,D02,高橋,チラシ,offset,2,0.85,2800,7450,62800,0,0,1000,0,0,0,0,0,74050,62942.5,0,62942.5,0,0,4000,0,0,0,66942.5,100,66900,0,-400,66500,66500,66500,66500,税抜,6650,clean,,,15000,1,,,見積メモ!R119,
Q2409-025,2024-09-12,一般,渡辺,名刺,card,2,1,0,0,0,0,0,0,0,0,0,0,2400,2400,2400,0,2400,0,0,0,0,0,0,2400,100,2400,0,0,2400,2400,2400,2640,税込,240,clean,,,100,1,,,,
Q2409-026,2024-09-12,D05,田中,リーフレット,offset,2,0.85,22400,29600,28350,0,0,1000,8000,0,0,0,0,89350,75947.5,0,75947.5,0,0,0,0,0,0,75947.5,100,75900,0,0,75900,75900,75900,75900,税抜,7590,clean,,,5000,1,,,,
Q2409-027,2024-09-12,C031,鈴木,封筒,env,2,1,4000,10500,0,0,0,0,0,0,0,49860,0,64360,64360,0,64360,0,0,0,0,0,0,64360,100,64300,6000,0,70300,70300,70300,70300,税抜,7030,clean,,,3000,1,,,,
Q2409-028,2024-09-13,一般,渡辺,名刺,card,2,1,0,0,0,0,0,0,0,0,0,0,4800,4800,4800,0,4800,0,0,0,0,0,3500,8300,100,8300,0,0,8300,8300,8300,9130,税込,830,clean,,,100,2,,,,
Q2409-029,2024-09-13,G08,渡辺,冊子,offset,2,0.9,44800,35200,14175,0,0,0,0,0,9500,0,0,103675,93307.5,0,93307.5,0,0,0,0,0,0,93307.5,100,93300,0,0,93300,93300,93300,93300,税抜,9330,clean,,,500,1,,,,
Q2409-030,2024-09-13,C035,鈴木,名刺,card,2,1,0,0,0,0,0,0,0,0,0,0,9600,9600,9600,0,9600,0,0,0,0,0,4500,14100,100,14100,0,0,14100,14100,14100,14100,税抜,1410,clean,,,100,4,,,,
Q2409-031,2024-09-13,D01,高橋,封筒,env,2,0.8,2000,2850,0,0,0,0,0,0,0,5700,0,10550,8440,0,8440,0,0,0,0,0,0,8440,100,8400,0,0,8400,8400,8400,8400,税抜,840,clean,,,2000,1,,,見積メモ!R120,
Q2409-032,2024-09-13,C031,鈴木,名刺,card,2,1,0,0,0,0,0,0,0,0,0,0,9300,9300,9300,0,9300,0,0,0,0,0,0,9300,100,9300,600,0,9900,9900,10890,10890,税抜,1089,tax_label_error,double_tax,,200,3,,,,
Q2409-033,2024-09-17,K004,田中,名刺,card,2,1,0,0,0,0,0,0,0,0,0,0,2400,2400,2400,0,2400,0,0,0,0,0,0,2400,100,2400,600,0,3000,3000,3000,3300,税込,300,clean,,,100,1,,,,
Q2409-034,2024-09-17,C031,鈴木,封筒,env,2,1,2000,2200,0,0,0,0,0,0,0,4750,0,8950,8950,0,8950,0,0,4000,0,0,0,12950,100,12900,1500,0,14400,14400,14400,14400,税抜,1440,clean,,,1000,1,,,,
Q2409-035,2024-09-17,D05,田中,チラシ,offset,2,0.85,22400,17600,12300,0,0,1000,0,0,0,0,0,53300,45305,0,45305,0,0,0,0,0,0,45305,100,45300,0,0,45300,45300,45300,45300,税抜,4530,clean,,,2000,1,,,,
Q2409-036,2024-09-17,C033,鈴木,チラシ,offset,2,1,22400,23600,32550,0,0,1000,0,0,0,0,0,79550,79550,0,79550,0,0,0,0,8000,0,87550,100,87500,0,0,83100,87500,83100,83100,税抜,8310,undocumented_discount,minus_5pct: 87500 -> 83100,,10000,2,,,,
Q2409-037,2024-09-18,C001,高橋,チラシ,offset,2,0.9,11200,14800,28350,0,0,1000,0,0,0,0,0,55350,49815,0,49815,0,0,0,0,0,0,49815,100,49800,0,-300,49500,49500,49500,49500,税抜,4950,clean,,,10000,1,,,見積メモ!R121,
Q2409-038,2024-09-18,G04,鈴木,冊子,od,2,0.9,0,0,607.7,1800,1500,0,0,0,4700,0,0,8607.7,7746.93,0,7746.93,0,0,0,0,0,0,7746.93,100,7700,1500,0,9200,9200,9200,9200,税抜,920,clean,,,100,1,,,,
Q2409-039,2024-09-19,D06,鈴木,リーフレット,od,2,0.8,0,0,2193,14720,0,1000,4100,0,0,0,0,22013,17610.4,0,17610.4,0,0,0,0,0,0,17610.4,100,17600,1500,0,19100,19100,19100,19100,税抜,1910,clean,,,500,1,,,,
Q2409-040,2024-09-19,D01,高橋,リーフレット,offset,2,0.8,22400,23600,18900,0,0,1000,10500,0,0,0,0,76400,61120,0,61120,0,0,0,0,0,0,61120,100,61100,0,-100,61000,61000,61000,61000,税抜,6100,clean,,,5000,1,,,見積メモ!R122,
Q2409-041,2024-09-19,C003,高橋,名刺,card,2,0.95,0,0,0,0,0,0,0,0,0,0,20800,20800,19760,0,19760,0,0,0,0,0,0,19760,100,19700,0,-200,19500,21000,19500,19500,税抜,1950,omitted_delivery_fee,delivery fee 1500 not added,,500,4,,,見積メモ!R123,
Q2409-042,2024-09-20,G05,高橋,チラシ,od,2,1,0,0,1883.4,2250,1500,1000,0,0,0,0,0,6633.4,6633.4,0,6633.4,0,3500,0,0,0,0,10133.4,100,10100,0,-100,10000,10000,10000,10000,税抜,1000,clean,,,500,1,,,見積メモ!R124,
Q2409-043,2024-09-20,C033,鈴木,名刺,card,2,1,0,0,0,0,0,0,0,0,0,0,6200,6200,6200,0,6200,0,0,0,0,0,3500,9700,100,9700,0,0,9700,9700,9700,9700,税抜,970,clean,,,200,2,,,,
Q2409-044,2024-09-20,C004,鈴木,チラシ,offset,2,1.05,22400,41600,82425,0,0,1000,0,0,0,0,0,147425,154796.25,0,154796.25,0,3500,0,0,0,0,158296.25,100,158200,0,0,158200,158200,158200,158200,税抜,15820,clean,,,20000,2,,,,
Q2409-045,2024-09-20,C015,渡辺,名刺,card,2,1,0,0,0,0,0,0,0,0,0,0,6200,6200,6200,0,6200,0,0,0,0,0,0,6200,100,6200,0,0,6200,6200,6200,6200,税抜,620,clean,,,500,1,,,,
Q2409-046,2024-09-20,C015,渡辺,チラシ,offset,2,1,11200,14800,28350,0,0,1000,0,0,0,0,0,55350,55350,0,55350,0,0,0,0,0,0,55350,100,55300,0,0,55300,55300,55300,55300,税抜,5530,clean,,,5000,1,,,,
Q2409-047,2024-09-20,一般,渡辺,チラシ,od,2,1,0,0,450.5,1600,1500,1000,0,0,0,0,0,4550.5,4550.5,1,5500,0,0,0,0,0,0,5500,100,5500,0,0,5500,5500,5500,6050,税込,550,clean,,,100,1,,,,
Q2409-048,2024-09-24,C018,田中,リーフレット,offset,2,1,22400,17600,12300,0,0,1000,3200,0,0,0,0,56500,56500,0,56500,0,3500,0,0,0,0,60000,100,60000,0,0,60000,60000,60000,60000,税抜,6000,clean,,,1000,1,,,,
Q2409-049,2024-09-24,K002,田中,名刺,card,2,1,0,0,0,0,0,0,0,0,0,0,3100,3100,3100,0,3100,0,0,0,0,0,0,3100,100,3100,0,0,3100,3100,3100,3410,税込,310,clean,,,200,1,,,,
Q2409-050,2024-09-24,一般,田中,チラシ,od,2,1,0,0,1883.4,2250,1500,1000,0,0,0,0,0,6633.4,6633.4,0,6633.4,0,0,0,0,0,0,6633.4,100,6600,1500,0,8100,8100,8100,8910,税込,810,clean,,,500,1,,,,
Q2409-051,2024-09-25,C012,高橋,冊子,offset,2,0.9,44800,47200,61500,0,0,0,0,0,27500,0,0,181000,162900,0,162900,0,0,0,0,0,0,162900,100,162900,0,-400,162500,162500,162500,162500,税抜,16250,clean,,,2000,1,,,見積メモ!R125,
Q2409-052,2024-09-25,C006,鈴木,封筒,env,2,0.95,4000,4400,0,0,0,0,0,0,0,6650,0,15050,14297.5,0,14297.5,0,0,0,0,0,0,14297.5,100,14200,0,0,14200,14200,14200,14200,税抜,1420,clean,,,1000,1,,,,
Q2409-053,2024-09-26,C017,田中,封筒,env,2,0.9,4000,9600,0,0,0,0,0,0,0,14250,0,27850,25065,0,25065,0,0,0,0,0,0,25065,100,25000,1500,0,26500,26500,26500,26500,税抜,2650,clean,,,5000,1,,,,
Q2409-054,2024-09-26,D02,高橋,名刺,card,2,0.8,0,0,0,0,0,0,0,0,0,0,13200,13200,10560,0,10560,0,0,0,0,0,0,10560,100,10500,1500,0,12000,12500,12000,12000,税抜,1200,stale_customer_rate,old customer rate 0.80 used,,200,3,,,見積メモ!R126,
Q2409-055,2024-09-26,C001,高橋,チラシ,offset,2,0.9,22400,41600,43175,0,0,1000,0,0,0,0,0,108175,97357.5,0,97357.5,0,0,0,0,0,0,97357.5,100,97300,0,-300,97000,97000,97000,97000,税抜,9700,clean,,,20000,1,,,見積メモ!R127,
Q2409-056,2024-09-27,C006,鈴木,リーフレット,offset,2,0.95,22400,17600,9450,0,0,1000,5700,0,0,0,0,56150,53342.5,0,53342.5,0,0,0,0,0,0,53342.5,100,53300,0,0,53300,53300,53300,53300,税抜,5330,duplicate_entry,same quote keyed twice,Q2409-058,2000,1,,,,
Q2409-057,2024-09-27,C026,田中,チラシ,offset,2,1,22400,17600,7850,0,0,1000,0,0,0,0,0,48850,48850,0,48850,0,0,0,0,0,0,48850,100,48800,0,0,48800,48800,48800,48800,税抜,4880,clean,,,1000,1,,,,
Q2409-058,2024-09-27,C006,鈴木,リーフレット,offset,2,0.95,22400,17600,9450,0,0,1000,5700,0,0,0,0,56150,53342.5,0,53342.5,0,0,0,0,0,0,53342.5,100,53300,0,0,53300,53300,53300,53300,税抜,5330,clean,,,2000,1,,,,
Q2409-059,2024-09-27,C016,高橋,封筒,env,2,1,2000,8050,0,0,0,0,0,0,0,66500,0,76550,76550,0,76550,0,0,0,0,0,0,76550,100,76500,0,0,76500,76500,76500,76500,税抜,7650,clean,,,10000,1,,,見積メモ!R128,
Q2409-060,2024-09-28,C012,高橋,名刺,card,2,0.9,0,0,0,0,0,0,0,0,0,0,26640,26640,23976,0,23976,0,0,0,0,0,0,23976,100,23900,0,-400,23500,23500,23500,23500,税抜,2350,clean,,,100,12,,,見積メモ!R129,
Q2409-061,2024-09-30,C017,田中,封筒,env,2,0.9,2000,2200,0,0,0,0,0,0,0,2850,0,7050,6345,0,6345,0,0,4000,0,0,0,10345,100,10300,1500,0,11800,11800,11800,11800,税抜,1180,clean,,,1000,1,,,,
Q2409-062,2024-09-30,C004,鈴木,チラシ,offset,2,1.05,33600,35400,35325,0,0,1000,0,0,0,0,0,105325,110591.25,0,110591.25,0,0,4000,0,0,0,114591.25,100,114500,0,0,114500,114500,114500,114500,税抜,11450,clean,,,5000,3,,,,
Q2409-063,2024-09-30,D05,田中,チラシ,offset,2,0.85,22400,23600,18900,0,0,1000,0,0,0,0,0,65900,56015,0,56015,0,0,0,0,0,0,56015,100,56000,0,0,56000,56000,56000,56000,税抜,5600,clean,,,10000,1,,,,
Q2410-001,2024-10-01,C020,渡辺,名刺,card,2,1,0,0,0,0,0,0,0,0,0,0,2600,2600,2600,0,2600,0,0,0,0,0,0,2600,100,2600,800,0,3400,3400,3400,3400,税抜,340,clean,,,200,1,,,,
Q2410-002,2024-10-01,C003,高橋,チラシ,offset,2,0.95,11200,14800,32550,0,0,1000,0,0,0,0,0,59550,56572.5,0,56572.5,0,0,0,0,0,0,56572.5,100,56500,0,0,56500,56500,56500,56500,税抜,5650,clean,,,20000,1,,見積書控え!R1-R17,見積メモ!R132,
Q2410-003,2024-10-01,C007,渡辺,封筒,env,2,0.95,4000,9600,0,0,0,0,0,0,0,14250,0,27850,26457.5,0,26457.5,0,0,4000,0,0,0,30457.5,100,30400,0,0,30400,30400,30400,30400,税抜,3040,clean,,,5000,1,,見積書控え!R20-R36,,
Q2410-004,2024-10-01,C035,鈴木,封筒,env,2,1,4000,4400,0,0,0,0,0,0,0,2850,0,11250,11250,0,11250,0,0,0,0,0,0,11250,100,11200,0,0,11200,11200,11200,11200,税抜,1120,clean,,,500,1,,,,
Q2410-005,2024-10-01,D06,鈴木,チラシ,offset,2,0.8,2800,2200,6150,0,0,1000,0,0,0,0,0,12150,9720,0,9720,0,0,0,0,400,0,10120,100,10100,1500,0,11600,11600,11600,11600,税抜,1160,clean,,,1000,1,,,,
Q2410-006,2024-10-02,C001,高橋,チラシ,offset,2,0.9,33600,26400,32550,0,0,1000,0,0,0,0,0,93550,84195,0,84195,0,0,0,0,0,0,84195,100,84100,0,-100,84000,84000,84000,84000,税抜,8400,clean,,,3000,3,,見積書控え!R39-R55,見積メモ!R133,
Q2410-007,2024-10-04,C004,鈴木,チラシ,offset,2,1.05,22400,59600,62800,0,0,1000,0,0,0,0,0,145800,153090,0,153090,0,0,0,0,0,0,153090,100,153090,0,0,153090,153000,153090,153090,税抜,15309,rounding_inconsistency,rounded with floor_10 instead of floor-100,,30000,1,,,,
Q2410-008,2024-10-04,C035,鈴木,名刺,card,2,1,0,0,0,0,0,0,0,0,0,0,32130,32130,32130,0,32130,0,0,0,0,0,0,32130,100,32100,0,0,32100,32100,32100,32100,税抜,3210,clean,,,100,13,,,,
Q2410-009,2024-10-04,C033,鈴木,チラシ,offset,2,1,22400,23600,32550,0,0,1000,0,0,0,0,0,79550,79550,0,79550,0,0,0,0,0,0,79550,100,79500,0,0,79500,79500,79500,79500,税抜,7950,clean,,,10000,2,,,,
Q2410-010,2024-10-04,C001,高橋,リーフレット,offset,2,0.9,22400,17600,4725,0,0,1000,4100,0,0,0,0,49825,44842.5,0,44842.5,0,0,0,0,0,0,44842.5,100,44800,0,-300,44500,44500,44500,44500,税抜,4450,clean,,,1000,1,,,見積メモ!R134,
Q2410-011,2024-10-04,C003,高橋,リーフレット,offset,2,0.95,22400,17600,6150,0,0,1000,4100,0,0,0,0,51250,48687.5,0,48687.5,0,0,0,0,0,0,48687.5,100,48600,0,-100,48500,48500,48500,48500,税抜,4850,clean,,,1000,1,,,見積メモ!R135,
Q2410-012,2024-10-05,一般,鈴木,チラシ,od,2,1,0,0,588.3,1600,1500,1000,0,0,0,0,0,4688.3,4688.3,1,5500,0,3500,0,0,0,0,9000,100,9000,1500,0,10500,10500,10500,11550,税込,1050,clean,,,100,1,,,,
Q2410-013,2024-10-08,D01,高橋,リーフレット,od,2,0.8,0,0,4377.5,27520,0,1000,3200,0,0,0,0,36097.5,28878,0,28878,0,0,0,0,0,0,28878,100,28800,1500,-300,30000,30000,30000,30000,税抜,3000,clean,,,500,1,,,見積メモ!R136,
Q2410-014,2024-10-08,C012,高橋,名刺,card,2,0.9,0,0,0,0,0,0,0,0,0,0,42180,42180,37962,0,37962,0,0,0,0,0,0,37962,100,37900,0,-400,37500,37500,37500,37500,税抜,3750,clean,,,300,12,,見積書控え!R58-R74,見積メモ!R137,
Q2410-015,2024-10-09,一般,渡辺,名刺,card,2,1,0,0,0,0,0,0,0,0,0,0,4700,4700,4700,0,4700,0,0,0,0,0,0,4700,100,4700,0,0,4700,4700,4700,5170,税込,470,clean,,,300,1,,,,
Q2410-016,2024-10-09,D05,田中,チラシ,offset,2,0.85,22400,17600,11775,0,0,1000,0,0,0,0,0,52775,44858.75,0,44858.75,0,0,0,0,0,0,44858.75,100,44800,0,0,44800,44800,44800,44800,税抜,4480,clean,,,3000,1,,,,
Q2410-017,2024-10-09,C002,高橋,リーフレット,offset,2,1,22400,23600,15700,0,0,1000,5600,0,0,0,0,68300,68300,0,68300,0,0,0,0,0,0,68300,100,68300,0,-300,68000,68000,68000,68000,税抜,6800,clean,,,3000,1,,,見積メモ!R138,
Q2410-018,2024-10-09,C012,高橋,封筒,env,2,0.9,2000,2200,0,0,0,0,0,0,0,6650,0,10850,9765,0,9765,0,0,0,0,0,0,9765,100,9700,0,0,9700,9700,9700,9700,税抜,970,clean,,,500,1,,,見積メモ!R139,
Q2410-019,2024-10-10,C040,鈴木,チラシ,od,2,1.05,0,0,1831.8,14720,0,1000,0,0,0,0,0,17551.8,18429.39,0,18429.39,0,0,0,0,0,0,18429.39,100,18400,1500,0,19900,19900,19900,19900,税抜,1990,clean,,,500,1,,見積書控え!R77-R93,,
Q2410-020,2024-10-11,一般,鈴木,名刺,card,2,1,0,0,0,0,0,0,0,0,0,0,4800,4800,4800,0,4800,0,0,0,0,0,0,4800,100,4800,0,0,4800,4800,4800,5280,税込,480,clean,,,300,2,,,,
Q2410-021,2024-10-11,G01,鈴木,リーフレット,offset,2,0.9,22400,29600,28350,0,0,1000,10500,0,0,0,0,91850,82665,0,82665,0,0,0,0,0,0,82665,100,82600,0,0,82600,82600,82600,82600,税抜,8260,clean,,,5000,1,,,,
Q2410-022,2024-10-11,C040,鈴木,名刺,card,2,1.05,0,0,0,0,0,0,0,0,0,0,1900,1900,1995,0,1995,0,0,0,0,0,0,1995,100,1900,1500,0,3400,3400,3400,3400,税抜,340,clean,,,100,1,,,,
Q2410-023,2024-10-11,C017,田中,リーフレット,offset,2,0.9,22400,17600,9450,0,0,1000,5700,0,0,0,0,56150,50535,0,50535,0,0,0,0,0,0,50535,100,50500,0,0,50500,50500,50500,50500,税抜,5050,clean,,,1500,1,,,,
Q2410-024,2024-10-11,一般,田中,名刺,card,2,1,0,0,0,0,0,0,0,0,0,0,3200,3200,3200,0,3200,0,1000,0,0,0,0,4200,100,4200,0,0,4200,4200,4200,4620,税込,420,clean,,,500,1,,,,
Q2410-025,2024-10-15,C014,鈴木,封筒,env,2,0.9,2000,3300,0,0,0,0,0,0,0,11400,0,16700,15030,0,15030,0,0,0,0,0,0,15030,100,15000,0,0,15000,15000,15000,15000,税抜,1500,clean,,,1000,1,,,,
Q2410-026,2024-10-15,一般,田中,チラシ,od,2,1,0,0,238,800,1500,1000,0,0,0,0,0,3538,3538,1,5500,0,0,0,0,0,0,5500,100,5500,0,0,5500,5500,5500,6050,税込,550,clean,,,50,1,,,,
Q2410-027,2024-10-16,C022,高橋,チラシ,offset,2,0.95,11200,8800,7850,0,0,1000,0,0,0,0,0,28850,27407.5,0,27407.5,0,0,0,0,0,0,27407.5,100,27400,0,-400,27000,27000,27000,27000,税抜,2700,clean,,,1000,1,,,見積メモ!R140,
Q2410-028,2024-10-16,一般,渡辺,名刺,card,2,1,0,0,0,0,0,0,0,0,0,0,2400,2400,2400,0,2400,0,0,0,0,0,0,2400,100,2400,0,0,2400,2400,2400,2640,税込,240,clean,,,100,1,,,,
Q2410-029,2024-10-16,C023,高橋,封筒,env,2,1,2000,3500,0,0,0,0,0,0,0,8550,0,14050,14050,0,14050,0,0,0,0,0,0,14050,100,14000,1500,0,15500,15500,15500,15500,税抜,1550,clean,,,3000,1,,見積書控え!R96-R112,見積メモ!R141,
Q2410-030,2024-10-16,D05,田中,封筒,env,2,0.85,2000,8050,0,0,0,0,0,0,0,28500,0,38550,32767.5,0,32767.5,0,0,0,0,0,0,32767.5,100,32700,0,0,32700,32700,32700,32700,税抜,3270,clean,,,10000,1,,,,
Q2410-031,2024-10-16,一般,渡辺,名刺,card,2,1,0,0,0,0,0,0,0,0,0,0,1600,1600,1600,0,1600,0,0,0,0,0,3000,4600,100,4600,0,0,4600,4600,4600,5060,税込,460,clean,,,100,1,,,,
Q2410-032,2024-10-16,D06,鈴木,リーフレット,od,2,0.8,0,0,2193,14720,1500,1000,4100,0,0,0,0,23513,18810.4,0,18810.4,0,0,0,0,0,0,18810.4,100,18800,1500,0,20300,20300,20300,20300,税抜,2030,clean,,,500,1,,,,
Q2410-033,2024-10-17,G04,鈴木,チラシ,od,2,0.9,0,0,607.7,1800,1500,1000,0,0,0,0,0,4907.7,4416.93,1,5500,0,0,0,0,0,0,5500,100,5500,1500,0,7000,7000,7000,7000,税抜,700,clean,,,200,1,,見積書控え!R115-R131,,
Q2410-034,2024-10-17,G05,高橋,チラシ,od,2,1,0,0,1522.2,2250,1500,1000,0,0,0,0,0,6272.2,6272.2,0,6272.2,0,0,0,0,0,0,6272.2,100,6200,1500,0,7700,7700,7700,7700,税抜,770,clean,,,500,1,,見積書控え!R134-R150,見積メモ!R142,
Q2410-035,2024-10-18,C005,鈴木,名刺,card,2,1,0,0,0,0,0,0,0,0,0,0,3200,3200,3200,0,3200,0,0,0,0,0,0,3200,100,3200,800,0,4000,4000,4000,4000,税抜,400,clean,,,100,2,,,,
Q2410-036,2024-10-18,D06,鈴木,チラシ,offset,2,0.8,22400,17600,18450,0,0,1000,0,0,0,0,0,59450,47560,0,47560,0,0,0,0,0,0,47560,100,47500,3000,0,50500,50500,50500,50500,税抜,5050,clean,,,3000,1,,,,
Q2410-037,2024-10-18,C014,鈴木,封筒,env,2,0.9,2000,3300,0,0,0,0,0,0,0,5700,0,11000,9900,0,9900,0,0,4000,0,0,0,13900,100,13900,0,0,13900,13900,13900,13900,税抜,1390,clean,,,500,1,,,,
Q2410-038,2024-10-18,G03,高橋,チラシ,offset,2,0.9,2800,2200,3250,0,0,1000,0,0,0,0,0,9250,8325,0,8325,0,0,0,0,0,0,8325,100,8300,1500,0,9800,9800,9800,9800,税抜,980,clean,,,1500,1,,見積書控え!R153-R169,見積メモ!R143,
Q2410-039,2024-10-18,C010,鈴木,チラシ,offset,2,1,67200,52800,33075,0,0,1000,0,0,0,0,0,154075,154075,0,154075,0,0,0,0,0,0,154075,100,154000,0,0,154000,154000,154000,154000,税抜,15400,clean,,,3000,3,,,,
Q2410-040,2024-10-18,C010,鈴木,封筒,env,2,1,2000,3300,0,0,0,0,0,0,0,8310,0,13610,13610,0,13610,0,0,0,0,0,0,13610,100,13600,0,0,13600,13600,13600,13600,税抜,1360,clean,,,500,1,,見積書控え!R172-R188,,
Q2410-041,2024-10-18,C002,高橋,チラシ,offset,2,1,44800,35200,13050,0,0,1000,0,0,0,0,0,94050,94050,0,94050,0,0,0,0,0,0,94050,100,94000,0,0,94000,94000,94000,94000,税抜,9400,clean,,,1000,2,,,見積メモ!R144,
Q2410-042,2024-10-21,C017,田中,冊子,offset,2,0.9,44800,59200,66150,0,0,0,0,0,39500,0,0,209650,188685,0,188685,0,0,0,0,0,0,188685,100,188600,0,0,188600,188600,188600,188600,税抜,18860,clean,,,3000,1,,,,
Q2410-043,2024-10-21,D05,田中,チラシ,od,2,0.85,0,0,1831.8,8000,0,1000,0,0,0,0,0,10831.8,9207.03,0,9207.03,0,0,0,0,0,0,9207.03,100,9200,800,0,10000,10000,10000,10000,税抜,1000,clean,,,500,1,,,,
Q2410-044,2024-10-21,C011,渡辺,チラシ,offset,2,1,11200,8800,4475,0,0,1000,0,0,0,0,0,25475,25475,0,25475,0,0,0,0,0,0,25475,100,25400,0,0,25400,25400,25400,25400,税抜,2540,clean,,,2000,1,,見積書控え!R191-R207,,
Q2410-045,2024-10-21,C012,高橋,封筒,env,2,0.9,4000,5700,0,0,0,0,0,0,0,9500,0,19200,17280,0,17280,0,0,4000,0,0,0,21280,100,21200,0,-200,21000,21000,21000,21000,税抜,2100,clean,,,2000,1,,,見積メモ!R145,
Q2410-046,2024-10-22,一般,渡辺,名刺,card,2,1,0,0,0,0,0,0,0,0,0,0,3400,3400,3400,0,3400,0,0,0,0,0,3000,6400,100,6400,0,0,6400,6400,6400,7040,税込,640,clean,,,100,1,,,,
Q2410-047,2024-10-22,D05,田中,リーフレット,offset,2,0.85,22400,41600,51975,0,0,1000,14000,0,0,0,0,130975,111328.75,0,111328.75,0,0,0,0,0,0,111328.75,100,111300,0,0,111300,111300,111300,111300,税抜,11130,clean,,,10000,1,,,,
Q2410-048,2024-10-22,C001,高橋,チラシ,offset,2,0.9,22400,41600,59675,0,0,1000,0,0,0,0,0,124675,112207.5,0,112207.5,0,0,0,0,0,0,112207.5,100,112200,0,-200,112000,112000,112000,112000,税抜,11200,clean,,,20000,1,,,見積メモ!R146,
Q2410-049,2024-10-23,C026,田中,チラシ,offset,2,1,22400,41600,71775,0,0,1000,0,0,0,0,0,136775,136775,0,136775,0,0,0,0,0,0,136775,100,136700,0,0,136700,136700,136700,136700,税抜,13670,clean,,,20000,1,,見積書控え!R210-R226,,
Q2410-050,2024-10-24,C026,田中,チラシ,offset,2,1,22400,29600,32550,0,0,1000,0,0,0,0,0,85550,85550,0,85550,0,0,0,0,0,0,85550,100,85500,0,0,85500,85500,85500,85500,税抜,8550,clean,,,10000,1,,見積書控え!R229-R245,,
Q2410-051,2024-10-25,一般,田中,名刺,card,2,1,,,,,,,,,,,,,,,,,,,,,,,,,,,2000,4900,2000,2200,税込,200,unreconcilable,amount not derivable from the spec (orig rule net 4900),,100,1,,,,
Q2410-052,2024-10-25,一般,鈴木,名刺,card,2,1,0,0,0,0,0,0,0,0,0,0,4200,4200,4200,0,4200,0,0,0,0,0,0,4200,100,4200,0,0,4200,4200,4200,4620,税込,420,clean,,,300,1,,,,
Q2410-053,2024-10-25,C006,鈴木,冊子,offset,2,0.95,11200,8800,6150,0,0,0,0,0,9500,0,0,35650,33867.5,0,33867.5,8466.88,0,0,0,0,0,42334.38,100,42300,0,0,42300,42300,42300,42300,税抜,4230,clean,,,500,1,,,,
Q2410-054,2024-10-25,C040,鈴木,封筒,env,2,1.05,2000,2200,0,0,0,0,0,0,0,2850,0,7050,7402.5,0,7402.5,0,0,0,0,0,0,7402.5,100,7400,1500,0,8900,8900,8900,8900,税抜,890,clean,,,1000,1,,,,
Q2410-055,2024-10-25,C020,渡辺,名刺,card,2,1,0,0,0,0,0,0,0,0,0,0,3400,3400,3400,0,3400,0,0,0,0,0,0,3400,100,3400,800,0,4200,4200,4200,4200,税抜,420,clean,,,200,1,,,,
Q2410-056,2024-10-25,C006,鈴木,封筒,env,2,0.95,2000,2850,0,0,0,0,0,0,0,9500,0,14350,13632.5,0,13632.5,0,0,0,0,0,0,13632.5,100,13600,0,0,13600,13600,13600,13600,税抜,1360,clean,,,2000,1,,見積書控え!R248-R264,,
Q2410-057,2024-10-25,K008,田中,名刺,card,2,1,0,0,0,0,0,0,0,0,0,0,2400,2400,2400,0,2400,0,1000,0,0,0,0,3400,100,3000,0,0,3000,3400,3000,3300,税込,300,rounding_inconsistency,rounded with half_up_1000 instead of floor-100,,100,1,,,,
Q2410-058,2024-10-26,C007,渡辺,封筒,env,2,0.95,4000,9600,0,0,0,0,0,0,0,14250,0,27850,26457.5,0,26457.5,0,0,4000,0,0,0,30457.5,100,30400,0,0,28800,30400,28800,28800,税抜,2880,undocumented_discount,minus_5pct: 30400 -> 28800,,5000,1,,,,
Q2410-059,2024-10-28,G01,鈴木,リーフレット,offset,2,0.9,22400,17600,12300,0,0,1000,5700,0,0,0,0,59000,53100,0,53100,0,0,0,0,0,0,53100,100,53100,0,0,53100,53100,53100,53100,税抜,5310,clean,,,2000,1,,見積書控え!R267-R283,,
Q2410-060,2024-10-28,一般,鈴木,チラシ,od,2,1,0,0,238,1600,1500,1000,0,0,0,0,0,4338,4338,1,5500,1375,0,0,0,0,0,6875,100,6800,0,0,6800,6800,6800,7480,税込,680,clean,,,50,1,,,,
Q2410-061,2024-10-28,C006,鈴木,リーフレット,offset,2,0.95,22400,17600,18450,0,0,1000,7300,0,0,0,0,66750,63412.5,0,63412.5,0,0,0,0,0,0,63412.5,100,63400,0,0,63400,63400,63400,63400,税抜,6340,clean,,,3000,1,,見積書控え!R286-R302,,
Q2410-062,2024-10-29,D06,鈴木,冊子,offset,2,0.8,78400,61600,18900,0,0,0,0,0,8900,0,0,167800,134240,0,134240,33560,0,4000,0,0,0,171800,100,171800,4500,0,176300,176300,176300,176300,税抜,17630,clean,,,300,1,,,,
Q2410-063,2024-10-29,C031,鈴木,リーフレット,offset,2,1,22400,17600,11775,0,0,1000,7300,0,0,0,0,60075,60075,0,60075,0,0,0,0,0,0,60075,100,60000,3000,0,63000,63000,63000,63000,税抜,6300,clean,,,3000,1,,見積書控え!R305-R321,,
Q2410-064,2024-10-29,C017,田中,封筒,env,2,0.9,4000,4400,0,0,0,0,0,0,0,4750,0,13150,11835,0,11835,0,0,0,0,0,0,11835,100,11800,1500,0,13300,13300,13300,13300,税抜,1330,clean,,,1000,1,,,,
Q2410-065,2024-10-29,C004,鈴木,名刺,card,2,1.05,0,0,0,0,0,0,0,0,0,0,6800,6800,7140,0,7140,0,0,0,0,0,0,7140,100,7100,1500,0,8600,8600,8600,8600,税抜,860,clean,,,100,2,,,,
Q2410-066,2024-10-30,C020,渡辺,名刺,card,2,1,0,0,0,0,0,0,0,0,0,0,3200,3200,3200,0,3200,0,0,0,0,0,0,3200,100,3200,800,0,4000,4000,4000,4000,税抜,400,clean,,,100,2,,,,
Q2410-067,2024-10-30,一般,鈴木,チラシ,od,2,1,0,0,386.9,450,1500,1000,0,0,0,0,0,3336.9,3336.9,1,5500,0,0,0,0,0,0,5500,100,5500,0,0,5500,5500,5500,6050,税込,550,clean,,,100,1,,,,
Q2410-068,2024-10-30,C012,高橋,名刺,card,2,0.9,0,0,0,0,0,0,0,0,0,0,8100,8100,7290,0,7290,0,0,0,0,0,0,7290,100,7200,800,0,8000,8000,8000,8000,税抜,800,clean,,,100,3,,,見積メモ!R147,
Q2410-069,2024-10-30,C028,田中,冊子,od,2,0.9,0,0,875.5,6400,1500,0,0,0,4100,0,0,12875.5,11587.95,0,11587.95,0,3500,0,0,0,0,15087.95,100,15000,0,0,15000,15000,15000,15000,税抜,1500,clean,,,50,1,,見積書控え!R324-R340,,
Q2410-070,2024-10-30,C034,鈴木,リーフレット,offset,2,1,22400,23600,30750,0,0,1000,15300,0,0,0,0,93050,93050,0,93050,0,0,0,0,0,0,93050,100,93000,0,0,93000,93000,93000,93000,税抜,9300,clean,,,8000,1,,,,
Q2410-071,2024-10-30,D06,鈴木,冊子,offset,2,0.8,78400,82600,75600,0,0,0,0,0,39500,0,0,276100,220880,0,220880,0,0,0,0,0,0,220880,100,220800,22500,0,243300,243300,243300,243300,税抜,24330,clean,,,2000,1,,,,
Q2410-072,2024-10-30,C009,田中,名刺,card,2,0.95,0,0,0,0,0,0,0,0,0,0,11100,11100,10545,0,10545,0,0,0,0,0,0,10545,100,10500,600,0,11100,11100,11100,11100,税抜,1110,clean,,,100,3,,,,
Q2410-073,2024-10-31,G05,高橋,冊子,od,2,1,0,0,5469.3,42880,0,0,0,0,6200,0,0,54549.3,54549.3,0,54549.3,0,3500,0,0,0,0,58049.3,100,58000,0,0,58000,58000,58000,58000,税抜,5800,clean,,,150,1,,,見積メモ!R148,
Q2411-001,2024-11-01,一般,渡辺,名刺,card,2,1,0,0,0,0,0,0,0,0,0,0,3400,3400,3400,0,3400,0,0,0,0,0,0,3400,100,3400,0,0,3400,3400,3400,3740,税込,340,clean,,,100,1,,,,
Q2411-002,2024-11-01,C026,田中,チラシ,offset,2,1,22400,89600,141050,0,0,1000,0,0,0,0,0,254050,254050,0,254050,0,0,0,0,0,0,254050,100,254000,0,0,254000,254000,254000,254000,税抜,25400,clean,,,50000,1,,見積書控え!R343-R359,,
Q2411-003,2024-11-01,C012,高橋,リーフレット,offset,2,0.9,22400,29600,28350,0,0,1000,14000,0,0,0,0,95350,85815,0,85815,21453.75,0,0,0,0,0,107268.75,100,107200,0,-200,107000,107000,107000,107000,税抜,10700,clean,,,10000,1,,見積書控え!R362-R378,見積メモ!R151,
Q2411-004,2024-11-05,G07,高橋,冊子,od,2,0.95,0,0,2430.8,22400,1500,0,0,0,5900,0,0,32230.8,30619.26,0,30619.26,0,0,0,0,0,0,30619.26,100,30600,0,-100,30500,30500,30500,30500,税抜,3050,clean,,,200,1,,,見積メモ!R152,
Q2411-005,2024-11-05,C037,高橋,名刺,card,2,1,0,0,0,0,0,0,0,0,0,0,2400,2400,2400,0,2400,600,1000,0,0,0,0,4000,100,4000,0,0,4000,4000,4000,4000,税抜,400,clean,,,300,1,,,見積メモ!R153,
Q2411-006,2024-11-05,C018,田中,チラシ,offset,2,1,22400,23600,15700,0,0,1000,0,0,0,0,0,62700,62700,0,62700,0,0,0,0,0,0,62700,100,62700,0,0,62700,62700,62700,62700,税抜,6270,clean,,,5000,1,,,,
Q2411-007,2024-11-05,C016,渡辺,名刺,card,2,1,,,,,,,,,,,,,,,,,,,,,,,,,,,6000,18400,6000,6000,税抜,600,unreconcilable,amount not derivable from the spec (orig rule net 18400),,100,8,,見積書控え!R381-R397,,
Q2411-008,2024-11-06,C014,鈴木,封筒,env,2,0.9,2000,3300,0,0,0,0,0,0,0,11400,0,16700,15030,0,15030,0,0,4000,0,0,0,19030,100,19000,0,0,19000,19000,19000,19000,税抜,1900,clean,,,1000,1,,,,
Q2411-009,2024-11-06,C001,高橋,名刺,card,2,0.9,0,0,0,0,0,0,0,0,0,0,20100,20100,18090,0,18090,0,0,0,0,0,4000,22090,100,22000,0,0,22000,22000,22000,22000,税抜,2200,clean,,,500,3,,見積書控え!R400-R416,見積メモ!R154,
Q2411-010,2024-11-06,G04,鈴木,冊子,od,2,0.9,0,0,914.5,2700,1500,0,0,0,5300,0,0,10414.5,9373.05,0,9373.05,0,0,0,0,0,0,9373.05,100,9300,1500,0,10800,10800,10800,10800,税抜,1080,clean,,,150,1,,見積書控え!R419-R435,,
Q2411-011,2024-11-07,C020,渡辺,名刺,card,2,1,0,0,0,0,0,0,0,0,0,0,4800,4800,4800,0,4800,0,0,0,0,0,0,4800,100,4800,0,0,4800,4800,4800,4800,税抜,480,clean,,,300,2,,見積書控え!R438-R454,,
Q2411-012,2024-11-07,C030,高橋,冊子,od,2,1,0,0,1215.4,12160,1500,0,0,0,4700,0,0,19575.4,19575.4,0,19575.4,0,0,0,0,0,0,19575.4,100,19500,0,0,19500,19500,19500,19500,税抜,1950,clean,,,100,1,,見積書控え!R457-R473,見積メモ!R155,
Q2411-013,2024-11-07,C009,田中,名刺,card,2,0.95,0,0,0,0,0,0,0,0,0,0,11100,11100,10545,0,10545,0,0,0,0,0,0,10545,100,10500,0,0,10500,10500,10500,10500,税抜,1050,clean,,,100,3,,見積書控え!R476-R492,,
Q2411-014,2024-11-07,C030,高橋,封筒,env,2,1,4000,5700,0,0,0,0,0,0,0,5700,0,15400,15400,0,15400,0,0,0,0,0,0,15400,100,15400,0,-400,15000,15000,15000,15000,税抜,1500,clean,,,2000,1,,,見積メモ!R156,
Q2411-015,2024-11-07,C040,鈴木,名刺,card,2,1.05,0,0,0,0,0,0,0,0,0,0,9000,9000,9450,0,9450,0,0,0,0,0,0,9450,100,9400,1500,0,10900,10900,10900,10900,税抜,1090,clean,,,100,3,,,,
Q2411-016,2024-11-08,D02,高橋,チラシ,offset,2,0.85,11200,8800,9450,0,0,1000,0,0,0,0,0,30450,25882.5,0,25882.5,0,0,0,0,0,0,25882.5,100,25800,1500,-300,27000,27000,27000,27000,税抜,2700,clean,,,5000,1,,,見積メモ!R157,
Q2411-017,2024-11-08,C001,高橋,チラシ,offset,2,0.9,22400,23600,32550,0,0,1000,0,0,0,0,0,79550,71595,0,71595,0,0,0,0,0,0,71595,100,71500,0,0,71500,71500,71500,71500,税抜,7150,clean,,,10000,2,,,見積メモ!R158,
Q2411-018,2024-11-08,C001,高橋,チラシ,offset,2,0.9,22400,23600,21700,0,0,1000,0,0,0,0,0,68700,61830,0,61830,0,0,0,0,0,0,61830,100,61800,0,-300,61500,61500,61500,61500,税抜,6150,clean,,,10000,1,,見積書控え!R495-R511,見積メモ!R159,
Q2411-019,2024-11-09,G04,鈴木,封筒,env,2,0.9,2000,2200,0,0,0,0,0,0,0,4750,0,8950,8055,0,8055,0,0,0,0,0,0,8055,100,8000,1500,0,9500,9500,9500,9500,税抜,950,clean,,,500,1,,見積書控え!R514-R530,,
Q2411-020,2024-11-11,C002,高橋,チラシ,offset,2,1,11200,8800,6525,0,0,1000,0,0,0,0,0,27525,27525,0,27525,0,0,0,0,0,0,27525,100,27500,1500,0,27500,29000,27500,27500,税抜,2750,undocumented_discount,minus_5pct: 29000 -> 27500,,1000,1,,見積書控え!R533-R549,見積メモ!R160,
Q2411-021,2024-11-11,一般,田中,名刺,card,2,1,0,0,0,0,0,0,0,0,0,0,1600,1600,1600,0,1600,0,0,0,0,0,0,1600,100,1600,0,0,1600,1600,1600,1760,税込,160,clean,,,100,1,,,,
Q2411-022,2024-11-11,一般,鈴木,チラシ,od,2,1,0,0,1317.5,4800,1500,1000,0,0,0,0,0,8617.5,8617.5,0,8617.5,0,0,0,0,0,0,8617.5,100,8600,0,0,8600,8600,8600,9460,税込,860,clean,,,300,1,,,,
Q2411-023,2024-11-11,C017,田中,リーフレット,offset,2,0.9,22400,23600,18900,0,0,1000,8000,0,0,0,0,73900,66510,0,66510,0,0,0,0,0,0,66510,100,66500,0,0,66500,66500,66500,66500,税抜,6650,clean,,,5000,1,,見積書控え!R552-R568,,
Q2411-024,2024-11-12,C016,渡辺,リーフレット,od,2,1,0,0,3429.9,17280,1500,1000,3200,0,0,0,0,26409.9,26409.9,0,26409.9,0,0,0,0,0,0,26409.9,100,26400,0,0,25000,26400,25000,25000,税抜,2500,undocumented_discount,minus_5pct: 26400 -> 25000,,300,1,,,,
Q2411-025,2024-11-12,C001,高橋,チラシ,offset,2,0.9,11200,44800,84500,0,0,1000,0,0,0,0,0,141500,127350,0,127350,0,0,4000,0,0,0,131350,100,131300,0,-300,131000,131000,131000,131000,税抜,13100,clean,,,50000,1,,,見積メモ!R161,
Q2411-026,2024-11-13,C002,高橋,チラシ,offset,2,1,11200,20800,59675,0,0,1000,0,0,0,0,0,92675,92675,0,92675,0,0,0,0,0,0,92675,100,92600,0,-100,92500,92500,92500,92500,税抜,9250,clean,,,20000,1,,,見積メモ!R162,
Q2411-027,2024-11-13,C033,鈴木,チラシ,offset,2,1,22400,23600,32550,0,0,1000,0,0,0,0,0,79550,79550,0,79550,0,0,0,0,0,0,79550,100,79500,0,0,79500,79500,79500,79500,税抜,7950,clean,,,10000,2,,見積書控え!R571-R587,,
Q2411-028,2024-11-13,C002,高橋,リーフレット,offset,2,1,22400,17600,12300,0,0,1000,5700,0,0,0,0,59000,59000,0,59000,0,0,4000,0,0,0,63000,100,63000,0,0,63000,63000,63000,63000,税抜,6300,clean,,,1500,1,,見積書控え!R590-R606,見積メモ!R163,
Q2411-029,2024-11-13,C021,鈴木,名刺,card,2,1.1,0,0,0,0,0,0,0,0,0,0,4300,4300,4730,0,4730,0,0,0,0,0,3000,7730,100,7700,800,0,8500,8500,8500,8500,税抜,850,clean,,,200,1,,見積書控え!R609-R625,,
Q2411-030,2024-11-14,C033,鈴木,チラシ,offset,2,1,11200,20800,43175,0,0,1000,0,0,0,0,0,76175,76175,0,76175,0,0,0,0,0,0,76175,100,76100,0,0,76100,76100,76100,76100,税抜,7610,clean,,,20000,1,,見積書控え!R628-R644,,
Q2411-031,2024-11-14,D01,高橋,リーフレット,offset,2,0.8,22400,17600,9450,0,0,1000,3200,0,0,0,0,53650,42920,0,42920,0,0,0,0,0,0,42920,100,42900,0,-400,42500,42500,42500,42500,税抜,4250,clean,,,1000,1,,,見積メモ!R164,
Q2411-032,2024-11-14,C035,鈴木,封筒,env,2,1,2000,8050,0,0,0,0,0,0,0,47500,0,57550,57550,0,57550,0,0,4000,0,0,0,61550,100,61500,0,0,61500,61500,61500,61500,税抜,6150,clean,,,10000,1,,,,
Q2411-033,2024-11-14,C007,渡辺,チラシ,offset,2,0.95,22400,29600,32550,0,0,1000,0,0,0,0,0,85550,81272.5,0,81272.5,0,0,0,0,0,0,81272.5,100,81200,0,0,81200,81200,81200,81200,税抜,8120,clean,,,10000,1,,,,
Q2411-034,2024-11-15,C007,渡辺,チラシ,offset,2,0.95,11200,20800,71775,0,0,1000,0,0,0,0,0,104775,99536.25,0,99536.25,0,0,4000,0,0,0,103536.25,100,103500,0,0,103500,103500,103500,103500,税抜,10350,clean,,,20000,1,,,,
Q2411-035,2024-11-15,C020,渡辺,名刺,card,2,1,0,0,0,0,0,0,0,0,0,0,6300,6300,6300,0,6300,0,0,0,0,0,0,6300,100,6300,800,0,7100,7100,7100,7100,税抜,710,clean,,,100,3,,,,
Q2411-036,2024-11-18,G07,高橋,冊子,od,2,0.95,0,0,2430.8,22400,1500,0,0,0,5900,0,0,32230.8,30619.26,0,30619.26,0,0,0,0,0,0,30619.26,100,30600,0,-100,30500,30500,30500,30500,税抜,3050,clean,,,200,1,,見積書控え!R647-R663,見積メモ!R165,
Q2411-037,2024-11-18,C018,田中,チラシ,offset,2,1,2800,2200,4475,0,0,1000,0,0,0,0,0,10475,10475,0,10475,0,0,0,0,0,0,10475,100,10400,0,0,10400,10400,10400,10400,税抜,1040,clean,,,1000,1,,,,
Q2411-038,2024-11-18,C002,高橋,チラシ,offset,2,1,11200,8800,10850,0,0,1000,0,0,0,0,0,31850,31850,0,31850,0,0,0,0,0,0,31850,100,31800,0,-300,31500,31500,31500,31500,税抜,3150,clean,,,1500,1,,,見積メモ!R166,
Q2411-039,2024-11-18,C028,田中,チラシ,od,2,0.9,0,0,3656.5,27520,1500,1000,0,0,0,0,0,33676.5,30308.85,0,30308.85,0,0,0,0,0,0,30308.85,100,30300,0,0,30300,30300,30300,30300,税抜,3030,clean,,,500,1,,見積書控え!R666-R682,,
Q2411-040,2024-11-19,C017,田中,リーフレット,offset,2,0.9,22400,17600,9450,0,0,1000,5700,0,0,0,0,56150,50535,0,50535,0,0,0,0,0,0,50535,100,50500,0,0,50500,50500,50500,50500,税抜,5050,clean,,,2000,1,,,,
Q2411-041,2024-11-19,C009,田中,名刺,card,2,0.95,0,0,0,0,0,0,0,0,0,0,18900,18900,17955,0,17955,0,0,0,0,0,0,17955,100,17900,1500,0,19400,19400,19400,19400,税抜,1940,clean,,,300,3,,見積書控え!R685-R701,,
Q2411-042,2024-11-19,C006,鈴木,名刺,card,2,0.95,0,0,0,0,0,0,0,0,0,0,41070,41070,39016.5,0,39016.5,0,0,0,0,0,0,39016.5,100,39000,0,0,36000,39000,36000,36000,税抜,3600,undocumented_discount,minus_fixed: 39000 -> 36000,,200,12,,見積書控え!R704-R720,,
Q2411-043,2024-11-19,C020,渡辺,チラシ,offset,2,1,11200,8800,3250,0,0,1000,3200,0,0,0,0,27450,27450,0,27450,0,0,0,0,0,0,27450,100,27400,0,0,27400,27400,27400,27400,税抜,2740,clean,,,1000,1,,見積書控え!R723-R739,,
Q2411-044,2024-11-20,C016,高橋,リーフレット,offset,2,1,22400,17600,18450,0,0,1000,7300,0,0,0,0,66750,66750,0,66750,0,0,0,0,0,0,66750,100,66700,0,-200,66500,66500,66500,66500,税抜,6650,clean,,,3000,1,,,見積メモ!R167,
Q2411-045,2024-11-20,C015,渡辺,チラシ,offset,2,1,11200,14800,28350,0,0,1000,0,0,0,0,0,55350,55350,0,55350,0,0,0,0,0,0,55350,100,55300,0,0,55300,55300,55300,55300,税抜,5530,clean,,,5000,1,,見積書控え!R742-R758,,
Q2411-046,2024-11-20,C006,鈴木,名刺,card,2,0.95,0,0,0,0,0,0,0,0,0,0,3400,3400,3230,0,3230,0,0,0,0,0,0,3230,100,3200,800,0,4000,4000,4000,4000,税抜,400,clean,,,100,1,,見積書控え!R761-R777,,
Q2411-047,2024-11-21,D06,鈴木,リーフレット,offset,2,0.8,22400,17600,6150,0,0,1000,4100,0,0,0,0,51250,41000,0,41000,0,0,0,0,0,0,41000,100,41000,1500,0,42500,42500,42500,42500,税抜,4250,clean,,,1000,1,,,,
Q2411-048,2024-11-21,C003,高橋,冊子,offset,2,0.95,8400,6600,9450,0,0,0,0,0,9500,0,0,33950,32252.5,0,32252.5,0,0,0,0,0,0,32252.5,100,32200,0,-200,32000,32000,32000,32000,税抜,3200,clean,,,500,1,,見積書控え!R780-R796,見積メモ!R168,
Q2411-049,2024-11-21,D01,高橋,リーフレット,od,2,0.8,0,0,875.5,6400,0,1000,3200,0,0,0,0,11475.5,9180.4,0,9180.4,0,0,0,0,0,0,9180.4,100,9100,1500,-100,10500,10500,10500,10500,税抜,1050,clean,,,100,1,,,見積メモ!R169,
Q2411-050,2024-11-21,D06,鈴木,名刺,card,2,0.8,0,0,0,0,0,0,0,0,0,0,8100,8100,6480,0,6480,0,0,0,0,0,0,6480,100,6400,600,0,7000,7000,7000,7000,税抜,700,clean,,,100,3,,,,
Q2411-051,2024-11-22,C021,鈴木,冊子,offset,2,1.1,11200,8800,12300,0,0,0,0,0,15500,0,0,47800,52580,0,52580,0,0,0,0,0,0,52580,100,52500,0,0,52500,52500,52500,52500,税抜,5250,clean,,,1000,1,,,,
Q2411-052,2024-11-22,G07,田中,冊子,offset,2,0.95,22400,17600,6500,0,0,0,0,0,7100,0,0,53600,50920,0,50920,0,0,0,0,0,0,50920,100,50900,0,0,50900,50900,50900,50900,税抜,5090,clean,,,300,1,,,,
Q2411-053,2024-11-22,C009,田中,名刺,card,2,0.95,0,0,0,0,0,0,0,0,0,0,20790,20790,19750.5,0,19750.5,0,0,0,0,0,6500,26250.5,100,26200,600,0,26800,26800,26800,26800,税抜,2680,clean,,,100,8,,見積書控え!R799-R815,,
Q2411-054,2024-11-25,G05,高橋,冊子,od,2,1,0,0,1751,3420,1500,0,0,0,4700,0,0,11371,11371,0,11371,2842.75,0,0,0,0,0,14213.75,100,14200,1500,-200,15500,15500,15500,15500,税抜,1550,clean,,,100,1,,見積書控え!R818-R834,見積メモ!R170,
Q2411-055,2024-11-25,C006,鈴木,冊子,offset,2,0.95,11200,8800,6150,0,0,0,0,0,9500,0,0,35650,33867.5,0,33867.5,0,0,0,0,0,0,33867.5,100,33800,0,0,33800,33800,33800,33800,税抜,3380,clean,,,500,1,,見積書控え!R837-R853,,
Q2411-056,2024-11-25,C001,高橋,チラシ,offset,2,0.9,11200,44800,84500,0,0,1000,0,0,0,0,0,141500,127350,0,127350,0,0,0,0,0,0,127350,100,127300,0,-300,127000,127000,127000,127000,税抜,12700,clean,,,50000,1,,見積書控え!R856-R872,見積メモ!R171,
Q2411-057,2024-11-25,C012,高橋,封筒,env,2,0.9,2000,4800,0,0,0,0,0,0,0,14250,0,21050,18945,0,18945,0,0,0,0,0,0,18945,100,18900,0,-400,18500,18500,18500,18500,税抜,1850,clean,,,5000,1,,,見積メモ!R172,
Q2411-058,2024-11-26,一般,田中,リーフレット,offset,2,1,22400,41600,67650,0,0,1000,14000,0,0,0,0,146650,146650,0,146650,36662.5,0,0,8000,0,0,191312.5,100,191300,21000,0,212300,212300,212300,233530,税込,21230,clean,,,10000,1,,,,
Q2411-059,2024-11-27,C035,鈴木,チラシ,od,2,1,0,0,941.7,4000,1500,1000,0,0,0,0,0,7441.7,7441.7,0,7441.7,0,0,0,0,0,0,7441.7,100,7400,800,0,8200,8200,8200,8200,税抜,820,clean,,,500,1,,,,
Q2411-060,2024-11-28,C001,高橋,名刺,card,2,0.9,0,0,0,0,0,0,0,0,0,0,4500,4500,4050,0,4050,0,0,0,0,0,0,4050,100,4000,800,0,4800,4800,4800,4800,税抜,480,clean,,,100,1,,見積書控え!R875-R891,見積メモ!R173,
Q2411-061,2024-11-29,D06,鈴木,冊子,od,2,0.8,0,0,6859.8,31360,1500,0,0,0,5300,0,0,45019.8,36015.84,0,36015.84,0,0,0,0,0,0,36015.84,100,36000,0,0,36000,36000,36000,36000,税抜,3600,clean,,,100,1,,,,
Q2411-062,2024-11-29,D01,高橋,リーフレット,offset,2,0.8,22400,17600,9450,0,0,1000,3200,0,0,0,0,53650,42920,0,42920,0,0,0,0,0,0,42920,100,42900,0,-400,42500,42500,42500,42500,税抜,4250,clean,,,1000,1,,,見積メモ!R174,
Q2411-063,2024-11-29,C036,渡辺,名刺,card,2,0.9,0,0,0,0,0,0,0,0,0,0,3400,3400,3060,0,3060,0,1000,0,0,0,0,4060,100,4000,800,0,4800,4800,4800,4800,税抜,480,clean,,,100,1,,,,
Q2411-064,2024-11-29,D02,高橋,冊子,offset,2,0.85,67200,52800,30750,0,0,0,0,0,12500,0,0,163250,138762.5,0,138762.5,0,0,0,0,0,0,138762.5,100,138700,0,-200,138500,138500,138500,138500,税抜,13850,clean,,,500,1,,,見積メモ!R175,
Q2411-065,2024-11-29,D05,田中,チラシ,offset,2,0.85,22400,23600,15700,0,0,1000,0,0,0,0,0,62700,53295,0,53295,0,0,0,0,2000,0,55295,100,55200,0,0,55200,55200,55200,55200,税抜,5520,clean,,,5000,1,,,,
Q2411-066,2024-11-29,D02,高橋,封筒,env,2,0.85,2000,2200,0,0,0,0,0,0,0,4750,0,8950,7607.5,0,7607.5,0,0,0,0,0,0,7607.5,100,7600,1500,0,9100,9100,9100,9100,税抜,910,superseded_by_revision,re-issued with changed quantity,Q2411-066-R2,1000,1,,,見積メモ!R176,
Q2411-067,2024-11-29,C007,渡辺,チラシ,offset,2,0.95,22400,23600,15700,0,0,1000,0,0,0,0,0,62700,59565,0,59565,0,3500,0,0,0,0,63065,100,63000,0,0,63000,63000,63000,63000,税抜,6300,clean,,,5000,1,,,,
Q2411-068,2024-11-30,G05,高橋,冊子,od,2,1,0,0,5253,31360,1500,0,0,0,5900,0,0,44013,44013,0,44013,0,0,0,0,0,0,44013,100,44000,0,0,44000,44000,44000,44000,税抜,4400,clean,,,200,1,,,見積メモ!R177,
Q2412-001,2024-12-02,C001,高橋,名刺,card,2,0.9,0,0,0,0,0,0,0,0,0,0,2400,2400,2160,0,2160,0,0,0,0,0,0,2160,100,2100,800,0,2900,2900,2900,2900,税抜,290,clean,,,100,1,,見積書控え!R894-R910,見積メモ!R180,
Q2412-002,2024-12-02,C031,鈴木,名刺,card,2,1,0,0,0,0,0,0,0,0,0,0,11400,11400,11400,0,11400,0,0,0,0,0,0,11400,100,11400,600,0,12000,12000,13200,13200,税抜,1320,tax_label_error,double_tax,,300,3,,見積書控え!R913-R929,,
Q2412-003,2024-12-02,C017,田中,封筒,env,2,0.9,2000,2200,0,0,0,0,0,0,0,2850,0,7050,6345,0,6345,0,0,0,0,400,0,6745,100,6700,1500,0,8200,8200,8200,8200,税抜,820,clean,,,1000,1,,,,
Q2412-004,2024-12-03,一般,田中,名刺,card,2,1,0,0,0,0,0,0,0,0,0,0,2400,2400,2400,0,2400,0,0,0,0,0,0,2400,100,2400,800,0,3200,3200,3200,3520,税込,320,clean,,,300,1,,,,
Q2412-005,2024-12-03,C038,田中,冊子,offset,2,1,8400,6600,12300,0,0,0,0,0,12500,0,0,39800,39800,0,39800,0,0,0,0,0,0,39800,100,39800,0,0,39800,39800,39800,39800,税抜,3980,clean,,,500,1,,見積書控え!R932-R948,,
Q2412-006,2024-12-03,C012,高橋,名刺,card,2,0.9,0,0,0,0,0,0,0,0,0,0,15400,15400,13860,0,13860,0,0,0,0,0,0,13860,100,13800,0,-300,13500,13500,13500,13500,税抜,1350,clean,,,200,8,,,見積メモ!R181,
Q2412-007,2024-12-03,C010,鈴木,チラシ,offset,2,1,11200,14800,23550,0,0,1000,0,0,0,0,0,50550,50550,0,50550,0,0,0,0,0,0,50550,100,50500,0,0,47900,50500,47900,47900,税抜,4790,undocumented_discount,minus_5pct: 50500 -> 47900,,10000,1,,,,
Q2412-008,2024-12-03,一般,田中,リーフレット,offset,2,1,22400,29600,36900,0,0,1000,18500,0,0,0,0,108400,108400,0,108400,0,0,0,0,0,0,108400,100,108400,0,0,108400,108400,108400,119240,税込,10840,clean,,,10000,1,,,,
Q2412-009,2024-12-03,C003,高橋,チラシ,od,2,0.95,0,0,731.3,6400,1500,1000,0,0,0,0,0,9631.3,9149.74,0,9149.74,0,0,0,0,0,0,9149.74,100,9100,1500,-100,10500,10500,10500,10500,税抜,1050,clean,,,200,1,,見積書控え!R951-R967,見積メモ!R182,
Q2412-010,2024-12-04,C037,高橋,名刺,card,2,1,0,0,0,0,0,0,0,0,0,0,7800,7800,7800,0,7800,0,0,0,0,0,0,7800,100,7800,800,0,8600,8600,8600,8600,税抜,860,clean,,,100,3,,見積書控え!R970-R986,見積メモ!R183,
Q2412-011,2024-12-04,C018,田中,チラシ,offset,2,1,22400,23600,15700,0,0,1000,0,0,0,0,0,62700,62700,0,62700,0,0,0,0,0,0,62700,100,62700,0,0,62700,62700,62700,62700,税抜,6270,clean,,,3000,1,,,,
Q2412-012,2024-12-05,C001,高橋,チラシ,offset,2,0.9,22400,41600,43175,0,0,1000,0,0,0,0,0,108175,97357.5,0,97357.5,0,0,0,0,0,0,97357.5,100,97300,0,-300,97000,97000,97000,97000,税抜,9700,clean,,,20000,1,,,見積メモ!R184,
Q2412-013,2024-12-06,C033,鈴木,リーフレット,offset,2,1,22400,17600,8475,0,0,1000,3200,0,0,0,0,52675,52675,0,52675,0,0,0,0,0,0,52675,100,52600,0,0,52600,52600,52600,52600,税抜,5260,clean,,,1000,1,,,,
Q2412-014,2024-12-06,C001,高橋,チラシ,offset,2,0.9,44800,83200,86350,0,0,1000,0,0,0,0,0,215350,193815,0,193815,0,0,0,0,0,0,193815,100,193800,0,-300,193500,193500,193500,193500,税抜,19350,clean,,,20000,2,,見積書控え!R989-R1005,見積メモ!R185,
Q2412-015,2024-12-06,C007,渡辺,封筒,env,2,0.95,4000,9600,0,0,0,0,0,0,0,14250,0,27850,26457.5,0,26457.5,0,0,4000,0,0,0,30457.5,100,30400,0,0,30400,30400,30400,30400,税抜,3040,clean,,,5000,1,,,,
Q2412-016,2024-12-06,D06,鈴木,リーフレット,od,2,0.8,0,0,2193,14720,1500,1000,4100,0,0,0,0,23513,18810.4,0,18810.4,0,0,0,0,0,0,18810.4,100,18800,1500,0,20300,20300,20300,20300,税抜,2030,clean,,,500,1,,,,
Q2412-017,2024-12-09,C031,鈴木,封筒,env,2,1,4000,5700,0,0,0,0,0,0,0,13300,0,23000,23000,0,23000,0,0,0,0,0,0,23000,100,23000,0,0,23000,23000,23000,23000,税抜,2300,clean,,,1200,1,,,,
Q2412-018,2024-12-09,G07,高橋,冊子,od,2,0.95,0,0,4861.6,39040,1500,0,0,0,5900,0,0,51301.6,48736.52,0,48736.52,0,0,0,0,0,0,48736.52,100,48700,0,-200,48500,48500,48500,48500,税抜,4850,clean,,,200,1,,,見積メモ!R186,
Q2412-019,2024-12-09,C021,鈴木,冊子,offset,2,1.1,11200,8800,12300,0,0,0,0,0,15500,0,0,47800,52580,0,52580,0,0,0,0,0,0,52580,100,52500,0,0,52500,52500,52500,52500,税抜,5250,clean,,,1000,1,,,,
Q2412-020,2024-12-09,一般,鈴木,名刺,card,2,1,0,0,0,0,0,0,0,0,0,0,4700,4700,4700,0,4700,0,0,0,0,0,0,4700,100,4700,0,0,4700,4700,4700,5170,税込,470,clean,,,300,1,,,,
Q2412-021,2024-12-09,C028,田中,冊子,od,2,0.9,0,0,3502,22400,1500,0,0,0,5900,0,0,33302,29971.8,0,29971.8,0,0,0,0,0,0,29971.8,100,29900,0,0,29900,29900,29900,29900,税抜,2990,clean,,,200,1,,,,
Q2412-022,2024-12-09,C030,高橋,チラシ,offset,2,1,11200,8800,3925,0,0,1000,0,0,0,0,0,24925,24925,0,24925,0,0,0,0,0,0,24925,100,24900,0,-400,24500,24500,24500,24500,税抜,2450,clean,,,1000,1,,見積書控え!R1008-R1024,見積メモ!R187,
Q2412-023,2024-12-09,D05,田中,リーフレット,offset,2,0.85,22400,29600,36900,0,0,1000,18500,0,0,0,0,108400,92140,0,92140,0,0,0,0,0,0,92140,100,92100,0,0,92100,92100,92100,92100,税抜,9210,clean,,,10000,1,,,,
Q2411-066-R2,2024-12-10,D02,高橋,封筒,env,2,0.85,2000,2850,0,0,0,0,0,0,0,9500,0,14350,12197.5,0,12197.5,0,0,0,0,0,0,12197.5,100,12100,1500,-100,13500,13500,13500,13500,税抜,1350,clean,re-issue with changed quantity,Q2411-066,1200,1,,,見積メモ!R188,
Q2412-024,2024-12-10,一般,田中,名刺,card,2,1,0,0,0,0,0,0,0,0,0,0,5800,5800,5800,0,5800,0,0,0,0,0,0,5800,100,5800,0,0,5800,5800,5800,6380,税込,580,clean,,,500,1,,,,
Q2412-025,2024-12-10,C007,渡辺,名刺,card,2,0.95,0,0,0,0,0,0,0,0,0,0,16800,16800,15960,0,15960,0,0,0,0,0,0,15960,100,15900,0,0,15900,15900,15900,15900,税抜,1590,clean,,,200,4,,,,
Q2412-026,2024-12-11,C010,鈴木,チラシ,offset,2,1,44800,47200,54250,0,0,1000,0,0,0,0,0,147250,147250,0,147250,0,0,0,0,0,0,147250,100,147200,0,0,147200,147200,147200,147200,税抜,14720,clean,,,8000,2,,,,
Q2412-027,2024-12-11,C031,鈴木,リーフレット,offset,2,1,22400,17600,7850,0,0,1000,5700,0,0,0,0,54550,54550,0,54550,0,0,0,0,0,0,54550,100,54500,1500,0,56000,56000,56000,56000,税抜,5600,clean,,,2000,1,,見積書控え!R1027-R1043,,
Q2412-028,2024-12-11,C031,鈴木,リーフレット,offset,2,1,22400,23600,18900,0,0,1000,10500,0,0,0,0,76400,76400,0,76400,0,0,0,0,0,0,76400,100,76400,4500,0,80900,80900,80900,80900,税抜,8090,clean,,,5000,1,,,,
Q2412-029,2024-12-11,K005,田中,名刺,card,2,1,0,0,0,0,0,0,0,0,0,0,8200,8200,8200,0,8200,0,0,0,0,0,0,8200,100,8200,0,0,8200,8200,8200,9020,税込,820,clean,,,1000,1,,,,
Q2412-030,2024-12-11,C040,鈴木,チラシ,offset,2,1.05,22400,17600,8475,0,0,1000,0,21000,0,0,0,70475,73998.75,0,73998.75,0,0,0,0,0,0,73998.75,100,73900,0,0,73900,73900,73900,73900,税抜,7390,clean,,,1500,1,,,,
Q2412-031,2024-12-12,C002,高橋,リーフレット,offset,2,1,22400,23600,15700,0,0,1000,5600,0,0,0,0,68300,68300,0,68300,0,0,0,0,0,0,68300,100,68300,0,-300,68000,68000,68000,68000,税抜,6800,clean,,,3000,1,,見積書控え!R1046-R1062,見積メモ!R189,
Q2412-032,2024-12-12,C017,田中,封筒,env,2,0.9,2000,2200,0,0,0,0,0,0,0,2850,0,7050,6345,0,6345,0,0,0,0,0,0,6345,100,6300,1500,0,7800,7800,7800,7800,税抜,780,clean,,,500,1,,見積書控え!R1065-R1081,,
Q2412-033,2024-12-12,C020,渡辺,名刺,card,2,1,0,0,0,0,0,0,0,0,0,0,4800,4800,4800,0,4800,0,0,0,0,0,0,4800,100,4800,800,0,5600,5600,5600,5600,税抜,560,clean,,,100,2,,見積書控え!R1084-R1100,,
Q2412-034,2024-12-13,C021,鈴木,冊子,offset,2,1.1,11200,8800,12300,0,0,0,0,0,15500,0,0,47800,52580,0,52580,0,0,0,0,0,0,52580,100,52500,0,0,52500,52500,52500,52500,税抜,5250,clean,,,1000,1,,,,
Q2412-035,2024-12-14,一般,田中,名刺,card,2,1,0,0,0,0,0,0,0,0,0,0,3700,3700,3700,0,3700,0,0,0,0,0,3000,6700,100,6700,0,0,6700,6700,6700,7370,税込,670,clean,,,200,1,,,,
Q2412-036,2024-12-16,D01,高橋,チラシ,offset,2,0.8,33600,26400,19625,0,0,1000,0,0,0,0,0,80625,64500,0,64500,0,0,0,0,0,0,64500,100,64500,0,0,64500,64500,64500,64500,税抜,6450,clean,,,5000,3,,,見積メモ!R190,
Q2412-037,2024-12-16,C017,田中,名刺,card,2,0.9,0,0,0,0,0,0,0,0,0,0,16480,16480,14832,0,14832,0,0,0,0,0,0,14832,100,14800,1500,0,16300,16300,16300,16300,税抜,1630,clean,,,100,11,,,,
Q2412-038,2024-12-16,C020,渡辺,チラシ,offset,2,1,11200,8800,6150,0,0,1000,0,0,0,0,0,27150,27150,0,27150,0,0,0,0,0,0,27150,100,27100,0,0,27100,27100,27100,27100,税抜,2710,clean,,,1000,1,,見積書控え!R1103-R1119,,
Q2412-039,2024-12-16,C010,鈴木,名刺,card,2,1,0,0,0,0,0,0,0,0,0,0,22200,22200,22200,0,22200,0,0,0,0,0,0,22200,100,22200,0,0,22200,22200,22200,22200,税抜,2220,clean,,,500,3,,見積書控え!R1122-R1138,,
Q2412-040,2024-12-16,C015,渡辺,名刺,card,2,1,0,0,0,0,0,0,0,0,0,0,12800,12800,12800,0,12800,0,0,0,0,0,0,12800,100,12800,0,0,12800,12800,12800,12800,税抜,1280,clean,,,500,4,,見積書控え!R1141-R1157,,
Q2412-041,2024-12-17,一般,田中,チラシ,od,2,1,0,0,450.5,1600,1500,1000,0,0,0,0,0,4550.5,4550.5,1,5500,1375,0,0,0,0,0,6875,100,6800,600,0,7400,7400,7400,8140,税込,740,clean,,,100,1,,,,
Q2412-042,2024-12-17,C031,鈴木,名刺,card,2,1,0,0,0,0,0,0,0,0,0,0,9600,9600,9600,0,9600,0,0,0,0,0,0,9600,100,9600,600,0,10200,10200,10200,10200,税抜,1020,clean,,,100,4,,,,
Q2412-043,2024-12-17,C003,高橋,チラシ,offset,2,0.95,11200,14800,32550,0,0,1000,0,0,0,0,0,59550,56572.5,0,56572.5,0,0,0,8000,8000,0,72572.5,100,72500,0,0,72500,72500,72500,72500,税抜,7250,superseded_by_revision,re-issued with a negotiated price,Q2412-043-R2,20000,1,,見積書控え!R1160-R1176,見積メモ!R191,
Q2412-044,2024-12-17,C004,鈴木,チラシ,offset,2,1.05,22400,35600,62800,0,0,1000,0,0,0,0,0,121800,127890,0,127890,0,0,0,0,0,0,127890,100,127800,0,0,127800,127800,127800,127800,税抜,12780,clean,,,15000,2,,,,
Q2412-045,2024-12-17,C037,高橋,チラシ,od,2,1,0,0,1100.5,1350,1500,1000,3200,0,0,0,0,8150.5,8150.5,0,8150.5,0,0,0,0,0,0,8150.5,100,8100,800,0,8900,8900,8900,8900,税抜,890,clean,,,300,1,,見積書控え!R1179-R1195,見積メモ!R192,
Q2412-046,2024-12-18,C033,高橋,チラシ,offset,2,1,11200,29800,62800,0,0,1000,0,0,0,0,0,104800,104800,0,104800,0,0,0,0,0,0,104800,100,104800,0,-300,104500,104500,104500,104500,税抜,10450,clean,,,30000,1,,,見積メモ!R193,
Q2412-047,2024-12-18,K009,鈴木,名刺,card,2,1,0,0,0,0,0,0,0,0,0,0,2900,2900,2900,0,2900,0,0,0,0,0,0,2900,100,2900,0,0,2900,2900,2900,3190,税込,290,clean,,,100,1,,,,
Q2412-048,2024-12-18,C001,渡辺,チラシ,offset,2,0.9,33600,26400,32550,0,0,1000,0,0,0,0,0,93550,84195,0,84195,0,0,0,0,0,0,84195,100,84100,0,0,84100,84100,84100,84100,税抜,8410,clean,,,3000,3,,,,
Q2412-049,2024-12-18,C031,鈴木,リーフレット,offset,2,1,22400,17600,11775,0,0,1000,7300,0,0,0,0,60075,60075,0,60075,0,0,0,0,0,0,60075,100,60000,3000,0,63000,63000,63000,63000,税抜,6300,clean,,,3000,1,,見積書控え!R1198-R1214,,
Q2412-050,2024-12-18,C035,鈴木,封筒,env,2,1,4000,4400,0,0,0,0,0,0,0,2850,0,11250,11250,0,11250,0,0,0,0,400,0,11650,100,11600,0,0,11600,11600,11600,11600,税抜,1160,clean,,,1000,1,,,,
Q2412-051,2024-12-19,C031,鈴木,封筒,env,2,1,4000,7000,0,0,0,0,0,0,0,8550,0,19550,19550,0,19550,0,0,0,0,0,0,19550,100,19500,1500,0,21000,21000,21000,21000,税抜,2100,clean,,,3000,1,,見積書控え!R1217-R1233,,
Q2412-052,2024-12-19,K006,田中,名刺,card,2,1,0,0,0,0,0,0,0,0,0,0,6500,6500,6500,0,6500,0,0,0,0,0,0,6500,100,7000,600,0,7600,7100,7600,8360,税込,760,rounding_inconsistency,rounded with half_up_1000 instead of floor-100,,300,1,,,,
Q2412-053,2024-12-20,一般,渡辺,名刺,card,2,1,0,0,0,0,0,0,0,0,0,0,2400,2400,2400,0,2400,0,0,0,0,0,0,2400,100,2400,0,0,2400,2400,2400,2640,税込,240,clean,,,100,1,,,,
Q2412-054,2024-12-20,C025,鈴木,チラシ,offset,2,1,22400,17600,3925,0,0,1000,0,0,0,0,0,44925,44925,0,44925,0,0,0,0,0,0,44925,100,44900,0,0,44900,44900,44900,44900,税抜,4490,clean,,,1000,1,,,,
Q2412-055,2024-12-20,一般,田中,チラシ,od,2,1,0,0,751.9,900,1500,1000,0,0,0,0,0,4151.9,4151.9,1,5500,0,0,0,0,0,0,5500,100,5500,800,0,6300,6300,6300,6930,税込,630,clean,,,200,1,,,,
Q2412-056,2024-12-20,C013,高橋,チラシ,offset,2,1,2800,2950,14175,0,0,1000,0,0,0,0,0,20925,20925,0,20925,0,0,0,0,0,0,20925,100,20900,0,-400,20500,20500,20500,20500,税抜,2050,clean,,,5000,1,,見積書控え!R1236-R1252,見積メモ!R194,
Q2412-057,2024-12-20,G04,鈴木,冊子,od,2,0.9,0,0,5253,31360,1500,0,0,0,6200,0,0,44313,39881.7,0,39881.7,0,0,0,0,0,0,39881.7,100,39800,0,0,39800,39800,39800,39800,税抜,3980,clean,,,150,1,,,,
Q2412-058,2024-12-20,C007,渡辺,チラシ,offset,2,0.95,33600,35400,39250,0,0,1000,0,0,0,0,0,109250,103787.5,0,103787.5,0,0,4000,0,0,0,107787.5,100,107700,0,0,107700,107700,107700,107700,税抜,10770,clean,,,3000,3,,,,
Q2412-059,2024-12-20,D06,鈴木,チラシ,offset,2,0.8,11200,8800,12300,0,0,1000,0,0,0,0,0,33300,26640,0,26640,0,0,0,0,0,0,26640,100,26600,0,0,26600,26600,26600,26600,税抜,2660,clean,,,3000,1,,,,
Q2412-060,2024-12-21,C025,鈴木,名刺,card,2,1,0,0,0,0,0,0,0,0,0,0,6600,6600,6600,0,6600,0,1000,0,0,0,0,7600,100,7600,0,0,7600,7600,7600,7600,税抜,760,clean,,,100,3,,,,
Q2412-061,2024-12-23,C007,渡辺,チラシ,offset,2,0.95,22400,41600,43175,0,0,1000,0,0,0,0,0,108175,102766.25,0,102766.25,0,0,0,0,0,0,102766.25,100,102700,0,0,102700,102700,102700,102700,税抜,10270,clean,,,20000,1,,見積書控え!R1255-R1271,,
Q2412-062,2024-12-23,C006,鈴木,封筒,env,2,0.95,4000,4400,0,0,0,0,0,0,0,6650,0,15050,14297.5,0,14297.5,0,0,4000,0,0,0,18297.5,100,18200,0,0,18200,18200,18200,18200,税抜,1820,clean,,,1000,1,,,,
Q2412-063,2024-12-23,C033,鈴木,リーフレット,offset,2,1,22400,17600,8475,0,0,1000,3200,0,0,0,0,52675,52675,0,52675,0,0,0,0,0,0,52675,100,52600,0,0,52600,52600,52600,52600,税抜,5260,clean,,,1000,1,,見積書控え!R1274-R1290,,
Q2412-064,2024-12-23,G04,鈴木,チラシ,od,2,0.9,0,0,607.7,1800,1500,1000,0,0,0,0,0,4907.7,4416.93,1,5500,0,0,0,0,0,0,5500,100,5500,0,0,5500,5500,5500,5500,税抜,550,clean,,,200,1,,,,
Q2412-065,2024-12-23,一般,鈴木,名刺,card,2,1,0,0,0,0,0,0,0,0,0,0,2400,2400,2400,0,2400,0,0,0,0,0,3000,5400,100,5400,0,0,5400,5400,5400,5940,税込,540,clean,,,100,1,,,,
Q2412-066,2024-12-23,G04,鈴木,冊子,od,2,0.9,0,0,4377.5,27520,1500,0,0,0,5300,0,0,38697.5,34827.75,0,34827.75,0,0,0,0,0,0,34827.75,100,34800,0,0,34800,34800,34800,34800,税抜,3480,clean,,,100,1,,見積書控え!R1293-R1309,,
Q2412-067,2024-12-23,C001,高橋,チラシ,offset,2,0.9,22400,29600,23550,0,0,1000,0,0,0,0,0,76550,68895,0,68895,0,0,0,0,0,0,68895,100,68800,0,-300,68500,68500,68500,68500,税抜,6850,clean,,,10000,1,,,見積メモ!R195,
Q2412-068,2024-12-23,C012,高橋,封筒,env,2,0.9,4000,5700,0,0,0,0,0,0,0,9500,0,19200,17280,0,17280,0,0,0,0,0,0,17280,100,17200,0,-200,17000,17000,17000,17000,税抜,1700,clean,,,1500,1,,,見積メモ!R196,
Q2412-069,2024-12-23,C001,高橋,チラシ,offset,2,0.9,11200,44800,84500,0,0,1000,0,0,0,0,0,141500,127350,0,127350,0,0,0,0,0,0,127350,100,127300,0,-300,127000,127000,127000,127000,税抜,12700,clean,,,50000,1,,,見積メモ!R197,
Q2412-070,2024-12-24,C033,鈴木,リーフレット,offset,2,1,22400,17600,8475,0,0,1000,3200,0,0,0,0,52675,52675,0,52675,0,0,0,0,0,0,52675,100,52600,0,0,52600,52600,52600,52600,税抜,5260,clean,,,1000,1,,,,
Q2412-071,2024-12-24,C004,鈴木,チラシ,offset,2,1.05,22400,29600,23550,0,0,1000,0,0,0,0,0,76550,80377.5,0,80377.5,0,0,0,8000,0,0,88377.5,100,88300,0,0,88300,88300,88300,88300,税抜,8830,clean,,,10000,1,,,,
Q2412-072,2024-12-24,C030,高橋,封筒,env,2,1,2000,3300,0,0,0,0,0,0,0,5700,0,11000,11000,0,11000,0,0,0,0,0,0,11000,100,11000,0,0,11000,11000,11000,11000,税抜,1100,clean,,,500,1,,見積書控え!R1312-R1328,見積メモ!R198,
Q2412-073,2024-12-25,C014,鈴木,チラシ,od,2,0.9,0,0,1143.3,900,1500,1000,0,0,0,0,0,4543.3,4088.97,1,5500,0,0,0,0,0,0,5500,100,5500,800,0,6300,6300,6300,6300,税抜,630,clean,,,200,1,,,,
Q2412-074,2024-12-25,C006,鈴木,リーフレット,offset,2,0.95,22400,29600,28350,0,0,1000,8000,0,0,0,0,89350,84882.5,0,84882.5,0,0,0,0,0,0,84882.5,100,84800,0,0,84800,84800,84800,84800,税抜,8480,clean,,,5000,1,,,,
Q2412-075,2024-12-25,C015,渡辺,名刺,card,2,1,0,0,0,0,0,0,0,0,0,0,12400,12400,12400,0,12400,0,0,0,0,0,0,12400,100,12400,0,0,12400,12400,12400,12400,税抜,1240,clean,,,500,2,,見積書控え!R1331-R1347,,
Q2412-076,2024-12-25,C002,高橋,チラシ,od,2,1,0,0,2193,8000,0,1000,0,0,0,0,0,11193,11193,0,11193,2798.25,0,0,0,0,0,13991.25,100,13900,1500,-400,15000,15000,15000,15000,税抜,1500,clean,,,500,1,,,見積メモ!R199,
Q2412-077,2024-12-25,C015,渡辺,チラシ,offset,2,1,11200,14800,28350,0,0,1000,0,0,0,0,0,55350,55350,0,55350,0,0,0,0,0,0,55350,100,55300,0,0,55300,55300,55300,55300,税抜,5530,clean,,,5000,1,,見積書控え!R1350-R1366,,
Q2412-078,2024-12-25,C009,田中,冊子,offset,2,0.95,22400,17600,14175,0,0,0,0,0,15500,0,0,69675,66191.25,0,66191.25,0,0,0,0,0,0,66191.25,100,66100,0,0,66100,66100,66100,66100,税抜,6610,clean,,,1000,1,,,,
Q2412-079,2024-12-25,一般,田中,チラシ,od,2,1,0,0,450.5,1600,1500,1000,0,0,0,0,0,4550.5,4550.5,1,5500,0,0,0,0,0,0,5500,100,5500,0,0,5500,5500,5500,6050,税込,550,clean,,,100,1,,,,
Q2412-080,2024-12-25,C001,高橋,チラシ,offset,2,0.9,11200,44800,84500,0,0,1000,0,0,0,0,0,141500,127350,0,127350,0,0,0,0,0,0,127350,100,127300,0,-300,127000,127000,127000,127000,税抜,12700,clean,,,50000,1,,,見積メモ!R200,
Q2412-043-R2,2024-12-26,C003,高橋,チラシ,offset,2,0.95,11200,14800,32550,0,0,1000,0,0,0,0,0,59550,56572.5,0,56572.5,0,0,0,8000,8000,0,72572.5,100,72500,0,0,67400,72500,67400,67400,税抜,6740,negotiated_revision,price cut on re-issue: 72500 -> 67400,Q2412-043,20000,1,,見積書控え!R1369-R1385,見積メモ!R201,
Q2412-081,2024-12-26,C002,高橋,チラシ,offset,2,1,11200,8800,6500,0,0,1000,0,0,0,0,0,27500,27500,0,27500,0,0,0,0,0,0,27500,100,27500,1500,0,29000,29000,29000,29000,税抜,2900,clean,,,3000,1,,,見積メモ!R202,
Q2412-082,2024-12-27,C031,鈴木,冊子,offset,2,1,33600,44400,32500,0,0,0,0,0,57500,0,0,168000,168000,0,168000,0,0,0,0,0,0,168000,100,168000,10500,0,178500,178500,178500,178500,税抜,17850,clean,,,3000,1,,見積書控え!R1388-R1404,,
Q2412-083,2024-12-27,C033,鈴木,チラシ,offset,2,1,11200,26800,70525,0,0,1000,0,0,0,0,0,109525,109525,0,109525,0,0,0,0,0,0,109525,100,109500,0,0,109500,109500,109500,109500,税抜,10950,clean,,,50000,1,,見積書控え!R1407-R1423,,
Q2412-084,2024-12-27,C010,鈴木,チラシ,offset,2,1,22400,29600,32550,0,0,1000,0,0,0,0,0,85550,85550,0,85550,0,0,0,0,0,0,85550,100,85500,0,0,85500,85500,85500,85500,税抜,8550,clean,,,10000,1,,見積書控え!R1426-R1442,,
Q2412-085,2024-12-27,D05,田中,冊子,offset,2,0.85,22400,17600,9450,0,0,0,0,0,9500,0,0,58950,50107.5,0,50107.5,0,0,0,0,0,0,50107.5,100,50100,0,0,50100,50100,50100,50100,税抜,5010,clean,,,500,1,,,,
Q2412-086,2024-12-27,D06,鈴木,リーフレット,od,2,0.8,0,0,1720.5,9600,0,1000,4100,0,0,0,0,16420.5,13136.4,0,13136.4,0,0,0,0,0,0,13136.4,100,13100,1500,0,14600,14600,14600,14600,税抜,1460,clean,,,300,1,,,,
Q2501-001,2025-01-06,C003,高橋,封筒,env,2,0.95,2000,3500,0,0,0,0,0,0,0,8550,0,14050,13347.5,0,13347.5,0,0,4000,0,0,0,17347.5,100,17300,0,-300,17000,17000,17000,17000,税抜,1700,clean,,,3000,1,,,見積メモ!R205,
Q2501-002,2025-01-06,C019,鈴木,封筒,env,2,0.95,2000,2850,0,0,0,0,0,0,0,5700,0,10550,10022.5,0,10022.5,0,0,4000,0,0,0,14022.5,100,14000,0,0,14000,14000,14000,14000,税抜,1400,superseded_by_revision,re-issued with changed quantity,Q2501-002-R2,2000,1,,,,
Q2501-003,2025-01-07,C016,高橋,名刺,card,2,1,0,0,0,0,0,0,0,0,0,0,34650,34650,34650,0,34650,0,0,0,0,0,6500,41150,100,41100,0,-100,41000,41000,41000,41000,税抜,4100,clean,,,100,8,,見積書控え!R1445-R1461,見積メモ!R206,
Q2501-004,2025-01-07,C004,鈴木,チラシ,offset,2,0.95,33600,35400,51025,0,0,1000,0,0,0,0,0,121025,114973.75,0,114973.75,0,0,0,0,0,0,114973.75,100,114900,0,0,114900,127000,114900,114900,税抜,11490,copied_customer_rate,rate 0.95 copied from previous quote for C019,,8000,3,,,,
Q2501-005,2025-01-07,C007,渡辺,チラシ,offset,2,0.95,22400,23600,13000,0,0,1000,0,0,0,0,0,60000,57000,0,57000,0,0,0,0,0,0,57000,100,57000,0,0,57000,57000,57000,57000,税抜,5700,clean,,,5000,1,,,,
Q2501-002-R2,2025-01-08,C019,鈴木,封筒,env,2,0.95,2000,2850,0,0,0,0,0,0,0,5700,0,10550,10022.5,0,10022.5,0,0,4000,0,0,0,14022.5,100,14000,0,0,14000,14000,14000,14000,税抜,1400,clean,re-issue with changed quantity,Q2501-002,1500,1,,,,
Q2501-006,2025-01-08,C027,田中,名刺,card,2,1,0,0,0,0,0,0,0,0,0,0,33300,33300,33300,0,33300,0,0,0,0,0,0,33300,100,33300,0,0,33300,33300,33300,33300,税抜,3330,clean,,,100,12,,,,
Q2501-007,2025-01-10,C033,鈴木,チラシ,offset,2,1,22400,29600,23550,0,0,1000,0,0,0,0,0,76550,76550,0,76550,0,0,0,0,0,0,76550,100,76500,0,0,76500,76500,76500,76500,税抜,7650,clean,,,10000,1,,見積書控え!R1464-R1480,,
Q2501-008,2025-01-10,C034,鈴木,冊子,od,2,1,0,0,5150.4,7020,0,0,0,0,5300,0,0,17470.4,17470.4,0,17470.4,0,0,0,0,0,0,17470.4,100,17400,0,0,17400,17400,17400,17400,税抜,1740,clean,,,150,1,,見積書控え!R1483-R1499,,
Q2501-009,2025-01-10,C026,田中,名刺,card,2,1,0,0,0,0,0,0,0,0,0,0,12000,12000,12000,0,12000,0,0,0,0,0,0,12000,100,12000,0,0,12000,12000,12000,12000,税抜,1200,clean,,,100,5,,,,
Q2501-010,2025-01-10,D05,田中,冊子,offset,2,0.85,33600,26400,12300,0,0,0,0,0,8900,0,0,81200,69020,0,69020,0,0,0,0,0,0,69020,100,69000,0,0,69000,69000,69000,69000,税抜,6900,clean,,,300,1,,,,
Q2501-011,2025-01-14,C037,高橋,名刺,card,2,1,0,0,0,0,0,0,0,0,0,0,9600,9600,9600,0,9600,0,0,0,0,0,0,9600,100,9600,0,0,9600,9600,9600,9600,税抜,960,clean,,,100,4,,,見積メモ!R207,
Q2501-012,2025-01-14,G06,高橋,冊子,offset,2,0.9,5600,4400,6500,0,0,0,0,0,9500,0,0,26000,23400,0,23400,0,3500,0,0,0,0,26900,100,26900,0,-400,26500,26500,26500,26500,税抜,2650,clean,,,500,1,,,見積メモ!R208,
Q2501-013,2025-01-14,C031,鈴木,封筒,env,2,1,4000,4400,0,0,0,0,0,0,0,6650,0,15050,15050,0,15050,0,0,4000,0,0,0,19050,100,19000,1500,0,20500,20500,20500,20500,税抜,2050,clean,,,1000,1,,,,
Q2501-014,2025-01-14,C040,鈴木,封筒,env,2,1.05,2000,2850,0,0,0,0,0,0,0,5700,0,10550,11077.5,0,11077.5,0,0,0,0,0,0,11077.5,100,11000,0,0,11000,11000,11000,11000,税抜,1100,clean,,,1500,1,,,,
Q2501-015,2025-01-14,C040,鈴木,封筒,env,2,1.05,4000,5700,0,0,0,0,0,0,0,13300,0,23000,24150,0,24150,0,0,0,0,0,0,24150,100,24100,1500,0,25600,25600,25600,25600,税抜,2560,clean,,,2000,1,,,,
Q2501-016,2025-01-15,C015,渡辺,冊子,offset,2,1,56000,44000,22750,0,0,0,0,0,21500,0,0,144250,144250,0,144250,0,0,0,0,0,0,144250,100,144200,0,0,144200,144200,144200,144200,税抜,14420,clean,,,1000,1,,,,
Q2501-017,2025-01-16,C007,渡辺,チラシ,offset,2,0.95,33600,107400,243350,0,0,1000,0,0,0,0,0,385350,366082.5,0,366082.5,0,0,0,0,0,0,366082.5,100,366000,0,0,366000,366000,366000,366000,税抜,36600,clean,,,20000,3,,,,
Q2501-018,2025-01-16,C012,高橋,封筒,env,2,0.9,4000,7000,0,0,0,0,0,0,0,14250,0,25250,22725,0,22725,0,0,0,0,0,0,22725,100,22700,0,-200,22500,22500,22500,22500,税抜,2250,clean,,,2500,1,,見積書控え!R1502-R1518,見積メモ!R209,
Q2501-019,2025-01-16,一般,田中,名刺,card,2,1,0,0,0,0,0,0,0,0,0,0,3200,3200,3200,0,3200,0,0,0,0,0,3000,6200,100,6200,800,0,7000,7000,7000,7700,税込,700,clean,,,200,1,,,,
Q2501-020,2025-01-17,C040,鈴木,名刺,card,2,1.05,0,0,0,0,0,0,0,0,0,0,3400,3400,3570,0,3570,0,0,0,0,0,0,3570,100,3500,1500,0,5000,5000,5000,5000,税抜,500,clean,,,100,1,,見積書控え!R1521-R1537,,
Q2501-021,2025-01-17,C028,田中,チラシ,od,2,0.9,0,0,2193.9,17280,0,1000,0,0,0,0,0,20473.9,18426.51,0,18426.51,0,0,0,0,0,0,18426.51,100,18400,0,0,18400,18400,18400,18400,税抜,1840,clean,,,300,1,,,,
Q2501-022,2025-01-17,D01,高橋,チラシ,offset,2,0.8,11200,8800,3925,0,0,1000,0,0,0,0,0,24925,19940,0,19940,0,0,0,0,0,0,19940,100,19900,1500,-400,21000,21000,21000,21000,税抜,2100,clean,,,2000,1,,,見積メモ!R210,
Q2501-023,2025-01-17,一般,渡辺,名刺,card,2,1,0,0,0,0,0,0,0,0,0,0,2400,2400,2400,0,2400,0,0,0,0,0,3000,5400,100,5400,800,0,6200,6200,6200,6820,税込,620,clean,,,100,1,,,,
Q2501-024,2025-01-17,D01,高橋,冊子,offset,2,0.8,67200,52800,18900,0,0,0,0,0,8900,0,0,147800,118240,0,118240,0,0,0,0,0,0,118240,100,118200,0,-200,118000,118000,118000,118000,税抜,11800,clean,,,300,1,,,見積メモ!R211,
Q2501-025,2025-01-18,C007,渡辺,リーフレット,od,2,0.95,0,0,1831.8,14720,1500,1000,4100,0,0,0,0,23151.8,21994.21,0,21994.21,0,0,0,0,0,0,21994.21,100,21900,0,0,21900,21900,21900,21900,税抜,2190,clean,,,500,1,,,,
Q2501-026,2025-01-20,C015,渡辺,チラシ,offset,2,1,22400,17600,6525,0,0,1000,0,0,0,0,0,47525,47525,0,47525,0,0,0,0,0,0,47525,100,47500,0,0,47500,47500,47500,47500,税抜,4750,clean,,,1000,1,,,,
Q2501-027,2025-01-20,C025,鈴木,チラシ,od,2,1,0,0,2193,8000,1500,1000,0,0,0,0,0,12693,12693,0,12693,0,0,0,0,0,0,12693,100,12600,1500,0,14100,14100,14100,14100,税抜,1410,clean,,,500,1,,,,
Q2501-028,2025-01-20,C010,鈴木,チラシ,offset,2,1,11200,14800,23550,0,0,1000,0,0,0,0,0,50550,50550,0,50550,0,0,0,0,0,0,50550,100,50500,0,0,50500,50500,50500,50500,税抜,5050,superseded_by_revision,re-issued with a negotiated price,Q2501-028-R2,10000,1,,見積書控え!R1540-R1556,,
Q2501-029,2025-01-21,C006,鈴木,リーフレット,offset,2,0.95,22400,41600,51975,0,0,1000,14000,0,0,0,0,130975,124426.25,0,124426.25,0,0,0,0,0,0,124426.25,100,124400,0,0,124400,124400,124400,124400,税抜,12440,clean,,,10000,1,,見積書控え!R1559-R1575,,
Q2501-030,2025-01-21,C006,鈴木,冊子,offset,2,0.95,56000,44000,43050,0,0,0,0,0,21500,0,0,164550,156322.5,0,156322.5,0,0,0,0,0,0,156322.5,100,156300,0,0,156300,156300,156300,156300,税抜,15630,clean,,,1000,1,,,,
Q2501-031,2025-01-22,C040,鈴木,チラシ,od,2,1.05,0,0,1831.8,14720,0,1000,0,0,0,0,0,17551.8,18429.39,0,18429.39,0,0,0,0,0,0,18429.39,100,18400,1500,0,19900,19900,19900,19900,税抜,1990,clean,,,500,1,,,,
Q2501-032,2025-01-23,C006,鈴木,封筒,env,2,0.95,2000,3300,0,0,0,0,0,0,0,5700,0,11000,10450,0,10450,0,0,0,0,0,0,10450,100,10400,0,0,10400,10400,10400,10400,税抜,1040,clean,,,500,1,,,,
Q2501-033,2025-01-28,一般,渡辺,チラシ,od,2,1,0,0,2193,14720,1500,1000,0,0,0,0,0,19413,19413,0,19413,0,0,0,0,0,0,19413,100,19400,1500,0,20900,20900,20900,22990,税込,2090,clean,,,500,1,,,,
Q2501-034,2025-01-28,C007,渡辺,リーフレット,od,2,0.95,0,0,4377.5,27520,1500,1000,3200,0,0,0,0,37597.5,35717.62,0,35717.62,0,0,0,0,0,0,35717.62,100,35700,0,0,35700,35700,35700,35700,税抜,3570,clean,,,500,1,,見積書控え!R1578-R1594,,
Q2501-035,2025-01-28,C006,鈴木,名刺,card,2,0.95,0,0,0,0,0,0,0,0,0,0,17400,17400,16530,0,16530,0,0,0,0,0,0,16530,100,16500,0,0,16500,16500,16500,16500,税抜,1650,clean,,,1000,2,,,,
Q2501-036,2025-01-28,C017,田中,封筒,env,2,0.9,2000,2850,0,0,0,0,0,0,0,5700,0,10550,9495,0,9495,0,0,4000,0,0,0,13495,100,13400,0,0,13400,13400,13400,13400,税抜,1340,clean,,,1200,1,,見積書控え!R1597-R1613,,
Q2501-037,2025-01-28,C001,高橋,チラシ,offset,2,0.9,11200,14800,28350,0,0,1000,0,0,0,0,0,55350,49815,0,49815,0,0,0,0,0,0,49815,100,49800,0,-300,49500,49500,49500,49500,税抜,4950,clean,,,10000,1,,,見積メモ!R212,
Q2501-038,2025-01-29,一般,田中,名刺,card,2,1,0,0,0,0,0,0,0,0,0,0,2200,2200,2200,0,2200,0,0,0,0,0,0,2200,100,2200,0,0,2200,2200,2200,2420,税込,220,clean,,,100,1,,,,
Q2501-039,2025-01-29,C002,高橋,リーフレット,offset,2,1,22400,17600,6150,0,0,1000,4100,0,0,0,0,51250,51250,0,51250,0,0,0,0,0,0,51250,100,51200,0,-200,51000,51000,51000,51000,税抜,5100,clean,,,1000,1,,見積書控え!R1616-R1632,見積メモ!R213,
Q2501-040,2025-01-29,C001,高橋,チラシ,offset,2,0.9,22400,23600,32550,0,0,1000,0,0,0,0,0,79550,71595,0,71595,0,0,0,0,0,0,71595,100,71500,0,0,71500,71500,71500,71500,税抜,7150,clean,,,10000,2,,見積書控え!R1635-R1651,見積メモ!R214,
Q2501-028-R2,2025-01-30,C010,鈴木,チラシ,offset,2,1,11200,14800,23550,0,0,1000,0,0,0,0,0,50550,50550,0,50550,0,0,0,0,0,0,50550,100,50500,0,0,46000,50500,46000,46000,税抜,4600,negotiated_revision,price cut on re-issue: 50500 -> 46000,Q2501-028,10000,1,,,,
Q2501-041,2025-01-30,C007,渡辺,チラシ,offset,2,0.95,44800,47200,27475,0,0,1000,0,0,0,0,0,120475,114451.25,0,114451.25,0,0,0,0,0,0,114451.25,100,114400,0,0,114400,114400,114400,114400,税抜,11440,clean,,,5000,2,,,,
Q2501-042,2025-01-30,D05,田中,冊子,offset,2,0.85,22400,17600,9450,0,0,0,0,0,9500,0,0,58950,50107.5,0,50107.5,0,0,0,0,0,0,50107.5,100,50100,0,0,50100,50100,50100,50100,税抜,5010,clean,,,500,1,,,,
Q2501-043,2025-01-30,C026,田中,チラシ,offset,2,1,22400,41600,71775,0,0,1000,0,0,0,0,0,136775,136775,0,136775,0,0,0,0,0,0,136775,100,136700,0,0,136700,136700,136700,136700,税抜,13670,clean,,,20000,1,,,,
Q2501-044,2025-01-30,D01,高橋,チラシ,offset,2,0.8,5600,10400,44825,0,0,1000,0,0,0,0,0,61825,49460,0,49460,12365,3500,0,0,0,0,65325,100,65300,0,-300,65000,52500,65000,65000,税抜,6500,unrecorded_rush,rush surcharge applied without note,,20000,1,,,見積メモ!R215,
Q2501-045,2025-01-31,C027,田中,名刺,card,2,1,0,0,0,0,0,0,0,0,0,0,8800,8800,8800,0,8800,0,0,0,0,0,0,8800,100,8800,1500,0,10300,10300,10300,10300,税抜,1030,clean,,,200,2,,,,
Q2501-046,2025-01-31,G01,鈴木,冊子,od,2,0.9,0,0,7004,39040,1500,0,0,0,5900,0,0,53444,48099.6,0,48099.6,0,0,0,0,0,0,48099.6,100,48000,0,0,48000,48000,48000,48000,税抜,4800,clean,,,200,1,,,,
Q2501-047,2025-01-31,C005,鈴木,チラシ,od,2,1,0,0,3656.5,7740,3000,1000,0,0,0,0,0,15396.5,15396.5,0,15396.5,0,3500,0,0,0,0,18896.5,100,18800,0,0,18800,18800,18800,18800,税抜,1880,clean,,,500,2,,見積書控え!R1654-R1670,,
Q2502-001,2025-02-03,C012,高橋,名刺,card,2,0.9,0,0,0,0,0,0,0,0,0,0,28560,28560,25704,0,25704,0,0,0,0,0,0,25704,100,25700,0,-200,25500,25500,25500,25500,税抜,2550,clean,,,100,13,,見積書控え!R1673-R1689,見積メモ!R218,
Q2502-002,2025-02-04,C020,渡辺,名刺,card,2,1,0,0,0,0,0,0,0,0,0,0,7200,7200,7200,0,7200,0,0,0,0,0,0,7200,100,7200,800,0,8000,8000,8000,8000,税抜,800,clean,,,300,3,,,,
Q2502-003,2025-02-04,C033,鈴木,チラシ,offset,2,1,22400,59600,86800,0,0,1000,0,0,0,0,0,169800,169800,0,169800,0,0,4000,0,0,0,173800,100,173800,0,0,172800,173800,172800,172800,税抜,17280,undocumented_discount,minus_fixed: 173800 -> 172800,,30000,1,,,,
Q2502-004,2025-02-04,C037,高橋,封筒,env,2,1,4000,7000,0,0,0,0,0,0,0,14250,0,25250,25250,0,25250,0,0,0,0,0,0,25250,100,25200,0,-200,25000,25000,25000,25000,税抜,2500,clean,,,3000,1,,見積書控え!R1692-R1708,見積メモ!R219,
Q2502-005,2025-02-04,G07,高橋,冊子,od,2,0.95,0,0,2430.8,22400,0,0,0,0,5900,0,0,30730.8,29194.26,0,29194.26,0,0,0,0,0,0,29194.26,100,29100,0,-100,29000,29000,29000,29000,税抜,2900,clean,,,200,1,,,見積メモ!R220,
Q2502-006,2025-02-05,C001,高橋,名刺,card,2,0.9,0,0,0,0,0,0,0,0,0,0,9300,9300,8370,0,8370,0,0,0,0,0,0,8370,100,8300,800,0,9100,9100,9100,9100,税抜,910,clean,,,200,3,,,見積メモ!R221,
Q2502-007,2025-02-05,C016,高橋,名刺,card,2,1,0,0,0,0,0,0,0,0,0,0,14160,14160,14160,0,14160,0,0,0,0,0,0,14160,100,14100,0,-100,14000,14000,14000,14000,税抜,1400,clean,,,100,6,,,見積メモ!R222,
Q2502-008,2025-02-05,C018,田中,名刺,card,2,1,0,0,0,0,0,0,0,0,0,0,8700,8700,8700,0,8700,0,0,0,0,0,0,8700,100,8700,800,0,9500,9500,9500,9500,税抜,950,clean,,,100,3,,,,
Q2502-009,2025-02-05,C005,鈴木,封筒,env,2,1,2000,2200,0,0,0,0,0,0,0,2850,0,7050,7050,0,7050,0,0,0,0,0,0,7050,100,7000,800,0,7800,7800,7800,7800,税抜,780,clean,,,500,1,,見積書控え!R1711-R1727,,
Q2502-010,2025-02-05,一般,鈴木,名刺,card,2,1,0,0,0,0,0,0,0,0,0,0,17400,17400,17400,0,17400,0,0,0,0,0,0,17400,100,17400,1500,0,18900,18900,18900,20790,税込,1890,clean,,,500,3,,,,
Q2502-011,2025-02-05,C001,鈴木,名刺,card,2,0.9,0,0,0,0,0,0,0,0,0,0,8000,8000,7200,0,7200,0,0,0,0,0,0,7200,100,7200,800,0,8000,8000,8000,8000,税抜,800,clean,,,100,5,,,,
Q2502-012,2025-02-06,C036,渡辺,名刺,card,2,0.9,0,0,0,0,0,0,0,0,0,0,6200,6200,5580,0,5580,0,0,0,0,0,3500,9080,100,9000,800,0,9800,9800,9800,9800,税抜,980,clean,,,200,2,,,,
Q2502-013,2025-02-06,C040,鈴木,チラシ,offset,2,1.05,22400,17600,8475,0,0,1000,0,15000,0,0,0,64475,67698.75,0,67698.75,0,0,0,0,0,0,67698.75,100,67600,0,0,67600,67600,67600,67600,税抜,6760,clean,,,1000,1,,,,
Q2502-014,2025-02-06,K007,田中,名刺,card,2,1,0,0,0,0,0,0,0,0,0,0,1600,1600,1600,0,1600,0,0,0,0,0,0,1600,100,1600,0,0,1600,1600,1455,1600,税込,145,tax_label_error,net_as_gross,,100,1,,,,
Q2502-015,2025-02-06,C001,高橋,名刺,card,2,0.9,0,0,0,0,0,0,0,0,0,0,5200,5200,4680,0,4680,0,0,0,0,0,0,4680,100,4600,0,0,4600,4600,4600,4600,税抜,460,clean,,,500,1,,,見積メモ!R223,
Q2502-016,2025-02-06,C031,鈴木,名刺,card,2,1,0,0,0,0,0,0,0,0,0,0,14160,14160,14160,0,14160,0,1000,0,0,0,0,15160,100,15100,600,0,15700,15700,15700,15700,税抜,1570,clean,,,100,6,,見積書控え!R1730-R1746,,
Q2502-017,2025-02-07,C027,田中,名刺,card,2,1,0,0,0,0,0,0,0,0,0,0,8800,8800,8800,0,8800,0,0,0,0,0,0,8800,100,8800,1500,0,10300,10300,10300,10300,税抜,1030,clean,,,200,2,,見積書控え!R1749-R1765,,
Q2502-018,2025-02-07,C017,田中,封筒,env,2,0.9,4000,5700,0,0,0,0,0,0,0,9500,0,19200,17280,0,17280,0,0,4000,0,0,0,21280,100,21200,0,0,21200,21200,21200,21200,税抜,2120,clean,,,2000,1,,,,
Q2502-019,2025-02-07,C024,鈴木,冊子,offset,2,1,11200,8800,6500,0,0,0,0,0,7100,0,0,33600,33600,0,33600,0,0,0,0,0,0,33600,100,33600,0,0,33600,33600,33600,33600,税抜,3360,clean,,,300,1,,,,
Q2502-020,2025-02-10,C033,鈴木,チラシ,offset,2,1,22400,29600,39150,0,0,1000,0,0,0,0,0,92150,92150,0,92150,0,0,0,0,0,0,92150,100,92100,0,0,92100,92100,92100,92100,税抜,9210,clean,,,10000,1,,見積書控え!R1768-R1784,,
Q2502-021,2025-02-10,一般,鈴木,チラシ,od,2,1,0,0,1143.3,900,1500,1000,0,0,0,0,0,4543.3,4543.3,1,5500,0,0,0,0,0,0,5500,100,5500,0,0,5500,5500,5500,6050,税込,550,clean,,,200,1,,,,
Q2502-022,2025-02-10,一般,田中,チラシ,od,2,1,0,0,875.5,3200,0,1000,0,0,0,0,0,5075.5,5075.5,1,5500,0,0,0,0,0,0,5500,100,5500,0,0,5500,5500,5500,6050,税込,550,clean,,,200,1,,,,
Q2502-023,2025-02-10,一般,田中,チラシ,od,2,1,0,0,751.9,6400,1500,1000,0,0,0,0,0,9651.9,9651.9,0,9651.9,0,0,0,0,0,0,9651.9,100,9600,800,0,10400,10400,10400,11440,税込,1040,clean,,,200,1,,,,
Q2502-024,2025-02-12,C004,鈴木,名刺,card,2,1.05,0,0,0,0,0,0,0,0,0,0,10200,10200,10710,0,10710,0,0,0,0,0,0,10710,100,10700,1500,0,12200,12200,12200,12200,税抜,1220,clean,,,100,3,,,,
Q2502-025,2025-02-12,C039,鈴木,チラシ,offset,2,1,22400,17600,11775,0,0,1000,0,0,0,0,0,52775,52775,0,52775,0,0,0,0,0,0,52775,100,52700,0,0,52700,52700,52700,52700,税抜,5270,clean,,,2000,2,,,,
Q2502-026,2025-02-12,D06,鈴木,冊子,offset,2,0.8,78400,103600,113400,0,0,0,0,0,57500,0,0,352900,282320,0,282320,0,0,0,0,0,0,282320,100,282300,34500,0,316800,316800,316800,316800,税抜,31680,clean,,,3000,1,,,,
Q2502-027,2025-02-12,C031,鈴木,冊子,offset,2,1,33600,44400,32500,0,0,0,0,0,57500,0,0,168000,168000,0,168000,0,0,0,0,0,0,168000,100,168000,10500,0,178000,178500,178000,178000,税抜,17800,undocumented_discount,floor_1000: 178500 -> 178000,,3000,1,,,,
Q2502-028,2025-02-12,C007,渡辺,リーフレット,od,2,0.95,0,0,3429.9,17280,1500,1000,3200,0,0,0,0,26409.9,25089.4,0,25089.4,0,0,0,0,0,0,25089.4,100,25000,0,0,25000,25000,25000,25000,税抜,2500,clean,,,300,1,,見積書控え!R1787-R1803,,
Q2502-029,2025-02-12,C037,高橋,封筒,env,2,1,4000,4400,0,0,0,0,0,0,0,2850,0,11250,11250,0,11250,0,0,0,0,0,0,11250,100,11200,0,-200,11000,11000,11000,11000,税抜,1100,clean,,,1000,1,,,見積メモ!R224,
Q2502-030,2025-02-12,C038,田中,冊子,offset,2,1,8400,6600,12300,0,0,0,0,0,12500,0,0,39800,39800,0,39800,0,3500,0,0,0,0,43300,100,43300,0,0,43300,43300,43300,43300,税抜,4330,clean,,,500,1,,見積書控え!R1806-R1822,,
Q2502-031,2025-02-12,C033,鈴木,チラシ,offset,2,1,22400,41600,59675,0,0,1000,0,0,0,0,0,124675,124675,0,124675,0,0,0,0,0,0,124675,100,124600,0,0,124600,124600,124600,124600,税抜,12460,clean,,,20000,1,,見積書控え!R1825-R1841,,
Q2502-032,2025-02-13,C009,田中,リーフレット,offset,2,0.95,22400,17600,12300,0,0,1000,5700,0,0,0,0,59000,56050,0,56050,0,0,0,0,0,0,56050,100,56000,3000,0,59000,59000,59000,59000,税抜,5900,clean,,,2000,1,,見積書控え!R1844-R1860,,
Q2502-033,2025-02-13,C009,田中,名刺,card,2,0.95,0,0,0,0,0,0,0,0,0,0,3700,3700,3515,0,3515,0,0,0,0,0,0,3515,100,3500,600,0,4100,4100,4100,4100,税抜,410,clean,,,100,1,,見積書控え!R1863-R1879,,
Q2502-034,2025-02-13,C006,鈴木,封筒,env,2,0.95,4000,4400,0,0,0,0,0,0,0,6650,0,15050,14297.5,0,14297.5,0,0,0,0,0,0,14297.5,100,14200,0,0,14200,14200,14200,14200,税抜,1420,clean,,,500,1,,,,
Q2502-035,2025-02-14,G04,鈴木,封筒,env,2,0.9,2000,2850,0,0,0,0,0,0,0,5700,0,10550,9495,0,9495,0,0,0,0,0,0,9495,100,9400,1500,0,10900,10900,10900,10900,税抜,1090,clean,,,2000,1,,,,
Q2502-036,2025-02-14,D05,田中,冊子,od,2,0.85,0,0,875.5,6400,1500,0,0,0,4700,0,0,13475.5,11454.17,0,11454.17,0,0,0,0,0,0,11454.17,100,11400,0,0,11400,11400,11400,11400,税抜,1140,clean,,,100,1,,,,
Q2502-037,2025-02-17,C007,渡辺,リーフレット,offset,2,0.95,22400,17600,9450,0,0,1000,3200,0,0,0,0,53650,50967.5,0,50967.5,0,0,0,0,0,0,50967.5,100,50900,0,0,50900,50900,50900,50900,税抜,5090,clean,,,1000,1,,,,
Q2502-038,2025-02-17,C012,高橋,封筒,env,2,0.9,4000,5700,0,0,0,0,0,0,0,9500,0,19200,17280,0,17280,0,0,0,0,0,0,17280,100,17200,0,-200,17000,17000,17000,17000,税抜,1700,clean,,,2000,1,,見積書控え!R1882-R1898,見積メモ!R225,
Q2502-039,2025-02-17,C012,高橋,名刺,card,2,0.9,0,0,0,0,0,0,0,0,0,0,8400,8400,7560,0,7560,0,0,0,0,0,0,7560,100,7500,0,0,7500,7500,7500,7500,税抜,750,clean,,,300,2,,見積書控え!R1901-R1917,見積メモ!R226,
Q2502-040,2025-02-17,C021,鈴木,名刺,card,2,1.1,0,0,0,0,0,0,0,0,0,0,12390,12390,13629,0,13629,0,0,0,0,0,0,13629,100,13600,0,0,13600,13600,13600,13600,税抜,1360,clean,,,100,6,,,,
Q2502-041,2025-02-18,C019,鈴木,封筒,env,2,0.95,2000,2850,0,0,0,0,0,0,0,5700,0,10550,10022.5,0,10022.5,0,0,4000,0,0,0,14022.5,100,14000,0,0,14000,14000,14000,14000,税抜,1400,clean,,,2000,1,,見積書控え!R1920-R1936,,
Q2502-042,2025-02-19,一般,鈴木,名刺,card,2,1,0,0,0,0,0,0,0,0,0,0,2400,2400,2400,0,2400,0,0,0,0,0,0,2400,100,2400,0,0,2400,2400,2400,2640,税込,240,clean,,,100,1,,,,
Q2502-043,2025-02-19,D01,高橋,チラシ,offset,2,0.8,5600,10400,43175,0,0,1000,0,0,0,0,0,60175,48140,0,48140,0,0,0,0,0,0,48140,100,48100,0,-100,48000,48000,48000,48000,税抜,4800,clean,,,20000,1,,,見積メモ!R227,
Q2502-044,2025-02-19,C012,高橋,名刺,card,2,0.9,0,0,0,0,0,0,0,0,0,0,4200,4200,3780,0,3780,0,0,0,0,0,0,3780,100,3700,800,0,4500,4500,4500,4500,税抜,450,clean,,,300,1,,見積書控え!R1939-R1955,見積メモ!R228,
Q2502-045,2025-02-20,一般,田中,名刺,card,2,1,0,0,0,0,0,0,0,0,0,0,3200,3200,3200,0,3200,0,1000,0,0,0,0,4200,100,4200,0,0,4200,4200,4200,4620,税込,420,clean,,,500,1,,,,
Q2502-046,2025-02-20,C017,田中,名刺,card,2,0.9,0,0,0,0,0,0,0,0,0,0,6800,6800,6120,0,6120,0,0,0,0,0,0,6120,100,6100,1500,0,7600,7600,7600,7600,税抜,760,clean,,,100,2,,,,
Q2502-047,2025-02-20,C017,田中,リーフレット,offset,2,0.9,22400,17600,14175,0,0,1000,7300,0,0,0,0,62475,56227.5,0,56227.5,0,3500,0,0,0,0,59727.5,100,59700,0,0,59700,59700,59700,59700,税抜,5970,clean,,,3000,1,,,,
Q2502-048,2025-02-20,C030,高橋,名刺,card,2,1,0,0,0,0,0,0,0,0,0,0,2400,2400,2400,0,2400,0,0,0,0,0,0,2400,100,2400,800,0,3200,3200,3200,3200,税抜,320,clean,,,100,1,,見積書控え!R1958-R1974,見積メモ!R229,
Q2502-049,2025-02-20,G07,高橋,冊子,od,2,0.95,0,0,2430.8,22400,1500,0,0,0,5900,0,0,32230.8,30619.26,0,30619.26,0,0,0,0,0,0,30619.26,100,30600,0,-100,30500,30500,30500,30500,税抜,3050,clean,,,200,1,,見積書控え!R1977-R1993,見積メモ!R230,
Q2502-050,2025-02-25,C029,鈴木,リーフレット,od,2,0.95,0,0,1720.5,9600,1500,1000,4100,0,0,0,0,17920.5,17024.47,0,17024.47,0,0,0,0,0,0,17024.47,100,17000,0,0,17000,17000,17000,17000,税抜,1700,clean,,,300,1,,,,
Q2502-051,2025-02-25,C040,鈴木,チラシ,offset,2,1.05,22400,17600,3925,0,0,1000,0,0,0,0,0,44925,47171.25,0,47171.25,0,0,0,0,0,0,47171.25,100,47100,0,0,47100,47100,47100,47100,税抜,4710,clean,,,1000,1,,見積書控え!R1996-R2012,,
Q2502-052,2025-02-25,一般,渡辺,冊子,od,2,1,0,0,535.5,1080,1500,0,0,0,3860,0,0,6975.5,6975.5,0,6975.5,0,0,0,0,0,0,6975.5,100,6900,0,0,6900,6900,6900,7590,税込,690,clean,,,30,1,,,,
Q2502-053,2025-02-25,C010,鈴木,チラシ,offset,2,1,22400,23600,27125,0,0,1000,0,0,0,0,0,74125,74125,0,74125,18531.25,0,0,0,0,0,92656.25,100,92600,0,0,92600,92600,92600,92600,税抜,9260,clean,,,8000,1,,,,
Q2502-054,2025-02-26,D02,高橋,名刺,card,2,0.85,0,0,0,0,0,0,0,0,0,0,10200,10200,8670,0,8670,0,0,0,0,0,0,8670,100,8600,1500,-100,10000,10000,10000,10000,税抜,1000,clean,,,100,3,,,見積メモ!R231,
Q2502-055,2025-02-26,D01,高橋,チラシ,offset,2,0.8,22400,17600,3925,0,0,1000,0,0,0,0,0,44925,35940,0,35940,0,0,0,0,800,0,36740,100,36700,0,-200,36500,36500,36500,36500,税抜,3650,clean,,,2000,1,,,見積メモ!R232,
Q2502-056,2025-02-27,C007,渡辺,チラシ,offset,2,0.95,22400,41600,43175,0,0,1000,0,0,0,0,0,108175,102766.25,0,102766.25,0,0,0,0,0,0,102766.25,100,102700,0,0,102700,102700,102700,102700,税抜,10270,clean,,,20000,1,,,,
Q2502-057,2025-02-27,C008,高橋,名刺,card,2,0.95,0,0,0,0,0,0,0,0,0,0,20060,20060,19057,0,19057,0,0,0,0,0,5500,24557,100,24500,0,0,24500,24500,24500,24500,税抜,2450,clean,,,100,6,,,見積メモ!R233,
Q2502-058,2025-02-27,C026,田中,チラシ,offset,2,1,67200,88800,66725,0,0,1000,0,0,0,0,0,223725,223725,0,223725,0,0,0,0,0,0,223725,100,223700,0,0,223700,223700,223700,223700,税抜,22370,clean,,,10000,3,,,,
Q2502-059,2025-02-27,C024,鈴木,名刺,card,2,1,0,0,0,0,0,0,0,0,0,0,6400,6400,6400,0,6400,0,1000,0,0,0,0,7400,100,7400,800,0,8200,8200,8200,8200,税抜,820,clean,,,100,2,,,,
Q2502-060,2025-02-28,C040,鈴木,名刺,card,2,1.05,0,0,0,0,0,0,0,0,0,0,6800,6800,7140,0,7140,0,0,0,0,0,0,7140,100,7100,1500,0,8600,8600,8600,8600,税抜,860,clean,,,100,2,,見積書控え!R2015-R2031,,
Q2503-001,2025-03-03,C032,高橋,名刺,card,2,1.05,0,0,0,0,0,0,0,0,0,0,12000,12000,12600,0,12600,0,0,0,0,0,0,12600,100,12600,1500,-100,14000,14000,14000,14000,税抜,1400,clean,,,100,5,,見積書控え!R2034-R2050,見積メモ!R236,
Q2503-002,2025-03-03,一般,鈴木,チラシ,od,2,1,0,0,1317.5,4800,0,1000,0,0,0,0,0,7117.5,7117.5,0,7117.5,0,0,0,0,0,0,7117.5,100,7100,0,0,7100,7100,7100,7810,税込,710,clean,,,300,1,,,,
Q2503-003,2025-03-03,G05,高橋,冊子,od,2,1,0,0,2737.6,7020,1500,0,0,0,6200,0,0,17457.6,17457.6,0,17457.6,0,0,0,0,0,0,17457.6,100,17400,1500,-400,18500,18500,18500,18500,税抜,1850,clean,,,150,1,,,見積メモ!R237,
Q2503-004,2025-03-03,D01,高橋,チラシ,offset,2,0.8,33600,26400,19625,0,0,1000,0,0,0,0,0,80625,64500,0,64500,0,0,0,0,0,0,64500,100,64500,0,0,64500,64500,64500,64500,税抜,6450,clean,,,5000,3,,,見積メモ!R238,
Q2503-005,2025-03-03,D05,田中,チラシ,offset,2,0.85,11200,29800,62800,0,0,1000,0,0,0,0,0,104800,89080,0,89080,22270,3500,0,0,0,0,114850,100,114800,0,0,114800,114800,114800,114800,税抜,11480,clean,,,30000,1,,,,
Q2503-006,2025-03-04,D05,田中,リーフレット,offset,2,0.85,22400,17600,9450,0,0,1000,4400,0,0,0,0,54850,46622.5,0,46622.5,0,0,0,0,0,0,46622.5,100,46600,0,0,46600,46600,46600,46600,税抜,4660,superseded_by_revision,re-issued with changed quantity,Q2503-006-R2,2000,1,,,,
Q2503-007,2025-03-04,D06,鈴木,冊子,offset,2,0.8,44800,35200,28350,0,0,0,0,0,15500,0,0,123850,99080,0,99080,0,0,0,0,0,0,99080,100,99000,7500,0,106500,106500,106500,106500,税抜,10650,clean,,,1000,1,,,,
Q2503-008,2025-03-05,C006,鈴木,名刺,card,2,0.95,0,0,0,0,0,0,0,0,0,0,6200,6200,5890,0,5890,0,0,0,0,0,3500,9390,100,9300,800,0,10100,10100,10100,10100,税抜,1010,clean,,,200,2,,見積書控え!R2053-R2069,,
Q2503-009,2025-03-05,C032,高橋,名刺,card,2,1.05,0,0,0,0,0,0,0,0,0,0,26180,26180,27489,0,27489,0,0,0,0,0,6500,33989,100,33900,0,-400,33500,33500,33500,33500,税抜,3350,clean,,,100,8,,見積書控え!R2072-R2088,見積メモ!R239,
Q2503-010,2025-03-05,D02,高橋,チラシ,offset,2,0.85,11200,8800,11775,0,0,1000,0,0,0,0,0,32775,27858.75,0,27858.75,0,0,0,0,0,0,27858.75,100,27800,1500,-300,29000,29000,29000,29000,税抜,2900,clean,,,2000,2,,,見積メモ!R240,
Q2503-011,2025-03-05,一般,鈴木,名刺,card,2,1,0,0,0,0,0,0,0,0,0,0,5200,5200,5200,0,5200,0,0,0,0,0,0,5200,100,5200,0,0,5200,5200,5200,5720,税込,520,clean,,,100,2,,,,
Q2503-012,2025-03-05,C031,鈴木,冊子,offset,2,1,33600,44400,32500,0,0,0,0,0,57500,0,0,168000,168000,0,168000,0,0,0,0,0,0,168000,100,168000,10500,0,178500,178500,178500,178500,税抜,17850,clean,,,3000,1,,,,
Q2503-013,2025-03-05,D06,鈴木,冊子,od,2,0.8,0,0,6128.5,35200,1500,0,0,0,5300,0,0,48128.5,38502.8,0,38502.8,9625.7,0,0,0,0,0,48128.5,100,48100,1500,0,49600,49600,49600,49600,税抜,4960,clean,,,100,1,,,,
Q2503-014,2025-03-06,一般,渡辺,名刺,card,2,1,0,0,0,0,0,0,0,0,0,0,3200,3200,3200,0,3200,0,1000,0,0,0,3000,7200,100,7200,0,0,7200,7200,7200,7920,税込,720,clean,,,100,1,,,,
Q2503-015,2025-03-06,C002,高橋,チラシ,offset,2,1,11200,8800,5425,0,0,1000,0,0,0,0,0,26425,26425,0,26425,0,0,4000,0,0,0,30425,100,30400,0,-400,30000,30000,30000,30000,税抜,3000,clean,,,1000,1,,見積書控え!R2091-R2107,見積メモ!R241,
Q2503-016,2025-03-07,C032,高橋,封筒,env,2,1.05,2000,5250,0,0,0,0,0,0,0,34200,0,41450,43522.5,0,43522.5,0,0,0,0,0,0,43522.5,100,43500,0,0,43500,43500,43500,43500,税抜,4350,clean,,,3000,1,,,見積メモ!R242,
Q2503-017,2025-03-07,G03,高橋,チラシ,offset,2,0.9,11200,8800,6500,0,0,1000,0,0,0,0,0,27500,24750,0,24750,0,0,0,0,0,0,24750,100,24700,0,-200,24500,24500,24500,24500,税抜,2450,clean,,,2000,1,,見積書控え!R2110-R2126,見積メモ!R243,
Q2503-018,2025-03-07,C012,高橋,封筒,env,2,0.9,2000,2850,0,0,0,0,0,0,0,5700,0,10550,9495,0,9495,0,0,0,0,0,0,9495,100,9400,800,-200,10000,10000,10000,10000,税抜,1000,clean,,,2000,1,,,見積メモ!R244,
Q2503-019,2025-03-07,G01,鈴木,リーフレット,offset,2,0.9,22400,17600,9450,0,0,1000,5700,0,0,0,0,56150,50535,0,50535,0,0,0,0,0,0,50535,100,50500,0,0,50500,50500,50500,50500,税抜,5050,clean,,,2000,1,,,,
Q2503-020,2025-03-07,C006,鈴木,名刺,card,2,0.95,0,0,0,0,0,0,0,0,0,0,20060,20060,19057,0,19057,0,0,0,0,0,0,19057,100,19000,0,0,19000,19000,19000,19000,税抜,1900,clean,,,100,6,,見積書控え!R2129-R2145,,
Q2503-021,2025-03-10,D01,高橋,リーフレット,offset,2,0.8,22400,23600,18900,0,0,1000,10500,0,0,0,0,76400,61120,0,61120,0,0,0,0,2000,0,63120,100,63100,0,-100,63000,63000,63000,63000,税抜,6300,clean,,,5000,1,,,見積メモ!R245,
Q2503-022,2025-03-10,C040,鈴木,封筒,env,2,1.05,2000,2850,0,0,0,0,0,0,0,5700,0,10550,11077.5,0,11077.5,0,0,0,0,0,0,11077.5,100,11000,0,0,11000,11000,11000,11000,税抜,1100,clean,,,1200,1,,見積書控え!R2148-R2164,,
Q2503-023,2025-03-10,C040,鈴木,名刺,card,2,1.05,0,0,0,0,0,0,0,0,0,0,20060,20060,21063,0,21063,0,0,0,0,0,0,21063,100,21000,1500,0,22500,22500,22500,22500,税抜,2250,clean,,,100,6,,見積書控え!R2167-R2183,,
Q2503-024,2025-03-10,一般,鈴木,名刺,card,2,1,0,0,0,0,0,0,0,0,0,0,8700,8700,8700,0,8700,0,0,0,0,0,0,8700,100,9000,0,0,9000,8700,9000,9900,税込,900,rounding_inconsistency,rounded with half_up_1000 instead of floor-100,,1000,1,,,,
Q2503-025,2025-03-11,一般,田中,名刺,card,2,1,0,0,0,0,0,0,0,0,0,0,12000,12000,12000,0,12000,0,0,0,0,0,0,12000,100,12000,0,0,12000,12000,12000,13200,税込,1200,clean,,,300,5,,,,
Q2503-026,2025-03-11,C001,高橋,チラシ,offset,2,0.9,11200,11800,19575,0,0,1000,0,0,0,0,0,43575,39217.5,0,39217.5,0,3500,0,0,0,0,42717.5,100,42700,0,-200,42500,42500,42500,42500,税抜,4250,clean,,,5000,1,,,見積メモ!R246,
Q2503-027,2025-03-11,一般,高橋,リーフレット,od,2,1,0,0,1720.5,9600,1500,1000,3200,0,0,0,0,17020.5,17020.5,0,17020.5,4255.12,0,0,0,0,0,21275.62,100,21200,0,-200,21000,21000,21000,23100,税込,2100,clean,,,300,1,,,見積メモ!R247,
Q2503-028,2025-03-12,C033,鈴木,チラシ,offset,2,1,22400,29600,59675,0,0,1000,0,0,0,0,0,112675,112675,0,112675,0,3500,0,0,0,0,116175,100,116100,0,0,116100,116100,116100,116100,税抜,11610,clean,,,10000,2,,,,
Q2503-029,2025-03-12,G05,高橋,冊子,offset,2,1,8400,6600,6500,0,0,0,0,0,9500,0,0,31000,31000,0,31000,0,0,0,0,0,0,31000,100,31000,0,0,31000,31000,31000,31000,税抜,3100,clean,,,500,1,,,見積メモ!R248,
Q2503-030,2025-03-13,C001,高橋,チラシ,offset,2,0.9,22400,29600,32550,0,0,1000,0,0,0,0,0,85550,76995,0,76995,0,0,0,0,0,0,76995,100,76900,0,-400,76500,76500,76500,76500,税抜,7650,clean,,,10000,1,,,見積メモ!R249,
Q2503-031,2025-03-13,C007,渡辺,チラシ,offset,2,0.95,44800,59200,47100,0,0,1000,0,0,0,0,0,152100,144495,0,144495,0,0,0,0,0,0,144495,100,144400,0,0,144400,144400,144400,144400,税抜,14440,clean,,,5000,2,,見積書控え!R2186-R2202,,
Q2503-032,2025-03-13,K013,鈴木,冊子,od,2,1,0,0,914.5,9600,1500,0,0,0,4100,0,0,16114.5,16114.5,0,16114.5,0,0,0,0,0,0,16114.5,100,16100,0,0,16100,16100,16100,17710,税込,1610,clean,,,50,1,,,,
Q2503-033,2025-03-13,C040,鈴木,名刺,card,2,1.05,0,0,0,0,0,0,0,0,0,0,12390,12390,13009.5,0,13009.5,0,0,0,0,0,0,13009.5,100,13000,1500,0,14500,14500,14500,14500,税抜,1450,clean,,,100,6,,,,
Q2503-006-R2,2025-03-14,D05,田中,リーフレット,offset,2,0.85,22400,17600,14175,0,0,1000,5600,0,0,0,0,60775,51658.75,0,51658.75,0,0,0,0,0,0,51658.75,100,51600,0,0,51600,51600,51600,51600,税抜,5160,clean,re-issue with changed quantity,Q2503-006,3000,1,,,,
Q2503-034,2025-03-14,C027,田中,名刺,card,2,1,0,0,0,0,0,0,0,0,0,0,27000,27000,27000,0,27000,0,0,0,0,0,0,27000,100,27000,1500,0,28500,28500,28500,28500,税抜,2850,clean,,,300,5,,見積書控え!R2205-R2221,,
Q2503-035,2025-03-14,G04,鈴木,冊子,od,2,0.9,0,0,607.7,1800,0,0,0,0,4700,0,0,7107.7,6396.93,0,6396.93,0,0,0,0,0,0,6396.93,100,6300,1500,0,7800,7800,7800,7800,税抜,780,clean,,,100,1,,,,
Q2503-036,2025-03-14,C010,鈴木,チラシ,offset,2,1,11200,14800,23550,0,0,1000,0,0,0,0,0,50550,50550,0,50550,0,0,4000,0,0,0,54550,100,54500,0,0,54500,54500,54500,54500,税抜,5450,clean,,,10000,1,,見積書控え!R2224-R2240,,
Q2503-037,2025-03-17,C006,鈴木,リーフレット,offset,2,0.95,5600,4400,9450,0,0,1000,4400,0,0,0,0,24850,23607.5,0,23607.5,0,0,0,0,0,0,23607.5,100,23600,0,0,23600,23600,23600,23600,税抜,2360,clean,,,2000,1,,見積書控え!R2243-R2259,,
Q2503-038,2025-03-17,一般,田中,名刺,card,2,1,0,0,0,0,0,0,0,0,0,0,3100,3100,3100,0,3100,0,0,0,0,0,3000,6100,100,6100,0,0,6100,6100,6100,6710,税込,610,clean,,,200,1,,,,
Q2503-039,2025-03-17,C021,鈴木,冊子,od,2,1.1,0,0,1143.3,6400,1500,0,0,0,4700,0,0,13743.3,15117.63,0,15117.63,0,3500,0,0,0,0,18617.63,100,18600,0,0,18600,18600,18600,18600,税抜,1860,clean,,,100,1,,,,
Q2503-040,2025-03-17,C017,田中,封筒,env,2,0.9,4000,4400,0,0,0,0,0,0,0,4750,0,13150,11835,0,11835,0,0,4000,0,0,0,15835,100,15800,1500,0,17300,17300,17300,17300,税抜,1730,clean,,,1000,1,,,,
Q2503-041,2025-03-17,C006,鈴木,封筒,env,2,0.95,2000,3300,0,0,0,0,0,0,0,8310,0,13610,12929.5,0,12929.5,0,0,0,0,0,0,12929.5,100,12900,0,0,12900,12900,12900,12900,税抜,1290,clean,,,300,1,,,,
Q2503-042,2025-03-17,D02,高橋,チラシ,offset,2,0.85,2800,7450,62800,0,0,1000,0,0,0,0,0,74050,62942.5,0,62942.5,0,0,0,0,0,0,62942.5,100,62900,0,-400,62500,62500,62500,62500,税抜,6250,clean,,,15000,1,,,見積メモ!R250,
Q2503-043,2025-03-17,一般,鈴木,冊子,od,2,1,0,0,914.5,2700,1500,0,0,0,4040,0,0,9154.5,9154.5,0,9154.5,2288.62,0,0,0,0,0,11443.12,100,11400,0,0,11400,11400,11400,12540,税込,1140,clean,,,30,1,,,,
Q2503-044,2025-03-18,C001,高橋,チラシ,offset,2,0.9,22400,23600,15700,0,0,1000,0,0,0,0,0,62700,56430,0,56430,0,0,0,0,0,0,56430,100,56400,0,-400,56000,56000,56000,56000,税抜,5600,superseded_by_revision,re-issued with a negotiated price,Q2503-044-R2,5000,1,,,見積メモ!R251,
Q2503-045,2025-03-18,一般,鈴木,名刺,card,2,1,0,0,0,0,0,0,0,0,0,0,4400,4400,4400,0,4400,0,0,0,0,0,3000,7400,100,7400,0,0,7400,7400,7400,8140,税込,740,clean,,,200,1,,,,
Q2503-046,2025-03-18,C001,高橋,封筒,env,2,0.9,4000,4400,0,0,0,0,0,0,0,4750,0,13150,11835,0,11835,0,0,0,0,0,0,11835,100,11800,0,-300,11500,11500,11500,11500,税抜,1150,clean,,,1000,1,,,見積メモ!R252,
Q2503-047,2025-03-19,C006,鈴木,名刺,card,2,0.95,0,0,0,0,0,0,0,0,0,0,3100,3100,2945,0,2945,0,0,0,0,0,0,2945,100,2900,800,0,3700,3700,3700,3700,税抜,370,clean,,,200,1,,,,
Q2503-048,2025-03-19,C016,高橋,封筒,env,2,1,2000,4275,0,0,0,0,0,0,0,17100,0,23375,23375,0,23375,0,0,4000,0,0,0,27375,100,27300,0,-300,27000,27000,27000,27000,税抜,2700,clean,,,1500,1,,,見積メモ!R253,
Q2503-049,2025-03-19,C011,渡辺,チラシ,offset,2,1,11200,8800,4475,0,0,1000,0,0,0,0,0,25475,25475,0,25475,0,0,0,0,0,0,25475,100,25400,0,0,25400,25400,25400,25400,税抜,2540,clean,,,2000,1,,見積書控え!R2262-R2278,,
Q2503-050,2025-03-19,D06,鈴木,リーフレット,offset,2,0.8,22400,17600,6150,0,0,1000,4100,0,0,0,0,51250,41000,0,41000,0,0,0,0,0,0,41000,100,41000,1500,0,42500,42500,42500,42500,税抜,4250,clean,,,1000,1,,,,
Q2503-051,2025-03-19,C018,田中,チラシ,od,2,1,0,0,1522.2,14720,1500,1000,0,0,0,0,0,18742.2,18742.2,0,18742.2,0,3500,0,0,0,0,22242.2,100,22200,0,0,22200,22200,22200,22200,税抜,2220,clean,,,500,1,,見積書控え!R2281-R2297,,
Q2503-052,2025-03-21,C040,鈴木,名刺,card,2,1.05,0,0,0,0,0,0,0,0,0,0,7000,7000,7350,0,7350,0,0,0,0,0,0,7350,100,7300,1500,0,8800,8800,8800,8800,税抜,880,clean,,,100,2,,,,
Q2503-053,2025-03-21,D05,田中,封筒,env,2,0.85,2000,4275,0,0,0,0,0,0,0,17100,0,23375,19868.75,0,19868.75,0,0,0,0,0,0,19868.75,100,19800,0,0,19800,19800,19800,19800,税抜,1980,clean,,,1500,1,,,,
Q2503-054,2025-03-21,C006,鈴木,名刺,card,2,0.95,0,0,0,0,0,0,0,0,0,0,15500,15500,14725,0,14725,0,0,0,0,0,0,14725,100,14700,0,0,14700,14700,14700,14700,税抜,1470,clean,,,200,5,,,,
Q2503-055,2025-03-24,D02,高橋,封筒,env,2,0.85,4000,4400,0,0,0,0,0,0,0,4750,0,13150,11177.5,0,11177.5,0,0,0,0,0,0,11177.5,100,11100,1500,-100,12500,12500,12500,12500,税抜,1250,clean,,,1000,1,,,見積メモ!R254,
Q2503-056,2025-03-24,一般,田中,名刺,card,2,1,0,0,0,0,0,0,0,0,0,0,4000,4000,4000,0,4000,0,0,0,0,0,0,4000,100,4000,0,0,4000,4000,4000,4400,税込,400,clean,,,200,2,,,,
Q2503-057,2025-03-24,C010,鈴木,チラシ,offset,2,1,22400,29600,32550,0,0,1000,0,0,0,0,0,85550,85550,0,85550,0,0,0,0,0,0,85550,100,85500,0,0,85500,85500,85500,85500,税抜,8550,clean,,,10000,1,,,,
Q2503-058,2025-03-24,G05,高橋,チラシ,offset,2,1,2800,2200,4075,0,0,1000,0,0,0,0,0,10075,10075,0,10075,0,0,0,0,0,0,10075,100,10000,1500,0,11500,11500,11500,11500,税抜,1150,clean,,,1000,1,,,見積メモ!R255,
Q2503-059,2025-03-24,D01,高橋,リーフレット,od,2,0.8,0,0,1831.8,14720,1500,1000,4100,0,0,0,0,23151.8,18521.44,0,18521.44,0,0,0,0,0,0,18521.44,100,18500,1500,0,20000,20000,20000,20000,税抜,2000,clean,,,500,1,,,見積メモ!R256,
Q2503-060,2025-03-24,一般,渡辺,チラシ,od,2,1,0,0,7519,27520,3000,1000,0,0,0,0,0,39039,39039,0,39039,0,0,0,0,0,0,39039,100,39000,0,0,39000,39000,39000,42900,税込,3900,clean,,,500,2,,,,
Q2503-044-R2,2025-03-25,C001,高橋,チラシ,offset,2,0.9,22400,23600,15700,0,0,1000,0,0,0,0,0,62700,56430,0,56430,0,0,0,0,0,0,56430,100,56400,0,-400,53000,56000,53000,53000,税抜,5300,negotiated_revision,price cut on re-issue: 56000 -> 53000,Q2503-044,5000,1,,見積書控え!R2300-R2316,見積メモ!R257,
Q2503-061,2025-03-25,一般,鈴木,名刺,card,2,1,0,0,0,0,0,0,0,0,0,0,4800,4800,4800,0,4800,0,0,0,0,0,0,4800,100,4800,0,0,4800,4800,4800,5280,税込,480,clean,,,300,2,,,,
Q2503-062,2025-03-25,C018,田中,チラシ,od,2,1,0,0,1831.8,14720,1500,1000,0,0,0,0,0,19051.8,19051.8,0,19051.8,0,0,0,0,0,0,19051.8,100,19000,0,0,19000,19000,19000,19000,税抜,1900,clean,,,500,1,,見積書控え!R2319-R2335,,
Q2503-063,2025-03-25,C009,田中,名刺,card,2,0.95,0,0,0,0,0,0,0,0,0,0,32300,32300,30685,0,30685,0,0,0,0,0,0,30685,100,30600,1500,0,32100,32100,32100,32100,税抜,3210,clean,,,100,10,,見積書控え!R2338-R2354,,
Q2503-064,2025-03-25,C025,渡辺,チラシ,offset,2,1,11200,8800,6150,0,0,1000,0,0,0,0,0,27150,27150,0,27150,0,0,0,0,0,0,27150,100,27100,1500,0,28600,28600,28600,28600,税抜,2860,clean,,,2000,1,,見積書控え!R2357-R2373,,
Q2503-065,2025-03-25,D06,鈴木,チラシ,offset,2,0.8,2800,2200,6150,0,0,1000,0,0,0,0,0,12150,9720,0,9720,0,0,0,0,0,0,9720,100,9700,1500,0,11200,11200,11200,11200,税抜,1120,clean,,,3000,1,,,,
Q2503-066,2025-03-25,C027,田中,名刺,card,2,1,0,0,0,0,0,0,0,0,0,0,66640,66640,66640,0,66640,0,0,0,0,0,0,66640,100,66600,0,0,66600,66600,66600,66600,税抜,6660,clean,,,300,13,,,,
Q2503-067,2025-03-26,C031,鈴木,冊子,offset,2,1,33600,44400,32500,0,0,0,0,0,57500,0,0,168000,168000,0,168000,0,0,0,0,0,0,168000,100,168000,0,0,168000,168000,168000,168000,税抜,16800,clean,,,3000,1,,見積書控え!R2376-R2392,,
Q2503-068,2025-03-27,C006,鈴木,名刺,card,2,0.95,0,0,0,0,0,0,0,0,0,0,10000,10000,9500,0,9500,0,0,0,0,0,0,9500,100,9500,800,0,10300,10300,10300,10300,税抜,1030,clean,,,200,5,,見積書控え!R2395-R2411,,
Q2503-069,2025-03-27,C034,鈴木,封筒,env,2,1,4000,7000,0,0,0,0,0,0,0,8550,0,19550,19550,0,19550,0,0,0,0,0,0,19550,100,19500,0,0,19500,19500,19500,19500,税抜,1950,clean,,,3000,1,,見積書控え!R2414-R2430,,
Q2503-070,2025-03-27,一般,田中,チラシ,od,2,1,0,0,2193,14720,1500,1000,0,0,0,0,0,19413,19413,0,19413,0,0,0,0,0,0,19413,100,19400,0,0,19400,19400,19400,21340,税込,1940,clean,,,500,1,,,,
Q2503-071,2025-03-28,C037,高橋,封筒,env,2,1,4000,4400,0,0,0,0,0,0,0,2850,0,11250,11250,0,11250,0,3500,0,0,0,0,14750,100,14700,0,-200,14500,14500,14500,14500,税抜,1450,clean,,,1000,1,,見積書控え!R2433-R2449,見積メモ!R258,
Q2503-072,2025-03-28,C022,渡辺,チラシ,offset,2,0.95,67200,52800,19575,0,0,1000,0,0,0,0,0,140575,133546.25,0,133546.25,0,0,0,0,0,0,133546.25,100,133500,0,0,133500,133500,133500,133500,税抜,13350,clean,,,1000,3,,見積書控え!R2452-R2468,,
Q2503-073,2025-03-28,C031,鈴木,冊子,od,2,1,0,0,1823.1,17280,1500,0,0,0,5300,0,0,25903.1,25903.1,0,25903.1,0,0,0,0,0,0,25903.1,100,25900,1500,0,27400,27400,27400,27400,税抜,2740,clean,,,100,1,,見積書控え!R2471-R2487,,
Q2503-074,2025-03-31,一般,田中,名刺,card,2,1,0,0,0,0,0,0,0,0,0,0,6600,6600,6600,0,6600,0,0,0,0,0,0,6600,100,6600,0,0,6600,6600,6600,7260,税込,660,clean,,,100,3,,,,
Q2503-075,2025-03-31,一般,鈴木,名刺,card,2,1,0,0,0,0,0,0,0,0,0,0,2400,2400,2400,0,2400,0,0,0,0,0,3000,5400,100,5400,0,0,5400,5400,5400,5940,税込,540,clean,,,100,1,,,,
Q2503-076,2025-03-31,D02,高橋,名刺,card,2,0.85,0,0,0,0,0,0,0,0,0,0,11700,11700,9945,0,9945,0,0,0,0,0,0,9945,100,9900,1500,-400,11000,11000,11000,11000,税抜,1100,clean,,,100,3,,,見積メモ!R259,
Q2503-077,2025-03-31,D01,高橋,リーフレット,offset,2,0.8,22400,17600,4725,0,0,1000,4100,0,0,0,0,49825,39860,0,39860,0,0,0,0,0,0,39860,100,39800,0,-300,39500,39500,39500,39500,税抜,3950,clean,,,1000,1,,,見積メモ!R260,
Q2503-078,2025-03-31,G05,高橋,冊子,od,2,1,0,0,5469.3,42880,0,0,0,0,6200,0,0,54549.3,54549.3,0,54549.3,0,3500,0,0,0,0,58049.3,100,58000,0,0,58000,58000,58000,58000,税抜,5800,clean,,,150,1,,,見積メモ!R261,
Q2503-079,2025-03-31,C021,鈴木,冊子,offset,2,1.1,44800,35200,19500,0,0,0,0,0,15500,0,0,115000,126500,0,126500,0,0,0,0,0,0,126500,100,126500,0,0,126500,126500,126500,126500,税抜,12650,clean,,,1000,1,,,,
Q2503-080,2025-03-31,C036,渡辺,封筒,env,2,0.9,2000,4275,0,0,0,0,0,0,0,22800,0,29075,26167.5,0,26167.5,0,0,0,0,0,0,26167.5,100,26100,0,0,26100,26100,26100,26100,税抜,2610,clean,,,2000,1,,,,
Q2504-001,2025-04-01,C032,高橋,名刺,card,3,1.05,0,0,0,0,0,0,0,0,0,0,82250,82250,86362.5,0,86362.5,0,0,0,0,0,0,86362.5,100,86300,0,-300,86000,86000,86000,86000,税抜,8600,clean,,,200,20,,,見積メモ!R264,
Q2504-002,2025-04-01,C032,高橋,名刺,card,3,1.05,0,0,0,0,0,0,0,0,0,0,13000,13000,13650,0,13650,0,0,0,0,0,0,13650,100,13600,0,-100,13500,13500,13500,13500,税抜,1350,clean,,,100,5,,,見積メモ!R265,
Q2504-003,2025-04-01,C037,高橋,リーフレット,offset,3,1,22400,17600,18450,0,0,1000,5600,0,0,0,0,65050,65050,0,65050,0,0,0,0,0,0,65050,100,65000,0,0,65000,65000,65000,65000,税抜,6500,clean,,,3000,1,,,見積メモ!R266,
Q2504-004,2025-04-01,C040,渡辺,名刺,card,3,1.05,0,0,0,0,0,0,0,0,0,0,4200,4200,4410,0,4410,0,0,0,0,0,0,4410,100,4400,1500,0,5900,5900,5900,5900,税抜,590,clean,,,300,1,,,,
Q2504-005,2025-04-02,G08,渡辺,封筒,env,3,0.9,4000,5700,0,0,0,0,0,0,0,5980,0,15680,14112,0,14112,0,0,0,0,800,0,14912,100,14900,0,0,14900,14900,14900,14900,税抜,1490,clean,,,2000,1,,,,
Q2504-006,2025-04-02,K009,渡辺,チラシ,od,3,1,0,0,1317.5,4800,1500,1000,0,0,0,0,0,8617.5,8617.5,0,8617.5,0,0,0,0,0,0,8617.5,100,8600,0,0,8600,8600,8600,9460,税込,860,clean,,,300,1,,,,
Q2504-007,2025-04-02,一般,渡辺,名刺,card,3,1,0,0,0,0,0,0,0,0,0,0,3400,3400,3400,0,3400,0,0,0,0,0,3000,6400,100,6400,0,0,6400,6400,6400,7040,税込,640,clean,,,200,1,,,,
Q2504-008,2025-04-02,C009,田中,名刺,card,3,0.95,0,0,0,0,0,0,0,0,0,0,3900,3900,3705,0,3705,0,0,0,0,0,0,3705,100,3700,600,0,4300,4300,4300,4300,税抜,430,clean,,,100,1,,,,
Q2504-009,2025-04-02,C031,高橋,リーフレット,offset,3,1,22400,17600,7850,0,0,1000,5700,0,0,0,0,54550,54550,0,54550,0,0,0,0,0,0,54550,100,54500,1500,0,56000,56000,56000,56000,税抜,5600,clean,,,1500,1,,,見積メモ!R267,
Q2504-010,2025-04-03,C040,渡辺,名刺,card,2,1.05,0,0,0,0,0,0,0,0,0,0,7400,7400,7770,0,7770,1942.5,0,0,0,0,3000,12712.5,100,12700,1500,0,14200,15000,14200,14200,税抜,1420,stale_price_table,priced with period-2 tables after revision,,500,1,,,,
Q2504-011,2025-04-03,C004,高橋,チラシ,offset,3,1.05,22400,29600,43175,0,0,1000,0,0,0,0,0,96175,100983.75,0,100983.75,0,3500,0,0,0,0,104483.75,100,104400,0,-400,104000,104000,104000,104000,税抜,10400,clean,,,10000,2,,,見積メモ!R268,
Q2504-012,2025-04-03,C007,渡辺,チラシ,offset,3,0.95,33600,44400,66725,0,0,1000,0,0,0,0,0,145725,138438.75,0,138438.75,0,0,0,0,0,0,138438.75,100,138400,0,0,138400,138400,138400,138400,税抜,13840,clean,,,5000,3,,,,
Q2504-013,2025-04-04,C015,渡辺,チラシ,offset,3,1,22400,17600,6525,0,0,1000,0,0,0,0,0,47525,47525,0,47525,0,0,0,0,0,0,47525,100,47500,0,0,47500,47500,47500,47500,税抜,4750,clean,,,1000,1,,,,
Q2504-014,2025-04-04,C003,高橋,封筒,env,3,0.95,2000,3300,0,0,0,0,0,0,0,8730,0,14030,13328.5,0,13328.5,0,0,0,0,0,0,13328.5,100,13300,0,-300,13000,13000,13000,13000,税抜,1300,clean,,,300,1,,,見積メモ!R269,
Q2504-015,2025-04-04,K013,渡辺,チラシ,od,3,1,0,0,386.9,1600,1500,1000,0,0,0,0,0,4486.9,4486.9,1,5500,0,0,0,0,0,0,5500,100,5500,0,0,5500,5500,5500,6050,税込,550,clean,,,200,1,,,,
Q2504-016,2025-04-07,C026,田中,チラシ,offset,3,1,22400,23600,21700,0,0,1000,0,0,0,0,0,68700,68700,0,68700,0,0,0,0,0,0,68700,100,68700,0,0,68700,68700,68700,68700,税抜,6870,clean,,,5000,1,,,,
Q2504-017,2025-04-07,C027,田中,名刺,card,3,1,0,0,0,0,0,0,0,0,0,0,16000,16000,16000,0,16000,0,0,0,0,0,0,16000,100,16000,1500,0,17500,17500,17500,17500,税抜,1750,clean,,,500,2,,,,
Q2504-018,2025-04-07,C031,高橋,封筒,env,3,1,4000,4400,0,0,0,0,0,0,0,6980,0,15380,15380,0,15380,0,0,4000,0,0,0,19380,100,19300,1500,-300,20500,20500,20500,20500,税抜,2050,clean,,,300,1,,,見積メモ!R270,
Q2504-019,2025-04-07,G03,高橋,冊子,od,3,0.9,0,0,1751,12160,1500,0,0,0,5900,0,0,21311,19179.9,0,19179.9,0,0,0,0,0,0,19179.9,100,19100,1500,-100,20500,20500,20500,20500,税抜,2050,clean,,,200,1,,,見積メモ!R271,
Q2504-020,2025-04-07,C039,高橋,チラシ,offset,3,1,5600,4400,4475,0,0,1000,0,0,0,0,0,15475,15475,0,15475,0,0,0,0,0,0,15475,100,15400,0,-400,15000,15000,15000,15000,税抜,1500,clean,,,1000,1,,,見積メモ!R272,
Q2504-021,2025-04-08,D01,高橋,チラシ,offset,3,0.9,11200,14800,23550,0,0,1000,0,0,0,0,0,50550,45495,0,45495,0,0,0,0,0,0,45495,100,45400,0,-400,45000,40000,45000,45000,税抜,4500,copied_customer_rate,rate 0.90 copied from previous quote for C012,,10000,1,,,見積メモ!R273,
Q2504-022,2025-04-08,C012,高橋,封筒,env,3,0.9,2000,2850,0,0,0,0,0,0,0,5980,0,10830,9747,0,9747,0,0,0,0,0,0,9747,100,9700,800,0,10500,10500,10500,10500,税抜,1050,clean,,,2000,1,,,見積メモ!R274,
Q2504-023,2025-04-08,C007,渡辺,封筒,env,3,0.95,4000,9600,0,0,0,0,0,0,0,14950,0,28550,27122.5,0,27122.5,0,0,0,0,0,0,27122.5,100,27100,0,0,27100,27100,27100,27100,税抜,2710,clean,,,5000,1,,,,
Q2504-024,2025-04-09,C004,渡辺,チラシ,offset,3,1.05,33600,53400,94200,0,0,1000,0,0,0,0,0,182200,191310,0,191310,0,0,0,0,0,0,191310,100,191300,0,0,191300,191300,191300,191300,税抜,19130,clean,,,15000,3,,,,
Q2504-025,2025-04-09,C040,渡辺,封筒,env,3,1.05,2000,3300,0,0,0,0,0,0,0,17460,0,22760,23898,0,23898,0,0,4000,0,0,0,27898,100,27800,1500,0,29300,29300,29300,29300,税抜,2930,clean,,,1000,1,,,,
Q2504-026,2025-04-10,D02,田中,チラシ,offset,3,0.85,2800,4450,35325,0,0,1000,0,0,0,0,0,43575,37038.75,0,37038.75,0,3500,0,0,0,0,40538.75,100,40500,0,0,40500,40500,40500,40500,税抜,4050,clean,,,8000,1,,,,
Q2504-027,2025-04-10,D05,田中,リーフレット,offset,3,0.85,22400,23600,18900,0,0,1000,5600,0,0,0,0,71500,60775,0,60775,0,0,0,0,0,0,60775,100,60700,0,0,60700,60700,60700,60700,税抜,6070,clean,,,3000,1,,,,
Q2504-028,2025-04-10,一般,渡辺,チラシ,od,3,1,0,0,1143.3,900,1500,1000,0,0,0,0,0,4543.3,4543.3,1,5500,0,0,0,0,0,0,5500,100,5500,0,0,5500,5500,5500,6050,税込,550,clean,,,200,1,,,,
Q2504-029,2025-04-11,C002,高橋,リーフレット,offset,3,1,22400,17600,18450,0,0,1000,7300,0,0,0,0,66750,66750,0,66750,0,0,0,0,0,0,66750,100,66700,0,-200,66500,66500,66500,66500,税抜,6650,clean,,,3000,1,,,見積メモ!R275,
Q2504-030,2025-04-11,D06,高橋,封筒,env,3,0.8,4000,5700,0,0,0,0,0,0,0,5980,0,15680,12544,0,12544,0,0,0,0,0,0,12544,100,12500,1500,0,14000,14000,14000,14000,税抜,1400,clean,,,1500,1,,,見積メモ!R276,
Q2504-031,2025-04-11,C007,渡辺,チラシ,offset,3,0.95,22400,29600,23550,0,0,1000,0,0,0,0,0,76550,72722.5,0,72722.5,0,0,0,0,0,0,72722.5,100,72700,0,0,72700,72700,72700,72700,税抜,7270,superseded_by_revision,re-issued with changed quantity,Q2504-031-R2,10000,1,,,,
Q2504-032,2025-04-12,C038,田中,名刺,card,3,1,0,0,0,0,0,0,0,0,0,0,10400,10400,10400,0,10400,0,0,0,0,0,0,10400,100,10400,0,0,10400,10400,10400,10400,税抜,1040,clean,,,100,4,,,,
Q2504-033,2025-04-14,C004,高橋,チラシ,offset,3,1.05,33600,62400,125600,0,0,1000,0,0,0,0,0,222600,233730,0,233730,0,0,0,0,0,0,233730,100,233700,0,-200,233500,233500,233500,233500,税抜,23350,clean,,,20000,3,,,見積メモ!R277,
Q2504-034,2025-04-14,C014,渡辺,チラシ,od,3,0.9,0,0,2863.8,2250,0,1000,0,0,0,0,0,6113.8,5502.42,0,5502.42,0,0,0,0,0,0,5502.42,100,5500,800,0,6300,6300,6300,6300,税抜,630,clean,,,500,1,,,,
Q2504-035,2025-04-15,K006,田中,名刺,card,3,1,0,0,0,0,0,0,0,0,0,0,5800,5800,5800,0,5800,0,0,0,0,0,0,5800,100,5800,0,0,5800,5800,5800,6380,税込,580,clean,,,500,1,,,,
Q2504-036,2025-04-15,C027,田中,冊子,od,3,1,0,0,1823.1,17280,1500,0,0,0,4700,0,0,25303.1,25303.1,0,25303.1,6325.77,0,0,0,0,0,31628.88,100,31600,0,0,31600,31600,31600,31600,税抜,3160,clean,,,100,1,,,,
Q2504-037,2025-04-15,C001,高橋,チラシ,offset,3,0.9,11200,44800,84500,0,0,1000,0,0,0,0,0,141500,127350,0,127350,0,0,0,0,0,0,127350,100,127300,0,-300,127000,127000,127000,127000,税抜,12700,clean,,,50000,1,,,見積メモ!R278,
Q2504-031-R2,2025-04-16,C007,渡辺,チラシ,offset,3,0.95,22400,35600,35325,0,0,1000,0,0,0,0,0,94325,89608.75,0,89608.75,0,0,0,0,0,0,89608.75,100,89600,0,0,89600,89600,89600,89600,税抜,8960,clean,re-issue with changed quantity,Q2504-031,15000,1,,,,
Q2504-038,2025-04-16,一般,田中,チラシ,od,3,1,0,0,386.9,1600,1500,1000,0,0,0,0,0,4486.9,4486.9,1,5500,0,0,0,0,0,0,5500,100,5500,0,0,5500,5500,5500,6050,税込,550,clean,,,100,1,,,,
Q2504-039,2025-04-16,一般,田中,名刺,card,3,1,0,0,0,0,0,0,0,0,0,0,5800,5800,5800,0,5800,0,0,0,0,0,0,5800,100,5800,0,0,5800,5800,5800,6380,税込,580,clean,,,300,1,,,,
Q2504-040,2025-04-16,C015,高橋,チラシ,offset,3,0.9,22400,17600,6525,0,0,1000,0,0,0,0,0,47525,42772.5,0,42772.5,0,0,0,0,0,0,42772.5,100,42700,0,-200,42500,47500,42500,42500,税抜,4250,copied_customer_rate,rate 0.90 copied from previous quote for C001,,1000,1,,,見積メモ!R279,
Q2504-041,2025-04-17,C032,高橋,封筒,env,3,1.05,2000,5250,0,0,0,0,0,0,0,29950,0,37200,39060,0,39060,0,0,4000,0,0,0,43060,100,43000,0,0,43000,43000,43000,43000,税抜,4300,clean,,,2500,1,,,見積メモ!R280,
Q2504-042,2025-04-17,C027,田中,封筒,env,3,1,4000,4400,0,0,0,0,0,0,0,4990,0,13390,13390,0,13390,0,0,4000,0,0,0,17390,100,17300,1500,0,18800,18800,18800,18800,税抜,1880,clean,,,500,1,,,,
Q2504-043,2025-04-17,C004,高橋,チラシ,offset,3,1.05,22400,41600,43175,0,0,1000,0,0,0,0,0,108175,113583.75,0,113583.75,0,3500,4000,0,0,0,121083.75,100,121000,0,0,121000,121000,121000,121000,税抜,12100,clean,,,20000,1,,,見積メモ!R281,
Q2504-044,2025-04-17,C007,渡辺,名刺,card,2,0.95,0,0,0,0,0,0,0,0,0,0,1600,1600,1520,0,1520,0,0,0,0,0,0,1520,100,1500,800,0,2300,2500,2300,2300,税抜,230,stale_price_table,priced with period-2 tables after revision,,100,1,,,,
Q2504-045,2025-04-17,C005,高橋,封筒,env,3,1,2000,3300,0,0,0,0,0,0,0,8730,0,14030,14030,0,14030,0,0,0,0,0,0,14030,100,14000,0,0,14000,14000,14000,14000,税抜,1400,clean,,,500,1,,,見積メモ!R282,
Q2504-046,2025-04-18,C007,渡辺,リーフレット,offset,3,0.95,22400,17600,9450,0,0,1000,3200,0,0,0,0,53650,50967.5,0,50967.5,0,3500,0,0,0,0,54467.5,100,54400,0,0,54400,54400,54400,54400,税抜,5440,clean,,,1000,1,,,,
Q2504-047,2025-04-19,一般,渡辺,名刺,card,3,1,0,0,0,0,0,0,0,0,0,0,2800,2800,2800,0,2800,0,0,0,0,0,0,2800,100,2800,0,0,2800,2800,2800,3080,税込,280,clean,,,300,1,,,,
Q2504-048,2025-04-21,C040,渡辺,チラシ,offset,3,1.05,11200,8800,7850,0,0,1000,0,0,0,0,0,28850,30292.5,0,30292.5,0,0,4000,0,0,0,34292.5,100,34200,0,0,34200,34200,34200,34200,税抜,3420,clean,,,2000,1,,,,
Q2504-049,2025-04-21,C032,高橋,封筒,env,3,1.05,,,,,,,,,,,,,,,,,,,,,,,,,,,31000,17500,31000,31000,税抜,3100,unreconcilable,amount not derivable from the spec (orig rule net 17500),,2000,1,,,見積メモ!R283,
Q2504-050,2025-04-21,C013,高橋,名刺,card,3,1,0,0,0,0,0,0,0,0,0,0,11200,11200,11200,0,11200,0,0,0,0,0,0,11200,100,11200,0,-200,11000,11000,11000,11000,税抜,1100,clean,,,100,4,,,見積メモ!R284,
Q2504-051,2025-04-22,D06,高橋,チラシ,offset,3,0.8,33600,26400,18900,0,0,1000,0,0,0,0,0,79900,63920,0,63920,0,0,0,0,0,0,63920,100,63900,6000,-400,69500,69500,69500,69500,税抜,6950,clean,,,2000,3,,,見積メモ!R285,
Q2504-052,2025-04-22,C009,田中,名刺,card,3,0.95,0,0,0,0,0,0,0,0,0,0,5300,5300,5035,0,5035,0,0,0,0,0,0,5035,100,5000,600,0,5600,5600,5600,5600,税抜,560,clean,,,200,1,,,,
Q2504-053,2025-04-22,C002,高橋,冊子,offset,3,1,44800,35200,14175,0,0,0,0,0,9500,0,0,103675,103675,0,103675,0,0,0,0,0,0,103675,100,103600,0,-100,103500,103500,103500,103500,税抜,10350,clean,,,500,1,,,見積メモ!R286,
Q2504-054,2025-04-22,C021,渡辺,封筒,env,3,1.1,2000,3300,0,0,0,0,0,0,0,5990,0,11290,12419,0,12419,0,0,0,0,0,0,12419,100,12400,0,0,12400,12400,12400,12400,税抜,1240,clean,,,500,1,,,,
Q2504-055,2025-04-22,C033,渡辺,チラシ,offset,3,1,22400,59600,62800,0,0,1000,0,0,0,0,0,145800,145800,0,145800,0,0,0,0,0,0,145800,100,145800,0,0,145800,145800,145800,145800,税抜,14580,clean,,,30000,1,,,,
Q2504-056,2025-04-22,C001,高橋,チラシ,offset,3,0.9,22400,41600,43175,0,0,1000,0,0,0,0,0,108175,97357.5,0,97357.5,0,0,0,0,0,0,97357.5,100,97300,0,-300,97000,97000,97000,97000,税抜,9700,clean,,,20000,1,,,見積メモ!R287,
Q2504-057,2025-04-23,C023,高橋,冊子,od,3,1,0,0,9146.4,39040,1500,0,0,0,7100,0,0,56786.4,56786.4,0,56786.4,0,3500,0,0,0,0,60286.4,100,60200,3000,-200,63000,63000,63000,63000,税抜,6300,clean,,,200,1,,,見積メモ!R288,
Q2504-058,2025-04-23,C030,高橋,冊子,od,3,1,0,0,1215.4,12160,0,0,0,0,4700,0,0,18075.4,18075.4,0,18075.4,0,3500,0,0,0,0,21575.4,100,21500,0,0,21500,21500,21500,21500,税抜,2150,clean,,,100,1,,,見積メモ!R289,
Q2504-059,2025-04-23,C009,田中,名刺,card,3,0.95,0,0,0,0,0,0,0,0,0,0,5300,5300,5035,0,5035,0,0,0,0,0,0,5035,100,5000,600,0,5600,5600,5600,5600,税抜,560,duplicate_entry,same quote keyed twice,Q2504-052,200,1,,,,
Q2504-060,2025-04-23,C010,渡辺,チラシ,offset,3,1,22400,41600,43175,0,0,1000,0,0,0,0,0,108175,108175,0,108175,0,0,0,0,0,0,108175,100,108100,0,0,108100,108100,108100,108100,税抜,10810,clean,,,20000,1,,,,
Q2504-061,2025-04-23,C001,高橋,チラシ,offset,3,0.9,22400,59600,62800,0,0,1000,0,0,0,0,0,145800,131220,0,131220,0,0,0,0,0,0,131220,100,131200,0,-200,131000,131000,131000,131000,税抜,13100,clean,,,30000,1,,,見積メモ!R290,
Q2504-062,2025-04-24,一般,田中,チラシ,od,3,1,0,0,450.5,1600,1500,1000,0,0,0,0,0,4550.5,4550.5,1,5500,0,0,0,0,0,0,5500,100,5500,0,0,5500,5500,5500,6050,税込,550,clean,,,100,1,,,,
Q2504-063,2025-04-24,C035,渡辺,チラシ,offset,3,1,11200,8800,9450,0,0,1000,0,0,0,0,0,30450,30450,0,30450,0,0,0,0,0,0,30450,100,30500,0,0,30500,30400,30500,30500,税抜,3050,rounding_inconsistency,rounded with ceil_100 instead of floor-100,,1000,1,,,,
Q2504-064,2025-04-24,C007,渡辺,リーフレット,offset,3,0.95,22400,17600,9450,0,0,1000,3200,0,0,0,0,53650,50967.5,0,50967.5,0,0,0,0,0,0,50967.5,100,50900,0,0,50900,50900,50900,50900,税抜,5090,clean,,,1000,1,,,,
Q2504-065,2025-04-25,一般,渡辺,名刺,card,3,1,0,0,0,0,0,0,0,0,0,0,4600,4600,4600,0,4600,0,0,0,0,0,0,4600,100,4600,0,0,4600,4600,4600,5060,税込,460,clean,,,200,2,,,,
Q2504-066,2025-04-25,C027,田中,名刺,card,3,1,0,0,0,0,0,0,0,0,0,0,11600,11600,11600,0,11600,0,0,0,0,0,0,11600,100,11600,1500,0,13100,13100,13100,13100,税抜,1310,clean,,,300,2,,,,
Q2504-067,2025-04-25,一般,渡辺,チラシ,od,3,1,0,0,386.9,1600,1500,1000,0,0,0,0,0,4486.9,4486.9,1,5500,0,0,0,0,0,0,5500,100,5500,0,0,5500,5500,5500,6050,税込,550,clean,,,100,1,,,,
Q2504-068,2025-04-25,C033,渡辺,チラシ,offset,3,1,22400,17600,15700,0,0,1000,0,0,0,0,0,56700,56700,0,56700,0,0,0,0,0,0,56700,100,56700,0,0,56700,56700,56700,56700,税抜,5670,clean,,,3000,2,,,,
Q2504-069,2025-04-28,D01,高橋,リーフレット,od,3,0.8,0,0,1831.8,14720,0,1000,4100,0,0,0,0,21651.8,17321.44,0,17321.44,0,0,0,0,0,0,17321.44,100,17300,1500,-300,18500,18500,18500,18500,税抜,1850,clean,,,500,1,,,見積メモ!R291,
Q2504-070,2025-04-28,C027,田中,名刺,card,3,1,0,0,0,0,0,0,0,0,0,0,14100,14100,14100,0,14100,0,0,0,0,0,0,14100,100,14100,1500,0,15600,15600,15600,15600,税抜,1560,clean,,,200,3,,,,
Q2504-071,2025-04-30,C006,高橋,名刺,card,3,0.95,0,0,0,0,0,0,0,0,0,0,4900,4900,4655,0,4655,0,0,0,0,0,0,4655,100,4600,800,0,5400,5400,5400,5400,税抜,540,clean,,,200,1,,,見積メモ!R292,
Q2504-072,2025-04-30,C003,高橋,封筒,env,2,0.95,2000,3500,0,0,0,0,0,0,0,8550,0,14050,13347.5,0,13347.5,0,0,0,0,0,0,13347.5,100,13300,0,-300,13000,13500,13000,13000,税抜,1300,stale_price_table,priced with period-2 tables after revision,,3000,1,,,見積メモ!R293,
Q2504-073,2025-04-30,C004,高橋,チラシ,offset,3,1.05,33600,35400,35325,0,0,1000,0,0,0,0,0,105325,110591.25,0,110591.25,0,0,0,0,0,0,110591.25,100,110500,0,0,110500,110500,110500,110500,税抜,11050,clean,,,5000,3,,,見積メモ!R294,
Q2505-001,2025-05-01,C015,渡辺,チラシ,offset,3,1,11200,14800,23550,0,0,1000,0,0,0,0,0,50550,50550,0,50550,0,0,0,0,0,0,50550,100,50500,0,0,50500,50500,50500,50500,税抜,5050,clean,,,10000,1,,,,
Q2505-002,2025-05-01,一般,田中,名刺,card,3,1,0,0,0,0,0,0,0,0,0,0,5800,5800,5800,0,5800,0,0,0,0,0,0,5800,100,6000,0,0,6000,5800,6000,6600,税込,600,rounding_inconsistency,rounded with half_up_1000 instead of floor-100,,300,1,,,,
Q2505-003,2025-05-02,C038,田中,冊子,offset,3,1,78400,82600,75600,0,0,0,0,0,39500,0,0,276100,276100,0,276100,0,0,0,8000,0,0,284100,100,284100,0,0,284100,284100,284100,284100,税抜,28410,clean,,,2000,1,,,,
Q2505-004,2025-05-02,C012,高橋,封筒,env,3,0.9,4000,16100,0,0,0,0,0,0,0,49900,0,70000,63000,0,63000,0,0,0,0,0,0,63000,100,63000,0,0,63000,63000,63000,63000,税抜,6300,clean,,,10000,1,,,見積メモ!R297,
Q2505-005,2025-05-02,C017,田中,封筒,env,3,0.9,4000,6600,0,0,0,0,0,0,0,11980,0,22580,20322,0,20322,0,0,0,0,400,0,20722,100,20700,1500,0,22200,22200,22200,22200,税抜,2220,clean,,,1000,1,,,,
Q2505-006,2025-05-07,D05,田中,チラシ,offset,3,0.85,11200,20800,43175,0,0,1000,0,0,0,0,0,76175,64748.75,0,64748.75,0,0,0,0,0,0,64748.75,100,64700,0,0,64700,64700,64700,64700,税抜,6470,clean,,,20000,1,,,,
Q2505-007,2025-05-07,C031,高橋,封筒,env,3,1,4000,16100,0,0,0,0,0,0,0,29900,0,50000,50000,0,50000,0,0,0,0,0,0,50000,100,50000,4500,0,54500,54500,54500,54500,税抜,5450,clean,,,10000,1,,,見積メモ!R298,
Q2505-008,2025-05-08,D06,高橋,チラシ,offset,3,0.8,22400,17600,4725,0,0,1000,0,0,0,0,0,45725,36580,0,36580,0,0,0,0,0,0,36580,100,36500,1500,0,38000,38000,38000,38000,税抜,3800,clean,,,1000,1,,,見積メモ!R299,
Q2505-009,2025-05-08,C027,田中,冊子,offset,3,1,22400,29600,43050,0,0,0,0,0,39500,0,0,134550,134550,0,134550,0,0,0,0,0,0,134550,100,134500,0,0,134500,134500,134500,134500,税抜,13450,clean,,,3000,1,,,,
Q2505-010,2025-05-09,一般,渡辺,チラシ,od,3,1,0,0,751.9,6400,1500,1000,0,0,0,0,0,9651.9,9651.9,0,9651.9,0,0,0,0,0,0,9651.9,100,9600,0,0,9600,9600,9600,10560,税込,960,clean,,,200,1,,,,
Q2505-011,2025-05-09,C006,高橋,リーフレット,offset,3,0.95,22400,17600,6150,0,0,1000,4100,0,0,0,0,51250,48687.5,0,48687.5,0,0,0,0,0,0,48687.5,100,48600,0,-100,48500,48500,48500,48500,税抜,4850,clean,,,1000,1,,,見積メモ!R300,
Q2505-012,2025-05-09,C018,田中,チラシ,offset,3,1,22400,23600,15700,0,0,1000,0,0,0,0,0,62700,62700,0,62700,0,0,0,0,0,0,62700,100,62700,0,0,62700,62700,62700,62700,税抜,6270,clean,,,3000,1,,,,
Q2505-013,2025-05-09,C001,高橋,チラシ,offset,3,0.9,11200,44800,84500,0,0,1000,0,0,0,0,0,141500,127350,0,127350,0,0,0,0,0,0,127350,100,127300,0,-300,127000,127000,127000,127000,税抜,12700,clean,,,50000,1,,,見積メモ!R301,
Q2505-014,2025-05-12,C027,田中,封筒,env,3,1,2000,2850,0,0,0,0,0,0,0,5980,0,10830,10830,0,10830,0,0,0,0,0,0,10830,100,10800,1500,0,12300,12300,12300,12300,税抜,1230,clean,,,2000,1,,,,
Q2505-015,2025-05-12,C021,渡辺,名刺,card,3,1.1,0,0,0,0,0,0,0,0,0,0,24700,24700,27170,0,27170,0,1000,0,0,0,7500,35670,100,35600,0,0,35600,35600,35600,35600,税抜,3560,clean,,,100,10,,,,
Q2505-016,2025-05-12,C026,田中,チラシ,od,3,1,0,0,731.3,6400,0,1000,0,0,0,0,0,8131.3,8131.3,0,8131.3,2032.83,0,0,0,0,0,10164.12,100,10100,0,0,10100,10100,10100,10100,税抜,1010,clean,,,100,1,,,,
Q2505-017,2025-05-13,C032,高橋,封筒,env,3,1.05,2000,5250,0,0,0,0,0,0,0,35940,0,43190,45349.5,0,45349.5,0,0,0,0,0,0,45349.5,100,45300,0,-300,42700,45000,42700,42700,税抜,4270,undocumented_discount,minus_5pct: 45000 -> 42700,,3000,1,,,見積メモ!R302,
Q2505-018,2025-05-13,C023,高橋,チラシ,offset,3,1,44800,35200,23625,0,0,1000,0,0,0,0,0,104625,104625,0,104625,0,0,0,0,0,0,104625,100,104600,6000,-100,110500,110500,110500,110500,税抜,11050,clean,,,3000,2,,,見積メモ!R303,
Q2505-019,2025-05-13,C002,高橋,チラシ,offset,3,1,11200,8800,9450,0,0,1000,0,0,0,0,0,30450,30450,0,30450,0,0,0,0,0,0,30450,100,30400,0,-400,30000,30000,30000,30000,税抜,3000,clean,,,2000,1,,,見積メモ!R304,
Q2505-020,2025-05-14,K010,田中,名刺,card,3,1,0,0,0,0,0,0,0,0,0,0,3400,3400,3400,0,3400,0,0,0,0,0,0,3400,100,3400,800,0,4200,4200,4200,4620,税込,420,clean,,,200,1,,,,
Q2505-021,2025-05-15,C009,田中,リーフレット,od,3,0.95,0,0,2193,14720,1500,1000,4100,0,0,0,0,23513,22337.35,0,22337.35,0,0,0,0,0,0,22337.35,100,22300,1500,0,22800,23800,22800,22800,税抜,2280,undocumented_discount,minus_fixed: 23800 -> 22800,,500,1,,,,
Q2505-022,2025-05-15,C001,高橋,チラシ,offset,3,0.9,33600,26400,32550,0,0,1000,0,0,0,0,0,93550,84195,0,84195,0,0,4000,0,0,0,88195,100,88100,0,-100,88000,88000,88000,88000,税抜,8800,clean,,,3000,3,,,見積メモ!R305,
Q2505-023,2025-05-15,C029,高橋,リーフレット,od,3,0.95,0,0,1720.5,9600,0,1000,4100,0,0,0,0,16420.5,15599.48,0,15599.48,0,0,0,0,0,0,15599.48,100,15500,0,0,15500,15500,15500,15500,税抜,1550,clean,,,300,1,,,見積メモ!R306,
Q2505-024,2025-05-15,C006,高橋,名刺,card,3,0.95,0,0,0,0,0,0,0,0,0,0,18800,18800,17860,0,17860,0,0,0,0,0,0,17860,100,17800,0,-300,17500,5200,17500,17500,税抜,1750,quantity_entry_error,"recorded qty/kinds 200/1, priced 200/4",,200,4,,,見積メモ!R307,
Q2505-025,2025-05-15,C020,渡辺,名刺,card,3,1,0,0,0,0,0,0,0,0,0,0,14400,14400,14400,0,14400,0,0,0,0,0,0,14400,100,14400,0,0,14400,14400,14400,14400,税抜,1440,clean,,,100,4,,,,
Q2505-026,2025-05-16,C037,高橋,リーフレット,offset,3,1,22400,17600,12300,0,0,1000,4400,0,0,0,0,57700,57700,0,57700,0,0,0,0,0,0,57700,100,57700,0,-200,57500,57500,57500,57500,税抜,5750,clean,,,2000,1,,,見積メモ!R308,
Q2505-027,2025-05-17,C007,渡辺,チラシ,offset,3,0.95,11200,11800,19575,0,0,1000,0,0,0,0,0,43575,41396.25,0,41396.25,0,0,0,0,0,0,41396.25,100,41300,0,0,41300,41300,41300,41300,税抜,4130,clean,,,5000,1,,,,
Q2505-028,2025-05-19,C030,高橋,封筒,env,3,1,4000,7000,0,0,0,0,0,0,0,8970,0,19970,19970,0,19970,0,0,4000,0,0,0,23970,100,23900,0,-400,23500,23500,23500,23500,税抜,2350,clean,,,3000,1,,,見積メモ!R309,
Q2505-029,2025-05-20,C001,高橋,チラシ,offset,3,0.9,22400,29600,23550,0,0,1000,0,0,0,0,0,76550,68895,0,68895,0,0,0,0,0,0,68895,100,68800,0,-300,68500,68500,68500,68500,税抜,6850,clean,,,10000,1,,,見積メモ!R310,
Q2505-030,2025-05-21,C018,田中,チラシ,offset,3,1,11200,14800,19500,0,0,1000,0,0,0,0,0,46500,46500,0,46500,11625,0,4000,0,0,0,62125,100,62100,0,0,62100,62100,62100,62100,税抜,6210,clean,,,10000,1,,,,
Q2505-031,2025-05-22,C009,田中,リーフレット,offset,3,0.95,22400,17600,18450,0,0,1000,7300,0,0,0,0,66750,63412.5,0,63412.5,0,0,0,0,0,0,63412.5,100,63400,3000,0,66400,66400,66400,66400,税抜,6640,clean,,,3000,1,,,,
Q2505-032,2025-05-22,C031,田中,リーフレット,od,3,1,0,0,2626.5,17280,1500,1000,3200,0,0,0,0,25606.5,25606.5,0,25606.5,0,0,0,0,0,0,25606.5,100,25600,1500,0,27100,27100,27100,27100,税抜,2710,clean,,,300,1,,,,
Q2505-033,2025-05-22,D05,田中,チラシ,offset,3,0.85,11200,29800,62800,0,0,1000,0,0,0,0,0,104800,89080,0,89080,0,0,0,0,0,0,89080,100,89000,0,0,89000,89000,89000,89000,税抜,8900,clean,,,30000,1,,,,
Q2505-034,2025-05-22,C035,渡辺,封筒,env,3,1,2000,3300,0,0,0,0,0,0,0,8730,0,14030,14030,0,14030,0,0,0,0,0,0,14030,100,14000,0,0,14000,14000,14000,14000,税抜,1400,clean,,,500,1,,,,
Q2505-035,2025-05-22,C037,高橋,冊子,offset,3,1,8400,6600,12300,0,0,0,0,0,12500,0,0,39800,39800,0,39800,0,0,0,0,0,0,39800,100,39800,0,-300,39500,39500,39500,39500,税抜,3950,clean,,,500,1,,,見積メモ!R311,
Q2505-036,2025-05-23,C002,高橋,名刺,card,3,1,0,0,0,0,0,0,0,0,0,0,12400,12400,12400,0,12400,0,1000,0,0,0,4500,17900,100,17900,1500,-400,19000,19000,19000,19000,税抜,1900,clean,,,100,4,,,見積メモ!R312,
Q2505-037,2025-05-23,一般,田中,名刺,card,3,1,0,0,0,0,0,0,0,0,0,0,8500,8500,8500,0,8500,0,0,0,0,0,0,8500,100,8500,0,0,8500,8500,8500,9350,税込,850,clean,,,500,1,,,,
Q2505-038,2025-05-26,一般,田中,チラシ,od,3,1,0,0,136,234,1500,1000,0,0,0,0,0,2870,2870,1,5500,0,0,0,0,0,0,5500,100,5500,0,0,5500,5500,5500,6050,税込,550,clean,,,50,1,,,,
Q2505-039,2025-05-26,C004,高橋,チラシ,offset,3,1.05,22400,29600,23550,0,0,1000,0,0,0,0,0,76550,80377.5,0,80377.5,0,0,0,0,0,0,80377.5,100,80300,0,-300,80000,80000,80000,80000,税抜,8000,clean,,,10000,1,,,見積メモ!R313,
Q2505-040,2025-05-26,K006,田中,名刺,card,3,1,0,0,0,0,0,0,0,0,0,0,4700,4700,4700,0,4700,1175,0,0,0,0,0,5875,100,5800,600,0,6400,6400,6400,7040,税込,640,clean,,,200,1,,,,
Q2505-041,2025-05-27,C003,高橋,冊子,offset,3,0.95,44800,35200,36900,0,0,0,0,0,21500,0,0,138400,131480,0,131480,0,0,0,0,0,0,131480,100,131400,0,-400,131000,131000,131000,131000,税抜,13100,clean,,,1000,1,,,見積メモ!R314,
Q2505-042,2025-05-27,C010,渡辺,チラシ,offset,3,1,22400,23600,21700,0,0,1000,0,0,0,0,0,68700,68700,0,68700,0,0,0,0,0,0,68700,100,69000,0,0,69000,68700,69000,69000,税抜,6900,rounding_inconsistency,rounded with half_up_1000 instead of floor-100,,5000,1,,,,
Q2505-043,2025-05-27,D05,田中,チラシ,offset,3,0.85,22400,17600,11775,0,0,1000,0,0,0,0,0,52775,44858.75,0,44858.75,11214.69,3500,0,0,0,0,59573.44,100,59500,0,0,59500,59500,59500,59500,税抜,5950,clean,,,3000,1,,,,
Q2505-044,2025-05-27,C002,高橋,チラシ,od,3,1,0,0,914.5,4800,1500,1000,0,0,0,0,0,8214.5,8214.5,0,8214.5,0,0,0,0,0,0,8214.5,100,8200,1500,0,9700,9700,9700,9700,税抜,970,clean,,,300,1,,,見積メモ!R315,
Q2505-045,2025-05-27,D05,田中,冊子,offset,3,0.85,11200,8800,12300,0,0,0,0,0,15500,0,0,47800,40630,0,40630,0,0,0,0,0,0,40630,100,40600,0,0,40600,40600,40600,40600,税抜,4060,clean,,,1000,1,,,,
Q2505-046,2025-05-28,K007,田中,チラシ,od,3,1,0,0,136,832,1500,1000,0,0,0,0,0,3468,3468,1,5500,0,0,0,0,0,0,5500,100,5500,0,0,5500,5500,5500,6050,税込,550,clean,,,50,1,,,,
Q2505-047,2025-05-28,D06,高橋,名刺,card,3,0.8,0,0,0,0,0,0,0,0,0,0,8700,8700,6960,0,6960,0,1000,0,0,0,0,7960,100,7900,600,0,8500,8500,8500,8500,税抜,850,clean,,,100,3,,,見積メモ!R316,
Q2505-048,2025-05-29,一般,渡辺,名刺,card,3,1,0,0,0,0,0,0,0,0,0,0,2600,2600,2600,0,2600,650,0,0,0,0,3000,6250,100,6200,0,0,6200,6200,6200,6820,税込,620,clean,,,100,1,,,,
Q2505-049,2025-05-29,C015,渡辺,チラシ,offset,3,1,11200,11800,18900,0,0,1000,0,0,0,0,0,42900,42900,0,42900,0,0,0,0,0,0,42900,100,42900,0,0,42900,42900,42900,42900,税抜,4290,clean,,,3000,1,,,,
Q2505-050,2025-05-29,C004,高橋,名刺,card,3,1.05,0,0,0,0,0,0,0,0,0,0,24000,24000,25200,0,25200,0,0,0,0,0,0,25200,100,25200,1500,-200,26500,26500,26500,26500,税抜,2650,clean,,,500,3,,,見積メモ!R317,
Q2505-051,2025-05-30,C016,高橋,封筒,env,3,1,4000,8550,0,0,0,0,0,0,0,34920,0,47470,47470,0,47470,0,0,0,0,0,0,47470,100,47400,0,-400,47000,47000,47000,47000,税抜,4700,clean,,,2000,1,,,見積メモ!R318,
Q2505-052,2025-05-30,C013,高橋,チラシ,offset,3,1,2800,2200,4725,0,0,1000,0,0,0,0,0,10725,10725,0,10725,0,0,0,0,0,0,10725,100,10700,0,-200,10500,10500,10500,10500,税抜,1050,clean,,,1000,1,,,見積メモ!R319,
Q2505-053,2025-05-30,C012,高橋,名刺,card,3,0.9,0,0,0,0,0,0,0,0,0,0,6800,6800,6120,0,6120,0,0,0,0,0,0,6120,100,6100,0,0,6100,6100,6100,6100,税抜,610,clean,,,500,1,,,見積メモ!R320,
Q2506-001,2025-06-02,一般,田中,チラシ,od,3,1,0,0,1720.5,4800,1500,1000,0,0,0,0,0,9020.5,9020.5,0,9020.5,0,0,0,0,0,0,9020.5,100,9000,0,0,9000,9000,9000,9900,税込,900,clean,,,300,1,,,,
Q2506-002,2025-06-02,D02,高橋,チラシ,offset,3,0.85,22400,17600,9450,0,0,1000,0,0,0,0,0,50450,42882.5,0,42882.5,10720.62,0,0,8000,0,0,61603.12,100,61600,0,-100,61500,61500,61500,61500,税抜,6150,clean,,,2000,1,,,見積メモ!R323,
Q2506-003,2025-06-02,C031,高橋,リーフレット,offset,3,1,5600,7400,28350,0,0,1000,18500,0,0,0,0,60850,60850,0,60850,0,0,0,0,0,0,60850,100,60800,9000,-300,69500,69500,69500,69500,税抜,6950,clean,,,10000,1,,,見積メモ!R324,
Q2506-004,2025-06-02,D06,高橋,リーフレット,od,3,0.8,0,0,2193,14720,0,1000,4100,0,0,0,0,22013,17610.4,0,17610.4,0,0,0,0,0,0,17610.4,100,17600,1500,-100,19000,19000,19000,19000,税抜,1900,clean,,,500,1,,,見積メモ!R325,
Q2506-005,2025-06-02,C001,高橋,冊子,offset,3,0.9,22400,17600,6500,0,0,0,0,0,7100,0,0,53600,48240,0,48240,0,0,0,0,0,0,48240,100,48200,0,-200,48000,48000,48000,48000,税抜,4800,clean,,,300,1,,,見積メモ!R326,
Q2506-006,2025-06-03,C026,田中,チラシ,offset,3,1,22400,23600,21700,0,0,1000,0,0,0,0,0,68700,68700,0,68700,0,0,0,0,0,0,68700,100,68700,0,0,68700,68700,68700,68700,税抜,6870,clean,,,5000,1,,,,
Q2506-007,2025-06-03,C028,田中,冊子,offset,3,0.9,11200,8800,4725,0,0,0,0,0,9500,0,0,34225,30802.5,0,30802.5,0,0,0,0,0,0,30802.5,100,30800,0,0,30800,30800,30800,30800,税抜,3080,clean,,,500,1,,,,
Q2506-008,2025-06-03,C002,高橋,チラシ,offset,3,1,11200,8800,3250,0,0,1000,0,0,0,0,0,24250,24250,0,24250,0,0,0,0,0,0,24250,100,24200,1500,-200,25500,25500,25500,25500,税抜,2550,clean,,,1000,1,,,見積メモ!R327,
Q2506-009,2025-06-03,C006,高橋,名刺,card,3,0.95,0,0,0,0,0,0,0,0,0,0,13000,13000,12350,0,12350,0,0,0,0,0,0,12350,100,12300,0,-300,12000,12000,12000,12000,税抜,1200,clean,,,100,5,,,見積メモ!R328,
Q2506-010,2025-06-03,C010,渡辺,チラシ,od,3,1,0,0,2193.9,17280,0,1000,0,0,0,0,0,20473.9,20473.9,0,20473.9,0,0,0,0,0,0,20473.9,100,20400,0,0,20400,20400,20400,20400,税抜,2040,clean,,,300,1,,,,
Q2506-011,2025-06-03,C025,渡辺,名刺,card,3,1,0,0,0,0,0,0,0,0,0,0,5200,5200,5200,0,5200,0,0,0,0,0,0,5200,100,5200,0,0,5200,5200,5200,5200,税抜,520,clean,,,100,2,,,,
Q2506-012,2025-06-04,C030,高橋,名刺,card,3,1,0,0,0,0,0,0,0,0,0,0,6500,6500,6500,0,6500,0,0,0,0,0,0,6500,100,6500,800,0,7300,7300,7300,7300,税抜,730,clean,,,200,1,,,見積メモ!R329,
Q2506-013,2025-06-04,C040,渡辺,名刺,card,3,1.05,0,0,0,0,0,0,0,0,0,0,21240,21240,22302,0,22302,0,0,0,0,0,0,22302,100,22300,1500,0,23800,23800,23800,23800,税抜,2380,clean,,,100,6,,,,
Q2506-014,2025-06-04,D02,高橋,チラシ,offset,3,0.85,2800,4450,35325,0,0,1000,0,0,0,0,0,43575,37038.75,0,37038.75,9259.69,0,0,0,0,0,46298.44,100,46200,0,-200,46000,46000,46000,46000,税抜,4600,clean,,,8000,1,,,見積メモ!R330,
Q2506-015,2025-06-04,一般,渡辺,チラシ,od,3,1,0,0,588.3,3200,1500,1000,0,4600,0,0,0,10888.3,10888.3,0,10888.3,0,0,0,0,0,0,10888.3,100,10800,0,0,10800,10800,10800,11880,税込,1080,clean,,,100,1,,,,
Q2506-016,2025-06-04,C007,渡辺,チラシ,offset,3,0.95,11200,17800,43400,0,0,1000,0,0,0,0,0,73400,69730,0,69730,0,0,0,0,0,0,69730,100,69700,0,0,69700,69700,69700,69700,税抜,6970,clean,,,30000,1,,,,
Q2506-017,2025-06-04,一般,田中,名刺,card,3,1,0,0,0,0,0,0,0,0,0,0,3100,3100,3100,0,3100,0,0,0,0,0,3000,6100,100,6100,0,0,6100,6100,6100,6710,税込,610,clean,,,100,1,,,,
Q2506-018,2025-06-05,C009,田中,名刺,card,3,0.95,0,0,0,0,0,0,0,0,0,0,12800,12800,12160,0,12160,0,0,0,0,0,0,12160,100,12100,1500,0,13600,13600,13600,13600,税抜,1360,clean,,,1000,1,,,,
Q2506-019,2025-06-05,一般,田中,チラシ,od,3,1,0,0,2863.8,8000,1500,1000,0,11000,0,0,0,24363.8,24363.8,0,24363.8,0,0,0,0,0,0,24363.8,100,24300,0,0,24300,24300,24300,26730,税込,2430,clean,,,500,1,,,,
Q2506-020,2025-06-05,C024,高橋,冊子,offset,3,1,11200,8800,6500,0,0,0,0,0,7100,0,0,33600,33600,0,33600,0,0,4000,0,0,0,37600,100,37600,0,-100,37500,37500,37500,37500,税抜,3750,clean,,,300,1,,,見積メモ!R331,
Q2506-021,2025-06-06,C024,高橋,名刺,card,3,1,0,0,0,0,0,0,0,0,0,0,6800,6800,6800,0,6800,0,0,0,0,0,0,6800,100,6800,800,0,7600,7600,7600,7600,税抜,760,clean,,,100,2,,,見積メモ!R332,
Q2506-022,2025-06-06,一般,田中,名刺,card,3,1,0,0,0,0,0,0,0,0,0,0,21800,21800,21800,0,21800,0,1000,0,0,0,0,22800,100,22800,0,0,22800,22800,22800,25080,税込,2280,clean,,,1000,2,,,,
Q2506-023,2025-06-06,C004,高橋,チラシ,offset,3,1.05,11200,29800,71600,0,0,1000,0,0,0,0,0,113600,119280,0,119280,0,3500,0,0,0,0,122780,100,122700,0,-200,122500,122500,122500,122500,税抜,12250,clean,,,30000,1,,,見積メモ!R333,
Q2506-024,2025-06-09,C026,田中,チラシ,offset,3,1,22400,41600,71775,0,0,1000,0,0,0,0,0,136775,136775,0,136775,0,0,0,0,0,0,136775,100,136700,0,0,136700,136700,136700,136700,税抜,13670,clean,,,20000,1,,,,
Q2506-025,2025-06-10,C040,渡辺,封筒,env,3,1.05,2000,2850,0,0,0,0,0,0,0,5980,0,10830,11371.5,0,11371.5,0,0,0,0,0,0,11371.5,100,11300,1500,0,12800,12800,12800,12800,税抜,1280,clean,,,1200,1,,,,
Q2506-026,2025-06-10,C031,高橋,封筒,env,3,1,4000,4400,0,0,0,0,0,0,0,6980,0,15380,15380,0,15380,0,0,0,0,0,0,15380,100,15300,1500,-300,16500,16500,16500,16500,税抜,1650,clean,,,1000,1,,,見積メモ!R334,
Q2506-027,2025-06-11,C002,高橋,リーフレット,offset,3,1,22400,17600,4725,0,0,1000,4100,0,0,0,0,49825,49825,0,49825,0,3500,0,8000,0,0,61325,100,61300,0,-300,61000,61000,61000,61000,税抜,6100,clean,,,1000,1,,,見積メモ!R335,
Q2506-028,2025-06-11,C031,高橋,封筒,env,3,1,4000,5700,0,0,0,0,0,0,0,5980,0,15680,15680,0,15680,0,3500,0,0,0,0,19180,100,19100,1500,-100,20500,20500,20500,20500,税抜,2050,clean,,,2000,1,,,見積メモ!R336,
Q2506-029,2025-06-11,G08,渡辺,封筒,env,3,0.9,4000,5700,0,0,0,0,0,0,0,5980,0,15680,14112,0,14112,0,0,4000,0,0,0,18112,100,18100,0,0,18100,18100,18100,18100,税抜,1810,clean,,,2000,1,,,,
Q2506-030,2025-06-11,C040,渡辺,封筒,env,3,1.05,2000,4800,0,0,0,0,0,0,0,14950,0,21750,22837.5,0,22837.5,0,3500,4000,0,0,0,30337.5,100,30300,0,0,30300,30300,30300,30300,税抜,3030,clean,,,5000,1,,,,
Q2506-031,2025-06-11,一般,田中,名刺,card,3,1,0,0,0,0,0,0,0,0,0,0,3600,3600,3600,0,3600,0,0,0,0,0,0,3600,100,3600,0,0,3600,3600,3600,3960,税込,360,clean,,,100,1,,,,
Q2506-032,2025-06-12,C040,渡辺,チラシ,offset,3,1.05,22400,17600,8475,0,0,1000,0,15000,0,0,0,64475,67698.75,0,67698.75,0,0,0,8000,0,0,75698.75,100,75600,0,0,75600,75600,75600,75600,税抜,7560,superseded_by_revision,re-issued with a negotiated price,Q2506-032-R2,1000,1,,,,
Q2506-033,2025-06-12,C006,高橋,名刺,card,3,0.95,0,0,0,0,0,0,0,0,0,0,8700,8700,8265,0,8265,0,0,0,0,0,4000,12265,100,12200,0,-200,12000,12000,12000,12000,税抜,1200,clean,,,100,3,,,見積メモ!R337,
Q2506-034,2025-06-12,C028,田中,冊子,offset,3,0.9,22400,23600,23625,0,0,0,0,0,27500,0,0,97125,87412.5,0,87412.5,0,0,0,0,0,0,87412.5,100,87400,0,0,87400,87400,87400,87400,税抜,8740,clean,,,2000,1,,,,
Q2506-035,2025-06-12,C021,渡辺,名刺,card,3,1.1,0,0,0,0,0,0,0,0,0,0,2900,2900,3190,0,3190,0,0,0,0,0,0,3190,100,3100,800,0,3900,3900,3900,3900,税抜,390,clean,,,100,1,,,,
Q2506-036,2025-06-13,C010,渡辺,チラシ,offset,3,1,22400,35600,35325,0,0,1000,0,0,0,0,0,94325,94325,0,94325,0,0,0,0,0,0,94325,100,94300,0,0,94300,94300,94300,94300,税抜,9430,clean,,,15000,1,,,,
Q2506-037,2025-06-13,C030,高橋,冊子,od,3,1,0,0,607.7,6400,0,0,0,0,4100,0,0,11107.7,11107.7,0,11107.7,0,3500,0,0,0,0,14607.7,100,14600,0,-100,14500,14500,14500,14500,税抜,1450,clean,,,50,1,,,見積メモ!R338,
Q2506-038,2025-06-13,C032,高橋,名刺,card,3,1.05,0,0,0,0,0,0,0,0,0,0,86010,86010,90310.5,0,90310.5,0,0,0,0,0,0,90310.5,100,90300,0,-300,90000,90000,90000,90000,税抜,9000,clean,,,200,21,,,見積メモ!R339,
Q2506-039,2025-06-13,C009,田中,封筒,env,3,0.95,2000,2850,0,0,0,0,0,0,0,13960,0,18810,17869.5,0,17869.5,0,0,4000,0,0,0,21869.5,100,21800,1500,0,23300,23300,23300,23300,税抜,2330,clean,,,2000,1,,,,
Q2506-032-R2,2025-06-16,C040,渡辺,チラシ,offset,3,1.05,22400,17600,8475,0,0,1000,0,15000,0,0,0,64475,67698.75,0,67698.75,0,0,0,8000,0,0,75698.75,100,75600,0,0,71800,75600,71800,71800,税抜,7180,negotiated_revision,price cut on re-issue: 75600 -> 71800,Q2506-032,1000,1,,,,
Q2506-040,2025-06-16,C012,高橋,名刺,card,3,0.9,0,0,0,0,0,0,0,0,0,0,7200,7200,6480,0,6480,0,0,0,0,0,0,6480,100,6400,800,0,7200,7200,7200,7200,税抜,720,clean,,,100,4,,,見積メモ!R340,
Q2506-041,2025-06-16,一般,渡辺,名刺,card,3,1,0,0,0,0,0,0,0,0,0,0,1800,1800,1800,0,1800,0,0,0,0,0,3000,4800,100,4800,0,0,4800,4800,4800,5280,税込,480,clean,,,100,1,,,,
Q2506-042,2025-06-17,C001,高橋,チラシ,offset,3,0.9,22400,35600,35325,0,0,1000,0,0,0,0,0,94325,84892.5,0,84892.5,0,0,0,0,0,0,84892.5,100,84800,0,-300,84500,84500,84500,84500,税抜,8450,clean,,,15000,1,,,見積メモ!R341,
Q2506-043,2025-06-17,C014,渡辺,チラシ,od,3,0.9,0,0,2863.8,2250,1500,1000,0,0,0,0,0,7613.8,6852.42,0,6852.42,0,0,0,0,0,0,6852.42,100,6800,800,0,7600,7600,7600,7600,税抜,760,clean,,,500,1,,,,
Q2506-044,2025-06-17,D05,田中,チラシ,offset,3,0.85,11200,8800,7850,0,0,1000,0,0,0,0,0,28850,24522.5,0,24522.5,0,0,0,0,0,0,24522.5,100,24500,0,0,24500,24500,24500,24500,税抜,2450,clean,,,1500,1,,,,
Q2506-045,2025-06-17,C012,高橋,封筒,env,3,0.9,2000,2200,0,0,0,0,0,0,0,6980,0,11180,10062,0,10062,0,3500,0,0,0,0,13562,100,13500,0,0,13500,13500,13500,13500,税抜,1350,clean,,,500,1,,,見積メモ!R342,
Q2506-046,2025-06-17,一般,渡辺,チラシ,od,3,1,0,0,1720.5,1350,1500,1000,0,0,0,0,0,5570.5,5570.5,0,5570.5,0,0,0,0,0,0,5570.5,100,5500,0,0,5500,5500,5500,6050,税込,550,clean,,,300,1,,,,
Q2506-047,2025-06-18,C007,渡辺,封筒,env,3,0.95,4000,7000,0,0,0,0,0,0,0,8970,0,19970,18971.5,0,18971.5,4742.88,3500,0,0,0,0,27214.38,100,27200,0,0,27200,27200,27200,27200,税抜,2720,clean,,,3000,1,,,,
Q2506-048,2025-06-18,D06,高橋,チラシ,offset,3,0.8,11200,11800,14175,0,0,1000,0,0,0,0,0,38175,30540,0,30540,0,0,0,0,0,0,30540,100,30500,4500,0,35000,35000,35000,35000,税抜,3500,clean,,,5000,1,,,見積メモ!R343,
Q2506-049,2025-06-18,一般,渡辺,名刺,card,3,1,0,0,0,0,0,0,0,0,0,0,2600,2600,2600,0,2600,0,0,0,0,0,3000,5600,100,5600,0,0,5600,5600,5600,6160,税込,560,clean,,,100,1,,,,
Q2506-050,2025-06-18,C017,田中,封筒,env,3,0.9,2000,2200,0,0,0,0,0,0,0,2990,0,7190,6471,0,6471,0,0,0,0,0,0,6471,100,6400,1500,0,7900,7900,7900,7900,税抜,790,clean,,,500,1,,,,
Q2506-051,2025-06-19,一般,渡辺,名刺,card,3,1,0,0,0,0,0,0,0,0,0,0,2800,2800,2800,0,2800,0,0,0,0,0,0,2800,100,2800,0,0,2800,2800,2800,3080,税込,280,clean,,,100,1,,,,
Q2506-052,2025-06-19,C033,渡辺,チラシ,offset,3,1,11200,20800,43175,0,0,1000,0,0,0,0,0,76175,76175,0,76175,0,0,0,0,0,0,76175,100,76100,0,0,76100,76100,76100,76100,税抜,7610,clean,,,20000,1,,,,
Q2506-053,2025-06-19,G08,渡辺,名刺,card,3,0.9,0,0,0,0,0,0,0,0,0,0,5600,5600,5040,0,5040,0,0,0,0,0,0,5040,100,5000,800,0,5800,5800,5800,5800,税抜,580,clean,,,300,2,,,,
Q2506-054,2025-06-20,一般,田中,名刺,card,3,1,0,0,0,0,0,0,0,0,0,0,9400,9400,9400,0,9400,0,0,0,0,0,0,9400,100,9400,0,0,9400,9400,9400,10340,税込,940,clean,,,200,2,,,,
Q2506-055,2025-06-20,一般,田中,チラシ,od,3,1,0,0,238,1600,1500,1000,0,0,0,0,0,4338,4338,1,5500,0,0,0,0,0,0,5500,100,5500,600,0,6100,6100,6100,6710,税込,610,clean,,,50,1,,,,
Q2506-056,2025-06-23,C020,渡辺,名刺,card,3,1,0,0,0,0,0,0,0,0,0,0,7200,7200,7200,0,7200,0,1000,0,0,0,0,8200,100,8200,800,0,9000,9000,9000,9000,税抜,900,clean,,,100,2,,,,
Q2506-057,2025-06-23,C028,田中,冊子,offset,3,0.9,11200,8800,4725,0,0,0,0,0,7100,0,0,31825,28642.5,0,28642.5,0,0,0,0,0,0,28642.5,100,28600,0,0,28600,28600,28600,28600,税抜,2860,clean,,,300,1,,,,
Q2506-058,2025-06-23,C012,高橋,名刺,card,3,0.9,0,0,0,0,0,0,0,0,0,0,28860,28860,25974,0,25974,0,0,0,0,0,0,25974,100,25900,0,-400,25500,25500,25500,25500,税抜,2550,clean,,,100,12,,,見積メモ!R344,
Q2506-059,2025-06-23,一般,田中,名刺,card,3,1,0,0,0,0,0,0,0,0,0,0,3600,3600,3600,0,3600,0,0,0,0,0,0,3600,100,3600,800,0,4400,4400,4400,4840,税込,440,clean,,,100,1,,,,
Q2506-060,2025-06-23,D05,田中,リーフレット,offset,3,0.85,22400,35600,42525,0,0,1000,11600,0,0,0,0,113125,96156.25,0,96156.25,0,0,0,0,0,0,96156.25,100,96100,0,0,96100,96100,96100,96100,税抜,9610,clean,,,8000,1,,,,
Q2506-061,2025-06-24,C006,高橋,封筒,env,3,0.95,4000,4400,0,0,0,0,0,0,0,6980,0,15380,14611,0,14611,0,0,0,0,400,0,15011,100,15000,0,0,15000,15000,15000,15000,税抜,1500,clean,,,1000,1,,,見積メモ!R345,
Q2506-062,2025-06-24,C030,高橋,名刺,card,3,1,0,0,0,0,0,0,0,0,0,0,7800,7800,7800,0,7800,0,0,0,0,0,0,7800,100,7800,800,0,8600,8600,8600,8600,税抜,860,clean,,,100,3,,,見積メモ!R346,
Q2506-063,2025-06-24,C001,高橋,チラシ,offset,3,0.9,22400,41600,43175,0,0,1000,0,0,0,0,0,108175,97357.5,0,97357.5,0,0,0,0,0,0,97357.5,100,97300,0,-300,97000,97000,97000,97000,税抜,9700,clean,,,20000,1,,,見積メモ!R347,
Q2506-064,2025-06-24,C040,渡辺,チラシ,offset,3,1.05,22400,17600,8475,0,0,1000,0,21000,0,0,0,70475,73998.75,0,73998.75,0,0,0,0,0,0,73998.75,100,73900,0,0,73900,73900,73900,73900,税抜,7390,clean,,,1500,1,,,,
Q2506-065,2025-06-25,C009,田中,名刺,card,3,0.95,0,0,0,0,0,0,0,0,0,0,34200,34200,32490,0,32490,0,0,0,0,0,0,32490,100,32400,1500,0,33900,33900,33900,33900,税抜,3390,clean,,,100,10,,,,
Q2506-066,2025-06-25,D01,高橋,封筒,env,3,0.8,4000,5700,0,0,0,0,0,0,0,9980,0,19680,15744,0,15744,0,0,0,0,0,0,15744,100,15700,0,-200,15500,15500,15500,15500,税抜,1550,clean,,,1500,1,,,見積メモ!R348,
Q2506-067,2025-06-25,D05,田中,チラシ,offset,3,0.85,22400,17600,11775,0,0,1000,0,0,0,0,0,52775,44858.75,0,44858.75,0,0,0,0,0,0,44858.75,100,44800,0,0,44800,44800,44800,44800,税抜,4480,clean,,,3000,1,,,,
Q2506-068,2025-06-26,C031,高橋,封筒,env,3,1,4000,5700,0,0,0,0,0,0,0,13960,0,23660,23660,0,23660,0,0,0,0,0,0,23660,100,23600,1500,-100,25000,25000,25000,25000,税抜,2500,clean,,,1500,1,,,見積メモ!R349,
Q2506-069,2025-06-26,G08,渡辺,封筒,env,3,0.9,4000,5700,0,0,0,0,0,0,0,5980,0,15680,14112,0,14112,0,0,0,0,0,0,14112,100,14100,0,0,14100,14100,14100,14100,税抜,1410,clean,,,2000,1,,,,
Q2506-070,2025-06-26,C006,高橋,封筒,env,3,0.95,4000,6600,0,0,0,0,0,0,0,8730,0,19330,18363.5,0,18363.5,0,0,0,0,0,0,18363.5,100,18300,0,-300,18000,18000,18000,18000,税抜,1800,clean,,,500,1,,,見積メモ!R350,
Q2506-071,2025-06-26,C010,渡辺,チラシ,offset,3,1,11200,11800,11775,0,0,1000,0,0,0,0,0,35775,35775,0,35775,8943.75,0,0,0,0,0,44718.75,100,44700,0,0,44700,44700,44700,44700,税抜,4470,clean,,,5000,1,,,,
Q2506-072,2025-06-26,C004,高橋,チラシ,offset,3,1.05,22400,29600,43175,0,0,1000,0,0,0,0,0,96175,100983.75,0,100983.75,0,0,0,0,0,0,100983.75,100,100900,0,-400,100500,100500,100500,100500,税抜,10050,clean,,,10000,2,,,見積メモ!R351,
Q2506-073,2025-06-26,C040,渡辺,リーフレット,od,3,1.05,0,0,2863.8,14720,1500,1000,4100,0,0,0,0,24183.8,25392.99,0,25392.99,0,0,0,0,0,0,25392.99,100,25300,1500,0,26800,26800,26800,26800,税抜,2680,clean,,,500,1,,,,
Q2506-074,2025-06-26,C032,高橋,リーフレット,offset,3,1.05,22400,17600,6150,0,0,1000,3200,0,0,0,0,50350,52867.5,0,52867.5,0,0,0,0,0,0,52867.5,100,52800,0,-300,52500,52500,52500,52500,税抜,5250,clean,,,1000,1,,,見積メモ!R352,
Q2506-075,2025-06-26,一般,渡辺,名刺,card,3,1,0,0,0,0,0,0,0,0,0,0,3600,3600,3600,0,3600,0,0,0,0,0,0,3600,100,3600,0,0,3600,3600,3600,3960,税込,360,clean,,,100,2,,,,
Q2506-076,2025-06-27,C009,田中,名刺,card,3,0.95,,,,,,,,,,,,,,,,,,,,,,,,,,,150000,18300,150000,150000,税抜,15000,unreconcilable,amount not derivable from the spec (orig rule net 18300),,200,8,,,,
Q2506-077,2025-06-27,D05,田中,冊子,offset,3,0.85,33600,35400,43050,0,0,0,0,0,39500,0,0,151550,128817.5,0,128817.5,0,0,0,0,0,0,128817.5,100,128800,0,0,128800,128800,128800,128800,税抜,12880,clean,,,2000,1,,,,
Q2506-078,2025-06-27,C026,田中,チラシ,offset,3,1,11200,14800,23550,0,0,1000,0,0,0,0,0,50550,50550,0,50550,0,0,0,0,0,0,50550,100,50500,0,0,50500,50500,50500,50500,税抜,5050,clean,,,10000,1,,,,
Q2506-079,2025-06-27,C021,渡辺,封筒,env,3,1.1,4000,6600,0,0,0,0,0,0,0,17460,0,28060,30866,0,30866,0,0,4000,0,0,0,34866,100,34800,0,0,34800,34800,34800,34800,税抜,3480,superseded_by_revision,re-issued with a negotiated price,Q2506-079-R2,1000,1,,,,
Q2506-080,2025-06-27,C012,高橋,名刺,card,3,0.9,0,0,0,0,0,0,0,0,0,0,11200,11200,10080,0,10080,0,0,0,0,0,0,10080,100,10000,0,0,10000,10000,10000,10000,税抜,1000,clean,,,100,4,,,見積メモ!R353,
Q2506-081,2025-06-27,C020,渡辺,チラシ,offset,3,1,11200,8800,6150,0,0,1000,0,0,0,0,0,27150,27150,0,27150,0,0,0,0,0,0,27150,100,27100,0,0,27100,27100,27100,27100,税抜,2710,superseded_by_revision,re-issued with changed quantity,Q2506-081-R2,1000,1,,,,
Q2506-082,2025-06-30,C001,高橋,チラシ,offset,3,0.9,11200,11800,16275,0,0,1000,0,0,0,0,0,40275,36247.5,0,36247.5,0,0,0,0,0,0,36247.5,100,36200,0,-200,36000,36000,36000,36000,税抜,3600,clean,,,5000,1,,,見積メモ!R354,
Q2506-083,2025-06-30,C039,高橋,チラシ,od,3,1,0,0,376.3,1600,0,1000,0,0,0,0,0,2976.3,2976.3,1,5500,0,0,0,0,0,0,5500,100,5500,1500,0,7000,7000,7000,7000,税抜,700,clean,,,100,1,,,見積メモ!R355,
Q2506-084,2025-06-30,C038,田中,冊子,offset,3,1,67200,70800,66150,0,0,0,0,0,39500,0,0,243650,243650,0,243650,0,3500,0,0,0,0,247150,100,247100,0,0,247100,247100,247100,247100,税抜,24710,clean,,,2000,1,,,,
Q2506-085,2025-06-30,K010,高橋,名刺,card,3,1,0,0,0,0,0,0,0,0,0,0,2600,2600,2600,0,2600,0,0,0,0,0,0,2600,100,2600,800,0,3400,3400,3400,3740,税込,340,clean,,,100,1,,,見積メモ!R356,
Q2506-081-R2,2025-07-01,C020,渡辺,チラシ,offset,3,1,11200,8800,12300,0,0,1000,0,0,0,0,0,33300,33300,0,33300,0,0,0,0,0,0,33300,100,33300,0,0,33300,33300,33300,33300,税抜,3330,clean,re-issue with changed quantity,Q2506-081,1500,1,,,,
Q2507-001,2025-07-01,D05,田中,冊子,offset,3,0.85,22400,17600,9450,0,0,0,0,0,9500,0,0,58950,50107.5,0,50107.5,0,0,0,0,0,0,50107.5,100,50100,0,0,50100,50100,50100,50100,税抜,5010,clean,,,500,1,,,,
Q2507-002,2025-07-02,C040,渡辺,名刺,card,3,1.05,0,0,0,0,0,0,0,0,0,0,7800,7800,8190,0,8190,0,0,0,0,0,0,8190,100,8100,1500,0,9600,9600,9600,9600,税抜,960,clean,,,100,3,,,,
Q2507-003,2025-07-02,C003,高橋,封筒,env,3,0.95,2000,3300,0,0,0,0,0,0,0,8730,0,14030,13328.5,0,13328.5,0,0,0,0,0,0,13328.5,100,13300,1500,-300,14500,14500,14500,14500,税抜,1450,clean,,,300,1,,,見積メモ!R359,
Q2507-004,2025-07-02,C017,田中,名刺,card,3,0.9,0,0,0,0,0,0,0,0,0,0,19980,19980,17982,0,17982,0,0,0,0,0,0,17982,100,17900,1500,0,19400,19400,19400,19400,税抜,1940,clean,,,100,12,,,,
Q2507-005,2025-07-02,G06,高橋,リーフレット,od,3,0.9,0,0,5716.5,27520,1500,1000,3200,0,0,0,0,38936.5,35042.85,0,35042.85,0,0,0,0,0,0,35042.85,100,35000,0,0,35000,35000,35000,35000,税抜,3500,clean,,,500,1,,,見積メモ!R360,
Q2507-006,2025-07-02,C029,高橋,名刺,card,3,0.95,0,0,0,0,0,0,0,0,0,0,2600,2600,2470,0,2470,0,0,0,0,0,0,2470,100,2400,800,0,3200,3200,3200,3200,税抜,320,clean,,,100,1,,,見積メモ!R361,
Q2507-007,2025-07-03,C006,高橋,リーフレット,offset,3,0.95,22400,35600,42525,0,0,1000,11600,0,0,0,0,113125,107468.75,0,107468.75,0,0,0,0,0,0,107468.75,100,107400,0,-400,107000,107000,107000,107000,税抜,10700,clean,,,8000,1,,,見積メモ!R362,
Q2507-008,2025-07-03,C032,高橋,名刺,card,3,1.05,0,0,0,0,0,0,0,0,0,0,5000,5000,5250,0,5250,0,0,0,0,0,0,5250,100,5200,1500,0,6700,6700,6700,6700,税抜,670,clean,,,100,1,,,見積メモ!R363,
Q2507-009,2025-07-03,C024,高橋,名刺,card,3,1,0,0,0,0,0,0,0,0,0,0,45500,45500,45500,0,45500,0,0,0,0,0,0,45500,100,45500,0,0,45500,45500,45500,45500,税抜,4550,clean,,,100,20,,,見積メモ!R364,
Q2507-010,2025-07-04,C017,田中,リーフレット,offset,3,0.9,22400,17600,9450,0,0,1000,5700,0,0,0,0,56150,50535,0,50535,0,0,0,0,0,0,50535,100,50500,0,0,50500,50500,50500,50500,税抜,5050,clean,,,1500,1,,,,
Q2507-011,2025-07-04,C006,高橋,リーフレット,offset,3,0.95,22400,29600,28350,0,0,1000,8000,0,0,0,0,89350,84882.5,0,84882.5,0,0,0,0,0,0,84882.5,100,84800,0,-300,84500,84500,84500,84500,税抜,8450,clean,,,5000,1,,,見積メモ!R365,
Q2506-079-R2,2025-07-07,C021,渡辺,封筒,env,3,1.1,4000,6600,0,0,0,0,0,0,0,17460,0,28060,30866,0,30866,0,0,4000,0,0,0,34866,100,34800,0,0,33400,34800,33400,33400,税抜,3340,negotiated_revision,price cut on re-issue: 34800 -> 33400,Q2506-079,1000,1,,,,
Q2507-012,2025-07-07,C017,田中,リーフレット,offset,3,0.9,22400,17600,9450,0,0,1000,5700,0,0,0,0,56150,50535,0,50535,0,0,0,0,0,0,50535,100,50500,0,0,50500,50500,50500,50500,税抜,5050,clean,,,1500,1,,,,
Q2507-013,2025-07-07,D05,田中,冊子,offset,3,0.85,14000,11000,9450,0,0,0,0,0,8900,0,0,43350,36847.5,0,36847.5,0,0,0,0,0,0,36847.5,100,36840,0,0,36840,36800,36840,36840,税抜,3684,rounding_inconsistency,rounded with floor_10 instead of floor-100,,300,1,,,,
Q2507-014,2025-07-07,K006,田中,名刺,card,3,1,0,0,0,0,0,0,0,0,0,0,4000,4000,4000,0,4000,1000,0,0,0,0,0,5000,100,5000,0,0,5000,5000,5000,5500,税込,500,clean,,,200,1,,,,
Q2507-015,2025-07-08,C030,高橋,封筒,env,3,1,2000,4800,0,0,0,0,0,0,0,34900,0,41700,41700,0,41700,0,0,4000,0,0,0,45700,100,45700,0,-200,45500,45500,45500,45500,税抜,4550,clean,,,5000,1,,,見積メモ!R366,
Q2507-016,2025-07-08,C007,渡辺,リーフレット,offset,3,0.95,22400,17600,9450,0,0,1000,3200,0,0,0,0,53650,50967.5,0,50967.5,0,0,0,0,0,0,50967.5,100,50900,0,0,50900,50900,50900,50900,税抜,5090,clean,,,1000,1,,,,
Q2507-017,2025-07-08,C004,高橋,チラシ,offset,3,1.05,22400,59600,75600,0,0,1000,0,0,0,0,0,158600,166530,0,166530,0,0,0,0,0,0,166530,100,166500,0,0,166500,166500,166500,166500,税抜,16650,clean,,,30000,1,,,見積メモ!R367,
Q2507-018,2025-07-08,C012,高橋,名刺,card,3,0.9,0,0,0,0,0,0,0,0,0,0,13000,13000,11700,0,11700,0,0,0,0,0,0,11700,100,11700,0,-200,11500,11500,11500,11500,税抜,1150,clean,,,100,5,,,見積メモ!R368,
Q2507-019,2025-07-08,G05,高橋,封筒,env,3,1,4000,4400,0,0,0,0,0,0,0,2990,0,11390,11390,0,11390,0,0,0,0,0,0,11390,100,11300,1500,-300,12500,12500,12500,12500,税抜,1250,clean,,,1000,1,,,見積メモ!R369,
Q2507-020,2025-07-09,一般,渡辺,チラシ,od,3,1,0,0,875.5,3200,0,1000,0,0,0,0,0,5075.5,5075.5,1,5500,0,0,0,0,0,0,5500,100,5500,0,0,5500,5500,5500,6050,税込,550,clean,,,200,1,,,,
Q2507-021,2025-07-09,C027,田中,冊子,offset,3,1,44800,35200,14175,0,0,0,0,0,7100,0,0,101275,101275,0,101275,0,3500,0,0,0,0,104775,100,104700,0,0,104700,104700,104700,104700,税抜,10470,clean,,,300,1,,,,
Q2507-022,2025-07-09,C030,高橋,封筒,env,3,1,2000,3300,0,0,0,0,0,0,0,5990,0,11290,11290,0,11290,0,0,0,0,0,0,11290,100,11200,0,-200,11000,11000,11000,11000,税抜,1100,clean,,,300,1,,,見積メモ!R370,
Q2507-023,2025-07-09,D02,高橋,チラシ,offset,3,0.85,22400,29600,23550,0,0,1000,0,0,0,0,0,76550,65067.5,0,65067.5,16266.88,0,0,0,0,0,81334.38,100,81300,0,-300,81000,81000,81000,81000,税抜,8100,clean,,,10000,1,,,見積メモ!R371,
Q2507-024,2025-07-10,C001,高橋,チラシ,offset,3,0.9,67200,88800,92225,0,0,1000,0,0,0,0,0,249225,224302.5,0,224302.5,0,0,0,0,0,0,224302.5,100,224300,0,-300,224000,224000,224000,224000,税抜,22400,clean,,,10000,3,,,見積メモ!R372,
Q2507-025,2025-07-10,一般,田中,チラシ,od,3,1,0,0,941.7,4000,1500,1000,0,0,0,0,0,7441.7,7441.7,0,7441.7,0,0,0,0,0,0,7441.7,100,7400,0,0,7400,7400,7400,8140,税込,740,clean,,,500,1,,,,
Q2507-026,2025-07-11,D02,高橋,チラシ,offset,3,0.85,22400,17600,9450,0,0,1000,0,0,0,0,0,50450,42882.5,0,42882.5,0,0,0,0,0,0,42882.5,100,42800,0,-300,42500,42500,42500,42500,税抜,4250,clean,,,2000,1,,,見積メモ!R373,
Q2507-027,2025-07-11,C034,渡辺,名刺,card,3,1,0,0,0,0,0,0,0,0,0,0,5400,5400,5400,0,5400,0,0,0,0,0,0,5400,100,5400,800,0,6200,6200,6200,6200,税抜,620,clean,,,100,3,,,,
Q2507-028,2025-07-11,C004,高橋,チラシ,offset,3,1.05,11200,8800,13050,0,0,1000,0,0,0,0,0,34050,35752.5,0,35752.5,0,0,0,0,0,0,35752.5,100,35700,0,-200,35500,35500,35500,35500,税抜,3550,clean,,,5000,1,,,見積メモ!R374,
Q2507-029,2025-07-14,C020,渡辺,チラシ,od,3,1,0,0,1431.9,1125,1500,1000,0,0,0,0,0,5056.9,5056.9,1,5500,0,0,0,0,0,0,5500,100,5500,800,0,6300,6300,6300,6300,税抜,630,clean,,,500,1,,,,
Q2507-030,2025-07-14,C037,高橋,リーフレット,offset,3,1,22400,23600,18900,0,0,1000,7300,0,0,0,0,73200,73200,0,73200,0,0,0,0,0,0,73200,100,73200,0,-200,73000,73000,73000,73000,税抜,7300,clean,,,3000,1,,,見積メモ!R375,
Q2507-031,2025-07-14,C002,高橋,チラシ,offset,3,1,11200,8800,14175,0,0,1000,0,0,0,0,0,35175,35175,0,35175,8793.75,0,0,0,0,0,43968.75,100,43900,0,-400,43500,35000,43500,43500,税抜,4350,unrecorded_rush,rush surcharge applied without note,,2000,1,,,見積メモ!R376,
Q2507-032,2025-07-14,C009,田中,名刺,card,3,0.95,0,0,0,0,0,0,0,0,0,0,2900,2900,2755,0,2755,688.75,0,0,0,0,0,3443.75,100,3400,600,0,4000,4000,4000,4000,税抜,400,clean,,,200,1,,,,
Q2507-033,2025-07-15,C020,渡辺,チラシ,offset,3,1,11200,8800,12300,0,0,1000,0,0,0,0,0,33300,33300,0,33300,0,0,0,0,400,0,33700,100,33700,0,0,33700,33700,33700,33700,税抜,3370,clean,,,1000,1,,,,
Q2507-034,2025-07-15,C003,高橋,チラシ,od,3,0.95,0,0,1831.8,8000,0,1000,0,0,0,0,0,10831.8,10290.21,0,10290.21,0,0,0,0,0,0,10290.21,100,10200,0,-200,10000,10000,10000,10000,税抜,1000,clean,,,500,1,,,見積メモ!R377,
Q2507-035,2025-07-15,C017,田中,封筒,env,3,0.9,4000,9600,0,0,0,0,0,0,0,14950,0,28550,25695,0,25695,0,0,0,0,0,0,25695,100,25600,1500,0,27100,27100,27100,27100,税抜,2710,clean,,,5000,1,,,,
Q2507-036,2025-07-15,一般,渡辺,リーフレット,offset,3,1,22400,17600,14175,0,0,1000,5700,0,0,0,0,60875,60875,0,60875,15218.75,0,0,0,0,0,76093.75,100,76000,0,0,76000,60800,76000,83600,税込,7600,unrecorded_rush,rush surcharge applied without note,,2000,1,,,,
Q2507-037,2025-07-15,C030,高橋,名刺,card,3,1,0,0,0,0,0,0,0,0,0,0,8700,8700,8700,0,8700,0,0,0,0,0,0,8700,100,8700,800,0,9500,9500,9500,9500,税抜,950,clean,,,100,3,,,見積メモ!R378,
Q2507-038,2025-07-16,C005,高橋,名刺,card,3,1,0,0,0,0,0,0,0,0,0,0,7200,7200,7200,0,7200,0,0,0,0,0,0,7200,100,7200,800,0,8000,8000,8000,8000,税抜,800,clean,,,100,4,,,見積メモ!R379,
Q2507-039,2025-07-16,D02,高橋,名刺,card,3,0.85,0,0,0,0,0,0,0,0,0,0,14100,14100,11985,0,11985,0,0,0,0,0,0,11985,100,11900,1500,-400,13000,13000,13000,13000,税抜,1300,clean,,,200,3,,,見積メモ!R380,
Q2507-040,2025-07-17,D05,田中,冊子,offset,3,0.85,22400,17600,9450,0,0,0,0,0,9500,0,0,58950,50107.5,0,50107.5,0,0,0,0,0,0,50107.5,100,50100,0,0,50100,50100,50100,50100,税抜,5010,clean,,,500,1,,,,
Q2507-041,2025-07-17,C001,渡辺,チラシ,offset,3,0.9,22400,17600,7850,0,0,1000,0,0,0,0,0,48850,43965,0,43965,0,0,0,0,0,0,43965,100,43900,0,0,43900,43900,43900,43900,税抜,4390,clean,,,2000,1,,,,
Q2507-042,2025-07-17,C010,渡辺,チラシ,offset,3,1,22400,23600,19625,0,0,1000,0,0,0,0,0,66625,66625,0,66625,16656.25,0,0,0,0,0,83281.25,100,83200,0,0,83200,66600,83200,83200,税抜,8320,unrecorded_rush,rush surcharge applied without note,,8000,1,,,,
Q2507-043,2025-07-17,一般,田中,チラシ,od,3,1,0,0,588.3,1600,3000,1000,0,4600,0,0,0,10788.3,10788.3,0,10788.3,0,0,0,0,0,0,10788.3,100,10700,0,0,10700,10700,10700,11770,税込,1070,clean,,,100,2,,,,
Q2507-044,2025-07-18,C020,渡辺,名刺,card,3,1,0,0,0,0,0,0,0,0,0,0,10800,10800,10800,0,10800,0,0,0,0,0,0,10800,100,10800,0,0,10800,10800,10800,10800,税抜,1080,clean,,,100,3,,,,
Q2507-045,2025-07-18,一般,渡辺,冊子,od,3,1,0,0,875.5,6400,1500,0,0,0,4100,0,0,12875.5,12875.5,0,12875.5,0,0,0,0,0,0,12875.5,100,12800,1500,0,14300,14300,14300,15730,税込,1430,clean,,,50,1,,,,
Q2507-046,2025-07-18,C007,渡辺,チラシ,offset,3,0.95,22400,23600,21700,0,0,1000,0,0,0,0,0,68700,65265,0,65265,0,3500,0,0,0,0,68765,100,68700,0,0,68700,68700,68700,68700,税抜,6870,clean,,,10000,1,,,,
Q2507-047,2025-07-22,C007,田中,チラシ,offset,3,0.95,22400,29600,32550,0,0,1000,0,0,0,0,0,85550,81272.5,0,81272.5,0,3500,0,0,0,0,84772.5,100,84700,0,0,84700,84700,84700,84700,税抜,8470,clean,,,10000,1,,,,
Q2507-048,2025-07-22,D01,高橋,リーフレット,offset,3,0.8,22400,23600,18900,0,0,1000,10500,0,0,0,0,76400,61120,0,61120,0,0,0,0,0,0,61120,100,61100,0,-100,61000,61000,61000,61000,税抜,6100,clean,,,5000,1,,,見積メモ!R381,
Q2507-049,2025-07-23,C009,田中,名刺,card,3,0.95,0,0,0,0,0,0,0,0,0,0,7200,7200,6840,0,6840,0,0,0,0,0,0,6840,100,6800,600,0,7400,7400,7400,7400,税抜,740,clean,,,100,4,,,,
Q2507-050,2025-07-23,C037,高橋,封筒,env,3,1,4000,4400,0,0,0,0,0,0,0,2990,0,11390,11390,0,11390,0,0,0,0,0,0,11390,100,11300,0,-300,11000,11000,11000,11000,税抜,1100,clean,,,1000,1,,,見積メモ!R382,
Q2507-051,2025-07-23,C007,渡辺,封筒,env,3,0.95,4000,9600,0,0,0,0,0,0,0,14950,0,28550,27122.5,0,27122.5,0,0,0,0,0,0,27122.5,100,27100,0,0,27100,27100,27100,27100,税抜,2710,clean,,,5000,1,,,,
Q2507-052,2025-07-23,D02,高橋,リーフレット,offset,3,0.85,22400,17600,7850,0,0,1000,5700,0,0,0,0,54550,46367.5,0,46367.5,0,0,0,0,0,0,46367.5,100,46300,0,-300,46000,46000,46000,46000,税抜,4600,clean,,,2000,1,,,見積メモ!R383,
Q2507-053,2025-07-23,C037,高橋,名刺,card,3,1,0,0,0,0,0,0,0,0,0,0,8200,8200,8200,0,8200,0,0,0,0,0,3500,11700,100,11700,0,-200,11500,11500,11500,11500,税抜,1150,clean,,,100,2,,,見積メモ!R384,
Q2507-054,2025-07-23,C012,高橋,名刺,card,3,0.9,0,0,0,0,0,0,0,0,0,0,24700,24700,22230,0,22230,0,0,0,0,0,0,22230,100,22200,0,-200,22000,22000,22000,22000,税抜,2200,clean,,,100,10,,,見積メモ!R385,
Q2507-055,2025-07-23,C032,高橋,名刺,card,3,1.05,0,0,0,0,0,0,0,0,0,0,51200,51200,53760,0,53760,0,0,0,0,0,0,53760,100,53700,0,-200,53500,53500,53500,53500,税抜,5350,clean,,,1000,4,,,見積メモ!R386,
Q2507-056,2025-07-24,C030,高橋,冊子,od,3,1,0,0,5716.5,27520,1500,0,0,0,5300,0,0,40036.5,40036.5,0,40036.5,0,0,0,0,0,0,40036.5,100,40000,0,0,40000,40000,40000,40000,税抜,4000,clean,,,100,1,,,見積メモ!R387,
Q2507-057,2025-07-24,C015,渡辺,チラシ,offset,3,1,22400,17600,6525,0,0,1000,0,0,0,0,0,47525,47525,0,47525,0,0,0,0,0,0,47525,100,47500,0,0,47500,47500,47500,47500,税抜,4750,clean,,,1000,1,,,,
Q2507-058,2025-07-24,D01,高橋,封筒,env,3,0.8,2000,3500,0,0,0,0,0,0,0,14970,0,20470,16376,0,16376,0,0,0,0,0,0,16376,100,16300,1500,-300,17500,17500,17500,17500,税抜,1750,clean,,,3000,1,,,見積メモ!R388,
Q2507-059,2025-07-24,C037,高橋,チラシ,od,3,1,0,0,1831.8,2250,0,1000,3200,0,0,0,0,8281.8,8281.8,0,8281.8,0,0,0,0,0,0,8281.8,100,8200,800,0,9000,9000,9000,9000,税抜,900,clean,,,500,1,,,見積メモ!R389,
Q2507-060,2025-07-25,C027,田中,冊子,offset,3,1,78400,61600,36900,0,0,0,0,0,12500,0,0,189400,189400,0,189400,47350,0,0,8000,0,0,244750,100,244700,0,0,244700,244700,244700,244700,税抜,24470,clean,,,500,1,,,,
Q2507-061,2025-07-25,C001,高橋,チラシ,offset,3,0.9,11200,14800,28350,0,0,1000,0,0,0,0,0,55350,49815,0,49815,0,0,0,0,0,0,49815,100,49800,0,-300,49500,49500,49500,49500,税抜,4950,clean,,,10000,1,,,見積メモ!R390,
Q2507-062,2025-07-25,G05,高橋,チラシ,od,3,1,0,0,1883.4,2250,0,1000,0,0,0,0,0,5133.4,5133.4,1,5500,0,0,0,0,0,0,5500,100,5500,1500,0,7000,7000,7000,7000,税抜,700,clean,,,500,1,,,見積メモ!R391,
Q2507-063,2025-07-25,G05,高橋,チラシ,od,3,1,0,0,1883.4,2250,0,1000,0,0,0,0,0,5133.4,5133.4,1,5500,0,0,0,0,0,0,5500,100,5500,1500,0,7000,7000,7000,7000,税抜,700,clean,,,500,1,,,見積メモ!R392,
Q2507-064,2025-07-25,C033,渡辺,リーフレット,offset,3,1,22400,17600,8475,0,0,1000,3200,0,0,0,0,52675,52675,0,52675,0,0,0,0,0,0,52675,100,52600,0,0,52600,52600,52600,52600,税抜,5260,clean,,,1000,1,,,,
Q2507-065,2025-07-25,C017,田中,リーフレット,offset,3,0.9,22400,17600,9450,0,0,1000,5700,0,0,0,0,56150,50535,0,50535,0,0,0,0,0,0,50535,100,50500,0,0,50500,50500,50500,50500,税抜,5050,clean,,,2000,1,,,,
Q2507-066,2025-07-25,一般,田中,名刺,card,3,1,0,0,0,0,0,0,0,0,0,0,2900,2900,2900,0,2900,725,0,0,0,0,0,3625,100,3600,0,0,3600,3600,3600,3960,税込,360,clean,,,100,1,,,,
Q2507-067,2025-07-25,C040,渡辺,名刺,card,3,1.05,0,0,0,0,0,0,0,0,0,0,10620,10620,11151,0,11151,0,1000,0,0,0,5500,17651,100,17600,1500,0,19100,19100,19100,19100,税抜,1910,clean,,,100,6,,,,
Q2507-068,2025-07-28,C006,高橋,冊子,offset,3,0.95,11200,8800,6150,0,0,0,0,0,7100,0,0,33250,31587.5,0,31587.5,0,0,0,0,0,0,31587.5,100,31500,0,0,31500,31500,31500,31500,税抜,3150,clean,,,300,1,,,見積メモ!R393,
Q2507-069,2025-07-28,C012,高橋,封筒,env,3,0.9,4000,5700,0,0,0,0,0,0,0,9980,0,19680,17712,0,17712,0,0,0,0,0,0,17712,100,17700,0,-200,17500,17500,17500,17500,税抜,1750,clean,,,2000,1,,,見積メモ!R394,
Q2507-070,2025-07-28,C015,渡辺,チラシ,offset,3,1,22400,17600,6525,0,0,1000,0,0,0,0,0,47525,47525,0,47525,0,0,0,0,400,0,47925,100,47900,0,0,47900,47900,47900,47900,税抜,4790,clean,,,1000,1,,,,
Q2507-071,2025-07-28,C031,高橋,名刺,card,3,1,0,0,0,0,0,0,0,0,0,0,3400,3400,3400,0,3400,0,0,0,0,0,0,3400,100,3400,600,0,4000,4000,4000,4000,税抜,400,duplicate_entry,same quote keyed twice,Q2507-073,200,1,,,,
Q2507-072,2025-07-28,C003,高橋,チラシ,offset,3,0.95,22400,23600,15700,0,0,1000,0,0,0,0,0,62700,59565,0,59565,0,0,0,0,0,0,59565,100,59500,0,0,59500,59500,59500,59500,税抜,5950,clean,,,5000,1,,,見積メモ!R395,
Q2507-073,2025-07-28,C031,高橋,名刺,card,3,1,0,0,0,0,0,0,0,0,0,0,3400,3400,3400,0,3400,0,0,0,0,0,0,3400,100,3400,600,0,4000,4000,4000,4000,税抜,400,clean,,,200,1,,,見積メモ!R396,
Q2507-074,2025-07-29,D02,高橋,リーフレット,offset,3,0.85,22400,17600,9450,0,0,1000,3200,0,0,0,0,53650,45602.5,0,45602.5,0,0,0,0,0,0,45602.5,100,45600,0,-100,45500,45500,45500,45500,税抜,4550,clean,,,1000,1,,,見積メモ!R397,
Q2507-075,2025-07-29,D06,高橋,チラシ,offset,3,0.8,11200,8800,6150,0,0,1000,0,0,0,0,0,27150,21720,0,21720,0,0,0,0,0,0,21720,100,21700,1500,-200,23000,23000,23000,23000,税抜,2300,clean,,,1000,1,,,見積メモ!R398,
Q2507-076,2025-07-29,C012,高橋,チラシ,od,3,0.9,0,0,1131.5,4800,1500,1000,0,0,0,0,0,8431.5,7588.35,0,7588.35,0,0,0,0,0,0,7588.35,100,7500,800,0,8300,8300,8300,8300,税抜,830,clean,,,300,1,,,見積メモ!R399,
Q2507-077,2025-07-29,C025,渡辺,リーフレット,offset,3,1,22400,17600,9450,0,0,1000,4400,0,0,0,0,54850,54850,0,54850,0,0,0,0,0,0,54850,100,54800,0,0,54800,54800,54800,54800,税抜,5480,clean,,,2000,1,,,,
Q2507-078,2025-07-29,C001,高橋,チラシ,offset,3,0.9,22400,17600,13050,0,0,1000,0,0,0,0,0,54050,48645,0,48645,0,0,0,0,0,0,48645,100,48600,0,-100,48500,48500,48500,48500,税抜,4850,clean,,,3000,1,,,見積メモ!R400,
Q2507-079,2025-07-30,C003,高橋,封筒,env,3,0.95,2000,4275,0,0,0,0,0,0,0,17970,0,24245,23032.75,0,23032.75,0,0,4000,0,0,0,27032.75,100,27000,1500,0,27800,28500,27800,27800,税抜,2780,undocumented_discount,price_point: 28500 -> 27800,,1200,1,,,見積メモ!R401,
Q2507-080,2025-07-30,C016,高橋,封筒,env,3,1,4000,10500,0,0,0,0,0,0,0,52380,0,66880,66880,0,66880,16720,0,0,0,0,0,83600,100,83600,0,-100,83500,83500,83500,83500,税抜,8350,clean,,,3000,1,,,見積メモ!R402,
Q2507-081,2025-07-30,C012,高橋,チラシ,offset,3,0.9,11200,8800,6525,0,0,1000,0,0,0,0,0,27525,24772.5,0,24772.5,0,0,0,0,0,0,24772.5,100,24700,0,-200,24500,24500,24500,24500,税抜,2450,clean,,,1000,1,,,見積メモ!R403,
Q2507-082,2025-07-31,C005,高橋,名刺,card,3,1,0,0,0,0,0,0,0,0,0,0,9000,9000,9000,0,9000,0,0,0,0,0,0,9000,100,9000,800,0,9800,9800,9800,9800,税抜,980,clean,,,100,5,,,見積メモ!R404,
Q2507-083,2025-07-31,D06,高橋,リーフレット,offset,3,0.8,11200,8800,4725,0,0,1000,4100,0,0,0,0,29825,23860,0,23860,0,0,0,0,0,0,23860,100,23800,1500,-300,25000,25000,25000,25000,税抜,2500,clean,,,1000,1,,,見積メモ!R405,
Q2508-001,2025-08-01,C017,田中,名刺,card,3,0.9,0,0,0,0,0,0,0,0,0,0,21850,21850,19665,0,19665,0,0,0,0,0,0,19665,100,19600,1500,0,21100,21100,21100,21100,税抜,2110,clean,,,200,10,,,,
Q2508-002,2025-08-01,C037,高橋,封筒,env,3,1,4000,7000,0,0,0,0,0,0,0,14970,0,25970,25970,0,25970,0,0,4000,0,0,0,29970,100,29900,0,-400,29500,29500,29500,29500,税抜,2950,clean,,,3000,1,,,見積メモ!R408,
Q2508-003,2025-08-01,C027,田中,名刺,card,3,1,0,0,0,0,0,0,0,0,0,0,54740,54740,54740,0,54740,0,0,0,0,0,0,54740,100,54700,0,0,54700,54700,54700,54700,税抜,5470,clean,,,200,13,,,,
Q2508-004,2025-08-01,C034,渡辺,リーフレット,offset,3,1,22400,17600,14175,0,0,1000,5700,0,0,0,0,60875,60875,0,60875,0,0,0,0,0,0,60875,100,60800,0,0,60800,60800,60800,60800,税抜,6080,clean,,,2000,1,,,,
Q2508-005,2025-08-01,C007,渡辺,封筒,env,3,0.95,4000,9600,0,0,0,0,0,0,0,14950,0,28550,27122.5,0,27122.5,0,0,4000,0,0,0,31122.5,100,31100,0,0,31100,31100,31100,31100,税抜,3110,clean,,,5000,1,,,,
Q2508-006,2025-08-04,C025,渡辺,チラシ,offset,3,1,11200,8800,7850,0,0,1000,0,0,0,0,0,28850,28850,0,28850,0,0,0,0,0,0,28850,100,28800,0,0,28800,28800,28800,28800,税抜,2880,clean,,,3000,1,,,,
Q2508-007,2025-08-04,C026,田中,チラシ,offset,3,1,22400,41600,43175,0,0,1000,0,0,0,0,0,108175,108175,0,108175,0,0,0,0,0,0,108175,100,108100,0,0,108100,108100,108100,108100,税抜,10810,clean,,,10000,1,,,,
Q2508-008,2025-08-04,C012,高橋,封筒,env,3,0.9,2000,2200,0,0,0,0,0,0,0,6980,0,11180,10062,0,10062,0,0,0,0,0,0,10062,100,10000,0,0,10000,10000,10000,10000,税抜,1000,clean,,,500,1,,,見積メモ!R409,
Q2508-009,2025-08-05,C010,渡辺,名刺,card,3,1,0,0,0,0,0,0,0,0,0,0,24000,24000,24000,0,24000,0,0,0,0,0,0,24000,100,24000,0,0,24000,24000,24000,24000,税抜,2400,clean,,,500,3,,,,
Q2508-010,2025-08-06,K007,田中,名刺,card,3,1,0,0,0,0,0,0,0,0,0,0,5400,5400,5400,0,5400,0,1000,0,0,0,0,6400,100,6400,0,0,6400,6400,6400,7040,税込,640,clean,,,100,3,,,,
Q2508-011,2025-08-06,C004,高橋,チラシ,offset,3,1.05,44800,83200,86350,0,0,1000,0,0,0,0,0,215350,226117.5,0,226117.5,0,0,0,0,0,0,226117.5,100,226100,0,-100,226000,226000,226000,226000,税抜,22600,clean,,,10000,2,,,見積メモ!R410,
Q2508-012,2025-08-06,C031,高橋,リーフレット,offset,3,1,22400,17600,11775,0,0,1000,7300,0,0,0,0,60075,60075,0,60075,0,0,0,0,0,0,60075,100,60000,3000,0,63000,63000,63000,63000,税抜,6300,clean,,,3000,1,,,見積メモ!R411,
Q2508-013,2025-08-06,C033,渡辺,チラシ,offset,3,1,22400,23600,32550,0,0,1000,0,0,0,0,0,79550,79550,0,79550,0,0,0,0,0,0,79550,100,79500,0,0,79500,79500,79500,79500,税抜,7950,clean,,,10000,2,,,,
Q2508-014,2025-08-07,C007,渡辺,チラシ,offset,3,0.95,22400,29600,32550,0,0,1000,0,0,0,0,0,85550,81272.5,0,81272.5,0,3500,0,0,4000,0,88772.5,100,88700,0,0,88700,88700,88700,88700,税抜,8870,clean,,,10000,1,,,,
Q2508-015,2025-08-07,C027,田中,封筒,env,3,1,2000,3500,0,0,0,0,0,0,0,8970,0,14470,14470,0,14470,0,0,0,0,0,0,14470,100,14400,1500,0,15900,15900,15900,15900,税抜,1590,clean,,,2500,1,,,,
Q2508-016,2025-08-07,C037,高橋,封筒,env,3,1,4000,7000,0,0,0,0,0,0,0,14970,0,25970,25970,0,25970,0,0,0,0,0,0,25970,100,25900,0,-400,25500,25500,25500,25500,税抜,2550,clean,,,3000,1,,,見積メモ!R412,
Q2508-017,2025-08-07,C001,高橋,チラシ,offset,3,0.9,11200,11800,23625,0,0,1000,0,0,0,0,0,47625,42862.5,0,42862.5,0,0,0,0,0,0,42862.5,100,42800,0,-300,42500,42500,42500,42500,税抜,4250,clean,,,8000,1,,,見積メモ!R413,
Q2508-018,2025-08-07,C003,高橋,封筒,env,3,0.95,2000,2850,0,0,0,0,0,0,0,9980,0,14830,14088.5,0,14088.5,0,0,0,0,0,0,14088.5,100,14000,1500,0,15500,15500,15500,15500,税抜,1550,clean,,,2000,1,,,見積メモ!R414,
Q2508-019,2025-08-07,C002,高橋,リーフレット,offset,3,1,22400,17600,6150,0,0,1000,4100,0,0,0,0,51250,51250,0,51250,0,0,0,8000,0,0,59250,100,59200,0,-200,59000,59000,59000,59000,税抜,5900,clean,,,1000,1,,,見積メモ!R415,
Q2508-020,2025-08-12,C037,高橋,リーフレット,offset,3,1,22400,17600,12300,0,0,1000,4400,0,0,0,0,57700,57700,0,57700,0,0,0,0,0,0,57700,100,57700,0,-200,57500,57500,57500,57500,税抜,5750,clean,,,2000,1,,,見積メモ!R416,
Q2508-021,2025-08-12,C037,高橋,封筒,env,3,1,2000,3300,0,0,0,0,0,0,0,8730,0,14030,14030,0,14030,0,0,4000,0,0,0,18030,100,18000,0,0,18000,18000,18000,18000,税抜,1800,clean,,,500,1,,,見積メモ!R417,
Q2508-022,2025-08-18,D01,高橋,冊子,offset,3,0.8,5600,4400,18450,0,0,0,0,0,15500,0,0,43950,35160,0,35160,0,0,0,0,0,0,35160,100,35100,0,-100,35000,35000,350000,350000,税抜,35000,digit_typo,"extra zero: intended 35000, written 350000",,1000,1,,,見積メモ!R418,copies/memo show intended amount 35000
Q2508-023,2025-08-19,C001,高橋,チラシ,offset,3,0.9,11200,17800,37800,0,0,1000,0,0,0,0,0,67800,61020,0,61020,0,0,0,0,0,0,61020,100,61000,0,0,61000,61000,61000,61000,税抜,6100,clean,,,15000,1,,,見積メモ!R419,
Q2508-024,2025-08-19,一般,渡辺,チラシ,od,3,1,0,0,246.5,1664,3000,1000,0,0,0,0,0,5910.5,5910.5,0,5910.5,0,0,0,0,0,0,5910.5,100,5900,0,0,5900,5900,5900,6490,税込,590,clean,,,50,2,,,,
Q2508-025,2025-08-19,C027,渡辺,名刺,card,3,1,0,0,0,0,0,0,0,0,0,0,30400,30400,30400,0,30400,0,0,0,0,0,0,30400,100,30400,0,0,30400,30400,30400,30400,税抜,3040,clean,,,100,10,,,,
Q2508-026,2025-08-20,K008,田中,冊子,od,3,1,0,0,1032.3,5760,1500,0,0,0,3860,0,0,12152.3,12152.3,0,12152.3,0,0,0,0,0,0,12152.3,100,12100,0,0,12100,12100,12100,13310,税込,1210,clean,,,30,1,,,,
Q2508-027,2025-08-20,G05,高橋,冊子,offset,3,1,67200,70800,45500,0,0,0,0,0,39500,0,0,223000,223000,0,223000,0,0,4000,0,0,0,227000,100,227000,0,0,227000,227000,227000,227000,税抜,22700,clean,,,2000,1,,,見積メモ!R420,
Q2508-028,2025-08-20,C003,高橋,封筒,env,3,0.95,4000,9600,0,0,0,0,0,0,0,14950,0,28550,27122.5,0,27122.5,0,0,4000,0,0,0,31122.5,100,31100,0,-100,31000,31000,31000,31000,税抜,3100,clean,,,5000,1,,,見積メモ!R421,
Q2508-029,2025-08-20,C001,高橋,チラシ,offset,3,0.9,22400,23600,32550,0,0,1000,0,0,0,0,0,79550,71595,0,71595,0,0,0,0,0,0,71595,100,71500,0,0,71500,71500,71500,71500,税抜,7150,clean,,,10000,2,,,見積メモ!R422,
Q2508-030,2025-08-20,D01,高橋,チラシ,offset,3,0.8,5600,5900,23550,0,0,1000,0,0,0,0,0,36050,28840,0,28840,0,0,0,0,0,0,28840,100,28800,1500,-300,30000,30000,30000,30000,税抜,3000,clean,,,5000,2,,,見積メモ!R423,
Q2508-031,2025-08-20,C001,高橋,チラシ,offset,3,0.9,11200,17800,37800,0,0,1000,0,0,0,0,0,67800,61020,0,61020,0,3500,0,0,0,0,64520,100,64500,0,0,64500,64500,64500,64500,税抜,6450,clean,,,15000,1,,,見積メモ!R424,
Q2508-032,2025-08-21,D01,高橋,リーフレット,offset,3,0.8,22400,23600,18900,0,0,1000,10500,0,0,0,0,76400,61120,0,61120,0,0,0,0,0,0,61120,100,61100,0,-100,61000,61000,61000,61000,税抜,6100,clean,,,5000,1,,,見積メモ!R425,
Q2508-033,2025-08-21,C002,高橋,チラシ,offset,3,1,11200,8800,5425,0,0,1000,0,0,0,0,0,26425,26425,0,26425,0,0,0,0,0,0,26425,100,26400,1500,-400,27500,27500,27500,27500,税抜,2750,clean,,,1000,1,,,見積メモ!R426,
Q2508-034,2025-08-22,D05,田中,冊子,offset,3,0.85,22400,17600,9450,0,0,0,0,0,9500,0,0,58950,50107.5,0,50107.5,0,0,0,0,0,0,50107.5,100,50100,0,0,50100,50100,50100,50100,税抜,5010,clean,,,500,1,,,,
Q2508-035,2025-08-22,C006,高橋,冊子,offset,3,0.95,11200,8800,6150,0,0,0,0,0,7100,0,0,33250,31587.5,0,31587.5,0,0,0,0,0,0,31587.5,100,31500,0,0,31500,31500,31500,31500,税抜,3150,clean,,,300,1,,,見積メモ!R427,
Q2508-036,2025-08-22,C007,渡辺,リーフレット,od,3,0.95,0,0,875.5,6400,0,1000,3200,0,0,0,0,11475.5,10901.73,0,10901.73,0,0,0,0,0,0,10901.73,100,10900,0,0,10900,10900,10900,10900,税抜,1090,clean,,,100,1,,,,
Q2508-037,2025-08-25,C001,高橋,チラシ,offset,3,0.9,33600,26400,16275,0,0,1000,0,0,0,0,0,77275,69547.5,0,69547.5,0,0,0,0,0,0,69547.5,100,69500,0,0,69500,69500,69500,69500,税抜,6950,clean,,,1000,3,,,見積メモ!R428,
Q2508-038,2025-08-25,C040,渡辺,名刺,card,3,1.05,0,0,0,0,0,0,0,0,0,0,8400,8400,8820,0,8820,2205,0,0,0,0,0,11025,100,11000,1500,0,12500,12500,12500,12500,税抜,1250,clean,,,200,3,,,,
Q2508-039,2025-08-25,C004,高橋,チラシ,offset,3,1.05,22400,41600,43175,0,0,1000,0,0,0,0,0,108175,113583.75,0,113583.75,0,0,0,0,0,0,113583.75,100,113500,0,0,113500,113500,113500,113500,税抜,11350,clean,,,20000,1,,,見積メモ!R429,
Q2508-040,2025-08-26,一般,渡辺,名刺,card,3,1,0,0,0,0,0,0,0,0,0,0,5200,5200,5200,0,5200,0,0,0,0,0,0,5200,100,5200,0,0,5200,5200,5200,5720,税込,520,clean,,,100,2,,,,
Q2508-041,2025-08-26,一般,渡辺,名刺,card,3,1,0,0,0,0,0,0,0,0,0,0,1800,1800,1800,0,1800,0,0,0,0,0,0,1800,100,1800,0,0,1800,1800,1800,1980,税込,180,clean,,,100,1,,,,
Q2508-042,2025-08-26,G08,渡辺,名刺,card,3,0.9,0,0,0,0,0,0,0,0,0,0,8400,8400,7560,0,7560,0,0,0,0,0,0,7560,100,7500,800,0,8300,8300,8300,8300,税抜,830,clean,,,300,3,,,,
Q2508-043,2025-08-26,D01,高橋,チラシ,offset,3,0.8,11200,11800,18450,0,0,1000,0,0,0,0,0,42450,33960,0,33960,0,0,0,0,0,0,33960,100,33900,0,-400,33500,33500,33500,33500,税抜,3350,clean,,,5000,1,,,見積メモ!R430,
Q2508-044,2025-08-26,一般,渡辺,名刺,card,3,1,0,0,0,0,0,0,0,0,0,0,4700,4700,4700,0,4700,1175,0,0,0,0,0,5875,100,5800,600,0,6400,6400,6400,7040,税込,640,clean,,,200,1,,,,
Q2508-045,2025-08-26,C002,高橋,リーフレット,offset,3,1,22400,17600,6150,0,0,1000,4100,0,0,0,0,51250,51250,0,51250,0,0,0,0,0,0,51250,100,51200,0,-200,51000,51000,51000,51000,税抜,5100,clean,,,1000,1,,,見積メモ!R431,
Q2508-046,2025-08-27,G01,渡辺,チラシ,od,3,0.9,0,0,1131.5,1350,1500,1000,0,0,0,0,0,4981.5,4483.35,1,5500,0,0,0,0,0,0,5500,100,5500,800,0,6300,6300,6300,6300,税抜,630,clean,,,300,1,,,,
Q2508-047,2025-08-27,C009,田中,リーフレット,offset,3,0.95,22400,17600,14175,0,0,1000,7300,0,0,0,0,62475,59351.25,0,59351.25,0,0,0,0,1200,0,60551.25,100,60500,3000,0,63500,63500,63500,63500,税抜,6350,clean,,,3000,1,,,,
Q2508-048,2025-08-27,D06,高橋,リーフレット,od,3,0.8,0,0,1720.5,9600,1500,1000,4100,0,0,0,0,17920.5,14336.4,0,14336.4,0,0,0,0,0,0,14336.4,100,14300,1500,-300,15500,15500,15500,15500,税抜,1550,clean,,,300,1,,,見積メモ!R432,
Q2508-049,2025-08-27,C001,高橋,チラシ,offset,3,0.9,11200,17800,37800,0,0,1000,0,0,0,0,0,67800,61020,0,61020,0,0,0,0,0,0,61020,100,61000,0,0,61000,61000,61000,61000,税抜,6100,clean,,,15000,1,,,見積メモ!R433,
Q2508-050,2025-08-27,C007,渡辺,チラシ,offset,3,0.95,22400,29600,32550,0,0,1000,0,0,0,0,0,85550,81272.5,0,81272.5,0,0,0,0,0,0,81272.5,100,81200,0,0,81200,81200,81200,81200,税抜,8120,clean,,,20000,1,,,,
Q2508-051,2025-08-28,G08,渡辺,冊子,od,3,0.9,0,0,1823.1,4860,1500,0,0,0,5300,0,0,13483.1,12134.79,0,12134.79,0,0,0,0,0,0,12134.79,100,12100,0,0,12100,12100,12100,12100,税抜,1210,clean,,,150,1,,,,
Q2508-052,2025-08-28,C011,渡辺,チラシ,offset,3,1,11200,8800,4475,0,0,1000,0,0,0,0,0,25475,25475,0,25475,0,0,0,0,0,0,25475,100,25400,0,0,25400,25400,25400,25400,税抜,2540,clean,,,2000,1,,,,
Q2508-053,2025-08-28,一般,田中,名刺,card,3,1,0,0,0,0,0,0,0,0,0,0,2400,2400,2400,0,2400,0,0,0,0,0,0,2400,100,2400,0,0,2400,2400,2400,2640,税込,240,clean,,,100,1,,,,
Q2508-054,2025-08-29,C015,渡辺,チラシ,od,3,1,0,0,2626.5,9600,1500,1000,0,0,0,0,0,14726.5,14726.5,0,14726.5,0,0,0,0,0,0,14726.5,100,14700,0,0,14700,14700,14700,14700,税抜,1470,clean,,,300,1,,,,
Q2508-055,2025-08-29,C031,高橋,リーフレット,offset,3,1,22400,23600,24600,0,0,1000,10500,0,0,0,0,82100,82100,0,82100,0,0,0,0,0,0,82100,100,82100,6000,-100,88000,88000,88000,88000,税抜,8800,clean,,,5000,1,,,見積メモ!R434,
Q2508-056,2025-08-29,一般,田中,名刺,card,3,1,0,0,0,0,0,0,0,0,0,0,2800,2800,2800,0,2800,700,0,0,0,0,0,3500,100,3500,0,0,3500,3500,3500,3850,税込,350,clean,,,100,1,,,,
Q2509-001,2025-09-02,C001,高橋,チラシ,offset,3,0.9,22400,23600,48825,0,0,1000,0,0,0,0,0,95825,86242.5,0,86242.5,0,0,0,0,0,0,86242.5,100,86200,0,-200,86000,86000,86000,86000,税抜,8600,clean,,,15000,2,,,見積メモ!R437,
Q2509-002,2025-09-02,C038,田中,チラシ,od,3,1,0,0,914.5,1350,1500,1000,3200,0,0,0,0,7964.5,7964.5,0,7964.5,0,0,0,0,0,0,7964.5,100,7900,0,0,7900,7900,7900,7900,税抜,790,clean,,,300,1,,,,
Q2509-003,2025-09-02,D02,高橋,冊子,offset,3,0.85,22400,17600,14175,0,0,0,0,0,15500,0,0,69675,59223.75,0,59223.75,0,0,0,0,0,0,59223.75,100,59200,0,-200,59000,59000,59000,59000,税抜,5900,clean,,,1000,1,,,見積メモ!R438,
Q2509-004,2025-09-02,C021,渡辺,名刺,card,3,1.1,0,0,0,0,0,0,0,0,0,0,2900,2900,3190,0,3190,0,0,0,0,0,0,3190,100,3100,800,0,3900,3900,3900,3900,税抜,390,clean,,,100,1,,,,
Q2509-005,2025-09-02,C026,田中,チラシ,offset,3,1,22400,17600,10850,0,0,1000,0,0,0,0,0,51850,51850,0,51850,0,0,0,0,0,0,51850,100,51800,0,0,51800,51800,51800,51800,税抜,5180,clean,,,2000,1,,,,
Q2509-006,2025-09-03,C040,渡辺,名刺,card,3,1.05,0,0,0,0,0,0,0,0,0,0,13570,13570,14248.5,0,14248.5,0,0,0,0,0,0,14248.5,100,14200,1500,0,15700,15700,15700,15700,税抜,1570,clean,,,100,6,,,,
Q2509-007,2025-09-03,C009,田中,封筒,env,3,0.95,2000,2850,0,0,0,0,0,0,0,13960,0,18810,17869.5,0,17869.5,0,0,4000,0,800,0,22669.5,100,22600,1500,0,24100,24100,24100,24100,税抜,2410,clean,,,1500,1,,,,
Q2509-008,2025-09-03,D02,高橋,チラシ,offset,3,0.85,22400,17600,9450,0,0,1000,0,0,0,0,0,50450,42882.5,0,42882.5,10720.62,0,0,0,0,0,53603.12,100,53600,0,-100,53500,53500,53500,53500,税抜,5350,clean,,,2000,1,,,見積メモ!R439,
Q2509-009,2025-09-04,一般,渡辺,チラシ,od,3,1,0,0,204.4,225,1500,1000,0,0,0,0,0,2929.4,2929.4,1,5500,0,0,0,0,0,0,5500,100,5500,0,0,5500,5500,5500,6050,税込,550,clean,,,100,1,,,,
Q2509-010,2025-09-04,D01,高橋,リーフレット,od,3,0.8,0,0,1831.8,14720,0,1000,4100,0,0,0,0,21651.8,17321.44,0,17321.44,0,0,0,0,0,0,17321.44,100,17300,1500,-300,18000,18500,18000,18000,税抜,1800,undocumented_discount,floor_1000: 18500 -> 18000,,500,1,,,見積メモ!R440,
Q2509-011,2025-09-04,C037,高橋,チラシ,od,3,1,0,0,1100.5,1350,1500,1000,3200,0,0,0,0,8150.5,8150.5,0,8150.5,0,0,0,0,0,0,8150.5,100,8100,0,0,8100,8100,8100,8100,税抜,810,clean,,,300,1,,,見積メモ!R441,
Q2509-012,2025-09-04,C002,高橋,リーフレット,offset,3,0.8,22400,23600,15700,0,0,1000,5600,0,0,0,0,68300,54640,0,54640,0,0,0,0,1200,0,55840,100,55800,0,-300,55500,69500,55500,55500,税抜,5550,copied_customer_rate,rate 0.80 copied from previous quote for D01,,3000,1,,,見積メモ!R442,
Q2509-013,2025-09-04,C034,渡辺,名刺,card,3,1,0,0,0,0,0,0,0,0,0,0,11200,11200,11200,0,11200,0,0,0,0,0,0,11200,100,11200,0,0,11200,11200,11200,11200,税抜,1120,clean,,,100,4,,,,
Q2509-014,2025-09-04,C031,渡辺,名刺,card,3,1,0,0,0,0,0,0,0,0,0,0,27730,27730,27730,0,27730,0,0,0,0,0,0,27730,100,27700,1500,0,29200,29200,29200,29200,税抜,2920,clean,,,200,6,,,,
Q2509-015,2025-09-04,C007,渡辺,封筒,env,3,0.95,4000,9600,0,0,0,0,0,0,0,14950,0,28550,27122.5,0,27122.5,0,0,0,0,0,0,27122.5,100,27100,0,0,27100,27100,27100,27100,税抜,2710,clean,,,5000,1,,,,
Q2509-016,2025-09-05,C024,高橋,封筒,env,3,1,4000,6600,0,0,0,0,0,0,0,5990,0,16590,16590,0,16590,0,0,0,0,0,0,16590,100,16500,0,0,16500,16500,16500,16500,税抜,1650,clean,,,500,1,,,見積メモ!R443,
Q2509-017,2025-09-05,D06,高橋,リーフレット,od,3,0.8,0,0,1143.3,6400,1500,1000,4100,0,0,0,0,14143.3,11314.64,0,11314.64,0,0,0,0,0,0,11314.64,100,11300,1500,-300,12500,12500,12500,12500,税抜,1250,clean,,,200,1,,,見積メモ!R444,
Q2509-018,2025-09-05,C002,高橋,リーフレット,offset,3,1,22400,17600,12300,0,0,1000,5700,0,0,0,0,59000,59000,0,59000,0,0,0,0,0,0,59000,100,59000,0,0,59000,59000,59000,59000,税抜,5900,clean,,,2000,1,,,見積メモ!R445,
Q2509-019,2025-09-05,G06,高橋,冊子,od,3,0.9,0,0,9197,48640,1500,0,0,0,6200,0,0,65537,58983.3,0,58983.3,0,0,0,0,0,0,58983.3,100,58900,0,-400,58500,58500,58500,58500,税抜,5850,clean,,,150,1,,,見積メモ!R446,
Q2509-020,2025-09-05,C024,高橋,名刺,card,3,1,0,0,0,0,0,0,0,0,0,0,5300,5300,5300,0,5300,0,0,0,0,0,3000,8300,100,8300,0,0,8300,8300,8300,8300,税抜,830,clean,,,200,1,,,見積メモ!R447,
Q2509-021,2025-09-05,一般,渡辺,名刺,card,3,1,0,0,0,0,0,0,0,0,0,0,2600,2600,2600,0,2600,0,0,0,0,0,0,2600,100,2600,0,0,2600,2600,2600,2860,税込,260,clean,,,100,1,,,,
Q2509-022,2025-09-06,C012,高橋,名刺,card,3,0.9,0,0,0,0,0,0,0,0,0,0,43180,43180,38862,0,38862,0,0,0,0,0,0,38862,100,38800,0,-300,38500,38500,38500,38500,税抜,3850,clean,,,200,14,,,見積メモ!R448,
Q2509-023,2025-09-08,C002,高橋,リーフレット,offset,3,1,22400,17600,18450,0,0,1000,7300,0,0,0,0,66750,66750,0,66750,16687.5,0,0,8000,0,0,91437.5,100,91400,0,-400,91000,91000,91000,91000,税抜,9100,clean,,,3000,1,,,見積メモ!R449,
Q2509-024,2025-09-08,C007,渡辺,封筒,env,3,0.95,4000,7000,0,0,0,0,0,0,0,8970,0,19970,18971.5,0,18971.5,0,0,0,0,0,0,18971.5,100,18900,0,0,18900,18900,18900,18900,税抜,1890,clean,,,3000,1,,,,
Q2509-025,2025-09-08,C016,高橋,リーフレット,od,3,1,0,0,2286.6,12160,0,1000,3200,0,0,0,0,18646.6,18646.6,0,18646.6,4661.65,0,0,0,0,0,23308.25,100,23300,0,-300,23000,23000,23000,23000,税抜,2300,clean,,,200,1,,,見積メモ!R450,
Q2509-026,2025-09-08,C033,渡辺,チラシ,offset,3,1,11200,20800,43175,0,0,1000,0,0,0,0,0,76175,76175,0,76175,0,0,0,0,0,0,76175,100,76100,0,0,76100,76100,76100,76100,税抜,7610,clean,,,20000,1,,,,
Q2509-027,2025-09-09,C028,田中,冊子,offset,3,0.9,11200,8800,4725,0,0,0,0,0,7100,0,0,31825,28642.5,0,28642.5,0,0,0,0,0,0,28642.5,100,28600,0,0,28600,28600,28600,28600,税抜,2860,clean,,,300,1,,,,
Q2509-028,2025-09-09,C012,高橋,封筒,env,3,0.9,2000,3500,0,0,0,0,0,0,0,8970,0,14470,13023,0,13023,0,0,0,0,0,0,13023,100,13000,0,0,13000,13000,13000,13000,税抜,1300,clean,,,2500,1,,,見積メモ!R451,
Q2509-029,2025-09-10,C027,田中,名刺,card,3,1,0,0,0,0,0,0,0,0,0,0,35520,35520,35520,0,35520,0,0,0,0,0,0,35520,100,35500,0,0,35500,35500,35500,35500,税抜,3550,clean,,,100,12,,,,
Q2509-030,2025-09-10,K013,渡辺,チラシ,od,3,1,0,0,1143.3,3200,1500,1000,0,0,0,0,0,6843.3,6843.3,0,6843.3,0,0,0,0,0,0,6843.3,100,6800,0,0,6800,6800,6800,7480,税込,680,clean,,,200,1,,,,
Q2509-031,2025-09-10,C030,高橋,リーフレット,offset,3,1,22400,17600,18450,0,0,1000,7300,0,0,0,0,66750,66750,0,66750,0,0,0,0,0,0,66750,100,66700,0,-200,66500,66500,66500,66500,税抜,6650,clean,,,3000,1,,,見積メモ!R452,
Q2509-032,2025-09-11,C007,渡辺,チラシ,offset,3,0.95,11200,17800,52200,0,0,1000,0,0,0,0,0,82200,78090,0,78090,0,0,0,0,0,0,78090,100,78000,0,0,78000,78000,78000,78000,税抜,7800,clean,,,15000,1,,,,
Q2509-033,2025-09-11,C001,高橋,チラシ,offset,3,0.9,11200,14800,28350,0,0,1000,0,0,0,0,0,55350,49815,0,49815,0,0,0,0,0,0,49815,100,49800,0,-300,49500,49500,49500,49500,税抜,4950,clean,,,10000,1,,,見積メモ!R453,
Q2509-034,2025-09-11,C007,渡辺,リーフレット,od,3,0.95,0,0,2193.9,17280,1500,1000,3200,0,0,0,0,25173.9,23915.21,0,23915.21,0,0,0,0,0,0,23915.21,100,23900,0,0,23900,23900,23900,23900,税抜,2390,clean,,,300,1,,,,
Q2509-035,2025-09-12,G01,渡辺,冊子,od,3,0.9,0,0,1215.4,12160,1500,0,0,0,4700,0,0,19575.4,17617.86,0,17617.86,0,0,0,0,0,0,17617.86,100,17600,0,0,17600,17600,17600,17600,税抜,1760,clean,,,100,1,,,,
Q2509-036,2025-09-12,C002,高橋,リーフレット,offset,3,1,22400,17600,12300,0,0,1000,5700,0,0,0,0,59000,59000,0,59000,0,0,0,0,0,0,59000,100,59000,0,0,59000,59000,59000,59000,税抜,5900,clean,,,2000,1,,,見積メモ!R454,
Q2509-037,2025-09-12,C027,田中,封筒,env,3,1,2000,3500,0,0,0,0,0,0,0,8970,0,14470,14470,0,14470,0,0,0,0,0,0,14470,100,14400,1500,0,15900,15900,15900,15900,税抜,1590,clean,,,2500,1,,,,
Q2509-038,2025-09-12,D05,田中,冊子,offset,3,0.85,33600,26400,12300,0,0,0,0,0,8900,0,0,81200,69020,0,69020,0,0,0,0,0,0,69020,100,69000,0,0,69000,69000,69000,69000,税抜,6900,clean,,,300,1,,,,
Q2509-039,2025-09-12,一般,田中,冊子,od,3,1,0,0,2286.6,12160,1500,0,0,0,4100,0,0,20046.6,20046.6,0,20046.6,0,0,0,0,0,0,20046.6,100,20000,0,0,20000,20000,20000,22000,税込,2000,clean,,,50,1,,,,
Q2509-040,2025-09-16,D05,田中,リーフレット,offset,3,0.85,22400,29600,28350,0,0,1000,8000,0,0,0,0,89350,75947.5,0,75947.5,0,0,0,0,0,0,75947.5,100,75900,0,0,75900,75900,75900,75900,税抜,7590,clean,,,5000,1,,,,
Q2509-041,2025-09-16,一般,田中,名刺,card,3,1,0,0,0,0,0,0,0,0,0,0,3600,3600,3600,0,3600,900,0,0,0,0,0,4500,100,4500,0,0,4500,3600,4500,4950,税込,450,unrecorded_rush,rush surcharge applied without note,,100,1,,,,
Q2509-042,2025-09-16,C001,高橋,チラシ,offset,3,0.9,11200,14800,32550,0,0,1000,0,0,0,0,0,59550,53595,0,53595,0,0,0,0,0,0,53595,100,53500,0,0,53500,53500,53500,53500,税抜,5350,clean,,,10000,1,,,見積メモ!R455,
Q2509-043,2025-09-16,C005,高橋,封筒,env,3,1,2000,3300,0,0,0,0,0,0,0,11980,0,17280,17280,0,17280,0,0,0,0,0,0,17280,100,17200,0,-200,17000,17000,17000,17000,税抜,1700,clean,,,1000,1,,,見積メモ!R456,
Q2509-044,2025-09-16,C007,高橋,チラシ,offset,3,0.95,22400,41600,43175,0,0,1000,0,0,0,0,0,108175,102766.25,0,102766.25,0,0,0,0,0,0,102766.25,100,102700,0,-200,102500,102500,102500,102500,税抜,10250,clean,,,10000,1,,,見積メモ!R457,
Q2509-045,2025-09-17,C024,高橋,封筒,env,3,1,2000,3300,0,0,0,0,0,0,0,17460,0,22760,22760,0,22760,5690,0,0,0,0,0,28450,100,28400,0,-400,28000,22500,28000,28000,税抜,2800,unrecorded_rush,rush surcharge applied without note,,1000,1,,,見積メモ!R458,
Q2509-046,2025-09-17,C003,高橋,封筒,env,3,0.95,2000,3500,0,0,0,0,0,0,0,8970,0,14470,13746.5,0,13746.5,0,0,0,0,0,0,13746.5,100,13700,1500,-200,15000,15000,15000,15000,税抜,1500,clean,,,2500,1,,,見積メモ!R459,
Q2509-047,2025-09-17,一般,渡辺,名刺,card,3,1,0,0,0,0,0,0,0,0,0,0,6800,6800,6800,0,6800,0,0,0,0,0,0,6800,100,6800,0,0,6800,6800,6800,7480,税込,680,clean,,,500,1,,,,
Q2509-048,2025-09-17,G05,高橋,冊子,offset,3,1,8400,6600,6500,0,0,0,0,0,9500,0,0,31000,31000,0,31000,0,3500,0,0,0,0,34500,100,34500,0,0,34500,34500,34500,34500,税抜,3450,clean,,,500,1,,,見積メモ!R460,
Q2509-049,2025-09-17,C001,渡辺,チラシ,offset,3,0.9,11200,29800,71600,0,0,1000,0,0,0,0,0,113600,102240,0,102240,0,0,0,0,0,0,102240,100,102200,0,0,102200,102200,102200,102200,税抜,10220,clean,,,30000,1,,,,
Q2509-050,2025-09-17,一般,高橋,冊子,od,3,1,0,0,9723.2,69760,1500,0,0,0,7100,0,0,88083.2,88083.2,0,88083.2,0,0,0,0,0,0,88083.2,100,88000,0,0,88000,88000,88000,96800,税込,8800,clean,,,200,1,,,見積メモ!R461,
Q2509-051,2025-09-17,D05,田中,チラシ,offset,3,0.85,11200,8800,9450,0,0,1000,0,0,0,0,0,30450,25882.5,0,25882.5,6470.62,0,0,0,0,0,32353.12,100,32300,0,0,32300,32300,32300,32300,税抜,3230,clean,,,5000,1,,,,
Q2509-052,2025-09-18,C031,高橋,封筒,env,3,1,4000,10500,0,0,0,0,0,0,0,52380,0,66880,66880,0,66880,0,0,0,0,0,0,66880,100,66800,6000,-300,72500,72500,72500,72500,税抜,7250,clean,,,3000,1,,,見積メモ!R462,
Q2509-053,2025-09-18,C006,高橋,リーフレット,offset,3,0.95,22400,23600,18900,0,0,1000,5600,0,0,0,0,71500,67925,0,67925,0,0,0,0,0,0,67925,100,67900,0,-400,67500,67500,67500,67500,税抜,6750,clean,,,3000,1,,,見積メモ!R463,
Q2509-054,2025-09-18,C031,高橋,封筒,env,3,1,4000,14400,0,0,0,0,0,0,0,87300,0,105700,105700,0,105700,0,0,0,0,0,0,105700,100,105700,9000,-200,114500,114500,114500,114500,税抜,11450,clean,,,5000,1,,,見積メモ!R464,
Q2509-055,2025-09-18,C028,田中,リーフレット,offset,3,0.9,22400,17600,14175,0,0,1000,7300,0,0,0,0,62475,56227.5,0,56227.5,0,0,0,0,0,0,56227.5,100,56200,0,0,56200,56200,56200,56200,税抜,5620,clean,,,3000,1,,,,
Q2509-056,2025-09-19,C027,田中,リーフレット,offset,3,1,22400,17600,12300,0,0,1000,4400,0,0,0,0,57700,57700,0,57700,0,0,0,0,0,0,57700,100,57700,0,0,57700,57700,57700,57700,税抜,5770,clean,,,2000,1,,,,
Q2509-057,2025-09-19,C033,渡辺,リーフレット,offset,3,1,22400,17600,8475,0,0,1000,3200,0,0,0,0,52675,52675,0,52675,0,3500,0,0,0,0,56175,100,56100,0,0,56100,56100,56100,56100,税抜,5610,clean,,,1000,1,,,,
Q2509-058,2025-09-19,C017,田中,封筒,env,3,0.9,2000,4800,0,0,0,0,0,0,0,24950,0,31750,28575,0,28575,0,0,4000,0,0,0,32575,100,32500,0,0,32500,32500,32500,32500,税抜,3250,clean,,,5000,1,,,,
Q2509-059,2025-09-22,C010,渡辺,チラシ,offset,3,1,67200,124800,179025,0,0,1000,0,0,0,0,0,372025,372025,0,372025,0,0,0,0,0,0,372025,100,372000,0,0,372000,372000,372000,372000,税抜,37200,clean,,,20000,3,,,,
Q2509-060,2025-09-22,C001,高橋,チラシ,offset,3,0.9,11200,14800,28350,0,0,1000,0,0,0,0,0,55350,49815,0,49815,0,0,0,0,0,0,49815,100,49800,0,-300,49500,49500,49500,49500,税抜,4950,clean,,,10000,1,,,見積メモ!R465,
Q2509-061,2025-09-22,D06,高橋,リーフレット,od,3,0.8,0,0,450.5,3200,1500,1000,4100,0,0,0,0,10250.5,8200.4,0,8200.4,0,0,0,0,0,0,8200.4,100,8200,0,0,8200,8200,8200,8200,税抜,820,clean,,,100,1,,,見積メモ!R466,
Q2509-062,2025-09-22,C018,田中,チラシ,offset,3,1,11200,14800,28350,0,0,1000,0,0,0,0,0,55350,55350,0,55350,0,0,0,0,0,0,55350,100,55300,0,0,55300,55300,55300,55300,税抜,5530,clean,,,10000,1,,,,
Q2509-063,2025-09-22,C026,田中,チラシ,od,3,1,0,0,1462.6,12160,1500,1000,0,0,0,0,0,16122.6,16122.6,0,16122.6,0,0,0,0,0,0,16122.6,100,16100,0,0,16100,16100,16100,16100,税抜,1610,clean,,,200,1,,,,
Q2509-064,2025-09-22,C014,渡辺,リーフレット,od,3,0.9,0,0,1831.8,14720,1500,1000,4100,0,0,0,0,23151.8,20836.62,0,20836.62,0,0,0,0,0,0,20836.62,100,20800,0,0,20800,20800,20800,20800,税抜,2080,clean,,,500,1,,,,
Q2509-065,2025-09-24,C009,田中,名刺,card,3,0.95,0,0,0,0,0,0,0,0,0,0,7800,7800,7410,0,7410,0,0,0,0,0,0,7410,100,7400,600,0,8000,8000,8000,8000,税抜,800,clean,,,100,2,,,,
Q2509-066,2025-09-24,C023,高橋,冊子,offset,3,1,5600,4400,18450,0,0,0,0,0,15500,0,0,43950,43950,0,43950,0,0,0,8000,0,0,51950,100,51900,4500,-400,56000,56000,56000,56000,税抜,5600,clean,,,1000,1,,,見積メモ!R467,
Q2509-067,2025-09-24,C031,高橋,リーフレット,offset,3,1,22400,17600,11775,0,0,1000,7300,0,0,0,0,60075,60075,0,60075,0,0,0,0,0,0,60075,100,60000,3000,0,63000,63000,63000,63000,税抜,6300,clean,,,3000,1,,,見積メモ!R468,
Q2509-068,2025-09-24,一般,田中,名刺,card,3,1,0,0,0,0,0,0,0,0,0,0,2600,2600,2600,0,2600,0,0,0,0,0,0,2600,100,2600,0,0,2600,2600,2600,2860,税込,260,clean,,,100,1,,,,
Q2509-069,2025-09-24,C021,渡辺,名刺,card,3,1.1,0,0,0,0,0,0,0,0,0,0,25600,25600,28160,0,28160,0,0,0,0,0,0,28160,100,28100,0,0,28100,28100,28100,28100,税抜,2810,clean,,,500,4,,,,
Q2509-070,2025-09-24,C040,渡辺,名刺,card,3,1.05,0,0,0,0,0,0,0,0,0,0,7800,7800,8190,0,8190,0,0,0,0,0,4000,12190,100,12100,1500,0,13600,13600,13600,13600,税抜,1360,clean,,,100,3,,,,
Q2509-071,2025-09-25,C004,高橋,チラシ,offset,3,1.05,22400,41600,43175,0,0,1000,0,0,0,0,0,108175,113583.75,0,113583.75,0,0,0,0,0,0,113583.75,100,113500,0,0,113500,113500,113500,113500,税抜,11350,clean,,,10000,1,,,見積メモ!R469,
Q2509-072,2025-09-25,D06,高橋,名刺,card,3,0.8,0,0,0,0,0,0,0,0,0,0,2600,2600,2080,0,2080,0,0,0,0,0,0,2080,100,2000,600,0,2600,2600,2600,2600,税抜,260,clean,,,100,1,,,見積メモ!R470,
Q2509-073,2025-09-25,C026,田中,チラシ,offset,3,1,22400,29600,32550,0,0,1000,0,0,0,0,0,85550,85550,0,85550,0,0,0,0,0,0,85550,100,85500,0,0,85500,85500,85500,85500,税抜,8550,clean,,,20000,1,,,,
Q2509-074,2025-09-25,一般,渡辺,名刺,card,3,1,0,0,0,0,0,0,0,0,0,0,2300,2300,2300,0,2300,0,0,0,0,0,0,2300,100,2300,0,0,2300,2300,2300,2530,税込,230,clean,,,200,1,,,,
Q2509-075,2025-09-25,D01,高橋,チラシ,offset,3,0.8,22400,23600,15700,0,0,1000,0,0,0,0,0,62700,50160,0,50160,0,0,0,0,0,0,50160,100,50100,0,-100,50000,50000,50000,50000,税抜,5000,clean,,,5000,1,,,見積メモ!R471,
Q2509-076,2025-09-26,G03,高橋,チラシ,od,3,0.9,0,0,312.7,450,1500,1000,0,0,0,0,0,3262.7,2936.43,1,5500,0,0,0,0,0,0,5500,100,5500,1500,0,7000,7000,7000,7000,税抜,700,clean,,,200,1,,,見積メモ!R472,
Q2509-077,2025-09-26,一般,渡辺,名刺,card,3,1,0,0,0,0,0,0,0,0,0,0,5600,5600,5600,0,5600,0,0,0,0,0,0,5600,100,5600,0,0,5600,5600,5600,6160,税込,560,clean,,,300,2,,,,
Q2509-078,2025-09-29,D01,高橋,リーフレット,od,3,0.8,0,0,1831.8,14720,1500,1000,4100,0,0,0,0,23151.8,18521.44,0,18521.44,4630.36,0,0,0,0,0,23151.8,100,23100,1500,-100,24500,24500,24500,24500,税抜,2450,clean,,,500,1,,,見積メモ!R473,
Q2509-079,2025-09-29,C040,渡辺,チラシ,offset,3,1.05,22400,17600,8475,0,0,1000,0,21000,0,0,0,70475,73998.75,0,73998.75,18499.69,0,0,0,0,0,92498.44,100,92400,0,0,92400,92400,92400,92400,税抜,9240,clean,,,1500,1,,,,
Q2509-080,2025-09-30,C009,田中,名刺,card,3,0.95,0,0,0,0,0,0,0,0,0,0,4200,4200,3990,0,3990,0,0,0,0,0,3000,6990,100,6900,0,0,6900,6900,6900,6900,税抜,690,clean,,,300,1,,,,
Q2509-081,2025-09-30,D06,高橋,リーフレット,offset,3,0.8,22400,17600,14175,0,0,1000,5700,0,0,0,0,60875,48700,0,48700,0,0,0,0,0,0,48700,100,48700,4500,-200,53000,53000,53000,53000,税抜,5300,clean,,,2000,1,,,見積メモ!R474,
Q2509-082,2025-09-30,G03,高橋,チラシ,offset,3,0.9,11200,8800,4075,0,0,1000,0,0,0,0,0,25075,22567.5,0,22567.5,0,0,0,0,0,0,22567.5,100,22500,1500,0,24000,24000,24000,24000,税抜,2400,clean,,,1500,1,,,見積メモ!R475,
Q2509-083,2025-09-30,C040,渡辺,リーフレット,od,3,1.05,0,0,1100.5,9600,1500,1000,4100,0,0,0,0,17300.5,18165.53,0,18165.53,0,0,0,0,0,0,18165.53,100,18100,1500,0,19600,19600,19600,19600,税抜,1960,clean,,,300,1,,,,
