quote_no,issue_date,customer_code,rep,item,width_mm,height_mm,qty,unit,thickness_mm,sides,media,laminate,finish,lighting,design,install,install_height_m,site,remarks,amount,tax_label
2204-001,2022-04-01,1056,中村,インクジェット出力,841,297,3,枚,,,ターポリン,グロス,,,新規,有,6,北原市（現場：店舗）,既存撤去,"123,500",税抜
2204-002,2022-04-01,1052,山本,アルミ複合板看板,900,450,1,枚,3,片面,,グロス,,,支給,有,2,東山町 本町3丁目2番,,"46,200",税込
2204-003,2022-04-01,1040,小林,アルミ複合板看板,600,900,1,枚,4,片面,,なし,,,支給,有,6,西浜町中央7-4,急ぎ,"106,800",
2204-004,2022-04-02,1044,山本,アルミ複合板看板,450,1800,2,枚,3,片面,,マット,,,新規,有,4,西浜町緑ヶ丘5-18-14,夜間作業・急ぎ,"¥199,100",税込
2204-005,2022-04-02,9999,加藤,インクジェット出力,3600,420,1,枚,,,塩ビシート,なし,,,修正,無,,北原市（現場：倉庫）,,"11,600",
2204-006,2022-04-03,1037,小林,カルプ文字,,150,9,文字,10,,,,シート貼り,,修正,有,5,北原市（現場：倉庫）,既存撤去・現調済,"108,000",税抜
2204-007,2022-04-04,1004,小林,カルプ文字,,400,15,文字,30,,,,シート貼り,,支給,有,4,南川市緑ヶ丘3-29-3,,"217,500",税抜
2204-008,2022-04-04,1034,小林,アルミ複合板看板,1200,450,1,枚,4,両面,,グロス,,,修正,無,,,,"26,840",税込
2204-009,2022-04-05,1058,加藤,アルミ複合板看板,1800,1500,3,枚,3,片面,,グロス,,,支給,有,3,南川市中央6-25,,"168,400",税抜
2204-010,2022-04-06,1003,小林,インクジェット出力,1200,594,1,枚,,,合成紙,グロス,,,支給,無,,中島村中央7-18,,"¥5,000",
2204-011,2022-04-07,1057,小林,アルミ複合板看板,3600,1200,1,枚,3,片面,,マット,,,支給,無,,,,"¥73,260",
2204-012,2022-04-07,1031,加藤,カルプ文字,,500,11,文字,10,,,,シート貼り,,新規,有,4,北原市中央1-13,現調済,"182,300",税別
2204-013,2022-04-07,1056,小林,インクジェット出力,420,594,1,枚,,,ターポリン,なし,,,支給,無,,,,"5,000",税抜
2204-014,2022-04-08,1046,小林,インクジェット出力,3600,1200,3,枚,,,合成紙,マット,,,支給,無,,,,"51,800",税別
2204-015,2022-04-08,1033,中村,インクジェット出力,3600,420,2,枚,,,メッシュ,なし,,,修正,無,,,,"20,460",税込
2204-016,2022-04-09,1001,山本,インクジェット出力,594,600,2,枚,,,塩ビシート,なし,,,支給,無,,東山町（現場：事務所）,,"¥5,000",税別
2204-017,2022-04-10,1031,山本,アルミ複合板看板,2700,900,1,枚,3,片面,,グロス,,,支給,有,4,東山町 本町8丁目9番,現調済,"118,800",税込
2204-018,2022-04-10,9999,山本,アルミ複合板看板,3000,450,4,枚,3,片面,,マット,,,修正,無,,,,"¥124,300",税込
2204-019,2022-04-10,1006,小林,インクジェット出力,594,420,1,枚,,,合成紙,グロス,,,修正,無,,,,"7,000",
2204-020,2022-04-12,1033,小林,インクジェット出力,1800,297,1,枚,,,合成紙,グロス,,,支給,無,,,,"¥5,000",
2204-021,2022-04-12,1045,加藤,インクジェット出力,594,600,1,枚,,,塩ビシート,なし,,,修正,有,3.5,北原市（現場：倉庫）,夜間作業・図面支給,"50,000",税別
2204-022,2022-04-12,1049,加藤,カルプ文字,,500,9,文字,20,,,,塗装,,新規,有,3,北原市 本町5丁目16番,,"¥156,420",税込
2204-023,2022-04-13,1024,中村,インクジェット出力,420,420,2,枚,,,ターポリン,グロス,,,新規,有,5,西浜町中央1-11,,"127,600",税込
2204-024,2022-04-14,1007,山本,インクジェット出力,594,600,2,枚,,,ターポリン,なし,,,修正,無,,中島村 本町4丁目8番,,"8,000",税抜
2204-025,2022-04-15,1005,山本,アルミ複合板看板,2700,600,1,枚,3,両面,,マット,,,支給,無,,南川市 本町3丁目22番,,"45,000",
2204-026,2022-04-15,9999,山本,インクジェット出力,900,420,5,枚,,,ターポリン,なし,,,支給,無,,,,"9,900",税込
2204-027,2022-04-16,1003,山本,袖看板,600,900,1,台,,両面,,,,なし,支給,有,4,東山町 本町5丁目3番,夜間作業・既存撤去,"180,400",税込
2204-028,2022-04-16,1004,小林,インクジェット出力,420,1200,3,枚,,,ターポリン,なし,,,新規,有,5,北原市中央1-9,色見本あり,"¥109,200",
2204-029,2022-04-16,1021,加藤,アルミ複合板看板,2400,900,1,枚,3,片面,,グロス,,,支給,無,,,,"36,080",税込
2204-030,2022-04-17,9999,加藤,インクジェット出力,594,900,1,枚,,,メッシュ,なし,,,支給,有,4,南川市 本町2丁目3番,色見本あり,"77,400",税抜
2204-031,2022-04-17,9999,山本,アルミ複合板看板,1800,1200,1,枚,3,片面,,グロス,,,修正,有,3.5,北原市緑ヶ丘2-21-16,,"71,000",税別
2204-032,2022-04-18,1058,加藤,インクジェット出力,3600,420,1,枚,,,合成紙,マット,,,支給,有,1.5,北原市中央5-27,,"¥34,000",税抜
2204-033,2022-04-19,1007,加藤,インクジェット出力,1800,297,1,枚,,,メッシュ,なし,,,修正,有,2.5,南川市中央2-8,色見本あり,"¥36,800",税別
2204-034,2022-04-19,1039,加藤,アルミ複合板看板,2400,1200,1,枚,3,片面,,マット,,,支給,有,1.5,南川市 本町5丁目20番,,"¥83,160",
2204-035,2022-04-19,1054,加藤,袖看板,900,900,2,台,,両面,,,,LED内照,支給,有,2,南川市中央8-8,既存撤去,"328,900",税込
2204-036,2022-04-20,1028,中村,アルミ複合板看板,1200,1800,3,枚,3,両面,,なし,,,支給,有,4,北原市中央2-5,現調済,"227,600",税抜
2204-037,2022-04-22,9999,山本,アルミ複合板看板,2700,1200,2,枚,3,両面,,なし,,,支給,有,3.5,北原市（現場：倉庫）,,"227,700",
2204-038,2022-04-22,1024,山本,カルプ文字,,600,9,文字,20,,,,塗装,,新規,有,2,北原市緑ヶ丘3-29-5,急ぎ,"214,000",
2204-039,2022-04-23,1050,小林,アルミ複合板看板,3000,900,4,枚,3,片面,,なし,,,支給,有,2,南川市（現場：店舗）,現調済,"¥206,600",税別
2204-040,2022-04-23,1017,加藤,カルプ文字,,400,11,文字,10,,,,塗装,,新規,有,3.5,東山町 本町2丁目9番,急ぎ・図面支給,"¥209,990",税込
2204-041,2022-04-23,1035,山本,アルミ複合板看板,2400,1800,4,枚,3,片面,,なし,,,支給,有,6,北原市（現場：店舗）,色見本あり,"336,600",税込
2204-042,2022-04-23,1021,小林,カルプ文字,,80,4,文字,20,,,,塗装,,修正,有,6,南川市緑ヶ丘2-15-11,急ぎ,"106,260",
2204-043,2022-04-24,1056,山本,アルミ複合板看板,600,1800,1,枚,4,片面,,なし,,,修正,無,,,,"23,000",
2204-044,2022-04-24,1029,加藤,袖看板,450,1500,2,台,,片面,,,,なし,修正,有,2.5,東山町 本町7丁目24番,夜間作業,"216,700",税込
2204-045,2022-04-25,9999,加藤,アルミ複合板看板,1200,450,3,枚,3,片面,,グロス,,,新規,無,,北原市（現場：店舗）,急ぎ,"66,100",
2204-046,2022-04-26,1025,山本,アルミ複合板看板,1800,1200,1,枚,4,両面,,なし,,,支給,有,2,北原市中央5-28,,"97,900",
2204-047,2022-04-27,9999,中村,カルプ文字,,400,10,文字,30,,,,塗装,,支給,有,4,北原市緑ヶ丘3-5-11,,"187,000",
2204-048,2022-04-27,9999,小林,アルミ複合板看板,900,1200,2,枚,3,両面,,なし,,,支給,無,,北原市中央2-23,,"56,600",
2204-049,2022-04-27,1052,小林,インクジェット出力,3600,900,1,枚,,,塩ビシート,グロス,,,支給,有,6,中島村中央1-12,,"95,800",税抜
2204-050,2022-04-27,9999,中村,インクジェット出力,1200,297,1,枚,,,メッシュ,グロス,,,修正,有,4,中島村中央2-19,,"¥103,510",税込
2204-051,2022-04-28,9999,小林,アルミ複合板看板,2400,300,1,枚,3,片面,,なし,,,修正,無,,北原市 本町1丁目2番,現調済,"19,470",
2204-052,2022-04-28,1026,小林,インクジェット出力,3600,297,1,枚,,,メッシュ,グロス,,,支給,無,,,,"7,040",税込
2204-053,2022-04-28,1009,小林,カルプ文字,,150,4,文字,30,,,,シート貼り,,支給,有,3,西浜町中央2-27,既存撤去,"¥74,580",税込
2204-054,2022-04-29,1058,小林,袖看板,900,1200,1,台,,片面,,,,LED内照,修正,有,3,西浜町中央4-25,,"178,000",税別
2204-055,2022-04-30,1006,山本,カルプ文字,,100,9,文字,20,,,,シート貼り,,支給,有,3.5,中島村中央7-28,,"¥62,000",税抜
2204-056,2022-04-30,1057,山本,アルミ複合板看板,450,1200,3,枚,3,両面,,なし,,,修正,無,,,急ぎ・色見本あり,"58,000",税別
2205-001,2022-05-01,1017,加藤,カルプ文字,,100,8,文字,10,,,,シート貼り,,支給,有,2,北原市 本町1丁目8番,夜間作業・図面支給,"¥55,800",
2205-002,2022-05-01,1019,加藤,インクジェット出力,841,600,5,枚,,,塩ビシート,なし,,,修正,無,,北原市中央7-16,,"16,500",税込
2205-003,2022-05-01,1013,加藤,アルミ複合板看板,1200,1200,1,枚,3,片面,,なし,,,修正,無,,,,"27,500",
2205-004,2022-05-01,1033,小林,袖看板,450,1200,2,台,,片面,,,,LED内照,新規,有,3.5,西浜町中央5-19,,"¥310,200",税込
2205-005,2022-05-01,9999,中村,カルプ文字,,600,15,文字,30,,,,塗装,,支給,有,1.5,南川市中央6-8,,"291,500",
2205-006,2022-05-01,9999,加藤,アルミ複合板看板,1200,1500,2,枚,3,両面,,なし,,,修正,無,,,急ぎ・図面支給,"124,190",
2205-007,2022-05-02,1046,中村,カルプ文字,,80,9,文字,30,,,,塗装,,支給,有,3,東山町中央8-3,,"75,020",税込
2205-008,2022-05-02,9999,小林,インクジェット出力,841,297,5,枚,,,メッシュ,なし,,,支給,無,,西浜町 本町4丁目26番,,"12,300",税別
2205-009,2022-05-03,1021,山本,カルプ文字,,500,13,文字,20,,,,シート貼り,,修正,有,6,南川市中央3-3,夜間作業,"227,700",税込
2205-010,2022-05-04,1020,中村,カルプ文字,,200,5,文字,10,,,,塗装,,修正,有,2,北原市 本町1丁目9番,,"55,000",税込
2205-011,2022-05-04,9999,山本,カルプ文字,,150,11,文字,10,,,,塗装,,支給,有,5,東山町緑ヶ丘7-1-7,,"138,600",税込
2205-012,2022-05-05,1050,中村,アルミ複合板看板,3600,300,4,枚,3,両面,,なし,,,修正,無,,,,"120,000",税抜
2205-013,2022-05-06,1047,中村,アルミ複合板看板,1200,600,1,枚,3,両面,,なし,,,支給,無,,,,"¥21,120",税込
2205-014,2022-05-06,1006,山本,インクジェット出力,594,1200,3,枚,,,メッシュ,グロス,,,支給,有,5,西浜町 本町8丁目13番,,"116,600",
2205-015,2022-05-07,9999,山本,インクジェット出力,420,594,2,枚,,,合成紙,グロス,,,支給,無,,,図面支給,"5,500",税込
2205-016,2022-05-08,1044,加藤,インクジェット出力,1200,900,2,枚,,,ターポリン,グロス,,,支給,有,2,北原市（現場：倉庫）,,"46,800",税別
2205-017,2022-05-08,9999,中村,カルプ文字,,500,12,文字,30,,,,シート貼り,,支給,有,5,東山町中央1-17,前回同様,"204,600",税別
2205-018,2022-05-09,1004,中村,アルミ複合板看板,1800,900,1,枚,4,片面,,グロス,,,修正,無,,北原市中央4-11,,"39,490",税込
2205-019,2022-05-10,1033,山本,アルミ複合板看板,1200,1200,1,枚,3,片面,,グロス,,,修正,無,,北原市 本町5丁目25番,,"30,800",税込
2205-020,2022-05-10,1005,小林,カルプ文字,,200,11,文字,30,,,,シート貼り,,支給,有,6,南川市 本町8丁目24番,既存撤去・急ぎ,"155,000",税別
2205-021,2022-05-10,1057,中村,インクジェット出力,1200,420,1,枚,,,塩ビシート,なし,,,支給,無,,,,"5,500",税込
2205-022,2022-05-11,9999,小林,インクジェット出力,420,900,1,枚,,,メッシュ,なし,,,修正,有,1.5,北原市 本町1丁目14番,,"¥42,020",税込
2205-023,2022-05-11,1047,山本,アルミ複合板看板,900,450,2,枚,3,片面,,グロス,,,支給,無,,,,"¥18,000",税抜
2205-024,2022-05-12,1041,山本,カルプ文字,,300,9,文字,10,,,,シート貼り,,支給,有,4,北原市 本町5丁目18番,既存撤去,"¥121,000",税抜
2205-025,2022-05-12,1022,加藤,アルミ複合板看板,2700,1500,1,枚,3,片面,,マット,,,新規,有,4,南川市中央2-27,,"155,400",税抜
2205-026,2022-05-12,1003,加藤,アルミ複合板看板,2400,1500,1,枚,3,片面,,マット,,,支給,有,6,南川市緑ヶ丘6-12-14,,"119,130",税込
2205-027,2022-05-12,1027,加藤,カルプ文字,,800,12,文字,20,,,,シート貼り,,修正,有,2.5,北原市緑ヶ丘6-3-3,夜間作業,"232,760",税込
2205-028,2022-05-12,9999,小林,アルミ複合板看板,900,300,2,枚,3,片面,,なし,,,修正,有,1.5,東山町中央8-26,既存撤去,"75,600",税抜
2205-029,2022-05-12,9999,加藤,インクジェット出力,1800,420,5,枚,,,塩ビシート,なし,,,修正,有,1.5,北原市（現場：倉庫）,,"¥78,800",税別
2205-030,2022-05-13,1022,山本,インクジェット出力,1200,420,5,枚,,,メッシュ,なし,,,支給,有,1.5,南川市（現場：事務所）,,"76,000",税別
2205-031,2022-05-13,1021,山本,カルプ文字,,500,7,文字,10,,,,シート貼り,,支給,有,4,東山町中央4-20,急ぎ・前回同様,"165,000",税込
2205-032,2022-05-13,1032,小林,インクジェット出力,594,420,2,枚,,,塩ビシート,なし,,,支給,有,4,東山町（現場：倉庫）,図面支給,"80,000",税抜
2205-033,2022-05-13,1024,山本,アルミ複合板看板,1200,450,1,枚,3,片面,,グロス,,,新規,無,,,,"¥38,500",税込
2205-034,2022-05-15,9999,加藤,アルミ複合板看板,1200,1200,1,枚,4,片面,,グロス,,,修正,有,5,東山町（現場：事務所）,急ぎ,"¥131,000",税抜
2205-035,2022-05-16,1018,小林,カルプ文字,,200,10,文字,20,,,,塗装,,支給,有,2.5,南川市緑ヶ丘3-11-8,,"88,000",税込
2205-036,2022-05-16,1007,中村,アルミ複合板看板,600,300,2,枚,3,両面,,なし,,,支給,無,,西浜町 本町6丁目13番,,"¥11,300",税別
2205-037,2022-05-16,1051,加藤,カルプ文字,,250,3,文字,10,,,,シート貼り,,支給,有,2,北原市緑ヶ丘5-12-12,夜間作業,"58,300",税込
2205-038,2022-05-16,1008,小林,袖看板,450,900,1,台,,両面,,,,LED内照,支給,有,3,北原市 本町5丁目18番,,"¥128,000",
2205-039,2022-05-18,1005,加藤,カルプ文字,,600,5,文字,10,,,,シート貼り,,新規,有,6,北原市中央3-11,,"¥149,000",税別
2205-040,2022-05-18,1055,山本,アルミ複合板看板,1200,1200,3,枚,3,片面,,なし,,,修正,無,,北原市（現場：倉庫）,,"71,500",税込
2205-041,2022-05-19,1044,山本,アルミ複合板看板,3000,1500,1,枚,3,片面,,なし,,,支給,有,2.5,西浜町中央8-21,,"102,000",税抜
2205-042,2022-05-19,1006,山本,カルプ文字,,400,12,文字,20,,,,塗装,,支給,有,4,西浜町 本町1丁目2番,,"¥199,000",税別
2205-043,2022-05-20,1058,加藤,アルミ複合板看板,3000,1200,1,枚,4,片面,,なし,,,支給,無,,,,"59,000",税抜
2205-044,2022-05-20,1054,山本,アルミ複合板看板,2400,1500,1,枚,4,片面,,グロス,,,新規,有,1.5,北原市中央3-3,,"116,000",税別
2205-045,2022-05-21,1043,加藤,袖看板,750,900,1,台,,片面,,,,LED内照,修正,有,2.5,南川市中央3-26,前回同様,"¥155,100",税込
2205-046,2022-05-22,1019,加藤,袖看板,750,900,1,台,,片面,,,,なし,修正,有,3,北原市 本町3丁目16番,図面支給,"¥111,100",税込
2205-047,2022-05-22,1011,加藤,アルミ複合板看板,2700,1500,3,枚,3,片面,,なし,,,支給,無,,北原市（現場：事務所）,,"¥178,860",税込
2205-048,2022-05-23,1032,山本,インクジェット出力,1200,600,1,枚,,,メッシュ,グロス,,,修正,無,,,,"9,900",税込
2205-049,2022-05-24,1051,中村,アルミ複合板看板,3000,600,4,枚,3,両面,,なし,,,支給,無,,,,"¥193,050",
2205-050,2022-05-26,1049,加藤,アルミ複合板看板,2400,1800,1,枚,3,片面,,なし,,,支給,有,3.5,北原市中央6-7,,"91,080",税込
2205-051,2022-05-26,9999,中村,カルプ文字,,50,14,文字,20,,,,塗装,,新規,有,3.5,西浜町 本町7丁目19番,,"¥139,260",税込
2205-052,2022-05-27,1060,小林,アルミ複合板看板,2700,600,2,枚,3,片面,,マット,,,新規,有,1.5,南川市 本町5丁目13番,,"¥123,600",税別
2205-053,2022-05-27,1044,山本,アルミ複合板看板,2400,300,1,枚,3,片面,,マット,,,修正,有,4,東山町 本町4丁目22番,既存撤去・図面支給,"¥98,000",
2205-054,2022-05-27,9999,小林,カルプ文字,,300,9,文字,30,,,,シート貼り,,支給,有,1.5,北原市 本町7丁目28番,,"93,200",税別
2205-055,2022-05-29,9999,加藤,インクジェット出力,900,900,1,枚,,,塩ビシート,なし,,,支給,無,,,急ぎ,"¥5,000",税別
2205-056,2022-05-29,1057,小林,カルプ文字,,150,13,文字,20,,,,シート貼り,,支給,有,2.5,東山町 本町7丁目13番,,"83,500",
2205-057,2022-05-30,1023,山本,カルプ文字,,300,10,文字,20,,,,塗装,,修正,有,4,中島村中央7-5,,"150,000",税抜
2205-058,2022-05-31,1051,中村,アルミ複合板看板,3600,600,1,枚,4,片面,,グロス,,,修正,有,3,西浜町 本町2丁目13番,,"¥90,400",税抜
2205-059,2022-05-31,9999,加藤,アルミ複合板看板,900,1200,1,枚,3,片面,,なし,,,支給,有,3.5,北原市（現場：事務所）,既存撤去,"¥60,700",税別
2205-060,2022-05-31,1008,加藤,アルミ複合板看板,450,1500,4,枚,3,片面,,なし,,,新規,無,,,,"73,260",税込
2206-001,2022-06-01,9999,山本,アルミ複合板看板,900,1200,1,枚,4,片面,,グロス,,,修正,無,,,色見本あり,"27,000",税抜
2206-002,2022-06-02,9999,小林,カルプ文字,,600,5,文字,30,,,,塗装,,支給,有,3,北原市（現場：倉庫）,既存撤去,"¥123,200",税抜
2206-003,2022-06-02,9999,小林,インクジェット出力,900,1200,2,枚,,,ターポリン,なし,,,修正,有,3,南川市 本町8丁目15番,,"64,240",
2206-004,2022-06-02,1028,加藤,インクジェット出力,3600,594,1,枚,,,塩ビシート,なし,,,支給,無,,,図面支給,"9,350",税込
2206-005,2022-06-03,1001,中村,アルミ複合板看板,1200,450,4,枚,4,片面,,なし,,,支給,無,,,,"¥48,400",税込
2206-006,2022-06-03,1051,山本,アルミ複合板看板,1800,300,4,枚,3,片面,,なし,,,支給,無,,,,"36,000",税抜
2206-007,2022-06-03,9999,加藤,袖看板,900,1500,1,台,,両面,,,,なし,支給,有,2,東山町緑ヶ丘6-1-8,現調済,"179,080",税込
2206-008,2022-06-03,1040,山本,インクジェット出力,3600,900,1,枚,,,メッシュ,グロス,,,支給,無,,,色見本あり,"20,900",税込
2206-009,2022-06-03,1060,山本,カルプ文字,,50,7,文字,10,,,,シート貼り,,新規,有,2,北原市中央6-14,現調済,"¥63,000",税抜
2206-010,2022-06-04,1022,小林,カルプ文字,,300,5,文字,10,,,,塗装,,新規,有,3.5,東山町 本町1丁目26番,夜間作業,"¥100,000",税別
2206-011,2022-06-04,1010,中村,カルプ文字,,600,8,文字,20,,,,シート貼り,,支給,有,2,北原市（現場：倉庫）,,"¥134,400",
2206-012,2022-06-05,1039,加藤,インクジェット出力,420,297,2,枚,,,合成紙,グロス,,,支給,有,6,北原市中央3-1,急ぎ,"¥99,000",税込
2206-013,2022-06-06,1040,加藤,袖看板,750,1500,1,台,,両面,,,,LED内照,修正,有,5,北原市中央3-22,,"239,800",税込
2206-014,2022-06-06,9999,山本,袖看板,750,1500,1,台,,両面,,,,なし,新規,有,2.5,南川市中央7-9,,"205,700",税込
2206-015,2022-06-07,1038,加藤,袖看板,750,1500,2,台,,両面,,,,なし,支給,有,3.5,中島村 本町3丁目24番,,"309,100",税込
2206-016,2022-06-07,1010,中村,カルプ文字,,150,14,文字,10,,,,シート貼り,,修正,有,4,北原市中央6-5,,"116,000",税別
2206-017,2022-06-07,9999,中村,袖看板,450,900,1,台,,片面,,,,LED内照,支給,有,4,中島村中央8-10,既存撤去,"205,700",
2206-018,2022-06-08,1028,山本,アルミ複合板看板,2400,300,2,枚,4,両面,,なし,,,新規,無,,,現調済,"79,200",税込
2206-019,2022-06-08,1003,加藤,インクジェット出力,420,600,1,枚,,,メッシュ,なし,,,支給,有,1.5,東山町緑ヶ丘8-6-12,既存撤去,"46,750",
2206-020,2022-06-08,1036,小林,インクジェット出力,594,600,1,枚,,,ターポリン,マット,,,支給,無,,北原市緑ヶ丘8-13-13,,"5,000",税別
2206-021,2022-06-08,1027,中村,アルミ複合板看板,2700,300,1,枚,4,片面,,マット,,,支給,有,6,西浜町中央3-24,夜間作業,"113,300",税別
2206-022,2022-06-10,1054,山本,カルプ文字,,150,15,文字,10,,,,塗装,,支給,有,4,北原市 本町6丁目29番,既存撤去,"142,000",
2206-023,2022-06-10,9999,小林,インクジェット出力,1800,420,1,枚,,,塩ビシート,なし,,,支給,無,,,,"5,000",税抜
2206-024,2022-06-10,1011,中村,インクジェット出力,1200,594,1,枚,,,ターポリン,なし,,,支給,無,,,,"5,500",税込
2206-007-2,2022-06-11,9999,加藤,袖看板,900,1500,2,台,,両面,,,,なし,支給,有,2,東山町緑ヶ丘6-1-8,現調済,"179,080",税込
2206-025,2022-06-11,1048,山本,インクジェット出力,3600,1200,1,枚,,,合成紙,グロス,,,新規,無,,,,"¥42,000",
2206-026,2022-06-11,1028,山本,アルミ複合板看板,600,1200,1,枚,3,片面,,なし,,,新規,無,,,急ぎ・図面支給,"¥41,800",
2206-027,2022-06-11,1050,中村,カルプ文字,,800,7,文字,30,,,,シート貼り,,支給,有,2.5,北原市緑ヶ丘5-21-19,,"¥125,000",税抜
2206-028,2022-06-12,1045,山本,アルミ複合板看板,2700,1200,2,枚,3,片面,,グロス,,,支給,無,,,,"102,000",税別
2206-029,2022-06-13,9999,山本,アルミ複合板看板,2400,1200,1,枚,3,片面,,なし,,,修正,無,,,色見本あり,"45,000",税別
2206-030,2022-06-13,1010,加藤,カルプ文字,,400,7,文字,20,,,,シート貼り,,修正,有,1.5,北原市中央5-1,夜間作業,"¥108,600",税抜
2206-031,2022-06-14,1027,山本,インクジェット出力,1800,600,5,枚,,,塩ビシート,なし,,,新規,無,,,,"¥50,600",
2206-032,2022-06-14,1020,加藤,カルプ文字,,50,2,文字,10,,,,シート貼り,,新規,有,3.5,南川市中央5-8,,"55,200",税別
2206-033,2022-06-15,9999,山本,インクジェット出力,1800,1200,1,枚,,,ターポリン,なし,,,新規,有,3,北原市緑ヶ丘6-13-17,既存撤去,"77,000",税別
2206-034,2022-06-16,1042,山本,インクジェット出力,594,420,1,枚,,,メッシュ,グロス,,,支給,無,,北原市中央1-8,,"5,000",
2206-035,2022-06-16,1037,小林,インクジェット出力,594,420,1,枚,,,メッシュ,なし,,,修正,有,1.5,西浜町中央3-11,既存撤去,"¥68,420",
2206-036,2022-06-16,9999,山本,アルミ複合板看板,1800,1500,1,枚,3,片面,,マット,,,支給,有,3,西浜町中央2-5,,"¥91,000",税抜
2206-037,2022-06-16,1017,小林,インクジェット出力,420,420,1,枚,,,合成紙,マット,,,修正,無,,南川市中央4-10,現調済,"7,000",税別
2206-038,2022-06-17,1004,加藤,アルミ複合板看板,2700,1200,4,枚,4,片面,,グロス,,,支給,有,3,東山町中央5-16,既存撤去・急ぎ,"¥376,000",
2206-039,2022-06-18,1052,山本,アルミ複合板看板,2700,300,1,枚,3,片面,,グロス,,,新規,有,4,中島村 本町4丁目25番,現調済,"¥120,000",税別
2206-040,2022-06-18,1040,加藤,カルプ文字,,500,5,文字,20,,,,塗装,,支給,有,3.5,北原市（現場：店舗）,,"74,000",税抜
2206-036-2,2022-06-20,9999,山本,アルミ複合板看板,1800,1500,1,枚,3,片面,,マット,,,支給,有,3,西浜町中央2-5,,"91,000",税別
2206-041,2022-06-20,1060,小林,アルミ複合板看板,900,300,2,枚,4,片面,,マット,,,新規,有,2,北原市緑ヶ丘3-18-12,,"¥82,720",税込
2206-042,2022-06-21,9999,中村,インクジェット出力,420,1200,2,枚,,,塩ビシート,グロス,,,修正,有,5,北原市緑ヶ丘3-9-10,,"90,810",税込
2206-043,2022-06-22,9999,加藤,アルミ複合板看板,900,600,3,枚,4,両面,,グロス,,,修正,有,5,北原市（現場：倉庫）,,"155,900",税別
2206-044,2022-06-23,1006,小林,インクジェット出力,2700,900,1,枚,,,メッシュ,なし,,,修正,有,2,北原市中央8-8,,"48,290",税込
2206-045,2022-06-24,1052,中村,インクジェット出力,1800,297,1,枚,,,塩ビシート,なし,,,修正,無,,東山町 本町5丁目25番,,"7,100",税別
2206-046,2022-06-24,1010,小林,アルミ複合板看板,600,300,3,枚,3,片面,,マット,,,新規,有,6,東山町（現場：店舗）,,"¥123,400",税別
2206-047,2022-06-24,9999,山本,インクジェット出力,594,297,1,枚,,,塩ビシート,グロス,,,支給,有,6,南川市 本町1丁目18番,,"¥69,300",税抜
2206-048,2022-06-25,1018,山本,カルプ文字,,250,9,文字,20,,,,シート貼り,,修正,有,1.5,北原市中央7-28,,"¥83,000",税別
2206-049,2022-06-25,9999,山本,袖看板,450,1200,1,台,,片面,,,,LED内照,修正,有,3.5,北原市（現場：店舗）,,"149,000",税抜
2206-050,2022-06-25,1002,加藤,アルミ複合板看板,1200,1800,1,枚,3,片面,,グロス,,,新規,無,,,図面支給,"63,580",税込
2206-051,2022-06-26,1001,小林,カルプ文字,,400,3,文字,20,,,,シート貼り,,支給,有,1.5,東山町 本町2丁目22番,夜間作業,"76,340",税込
2206-052,2022-06-27,1024,山本,アルミ複合板看板,2700,600,4,枚,4,両面,,マット,,,支給,無,,,急ぎ・色見本あり,"260,000",
2206-053,2022-06-28,1036,中村,カルプ文字,,200,5,文字,10,,,,シート貼り,,修正,有,1.5,南川市 本町4丁目13番,現調済,"50,000",
2206-054,2022-06-28,9999,中村,インクジェット出力,1200,297,1,枚,,,ターポリン,なし,,,修正,無,,,,"6,900",税別
2206-055,2022-06-29,1031,加藤,アルミ複合板看板,3000,600,3,枚,3,片面,,マット,,,支給,無,,,,"99,660",税込
2206-056,2022-06-29,1058,山本,カルプ文字,,600,12,文字,30,,,,シート貼り,,支給,有,4,南川市中央5-26,,"¥264,000",税込
2206-057,2022-06-29,9999,加藤,カルプ文字,,250,5,文字,20,,,,シート貼り,,修正,有,1.5,北原市（現場：倉庫）,夜間作業・既存撤去・急ぎ,"120,890",
2206-058,2022-06-30,1014,小林,インクジェット出力,900,297,1,枚,,,ターポリン,なし,,,支給,無,,北原市緑ヶ丘1-18-10,,"5,500",税込
2206-059,2022-06-30,1060,加藤,インクジェット出力,900,600,1,枚,,,メッシュ,なし,,,支給,無,,,,"5,000",税抜
2206-060,2022-06-30,9999,中村,アルミ複合板看板,3600,450,3,枚,3,片面,,なし,,,支給,有,3.5,北原市中央6-12,,"145,420",税込
2206-061,2022-06-30,1042,小林,インクジェット出力,420,420,1,枚,,,メッシュ,マット,,,修正,無,,,,"¥8,800",税込
2206-062,2022-06-30,1052,中村,カルプ文字,,200,2,文字,10,,,,シート貼り,,新規,有,1.5,中島村 本町2丁目15番,夜間作業・既存撤去,"104,500",税込
2207-001,2022-07-02,9999,小林,インクジェット出力,594,420,1,枚,,,メッシュ,なし,,,支給,無,,,,"5,000",税抜
2207-002,2022-07-02,1050,小林,インクジェット出力,1800,420,5,枚,,,メッシュ,なし,,,支給,無,,北原市中央3-2,,"17,000",税抜
2207-003,2022-07-02,1003,中村,インクジェット出力,1200,900,1,枚,,,メッシュ,なし,,,支給,有,1.5,西浜町 本町3丁目28番,,"¥43,000",税抜
2207-004,2022-07-04,1023,中村,カルプ文字,,80,6,文字,20,,,,シート貼り,,新規,有,2.5,北原市中央7-10,,"¥69,960",税込
2207-005,2022-07-04,1029,山本,インクジェット出力,420,594,1,枚,,,合成紙,なし,,,支給,有,4,北原市中央6-20,,"64,000",税抜
2207-006,2022-07-06,1020,加藤,アルミ複合板看板,2700,300,1,枚,3,片面,,なし,,,支給,無,,,,"15,800",
2207-007,2022-07-08,1029,中村,袖看板,750,1200,1,台,,片面,,,,LED内照,支給,有,6,北原市緑ヶ丘6-13-17,,"¥182,600",税込
2207-008,2022-07-08,1020,山本,カルプ文字,,150,14,文字,10,,,,シート貼り,,修正,有,3,南川市 本町6丁目20番,,"86,000",税抜
2207-009,2022-07-09,1031,小林,カルプ文字,,100,8,文字,30,,,,塗装,,修正,有,6,西浜町 本町7丁目12番,,"¥113,400",税別
2207-010,2022-07-09,9999,中村,袖看板,900,900,2,台,,片面,,,,なし,新規,有,6,北原市中央5-24,,"¥252,700",
2207-011,2022-07-10,1015,小林,インクジェット出力,594,594,2,枚,,,合成紙,なし,,,修正,無,,,,"8,250",税込
2207-012,2022-07-10,9999,小林,アルミ複合板看板,1200,600,2,枚,3,両面,,なし,,,支給,有,3,北原市中央7-15,既存撤去・色見本あり,"95,200",税別
2207-013,2022-07-11,1030,中村,アルミ複合板看板,600,300,4,枚,3,片面,,なし,,,支給,有,2.5,南川市（現場：事務所）,既存撤去,"86,600",税別
2207-014,2022-07-11,1017,加藤,カルプ文字,,500,7,文字,20,,,,塗装,,修正,有,1.5,南川市中央4-5,既存撤去・急ぎ,"154,110",
2207-015,2022-07-12,1052,中村,インクジェット出力,841,297,1,枚,,,塩ビシート,なし,,,支給,有,4,北原市中央4-15,急ぎ・図面支給,"78,000",税別
2207-016,2022-07-12,1037,小林,アルミ複合板看板,900,300,1,枚,3,片面,,なし,,,支給,有,2.5,北原市（現場：倉庫）,,"33,600",税別
2207-017,2022-07-12,1049,小林,アルミ複合板看板,1200,300,3,枚,3,片面,,なし,,,支給,有,4,北原市 本町8丁目10番,,"¥99,400",
2207-018,2022-07-13,1046,中村,カルプ文字,,50,8,文字,20,,,,塗装,,新規,有,6,南川市中央6-8,,"117,800",税抜
2207-019,2022-07-14,1003,加藤,袖看板,450,1200,2,台,,片面,,,,なし,支給,有,6,北原市 本町5丁目22番,,"¥204,930",税込
2207-020,2022-07-16,1031,小林,カルプ文字,,800,9,文字,10,,,,シート貼り,,支給,有,2,北原市緑ヶ丘2-24-18,,"¥144,200",税抜
2207-021,2022-07-16,9999,中村,カルプ文字,,200,10,文字,30,,,,塗装,,支給,有,2,北原市中央4-10,夜間作業,"117,370",税込
2207-022,2022-07-17,1005,小林,カルプ文字,,600,15,文字,10,,,,塗装,,支給,有,2,北原市（現場：倉庫）,,"¥266,200",税込
2207-023,2022-07-18,1042,加藤,カルプ文字,,100,8,文字,20,,,,シート貼り,,支給,有,2,北原市 本町2丁目24番,既存撤去・急ぎ・前回同様,"60,000",税抜
2207-024,2022-07-20,1042,山本,アルミ複合板看板,2700,1500,4,枚,3,片面,,なし,,,新規,無,,,前回同様,"265,100",税込
2207-025,2022-07-20,1055,山本,カルプ文字,,80,4,文字,30,,,,シート貼り,,修正,有,4,中島村（現場：店舗）,,"90,000",税抜
2207-026,2022-07-20,9999,加藤,アルミ複合板看板,3600,1800,1,枚,3,片面,,グロス,,,修正,無,,北原市中央5-13,,"121,660",税込
2207-027,2022-07-20,1038,山本,カルプ文字,,250,11,文字,30,,,,塗装,,新規,有,3.5,東山町 本町4丁目23番,既存撤去,"152,000",税抜
2207-028,2022-07-21,1037,加藤,カルプ文字,,600,12,文字,10,,,,シート貼り,,支給,有,4,北原市緑ヶ丘5-20-6,夜間作業・既存撤去,"¥272,360",税込
2207-029,2022-07-21,1019,山本,アルミ複合板看板,2700,1200,1,枚,4,両面,,なし,,,新規,無,,北原市中央7-3,,"¥119,000",
2207-030,2022-07-21,1028,加藤,カルプ文字,,100,4,文字,20,,,,シート貼り,,修正,有,3,北原市 本町4丁目13番,,"41,140",
2207-031,2022-07-22,1006,中村,アルミ複合板看板,1800,600,2,枚,3,片面,,マット,,,修正,有,2,北原市 本町6丁目25番,,"75,800",税抜
2207-032,2022-07-22,1041,加藤,アルミ複合板看板,900,450,2,枚,4,片面,,マット,,,支給,有,5,北原市中央5-21,現調済,"92,000",税別
2207-033,2022-07-23,1014,小林,アルミ複合板看板,3600,1200,4,枚,4,片面,,なし,,,修正,有,2,南川市 本町6丁目5番,急ぎ・現調済,"¥455,620",税込
2207-034,2022-07-23,9999,加藤,アルミ複合板看板,450,1200,3,枚,3,片面,,グロス,,,新規,有,2,北原市緑ヶ丘7-13-4,急ぎ,"¥124,200",税抜
2207-035,2022-07-23,1054,中村,インクジェット出力,420,297,1,枚,,,ターポリン,グロス,,,支給,無,,,色見本あり,"5,500",税込
2207-036,2022-07-24,9999,加藤,インクジェット出力,1200,594,5,枚,,,ターポリン,マット,,,支給,有,2.5,北原市（現場：事務所）,,"¥94,160",税込
2207-037,2022-07-24,9999,加藤,インクジェット出力,841,420,2,枚,,,メッシュ,なし,,,新規,有,3,北原市中央8-8,,"69,500",税別
2207-038,2022-07-25,1042,中村,インクジェット出力,1800,594,1,枚,,,メッシュ,グロス,,,支給,無,,東山町（現場：店舗）,,"7,040",税込
2207-039,2022-07-25,1054,加藤,アルミ複合板看板,2700,1200,1,枚,3,両面,,マット,,,支給,無,,南川市 本町5丁目9番,,"82,800",税抜
2207-040,2022-07-26,1018,小林,インクジェット出力,841,900,1,枚,,,塩ビシート,グロス,,,支給,無,,,,"5,500",税込
2207-041,2022-07-27,1049,中村,アルミ複合板看板,3600,450,3,枚,3,両面,,グロス,,,支給,無,,,急ぎ,"¥162,400",税別
2207-042,2022-07-28,1060,小林,インクジェット出力,3600,420,1,枚,,,塩ビシート,なし,,,新規,無,,,急ぎ・色見本あり,"¥32,200",
2207-043,2022-07-29,1035,加藤,アルミ複合板看板,600,600,1,枚,4,片面,,グロス,,,修正,無,,,,"13,800",
2207-044,2022-07-29,1008,中村,袖看板,450,600,1,台,,片面,,,,LED内照,新規,有,5,北原市 本町6丁目10番,,"¥184,800",税込
2207-045,2022-07-29,9999,中村,カルプ文字,,80,10,文字,10,,,,シート貼り,,修正,有,3.5,北原市（現場：倉庫）,夜間作業,"72,100",税別
2207-046,2022-07-29,9999,加藤,インクジェット出力,1800,600,1,枚,,,塩ビシート,マット,,,支給,有,3,北原市 本町4丁目1番,夜間作業,"53,800",税別
2207-047,2022-07-31,1023,中村,アルミ複合板看板,1200,300,1,枚,3,片面,,なし,,,新規,無,,,,"34,980",税込
2208-001,2022-08-01,1054,山本,アルミ複合板看板,600,1500,1,枚,4,両面,,グロス,,,新規,有,6,北原市中央8-18,,"127,600",税込
2208-002,2022-08-01,1020,加藤,アルミ複合板看板,450,1800,1,枚,4,両面,,なし,,,新規,有,3.5,北原市中央2-26,,"¥79,300",税抜
2208-003,2022-08-02,1052,加藤,カルプ文字,,150,8,文字,20,,,,シート貼り,,修正,有,3.5,南川市（現場：倉庫）,夜間作業,"77,200",税別
2208-004,2022-08-02,1056,山本,カルプ文字,,200,5,文字,20,,,,シート貼り,,新規,有,6,南川市（現場：倉庫）,急ぎ,"124,000",税別
2208-005,2022-08-02,1036,山本,インクジェット出力,3600,420,1,枚,,,ターポリン,マット,,,支給,有,3.5,東山町 本町7丁目19番,,"40,000",
2208-006,2022-08-02,9999,小林,アルミ複合板看板,1200,450,1,枚,3,片面,,マット,,,支給,有,6,北原市中央8-26,急ぎ,"94,270",税込
2208-007,2022-08-03,1058,中村,アルミ複合板看板,2700,1800,4,枚,3,片面,,なし,,,修正,無,,,,"¥286,220",税込
2208-008,2022-08-03,9999,加藤,カルプ文字,,250,8,文字,10,,,,シート貼り,,支給,有,2,東山町（現場：倉庫）,,"¥80,300",税抜
2208-009,2022-08-03,9999,中村,インクジェット出力,900,900,1,枚,,,メッシュ,なし,,,新規,無,,,,"¥29,000",税別
2208-010,2022-08-04,1028,山本,カルプ文字,,150,11,文字,10,,,,塗装,,支給,有,6,北原市（現場：倉庫）,夜間作業・既存撤去,"137,000",税抜
2208-011,2022-08-04,1048,小林,カルプ文字,,80,3,文字,20,,,,シート貼り,,修正,有,2,北原市（現場：倉庫）,,"¥37,730",
2208-012,2022-08-05,1047,小林,インクジェット出力,420,900,1,枚,,,合成紙,なし,,,支給,無,,北原市中央8-23,,"5,000",税別
2208-013,2022-08-06,9999,中村,アルミ複合板看板,3600,1500,4,枚,4,両面,,なし,,,修正,有,1.5,北原市 本町1丁目10番,既存撤去,"738,900",税別
2208-014,2022-08-07,9999,加藤,カルプ文字,,150,14,文字,30,,,,塗装,,支給,有,4,北原市中央8-19,,"¥155,900",税抜
2208-015,2022-08-07,1019,山本,アルミ複合板看板,2700,1200,1,枚,3,片面,,なし,,,支給,有,4,北原市中央3-7,夜間作業,"122,000",税別
2208-016,2022-08-08,9999,加藤,袖看板,900,900,1,台,,両面,,,,LED内照,修正,有,4,北原市緑ヶ丘6-8-18,,"¥209,600",税抜
2208-017,2022-08-09,1014,加藤,カルプ文字,,250,2,文字,10,,,,塗装,,新規,有,1.5,北原市（現場：事務所）,,"¥59,000",税抜
2208-018,2022-08-09,1013,中村,カルプ文字,,50,15,文字,10,,,,塗装,,修正,有,1.5,東山町緑ヶ丘3-17-16,,"84,000",
2208-019,2022-08-10,1038,加藤,アルミ複合板看板,1200,1200,1,枚,3,両面,,なし,,,新規,無,,,,"¥65,340",税込
2208-020,2022-08-10,1010,山本,アルミ複合板看板,3600,1200,1,枚,3,片面,,なし,,,支給,無,,,,"57,000",税別
2208-021,2022-08-11,1007,小林,袖看板,600,1500,1,台,,片面,,,,LED内照,支給,有,2.5,東山町中央2-13,夜間作業,"149,490",税込
2208-022,2022-08-11,1017,中村,カルプ文字,,400,11,文字,30,,,,塗装,,修正,有,1.5,西浜町（現場：事務所）,,"166,500",税別
2208-023,2022-08-11,1002,山本,インクジェット出力,3600,900,1,枚,,,合成紙,なし,,,修正,無,,,急ぎ・図面支給,"14,000",税抜
2208-024,2022-08-11,9999,山本,カルプ文字,,100,6,文字,20,,,,シート貼り,,修正,有,5,南川市中央8-16,,"91,000",
2208-025,2022-08-12,1059,中村,インクジェット出力,900,420,3,枚,,,合成紙,なし,,,修正,無,,,,"8,700",税別
2208-026,2022-08-12,1037,山本,アルミ複合板看板,2700,450,3,枚,4,片面,,なし,,,支給,有,5,西浜町 本町4丁目29番,,"184,000",税抜
2208-027,2022-08-13,1010,小林,カルプ文字,,250,15,文字,10,,,,塗装,,支給,有,2.5,西浜町（現場：倉庫）,,"¥140,000",税別
2208-028,2022-08-13,1028,中村,アルミ複合板看板,600,600,1,枚,4,片面,,なし,,,支給,無,,,,"8,800",税込
2208-029,2022-08-13,1047,加藤,カルプ文字,,250,15,文字,20,,,,塗装,,支給,有,3,南川市 本町8丁目4番,,"151,250",税込
2208-030,2022-08-14,1039,小林,カルプ文字,,100,2,文字,10,,,,シート貼り,,修正,有,2.5,北原市緑ヶ丘4-9-11,前回同様,"¥33,220",税込
2208-031,2022-08-14,1026,小林,アルミ複合板看板,900,1500,1,枚,4,片面,,グロス,,,修正,無,,,急ぎ,"39,490",税込
2208-032,2022-08-14,1019,小林,アルミ複合板看板,2400,1800,4,枚,4,片面,,なし,,,新規,無,,,急ぎ,"365,100",税別
2208-033,2022-08-15,1026,小林,アルミ複合板看板,3000,450,2,枚,3,片面,,グロス,,,支給,無,,東山町中央3-15,,"54,120",税込
2208-034,2022-08-15,1032,小林,インクジェット出力,900,1200,3,枚,,,合成紙,なし,,,支給,無,,,,"8,100",
2208-035,2022-08-15,1016,小林,インクジェット出力,2700,1200,5,枚,,,合成紙,グロス,,,新規,有,2,北原市緑ヶ丘4-11-6,,"149,800",
2208-036,2022-08-16,1003,山本,アルミ複合板看板,3000,1800,3,枚,3,片面,,マット,,,支給,有,2.5,中島村緑ヶ丘3-11-7,,"¥270,000",
2208-037,2022-08-17,1006,小林,インクジェット出力,841,900,2,枚,,,塩ビシート,マット,,,支給,無,,北原市 本町3丁目24番,,"8,300",
2208-038,2022-08-18,9999,山本,インクジェット出力,3600,594,1,枚,,,ターポリン,なし,,,修正,無,,北原市中央3-8,,"13,000",税抜
2208-039,2022-08-18,1038,加藤,アルミ複合板看板,1800,900,3,枚,3,片面,,グロス,,,支給,有,1.5,西浜町中央5-15,,"150,040",税込
2208-040,2022-08-19,1010,山本,インクジェット出力,841,1200,1,枚,,,ターポリン,グロス,,,支給,有,6,中島村緑ヶ丘7-21-14,,"83,000",税抜
2208-041,2022-08-20,1039,小林,カルプ文字,,80,6,文字,10,,,,塗装,,修正,有,2.5,北原市 本町5丁目12番,,"51,260",税込
2208-042,2022-08-21,9999,山本,アルミ複合板看板,900,450,1,枚,3,片面,,グロス,,,支給,有,2,南川市 本町4丁目2番,前回同様,"46,000",税抜
2208-043,2022-08-22,1003,加藤,アルミ複合板看板,2400,300,1,枚,3,片面,,なし,,,新規,有,6,北原市中央2-6,既存撤去,"113,190",税込
2208-044,2022-08-23,9999,加藤,インクジェット出力,900,600,1,枚,,,合成紙,グロス,,,新規,無,,,,"30,030",税込
2208-045,2022-08-23,1043,山本,インクジェット出力,2700,1200,3,枚,,,塩ビシート,なし,,,修正,無,,,,"43,000",税抜
2208-046,2022-08-24,9999,山本,インクジェット出力,594,594,1,枚,,,ターポリン,なし,,,支給,有,6,西浜町中央1-11,夜間作業,"104,000",
2208-047,2022-08-24,1059,加藤,インクジェット出力,841,1200,1,枚,,,塩ビシート,マット,,,支給,有,4,南川市 本町1丁目19番,夜間作業・既存撤去,"¥110,550",
2208-048,2022-08-26,1005,山本,カルプ文字,,500,7,文字,10,,,,塗装,,修正,有,4,南川市（現場：店舗）,色見本あり,"137,000",税抜
2208-049,2022-08-27,1001,小林,カルプ文字,,80,3,文字,30,,,,シート貼り,,支給,有,1.5,北原市（現場：倉庫）,夜間作業,"51,040",税込
2208-050,2022-08-27,9999,小林,インクジェット出力,420,420,1,枚,,,メッシュ,マット,,,新規,有,1.5,南川市中央6-15,,"71,060",税込
2208-051,2022-08-27,9999,山本,袖看板,900,600,2,台,,両面,,,,なし,支給,有,3.5,南川市緑ヶ丘3-18-2,,"253,000",
2208-052,2022-08-27,1053,山本,袖看板,750,1500,1,台,,両面,,,,LED内照,支給,有,3,南川市 本町6丁目4番,既存撤去,"195,000",税別
2208-053,2022-08-28,1052,加藤,カルプ文字,,300,5,文字,10,,,,塗装,,支給,有,4,北原市（現場：事務所）,前回同様,"99,000",税込
2208-054,2022-08-28,1046,中村,インクジェット出力,2700,594,5,枚,,,塩ビシート,なし,,,支給,有,1.5,北原市 本町5丁目28番,既存撤去,"104,000",税抜
2208-055,2022-08-28,1044,山本,カルプ文字,,400,11,文字,20,,,,塗装,,支給,有,3.5,北原市（現場：店舗）,,"138,000",税別
2208-056,2022-08-28,1050,山本,カルプ文字,,600,5,文字,10,,,,塗装,,修正,有,4,東山町（現場：倉庫）,夜間作業・図面支給,"154,000",
2208-057,2022-08-28,1037,山本,アルミ複合板看板,2400,1200,4,枚,3,両面,,なし,,,支給,無,,北原市 本町5丁目20番,,"258,000",税別
2208-058,2022-08-29,1045,山本,袖看板,900,1200,2,台,,両面,,,,LED内照,修正,有,2,南川市中央4-26,前回同様,"346,000",
2208-059,2022-08-29,1015,加藤,アルミ複合板看板,600,1800,1,枚,3,両面,,なし,,,支給,有,4,東山町中央2-7,既存撤去・急ぎ,"¥126,900",税抜
2208-060,2022-08-29,9999,中村,カルプ文字,,200,9,文字,20,,,,塗装,,修正,有,2,北原市 本町4丁目21番,,"¥81,500",税抜
2208-061,2022-08-30,1027,中村,カルプ文字,,300,9,文字,20,,,,シート貼り,,支給,有,3,北原市中央6-16,既存撤去,"99,550",税込
2208-062,2022-08-31,1056,加藤,インクジェット出力,1800,594,1,枚,,,塩ビシート,なし,,,修正,無,,北原市 本町2丁目20番,急ぎ・色見本あり,"10,100",税抜
2208-063,2022-08-31,1017,加藤,アルミ複合板看板,2400,1500,4,枚,4,両面,,グロス,,,新規,有,1.5,中島村中央7-19,既存撤去,"693,550",税込
2209-001,2022-09-01,9999,中村,インクジェット出力,594,900,2,枚,,,塩ビシート,マット,,,支給,無,,南川市（現場：倉庫）,,"6,400",税抜
2209-002,2022-09-02,1037,小林,インクジェット出力,420,420,2,枚,,,合成紙,なし,,,新規,有,1.5,北原市中央1-8,,"63,500",税抜
2209-003,2022-09-02,9999,中村,カルプ文字,,300,13,文字,20,,,,塗装,,支給,有,5,北原市 本町2丁目4番,夜間作業,"202,620",税込
2209-004,2022-09-03,1007,山本,カルプ文字,,80,2,文字,30,,,,塗装,,支給,有,2,南川市 本町8丁目10番,夜間作業・既存撤去,"¥60,500",税込
2209-005,2022-09-03,1015,山本,袖看板,750,1500,1,台,,両面,,,,LED内照,支給,有,1.5,中島村（現場：倉庫）,夜間作業,"208,000",税別
2209-006,2022-09-03,1001,加藤,アルミ複合板看板,2700,900,3,枚,3,片面,,グロス,,,新規,無,,,色見本あり,"145,000",
2209-007,2022-09-04,1018,中村,アルミ複合板看板,3600,1800,4,枚,4,片面,,グロス,,,修正,有,6,北原市 本町5丁目24番,,"¥554,000",税抜
2209-008,2022-09-04,1027,中村,アルミ複合板看板,3600,600,4,枚,4,片面,,なし,,,支給,無,,,,"167,200",税込
2209-009,2022-09-04,9999,中村,インクジェット出力,841,900,1,枚,,,ターポリン,なし,,,新規,無,,,,"27,900",税別
2209-010,2022-09-05,1054,加藤,アルミ複合板看板,600,450,2,枚,3,片面,,グロス,,,支給,有,2.5,北原市（現場：事務所）,,"¥48,400",税別
2209-011,2022-09-05,1059,山本,アルミ複合板看板,3600,300,1,枚,4,片面,,なし,,,支給,無,,,,"23,100",
2209-012,2022-09-06,1011,加藤,インクジェット出力,420,900,1,枚,,,メッシュ,なし,,,修正,無,,,,"¥7,200",税別
2209-013,2022-09-07,1054,山本,カルプ文字,,80,8,文字,10,,,,塗装,,支給,有,2.5,北原市中央4-11,,"52,800",税込
2209-014,2022-09-07,1023,山本,カルプ文字,,600,5,文字,10,,,,塗装,,新規,有,2,東山町（現場：店舗）,既存撤去,"¥136,000",税別
2209-015,2022-09-08,1010,中村,インクジェット出力,2700,297,1,枚,,,塩ビシート,なし,,,新規,無,,,現調済,"28,200",税抜
2209-016,2022-09-08,1048,小林,カルプ文字,,80,7,文字,30,,,,シート貼り,,支給,有,4,中島村中央5-9,既存撤去,"119,460",
2209-017,2022-09-08,1006,山本,カルプ文字,,250,13,文字,30,,,,シート貼り,,支給,有,2.5,西浜町中央7-17,夜間作業,"143,000",税抜
2209-018,2022-09-08,1007,山本,袖看板,450,600,1,台,,両面,,,,LED内照,新規,有,2.5,北原市中央2-15,,"¥140,000",税抜
2209-019,2022-09-09,1014,小林,カルプ文字,,400,14,文字,20,,,,塗装,,支給,有,2,北原市 本町7丁目18番,,"¥169,400",税込
2209-020,2022-09-09,1018,加藤,アルミ複合板看板,1800,900,1,枚,3,片面,,グロス,,,支給,有,6,北原市中央4-5,,"¥88,800",税抜
2209-021,2022-09-09,1023,小林,インクジェット出力,1200,1200,1,枚,,,合成紙,なし,,,新規,有,3,南川市中央6-6,既存撤去,"73,600",税抜
2209-022,2022-09-09,9999,山本,アルミ複合板看板,2400,900,1,枚,3,片面,,グロス,,,支給,無,,,,"39,600",税込
2209-023,2022-09-09,9999,加藤,袖看板,900,1500,1,台,,両面,,,,LED内照,支給,有,4,北原市（現場：倉庫）,急ぎ,"309,210",税込
2209-024,2022-09-09,1042,山本,袖看板,450,1500,1,台,,両面,,,,LED内照,支給,有,2,北原市（現場：事務所）,現調済,"¥151,000",税別
2209-025,2022-09-09,9999,山本,アルミ複合板看板,3000,300,1,枚,4,片面,,マット,,,支給,無,,,,"22,000",税抜
2209-026,2022-09-10,1005,中村,アルミ複合板看板,3600,300,1,枚,3,片面,,グロス,,,支給,無,,北原市緑ヶ丘7-3-14,,"¥20,400",税別
2209-027,2022-09-10,1013,山本,インクジェット出力,1200,900,1,枚,,,塩ビシート,なし,,,支給,有,6,西浜町中央7-25,夜間作業,"97,000",税別
2209-028,2022-09-11,1028,小林,インクジェット出力,841,600,1,枚,,,ターポリン,グロス,,,支給,無,,,,"5,000",
2209-029,2022-09-12,1020,小林,アルミ複合板看板,450,600,1,枚,3,両面,,なし,,,支給,無,,,,"9,240",税込
2209-030,2022-09-12,1058,小林,カルプ文字,,300,12,文字,20,,,,塗装,,支給,有,3,北原市緑ヶ丘5-7-4,,"108,900",税込
2209-031,2022-09-14,1005,中村,インクジェット出力,841,900,1,枚,,,ターポリン,なし,,,支給,有,4,南川市緑ヶ丘1-9-11,図面支給,"70,600",税抜
2209-032,2022-09-15,1030,小林,アルミ複合板看板,1200,1500,1,枚,3,片面,,グロス,,,新規,有,1.5,南川市緑ヶ丘5-23-16,,"93,720",税込
2209-033,2022-09-15,1039,山本,インクジェット出力,900,900,1,枚,,,メッシュ,なし,,,支給,無,,西浜町 本町7丁目23番,,"5,500",
2209-034,2022-09-15,1005,加藤,アルミ複合板看板,2400,900,3,枚,3,両面,,なし,,,支給,無,,,,"148,500",税別
2209-035,2022-09-16,1031,中村,袖看板,600,1200,1,台,,両面,,,,なし,支給,有,5,東山町中央7-17,夜間作業・前回同様,"188,100",税込
2209-036,2022-09-16,1046,小林,カルプ文字,,200,12,文字,10,,,,シート貼り,,新規,有,1.5,北原市 本町4丁目16番,既存撤去・現調済,"¥105,000",税抜
2209-037,2022-09-16,1044,加藤,インクジェット出力,3600,420,1,枚,,,ターポリン,なし,,,修正,無,,南川市 本町5丁目12番,,"¥10,200",税抜
2209-038,2022-09-19,1038,山本,カルプ文字,,80,10,文字,10,,,,シート貼り,,新規,有,3.5,北原市（現場：事務所）,,"78,100",税込
2209-039,2022-09-19,1041,小林,インクジェット出力,3600,420,5,枚,,,ターポリン,マット,,,支給,有,5,北原市 本町7丁目12番,既存撤去・図面支給,"159,280",税込
2209-040,2022-09-19,1057,小林,カルプ文字,,500,12,文字,20,,,,塗装,,修正,有,1.5,北原市中央3-26,既存撤去・前回同様,"166,600",税別
2209-041,2022-09-20,9999,山本,袖看板,900,1500,1,台,,両面,,,,なし,支給,有,3,西浜町中央5-8,既存撤去・現調済,"205,700",税込
2209-042,2022-09-20,1039,加藤,アルミ複合板看板,600,450,2,枚,4,片面,,グロス,,,支給,無,,西浜町中央7-29,,"14,200",税抜
2209-043,2022-09-21,1045,加藤,インクジェット出力,420,1200,1,枚,,,メッシュ,なし,,,修正,無,,,,"7,200",
2209-044,2022-09-21,1029,山本,カルプ文字,,300,5,文字,10,,,,塗装,,支給,有,1.5,南川市 本町3丁目25番,,"60,000",税別
2209-045,2022-09-21,1001,加藤,アルミ複合板看板,1800,1200,4,枚,3,片面,,グロス,,,新規,無,,北原市中央1-3,,"156,200",
2209-046,2022-09-22,9999,山本,インクジェット出力,594,900,5,枚,,,ターポリン,なし,,,修正,有,3,北原市 本町5丁目24番,夜間作業・既存撤去,"¥121,000",税込
2209-047,2022-09-22,1013,山本,インクジェット出力,420,297,1,枚,,,合成紙,なし,,,修正,無,,,,"6,000",税抜
2209-048,2022-09-23,9999,中村,袖看板,750,1500,1,台,,両面,,,,LED内照,修正,有,2,北原市中央6-14,,"¥200,800",税抜
2209-049,2022-09-25,1019,山本,インクジェット出力,3600,297,5,枚,,,ターポリン,マット,,,修正,無,,,,"31,000",税別
2209-050,2022-09-26,9999,山本,アルミ複合板看板,3000,1500,2,枚,3,片面,,グロス,,,支給,無,,北原市（現場：事務所）,色見本あり,"163,900",
2209-051,2022-09-26,1048,加藤,袖看板,900,900,2,台,,両面,,,,なし,支給,有,3,北原市 本町5丁目3番,,"212,000",税別
2209-052,2022-09-27,1058,小林,インクジェット出力,900,1200,5,枚,,,合成紙,グロス,,,新規,有,3.5,北原市 本町5丁目14番,,"¥117,260",税込
2209-053,2022-09-27,1041,中村,アルミ複合板看板,1200,900,2,枚,3,片面,,マット,,,新規,有,2,西浜町 本町4丁目13番,,"110,800",税抜
2209-054,2022-09-27,9999,中村,アルミ複合板看板,600,1500,4,枚,4,両面,,なし,,,支給,有,3,南川市緑ヶ丘4-8-15,夜間作業,"194,900",税別
2209-055,2022-09-27,1013,加藤,インクジェット出力,3600,297,1,枚,,,メッシュ,なし,,,支給,無,,東山町 本町7丁目24番,急ぎ,"5,700",税別
2209-056,2022-09-28,1005,山本,アルミ複合板看板,1800,1200,1,枚,3,片面,,グロス,,,支給,有,3.5,北原市緑ヶ丘2-3-4,,"66,000",
2209-057,2022-09-28,9999,小林,アルミ複合板看板,2400,600,1,枚,3,片面,,マット,,,新規,有,6,北原市中央3-4,,"131,560",税込
2209-058,2022-09-28,1046,中村,アルミ複合板看板,3000,1800,4,枚,3,両面,,グロス,,,支給,有,4,北原市緑ヶ丘1-1-5,夜間作業・既存撤去,"¥643,700",
2209-059,2022-09-29,1002,加藤,アルミ複合板看板,2700,600,1,枚,3,片面,,マット,,,支給,有,1.5,西浜町中央8-19,色見本あり,"¥71,800",税別
2209-060,2022-09-30,1020,加藤,袖看板,600,900,2,台,,片面,,,,なし,支給,有,2,北原市緑ヶ丘6-28-11,,"172,000",税別
2209-061,2022-09-30,1055,中村,カルプ文字,,100,15,文字,20,,,,塗装,,支給,有,3,北原市 本町6丁目7番,急ぎ,"97,800",
2210-001,2022-10-01,9999,小林,インクジェット出力,420,1200,1,枚,,,メッシュ,なし,,,支給,無,,,,"¥5,000",税抜
2210-002,2022-10-01,1051,中村,アルミ複合板看板,2700,450,3,枚,3,片面,,グロス,,,支給,有,6,北原市（現場：店舗）,図面支給,"¥148,600",
2210-003,2022-10-01,1035,小林,アルミ複合板看板,2700,300,1,枚,3,片面,,マット,,,支給,無,,,図面支給,"19,360",税込
2210-004,2022-10-01,9999,小林,袖看板,600,900,1,台,,両面,,,,なし,修正,有,1.5,北原市中央4-5,前回同様,"132,600",税別
2210-005,2022-10-02,1034,山本,アルミ複合板看板,2400,450,1,枚,3,片面,,なし,,,支給,無,,,,"¥14,850",
2210-006,2022-10-02,9999,中村,カルプ文字,,50,2,文字,10,,,,塗装,,新規,有,6,北原市緑ヶ丘6-21-19,現調済,"93,400",税抜
2210-007,2022-10-02,1010,山本,インクジェット出力,841,594,3,枚,,,塩ビシート,なし,,,支給,有,6,南川市緑ヶ丘7-22-6,,"90,000",税別
2210-008,2022-10-02,1055,山本,インクジェット出力,420,420,5,枚,,,ターポリン,マット,,,支給,無,,中島村緑ヶ丘4-4-1,,"12,000",
2210-009,2022-10-03,1029,小林,カルプ文字,,150,2,文字,30,,,,シート貼り,,支給,有,4,南川市緑ヶ丘2-13-14,,"¥70,400",税抜
2210-010,2022-10-04,9999,中村,アルミ複合板看板,1800,600,4,枚,3,両面,,グロス,,,支給,有,5,西浜町中央3-21,図面支給,"235,200",税抜
2210-011,2022-10-05,1048,山本,インクジェット出力,1200,600,1,枚,,,ターポリン,なし,,,新規,無,,東山町中央1-29,,"¥27,000",
2210-012,2022-10-05,1001,小林,アルミ複合板看板,900,300,3,枚,3,両面,,マット,,,新規,無,,,,"52,200",税抜
2210-013,2022-10-05,1023,山本,アルミ複合板看板,900,450,3,枚,3,片面,,グロス,,,新規,無,,,急ぎ,"57,000",税抜
2210-014,2022-10-07,1027,中村,袖看板,450,900,1,台,,片面,,,,LED内照,支給,有,3,東山町緑ヶ丘7-28-1,,"113,000",税別
2210-015,2022-10-08,1035,中村,インクジェット出力,1800,594,1,枚,,,塩ビシート,グロス,,,修正,有,2,北原市中央6-27,図面支給,"38,800",税抜
2210-016,2022-10-08,1024,山本,アルミ複合板看板,600,600,1,枚,3,片面,,マット,,,支給,無,,東山町中央1-1,,"7,700",税込
2210-017,2022-10-09,1013,加藤,インクジェット出力,900,900,3,枚,,,メッシュ,なし,,,支給,有,6,中島村緑ヶ丘5-10-18,,"¥104,900",
2210-018,2022-10-09,1057,小林,アルミ複合板看板,1800,900,1,枚,4,両面,,マット,,,支給,有,3.5,北原市（現場：倉庫）,既存撤去・前回同様,"91,300",税別
2210-019,2022-10-09,1060,小林,インクジェット出力,1800,600,1,枚,,,塩ビシート,マット,,,修正,無,,北原市 本町5丁目25番,急ぎ・現調済,"13,310",税込
2210-020,2022-10-10,1045,中村,袖看板,900,1500,1,台,,両面,,,,LED内照,修正,有,3.5,南川市中央6-3,既存撤去,"200,000",税別
2210-021,2022-10-10,1035,小林,インクジェット出力,1200,900,3,枚,,,合成紙,グロス,,,修正,有,4,南川市中央7-2,,"112,090",税込
2210-022,2022-10-10,1003,中村,カルプ文字,,50,15,文字,20,,,,塗装,,修正,有,2,南川市（現場：事務所）,,"¥82,800",税別
2210-023,2022-10-11,1037,加藤,カルプ文字,,150,4,文字,20,,,,シート貼り,,修正,有,6,北原市中央7-29,前回同様,"¥85,800",税込
2210-024,2022-10-12,1010,中村,アルミ複合板看板,1200,1500,4,枚,4,両面,,なし,,,修正,無,,,,"¥207,400",税別
2210-025,2022-10-14,9999,中村,アルミ複合板看板,600,1200,1,枚,4,片面,,グロス,,,支給,有,1.5,北原市 本町1丁目2番,夜間作業,"64,400",税別
2210-026,2022-10-14,1028,加藤,インクジェット出力,2700,594,1,枚,,,合成紙,なし,,,支給,有,5,北原市緑ヶ丘8-14-7,急ぎ,"80,400",税抜
2210-027,2022-10-16,9999,中村,袖看板,900,1200,1,台,,片面,,,,なし,修正,有,1.5,南川市中央2-23,,"160,380",税込
2210-028,2022-10-18,1002,山本,インクジェット出力,594,594,5,枚,,,塩ビシート,なし,,,支給,有,1.5,北原市緑ヶ丘4-24-2,夜間作業,"¥93,500",税込
2210-029,2022-10-19,9999,小林,アルミ複合板看板,600,600,4,枚,4,両面,,グロス,,,修正,有,3,北原市 本町3丁目9番,,"134,200",税込
2210-030,2022-10-20,1010,山本,アルミ複合板看板,1200,900,3,枚,3,両面,,マット,,,新規,無,,,,"¥118,800",
2210-031,2022-10-21,1016,山本,カルプ文字,,600,8,文字,20,,,,シート貼り,,支給,有,1.5,北原市 本町6丁目28番,急ぎ,"161,000",税別
2210-032,2022-10-22,1055,中村,インクジェット出力,841,297,1,枚,,,塩ビシート,なし,,,支給,有,3,南川市（現場：倉庫）,,"35,000",
2210-033,2022-10-22,1031,山本,アルミ複合板看板,450,1800,1,枚,3,両面,,なし,,,修正,無,,,,"¥28,600",
2210-034,2022-10-23,1039,中村,カルプ文字,,50,3,文字,20,,,,シート貼り,,支給,有,5,東山町 本町3丁目5番,,"¥76,230",税込
2210-035,2022-10-25,1021,山本,アルミ複合板看板,3000,1200,1,枚,4,両面,,マット,,,支給,有,2.5,西浜町中央7-29,色見本あり,"¥152,000",税抜
2210-036,2022-10-25,1046,加藤,アルミ複合板看板,450,1500,1,枚,3,片面,,なし,,,新規,有,1.5,東山町（現場：店舗）,,"68,400",税抜
2210-037,2022-10-26,1046,山本,袖看板,450,900,1,台,,両面,,,,なし,修正,有,2.5,北原市緑ヶ丘3-5-13,,"98,000",
2210-038,2022-10-26,1043,加藤,アルミ複合板看板,1200,900,2,枚,4,片面,,グロス,,,支給,無,,北原市緑ヶ丘3-28-14,急ぎ,"56,900",税抜
2210-039,2022-10-26,1034,中村,アルミ複合板看板,3000,300,3,枚,3,片面,,なし,,,支給,無,,,,"¥47,400",税別
2210-040,2022-10-26,1006,中村,カルプ文字,,100,2,文字,10,,,,塗装,,修正,有,2.5,東山町中央8-3,前回同様,"¥37,200",
2210-041,2022-10-27,9999,加藤,インクジェット出力,1200,1200,5,枚,,,メッシュ,マット,,,修正,無,,南川市緑ヶ丘7-19-2,前回同様,"57,750",税込
2210-042,2022-10-28,1024,山本,カルプ文字,,600,15,文字,30,,,,シート貼り,,新規,有,3,東山町（現場：店舗）,既存撤去,"315,700",
2210-043,2022-10-28,1044,山本,カルプ文字,,100,4,文字,10,,,,シート貼り,,修正,有,1.5,北原市中央8-13,,"¥35,000",
2210-044,2022-10-28,1040,加藤,アルミ複合板看板,2400,900,3,枚,4,両面,,なし,,,支給,有,5,北原市 本町8丁目18番,既存撤去,"302,720",税込
2210-045,2022-10-28,9999,小林,アルミ複合板看板,2400,300,3,枚,4,片面,,なし,,,修正,有,6,北原市 本町1丁目21番,前回同様,"138,100",税抜
2210-046,2022-10-29,1007,中村,アルミ複合板看板,1200,600,1,枚,3,片面,,マット,,,支給,無,,,図面支給,"11,800",税別
2210-047,2022-10-29,1003,中村,アルミ複合板看板,3000,600,1,枚,3,片面,,なし,,,新規,有,3,北原市（現場：倉庫）,,"81,510",税込
2210-048,2022-10-29,1023,中村,カルプ文字,,150,14,文字,20,,,,シート貼り,,支給,有,5,南川市中央1-14,色見本あり,"¥135,300",税込
2210-049,2022-10-30,1023,中村,アルミ複合板看板,900,1200,1,枚,3,片面,,マット,,,支給,有,2,南川市 本町8丁目1番,,"50,400",税抜
2210-050,2022-10-30,1060,山本,インクジェット出力,1200,600,1,枚,,,塩ビシート,マット,,,支給,有,2,北原市中央6-28,急ぎ,"¥38,000",税別
2210-051,2022-10-30,9999,小林,カルプ文字,,300,12,文字,10,,,,シート貼り,,新規,有,3.5,北原市中央6-9,,"¥126,200",
2210-052,2022-10-31,1038,中村,インクジェット出力,420,600,1,枚,,,メッシュ,マット,,,支給,有,5,中島村（現場：倉庫）,夜間作業,"¥96,000",税抜
2210-053,2022-10-31,1027,中村,インクジェット出力,3600,900,1,枚,,,ターポリン,なし,,,支給,有,2,北原市中央1-17,,"37,300",税抜
2211-001,2022-11-01,1013,中村,インクジェット出力,1200,297,5,枚,,,メッシュ,グロス,,,修正,有,6,北原市 本町6丁目27番,既存撤去,"127,000",税抜
2211-002,2022-11-01,1011,中村,アルミ複合板看板,2400,450,1,枚,3,片面,,なし,,,新規,無,,,前回同様,"40,200",税別
2211-003,2022-11-02,1019,小林,カルプ文字,,80,10,文字,10,,,,塗装,,支給,有,5,中島村中央4-2,現調済,"106,000",
2211-004,2022-11-02,1019,小林,アルミ複合板看板,1200,1200,4,枚,3,片面,,なし,,,新規,無,,北原市中央7-14,図面支給,"105,000",税抜
2211-005,2022-11-03,9999,加藤,カルプ文字,,400,11,文字,10,,,,塗装,,新規,有,4,西浜町緑ヶ丘7-2-4,,"226,600",税別
2211-006,2022-11-03,1046,中村,袖看板,450,1500,1,台,,両面,,,,LED内照,支給,有,3.5,東山町緑ヶ丘7-7-7,,"171,600",
2211-007,2022-11-03,1044,小林,カルプ文字,,400,6,文字,10,,,,シート貼り,,支給,有,3.5,北原市 本町3丁目24番,既存撤去・図面支給,"91,740",税込
2211-008,2022-11-03,1052,小林,アルミ複合板看板,450,450,1,枚,4,片面,,なし,,,支給,無,,,,"7,150",税込
2211-009,2022-11-03,1028,加藤,カルプ文字,,100,5,文字,10,,,,シート貼り,,新規,有,3.5,北原市中央1-19,,"58,000",税抜
2211-010,2022-11-04,1009,中村,カルプ文字,,600,3,文字,20,,,,シート貼り,,支給,有,3.5,北原市緑ヶ丘1-2-19,急ぎ,"75,400",税別
2211-011,2022-11-04,1033,小林,インクジェット出力,900,900,1,枚,,,ターポリン,グロス,,,支給,無,,,現調済,"5,500",税込
2211-012,2022-11-05,1019,加藤,アルミ複合板看板,600,600,3,枚,4,片面,,グロス,,,新規,無,,東山町中央3-13,,"51,400",税抜
2211-013,2022-11-06,1035,加藤,アルミ複合板看板,2700,1500,1,枚,3,両面,,グロス,,,支給,無,,,,"¥111,870",税込
2211-014,2022-11-06,9999,加藤,アルミ複合板看板,450,600,1,枚,3,片面,,グロス,,,新規,無,,南川市 本町8丁目4番,急ぎ・図面支給,"36,410",税込
2211-015,2022-11-06,1057,山本,インクジェット出力,900,297,1,枚,,,塩ビシート,グロス,,,支給,有,1.5,北原市（現場：倉庫）,,"30,000",税別
2211-016,2022-11-06,1034,山本,アルミ複合板看板,3000,900,1,枚,4,片面,,マット,,,新規,有,6,北原市（現場：倉庫）,既存撤去,"¥150,000",税別
2211-017,2022-11-06,1026,中村,アルミ複合板看板,600,300,2,枚,4,片面,,なし,,,支給,無,,,急ぎ,"¥13,200",税込
2211-018,2022-11-07,1053,山本,アルミ複合板看板,450,450,4,枚,3,片面,,グロス,,,支給,無,,北原市中央1-12,,"24,000",税別
2211-019,2022-11-09,1006,山本,インクジェット出力,3600,420,1,枚,,,合成紙,なし,,,支給,有,4,西浜町 本町3丁目14番,,"89,100",税込
2211-020,2022-11-09,1009,小林,袖看板,450,1200,2,台,,片面,,,,なし,修正,有,6,東山町（現場：事務所）,,"¥238,700",税込
2211-021,2022-11-09,1048,加藤,袖看板,750,900,1,台,,両面,,,,なし,支給,有,2.5,南川市中央7-10,,"133,100",
2211-022,2022-11-10,1014,中村,アルミ複合板看板,600,900,3,枚,3,片面,,グロス,,,支給,無,,北原市緑ヶ丘4-11-19,,"34,320",税込
2211-023,2022-11-10,1017,山本,カルプ文字,,250,12,文字,30,,,,シート貼り,,支給,有,6,東山町中央7-6,既存撤去,"¥173,800",税込
2211-024,2022-11-12,1007,小林,袖看板,900,600,2,台,,両面,,,,なし,支給,有,3,南川市（現場：倉庫）,,"195,300",
2211-025,2022-11-12,9999,加藤,インクジェット出力,900,420,5,枚,,,塩ビシート,なし,,,修正,有,1.5,東山町 本町3丁目28番,現調済,"96,250",税込
2211-026,2022-11-13,1007,加藤,カルプ文字,,400,10,文字,10,,,,シート貼り,,新規,有,1.5,北原市 本町4丁目21番,,"¥126,700",税抜
2211-027,2022-11-13,1010,山本,アルミ複合板看板,900,1200,1,枚,3,片面,,マット,,,支給,有,2,北原市 本町5丁目7番,,"¥45,000",
2211-028,2022-11-14,1036,中村,アルミ複合板看板,2400,450,1,枚,4,片面,,なし,,,支給,有,2.5,南川市緑ヶ丘7-24-5,,"¥51,500",税抜
2211-029,2022-11-16,1026,中村,カルプ文字,,80,14,文字,20,,,,シート貼り,,支給,有,2,東山町 本町3丁目18番,既存撤去,"80,400",
2211-030,2022-11-16,1032,中村,袖看板,450,600,1,台,,片面,,,,LED内照,新規,有,6,北原市緑ヶ丘1-15-1,,"184,800",税込
2211-031,2022-11-16,1046,小林,アルミ複合板看板,450,900,1,枚,4,片面,,なし,,,支給,無,,北原市中央2-28,急ぎ,"12,540",税込
2211-032,2022-11-16,1018,加藤,袖看板,750,600,1,台,,両面,,,,なし,支給,有,3.5,北原市（現場：倉庫）,,"93,000",税別
2211-033,2022-11-17,1053,中村,袖看板,900,600,1,台,,両面,,,,なし,支給,有,6,南川市緑ヶ丘8-12-15,,"156,000",税抜
2211-034,2022-11-17,1014,小林,アルミ複合板看板,1200,600,1,枚,4,片面,,なし,,,新規,有,1.5,南川市中央5-20,色見本あり,"¥72,000",税抜
2211-035,2022-11-17,9999,加藤,カルプ文字,,100,3,文字,10,,,,シート貼り,,支給,有,2.5,北原市（現場：事務所）,,"¥30,500",税別
2211-013-2,2022-11-18,1035,加藤,アルミ複合板看板,2700,1500,2,枚,3,両面,,グロス,,,支給,無,,,,"¥111,870",税込
2211-036,2022-11-18,9999,加藤,カルプ文字,,50,2,文字,20,,,,シート貼り,,支給,有,2.5,東山町中央1-29,急ぎ,"45,210",税込
2211-037,2022-11-19,1009,加藤,アルミ複合板看板,450,450,1,枚,3,片面,,なし,,,支給,有,1.5,南川市中央7-22,夜間作業,"¥58,960",税込
2211-038,2022-11-19,1051,山本,アルミ複合板看板,900,600,3,枚,4,片面,,グロス,,,新規,有,6,中島村中央4-11,,"155,000",税別
2211-039,2022-11-20,9999,加藤,袖看板,600,600,1,台,,両面,,,,LED内照,修正,有,2,南川市中央6-13,前回同様,"¥151,300",税抜
2211-040,2022-11-20,1036,加藤,カルプ文字,,150,2,文字,20,,,,塗装,,修正,有,2,東山町（現場：倉庫）,,"41,000",
2211-041,2022-11-20,1039,山本,袖看板,450,1500,1,台,,片面,,,,なし,支給,有,4,北原市中央4-29,,"144,100",税込
2211-042,2022-11-23,1006,山本,アルミ複合板看板,1800,1800,2,枚,4,片面,,なし,,,支給,無,,北原市 本町4丁目20番,,"103,000",税抜
2211-043,2022-11-23,1023,中村,インクジェット出力,594,900,5,枚,,,メッシュ,マット,,,支給,有,4,中島村中央4-6,,"138,600",税込
2211-044,2022-11-25,9999,加藤,アルミ複合板看板,2400,1500,3,枚,3,片面,,マット,,,新規,無,,北原市（現場：倉庫）,,"¥217,690",税込
2211-045,2022-11-26,1008,加藤,インクジェット出力,2700,1200,2,枚,,,塩ビシート,グロス,,,修正,有,6,東山町 本町8丁目23番,現調済,"¥116,600",税抜
2211-046,2022-11-27,9999,加藤,インクジェット出力,2700,420,5,枚,,,メッシュ,グロス,,,新規,有,2,南川市緑ヶ丘4-7-19,急ぎ,"171,270",税込
2211-047,2022-11-27,9999,小林,袖看板,600,1200,1,台,,両面,,,,なし,支給,有,3,北原市中央8-13,急ぎ,"¥168,410",税込
2211-048,2022-11-27,1010,山本,カルプ文字,,100,15,文字,30,,,,シート貼り,,修正,有,5,東山町中央7-26,急ぎ,"¥140,000",税抜
2211-049,2022-11-27,1045,山本,カルプ文字,,500,14,文字,20,,,,塗装,,支給,有,3.5,北原市 本町5丁目26番,,"¥171,000",税抜
2211-050,2022-11-27,1011,中村,カルプ文字,,200,6,文字,20,,,,シート貼り,,支給,有,6,東山町 本町4丁目14番,夜間作業,"102,000",税別
2211-051,2022-11-27,1039,山本,インクジェット出力,841,420,1,枚,,,合成紙,なし,,,修正,有,6,東山町中央7-13,,"74,000",税抜
2211-052,2022-11-28,9999,山本,アルミ複合板看板,3000,900,1,枚,3,片面,,なし,,,支給,無,,北原市中央3-20,急ぎ,"49,000",税抜
2211-053,2022-11-30,1026,中村,袖看板,450,900,1,台,,両面,,,,なし,支給,有,1.5,東山町中央5-13,,"107,800",税込
2211-054,2022-11-30,1055,中村,袖看板,750,1200,1,台,,両面,,,,なし,新規,有,5,西浜町（現場：倉庫）,色見本あり,"191,000",税抜
2211-055,2022-11-30,1046,山本,カルプ文字,,150,6,文字,20,,,,シート貼り,,支給,有,6,北原市中央8-9,,"82,000",税別
2211-056,2022-11-30,1052,小林,袖看板,450,1500,2,台,,両面,,,,なし,支給,有,5,中島村中央3-4,,"248,200",税抜
2211-057,2022-11-30,1050,加藤,インクジェット出力,2700,594,1,枚,,,ターポリン,グロス,,,修正,有,3.5,中島村緑ヶ丘6-5-7,既存撤去,"68,000",
2211-058,2022-11-30,9999,加藤,アルミ複合板看板,900,1200,1,枚,3,片面,,マット,,,支給,無,,,,"¥21,010",税込
2212-001,2022-12-01,9999,中村,アルミ複合板看板,1800,1500,4,枚,3,片面,,グロス,,,支給,無,,,,"192,610",税込
2212-002,2022-12-01,9999,中村,袖看板,900,1500,2,台,,片面,,,,なし,支給,有,2.5,北原市 本町2丁目22番,,"273,460",税込
2212-003,2022-12-02,9999,加藤,アルミ複合板看板,1200,450,1,枚,3,片面,,なし,,,支給,無,,,図面支給,"¥11,110",税込
2212-004,2022-12-02,9999,中村,袖看板,750,1200,1,台,,片面,,,,LED内照,支給,有,6,南川市中央8-25,夜間作業,"204,600",税抜
2212-005,2022-12-02,9999,山本,カルプ文字,,200,3,文字,20,,,,塗装,,支給,有,1.5,中島村中央6-9,既存撤去,"¥75,900",
2212-006,2022-12-02,9999,加藤,アルミ複合板看板,2400,900,1,枚,3,片面,,グロス,,,新規,有,2,中島村緑ヶ丘8-3-14,急ぎ,"125,000",税抜
2212-007,2022-12-03,1044,加藤,アルミ複合板看板,1200,900,1,枚,3,片面,,なし,,,支給,有,4,北原市中央2-4,,"78,200",税別
2212-008,2022-12-04,1039,加藤,アルミ複合板看板,1200,1200,4,枚,3,片面,,グロス,,,修正,有,2.5,南川市緑ヶ丘1-8-11,,"165,000",税込
2212-009,2022-12-04,1011,小林,カルプ文字,,500,8,文字,10,,,,塗装,,新規,有,2,北原市緑ヶ丘6-20-5,,"127,400",税抜
2212-010,2022-12-04,1021,小林,アルミ複合板看板,600,900,1,枚,3,片面,,グロス,,,修正,無,,,,"15,400",税別
2212-011,2022-12-04,1059,加藤,インクジェット出力,1800,594,3,枚,,,塩ビシート,なし,,,支給,無,,,,"14,080",税込
2212-012,2022-12-04,1056,小林,アルミ複合板看板,450,600,1,枚,4,片面,,グロス,,,新規,無,,北原市中央4-29,,"35,310",税込
2212-013,2022-12-04,1001,小林,カルプ文字,,600,14,文字,10,,,,塗装,,新規,有,4,西浜町中央6-23,,"332,420",税込
2212-014,2022-12-05,9999,中村,アルミ複合板看板,2400,300,4,枚,3,両面,,マット,,,修正,無,,,,"¥106,480",税込
2212-015,2022-12-05,1022,小林,インクジェット出力,594,900,1,枚,,,塩ビシート,なし,,,新規,無,,,,"27,100",税別
2212-016,2022-12-05,9999,中村,カルプ文字,,500,10,文字,30,,,,塗装,,支給,有,1.5,北原市中央8-24,急ぎ,"178,200",
2212-017,2022-12-05,1023,加藤,インクジェット出力,900,900,1,枚,,,塩ビシート,なし,,,支給,無,,,,"5,500",税込
2212-018,2022-12-05,1018,山本,袖看板,600,900,1,台,,片面,,,,なし,新規,有,2,南川市緑ヶ丘5-26-6,,"126,000",税抜
2212-019,2022-12-06,1018,加藤,アルミ複合板看板,1800,1800,2,枚,3,片面,,なし,,,修正,無,,北原市中央1-6,,"97,020",税込
2212-020,2022-12-06,1008,小林,アルミ複合板看板,2700,1800,1,枚,3,片面,,マット,,,支給,無,,,,"97,130",税込
2212-021,2022-12-06,1014,加藤,インクジェット出力,1200,297,1,枚,,,ターポリン,なし,,,修正,有,2.5,東山町中央4-20,,"¥43,670",
2212-022,2022-12-06,9999,中村,アルミ複合板看板,2700,600,1,枚,3,片面,,なし,,,修正,有,2,東山町中央1-11,,"82,000",税抜
2212-023,2022-12-06,1006,山本,インクジェット出力,3600,594,3,枚,,,メッシュ,なし,,,修正,有,3.5,南川市 本町7丁目6番,,"82,000",税別
2212-024,2022-12-07,9999,加藤,アルミ複合板看板,1800,900,1,枚,4,片面,,なし,,,支給,有,3.5,西浜町中央1-14,夜間作業・既存撤去,"¥107,200",税別
2212-025,2022-12-07,1055,加藤,アルミ複合板看板,450,900,1,枚,3,片面,,マット,,,支給,有,2.5,北原市中央4-7,,"40,700",税込
2212-026,2022-12-07,1001,小林,カルプ文字,,150,12,文字,30,,,,シート貼り,,修正,有,5,南川市 本町8丁目6番,,"127,400",
2212-027,2022-12-07,1020,山本,アルミ複合板看板,2400,900,4,枚,3,片面,,なし,,,支給,無,,,,"113,000",税別
2212-028,2022-12-08,1054,山本,インクジェット出力,2700,297,5,枚,,,メッシュ,なし,,,修正,有,2.5,南川市中央2-7,,"¥88,000",税別
2212-029,2022-12-08,1059,加藤,カルプ文字,,100,9,文字,10,,,,塗装,,支給,有,2,東山町 本町1丁目2番,,"¥63,140",税込
2212-030,2022-12-10,1004,山本,アルミ複合板看板,2700,600,2,枚,4,片面,,グロス,,,支給,無,,北原市中央4-16,,"67,000",税抜
2212-031,2022-12-10,1012,山本,アルミ複合板看板,2400,900,1,枚,3,片面,,マット,,,新規,無,,中島村 本町5丁目20番,図面支給,"56,000",税別
2212-032,2022-12-10,1060,中村,インクジェット出力,420,600,3,枚,,,メッシュ,なし,,,支給,無,,,,"¥7,370",税込
2212-033,2022-12-10,1008,小林,アルミ複合板看板,1200,1200,2,枚,3,両面,,グロス,,,支給,有,2,北原市（現場：事務所）,,"121,880",税込
2212-034,2022-12-10,1006,中村,アルミ複合板看板,450,900,1,枚,4,片面,,なし,,,支給,有,1.5,北原市（現場：倉庫）,既存撤去,"49,500",税抜
2212-035,2022-12-11,1024,小林,インクジェット出力,420,1200,1,枚,,,塩ビシート,なし,,,支給,無,,東山町中央7-21,,"¥5,000",税抜
2212-036,2022-12-11,1046,加藤,カルプ文字,,100,10,文字,10,,,,塗装,,修正,有,4,北原市（現場：事務所）,,"95,040",
2212-037,2022-12-11,1008,小林,カルプ文字,,200,10,文字,30,,,,シート貼り,,修正,有,3.5,北原市 本町7丁目27番,,"84,700",
2212-038,2022-12-11,9999,小林,アルミ複合板看板,3000,600,4,枚,3,片面,,なし,,,支給,有,5,東山町緑ヶ丘8-29-12,夜間作業,"258,170",税込
2212-039,2022-12-11,9999,山本,アルミ複合板看板,1800,1800,1,枚,3,片面,,なし,,,支給,無,,,急ぎ,"59,400",税込
2212-040,2022-12-12,1051,中村,カルプ文字,,600,8,文字,10,,,,塗装,,修正,有,6,南川市（現場：事務所）,,"183,400",税別
2212-041,2022-12-12,9999,小林,カルプ文字,,300,6,文字,10,,,,塗装,,修正,有,1.5,北原市緑ヶ丘1-29-5,前回同様,"80,520",税込
2212-042,2022-12-12,9999,山本,カルプ文字,,400,6,文字,20,,,,塗装,,修正,有,1.5,南川市中央5-19,,"¥113,300",税込
2212-043,2022-12-12,9999,加藤,インクジェット出力,1200,420,5,枚,,,ターポリン,なし,,,支給,無,,,,"10,670",税込
2212-044,2022-12-13,1006,中村,カルプ文字,,300,6,文字,10,,,,シート貼り,,新規,有,6,東山町緑ヶ丘7-21-14,夜間作業,"136,000",
2212-045,2022-12-13,9999,中村,アルミ複合板看板,1800,1200,1,枚,3,片面,,グロス,,,新規,無,,北原市緑ヶ丘1-29-2,,"61,000",税抜
2212-046,2022-12-16,1011,中村,アルミ複合板看板,600,1800,1,枚,3,片面,,グロス,,,支給,有,3,北原市 本町3丁目19番,既存撤去・急ぎ,"75,680",税込
2212-047,2022-12-16,1042,山本,カルプ文字,,200,4,文字,30,,,,塗装,,支給,有,2,南川市（現場：店舗）,,"49,000",税抜
2212-048,2022-12-17,9999,加藤,インクジェット出力,3600,600,5,枚,,,メッシュ,なし,,,新規,無,,東山町 本町5丁目6番,,"¥78,400",税別
2212-036-2,2022-12-18,1046,加藤,カルプ文字,,100,11,文字,10,,,,塗装,,修正,有,4,北原市（現場：事務所）,,"95,040",
2212-049,2022-12-18,1017,加藤,袖看板,750,1200,1,台,,片面,,,,LED内照,修正,有,1.5,南川市中央8-13,,"¥141,000",
2212-050,2022-12-18,1030,加藤,カルプ文字,,50,12,文字,20,,,,シート貼り,,支給,有,5,北原市 本町2丁目6番,,"101,420",税込
2212-051,2022-12-19,1047,小林,アルミ複合板看板,1200,1200,3,枚,3,片面,,なし,,,修正,無,,北原市中央6-19,,"65,000",税別
2212-052,2022-12-20,1055,加藤,インクジェット出力,1800,1200,1,枚,,,ターポリン,グロス,,,修正,無,,,,"¥15,800",
2212-053,2022-12-22,1055,小林,インクジェット出力,900,600,1,枚,,,塩ビシート,なし,,,支給,有,6,中島村中央7-18,,"80,100",税抜
2212-054,2022-12-22,1021,中村,カルプ文字,,250,6,文字,10,,,,シート貼り,,修正,有,5,南川市 本町1丁目1番,,"101,000",税別
2212-055,2022-12-23,9999,小林,アルミ複合板看板,3000,300,1,枚,3,片面,,グロス,,,支給,有,2.5,南川市 本町2丁目16番,,"55,600",税別
2212-056,2022-12-23,1018,山本,袖看板,450,1500,1,台,,両面,,,,なし,支給,有,1.5,北原市 本町7丁目25番,既存撤去,"128,000",
2212-057,2022-12-24,1003,山本,袖看板,750,1200,1,台,,片面,,,,LED内照,支給,有,2,北原市 本町8丁目14番,,"117,000",税抜
2212-058,2022-12-25,1052,小林,袖看板,750,1200,1,台,,片面,,,,なし,支給,有,1.5,北原市中央5-16,,"96,000",
2212-059,2022-12-25,1044,中村,アルミ複合板看板,1800,600,4,枚,4,両面,,なし,,,支給,有,2.5,東山町 本町2丁目16番,急ぎ,"¥242,550",税込
2212-060,2022-12-25,1046,山本,アルミ複合板看板,1200,1800,1,枚,3,片面,,マット,,,修正,有,1.5,西浜町中央1-10,夜間作業,"104,500",税込
2212-061,2022-12-25,1013,加藤,インクジェット出力,1200,297,3,枚,,,塩ビシート,マット,,,支給,有,6,北原市 本町5丁目27番,急ぎ・現調済,"115,170",税込
2212-062,2022-12-26,1008,小林,アルミ複合板看板,450,600,1,枚,3,片面,,グロス,,,新規,無,,,現調済,"34,320",
2212-063,2022-12-26,1049,加藤,アルミ複合板看板,3600,900,3,枚,3,片面,,グロス,,,修正,有,4,中島村（現場：倉庫）,図面支給,"¥252,600",税別
2212-064,2022-12-26,1032,加藤,インクジェット出力,900,297,5,枚,,,ターポリン,グロス,,,支給,無,,,,"¥12,500",
2212-065,2022-12-28,1017,小林,インクジェット出力,1200,1200,1,枚,,,合成紙,なし,,,支給,無,,,,"¥5,000",税抜
2212-066,2022-12-29,1015,小林,アルミ複合板看板,1800,1200,4,枚,3,片面,,なし,,,支給,有,6,西浜町（現場：店舗）,,"215,600",
2212-067,2022-12-30,1054,中村,インクジェット出力,1200,900,1,枚,,,メッシュ,マット,,,支給,有,1.5,北原市（現場：店舗）,,"¥34,400",税抜
2212-068,2022-12-31,9999,小林,アルミ複合板看板,3000,1200,1,枚,3,片面,,なし,,,支給,無,,,,"58,300",税込
2212-069,2022-12-31,9999,中村,インクジェット出力,900,1200,2,枚,,,合成紙,グロス,,,新規,無,,,急ぎ・図面支給,"¥36,400",税別
2301-001,2023-01-01,1013,加藤,インクジェット出力,1200,1200,1,枚,,,ターポリン,マット,,,修正,有,6,南川市中央7-2,現調済,"80,200",税別
2301-002,2023-01-01,9999,山本,インクジェット出力,594,1200,1,枚,,,ターポリン,なし,,,修正,有,2,東山町中央7-25,図面支給,"48,400",税込
2301-003,2023-01-01,1034,中村,袖看板,450,1200,1,台,,片面,,,,LED内照,支給,有,1.5,北原市 本町3丁目1番,,"¥144,100",税込
2301-004,2023-01-02,1024,中村,アルミ複合板看板,450,1800,2,枚,3,片面,,グロス,,,修正,無,,中島村中央4-9,急ぎ,"¥40,000",税抜
2301-005,2023-01-03,9999,山本,アルミ複合板看板,3600,900,4,枚,3,片面,,マット,,,新規,有,3,北原市中央7-21,,"¥337,700",税込
2301-006,2023-01-03,1028,加藤,インクジェット出力,900,420,1,枚,,,合成紙,なし,,,新規,無,,,,"¥26,200",税抜
2301-007,2023-01-04,1044,山本,インクジェット出力,1200,297,1,枚,,,塩ビシート,なし,,,新規,有,6,西浜町中央5-24,急ぎ・色見本あり,"¥121,000",
2301-008,2023-01-04,1050,山本,アルミ複合板看板,600,1200,1,枚,4,片面,,グロス,,,修正,有,3,西浜町 本町3丁目3番,夜間作業・前回同様,"77,000",税込
2301-009,2023-01-04,1023,小林,アルミ複合板看板,600,300,4,枚,4,片面,,なし,,,支給,有,5,東山町緑ヶ丘4-22-5,,"123,200",税込
2301-010,2023-01-05,1013,小林,アルミ複合板看板,1200,900,1,枚,3,片面,,グロス,,,修正,無,,,現調済,"22,400",
2301-011,2023-01-05,1031,小林,アルミ複合板看板,1200,1200,3,枚,4,片面,,グロス,,,修正,有,6,北原市（現場：事務所）,図面支給,"183,150",
2301-012,2023-01-07,1002,山本,インクジェット出力,3600,1200,1,枚,,,メッシュ,なし,,,修正,有,3,東山町（現場：店舗）,,"¥57,000",税抜
2301-013,2023-01-07,1025,加藤,カルプ文字,,200,11,文字,30,,,,塗装,,新規,有,2,南川市 本町7丁目19番,,"130,020",税込
2301-014,2023-01-09,1029,小林,カルプ文字,,80,14,文字,30,,,,シート貼り,,支給,有,4,東山町中央5-26,,"¥113,200",
2301-015,2023-01-10,1002,小林,アルミ複合板看板,3600,1200,4,枚,4,片面,,グロス,,,支給,無,,,,"319,200",税別
2301-016,2023-01-10,1059,小林,インクジェット出力,900,594,1,枚,,,合成紙,なし,,,支給,無,,,,"5,000",税別
2301-017,2023-01-10,9999,小林,アルミ複合板看板,2400,1200,1,枚,4,片面,,グロス,,,修正,有,6,西浜町中央7-20,既存撤去・前回同様,"176,440",税込
2301-018,2023-01-11,1012,山本,カルプ文字,,400,11,文字,20,,,,シート貼り,,支給,有,1.5,北原市緑ヶ丘2-22-13,,"133,100",
2301-019,2023-01-12,1051,中村,カルプ文字,,200,6,文字,10,,,,シート貼り,,新規,有,4,北原市中央2-11,,"104,000",税別
2301-020,2023-01-12,1058,中村,アルミ複合板看板,900,1200,3,枚,3,片面,,なし,,,支給,有,2,南川市（現場：店舗）,,"¥104,060",税込
2301-021,2023-01-13,1018,小林,インクジェット出力,841,297,3,枚,,,メッシュ,マット,,,支給,有,4,南川市中央6-4,夜間作業,"108,000",税抜
2301-022,2023-01-13,9999,山本,インクジェット出力,841,900,1,枚,,,合成紙,マット,,,支給,無,,北原市 本町7丁目1番,急ぎ・前回同様,"5,500",税込
2301-023,2023-01-13,1024,小林,カルプ文字,,200,10,文字,30,,,,シート貼り,,支給,有,2.5,東山町 本町3丁目26番,,"77,000",税抜
2301-024,2023-01-14,1041,小林,アルミ複合板看板,2700,1200,1,枚,3,片面,,マット,,,支給,有,2,北原市（現場：倉庫）,既存撤去,"¥100,320",税込
2301-025,2023-01-15,1038,中村,アルミ複合板看板,2700,1800,1,枚,3,片面,,マット,,,支給,無,,,,"73,600",税抜
2301-026,2023-01-15,1042,中村,アルミ複合板看板,1200,1200,1,枚,3,片面,,マット,,,修正,有,1.5,西浜町 本町5丁目17番,,"71,000",税別
2301-027,2023-01-15,1059,加藤,アルミ複合板看板,450,900,2,枚,4,片面,,マット,,,修正,無,,北原市（現場：倉庫）,現調済,"26,000",税別
2301-028,2023-01-15,1049,小林,カルプ文字,,250,8,文字,10,,,,塗装,,修正,有,3,北原市 本町7丁目10番,,"89,100",税込
2301-029,2023-01-20,1017,加藤,アルミ複合板看板,3000,600,3,枚,4,片面,,なし,,,修正,無,,,急ぎ,"¥132,220",税込
2301-030,2023-01-20,1002,山本,アルミ複合板看板,3000,450,4,枚,3,片面,,マット,,,支給,有,2.5,東山町 本町6丁目4番,,"170,500",税込
2301-031,2023-01-20,1037,中村,アルミ複合板看板,600,450,1,枚,3,片面,,マット,,,修正,有,4,東山町 本町2丁目3番,,"¥87,120",
2301-032,2023-01-20,9999,山本,アルミ複合板看板,1800,1500,1,枚,3,両面,,なし,,,支給,有,3,北原市緑ヶ丘3-16-3,夜間作業,"136,000",税別
2301-033,2023-01-21,1034,山本,アルミ複合板看板,2400,600,3,枚,4,両面,,なし,,,支給,有,1.5,北原市緑ヶ丘8-1-7,夜間作業,"204,600",税込
2301-034,2023-01-22,1054,加藤,カルプ文字,,500,12,文字,10,,,,シート貼り,,修正,有,3,北原市中央5-5,急ぎ・色見本あり,"162,900",税別
2301-035,2023-01-23,1030,加藤,袖看板,600,1200,2,台,,片面,,,,なし,新規,有,6,中島村中央5-26,,"271,700",税込
2301-036,2023-01-24,9999,中村,袖看板,750,1500,2,台,,両面,,,,なし,新規,有,1.5,北原市中央5-11,既存撤去・現調済,"¥330,800",税抜
2301-037,2023-01-24,1007,加藤,アルミ複合板看板,900,1800,2,枚,3,片面,,グロス,,,支給,無,,北原市中央3-26,,"46,400",税別
2301-038,2023-01-24,1010,加藤,カルプ文字,,150,3,文字,30,,,,シート貼り,,支給,有,2,南川市 本町1丁目29番,急ぎ,"48,700",税抜
2301-039,2023-01-24,1050,中村,インクジェット出力,1800,594,2,枚,,,ターポリン,なし,,,支給,無,,,図面支給,"¥7,400",税別
2301-040,2023-01-25,1004,加藤,アルミ複合板看板,1800,900,1,枚,4,片面,,グロス,,,修正,無,,,,"35,900",税抜
2301-041,2023-01-26,1039,中村,アルミ複合板看板,3600,600,3,枚,3,片面,,グロス,,,支給,有,2,北原市中央7-15,,"151,400",税別
2301-042,2023-01-26,1051,加藤,袖看板,750,1200,1,台,,両面,,,,なし,新規,有,6,北原市緑ヶ丘2-4-10,,"193,600",税込
2301-043,2023-01-27,1030,小林,アルミ複合板看板,600,1500,1,枚,4,片面,,なし,,,支給,無,,,現調済,"17,050",税込
2301-044,2023-01-27,1055,山本,カルプ文字,,500,15,文字,10,,,,シート貼り,,支給,有,3,中島村緑ヶ丘5-26-6,図面支給,"174,000",
2301-045,2023-01-27,1044,小林,インクジェット出力,3600,297,1,枚,,,合成紙,グロス,,,修正,無,,,,"¥10,120",税込
2301-046,2023-01-28,1010,中村,インクジェット出力,900,297,1,枚,,,メッシュ,なし,,,支給,無,,,,"¥5,500",税込
2301-047,2023-01-29,1057,山本,インクジェット出力,420,1200,5,枚,,,メッシュ,なし,,,支給,無,,,急ぎ,"13,000",税抜
2301-048,2023-01-29,9999,加藤,カルプ文字,,200,12,文字,10,,,,塗装,,新規,有,1.5,北原市 本町2丁目11番,,"¥124,300",
2301-049,2023-01-29,1005,加藤,カルプ文字,,800,4,文字,20,,,,塗装,,新規,有,4,西浜町 本町3丁目16番,夜間作業・現調済,"¥171,200",税別
2301-050,2023-01-29,9999,中村,カルプ文字,,50,4,文字,10,,,,塗装,,新規,有,4,東山町中央2-16,既存撤去,"¥132,000",税込
2301-051,2023-01-29,9999,中村,アルミ複合板看板,3000,900,4,枚,4,片面,,なし,,,支給,有,1.5,北原市緑ヶ丘4-18-16,,"257,400",税抜
2301-052,2023-01-30,9999,小林,インクジェット出力,1800,594,3,枚,,,合成紙,グロス,,,支給,無,,中島村緑ヶ丘5-9-13,,"14,100",
2301-053,2023-01-30,9999,小林,カルプ文字,,200,4,文字,30,,,,シート貼り,,支給,有,3.5,南川市緑ヶ丘6-9-6,,"50,300",税別
2301-054,2023-01-31,1059,小林,アルミ複合板看板,2400,600,3,枚,3,片面,,マット,,,修正,無,,東山町緑ヶ丘3-24-13,現調済,"74,000",
2301-055,2023-01-31,9999,加藤,カルプ文字,,150,15,文字,20,,,,シート貼り,,新規,有,3.5,北原市緑ヶ丘3-15-16,既存撤去・図面支給,"¥134,400",税別
2302-001,2023-02-02,1059,中村,袖看板,600,900,1,台,,両面,,,,なし,支給,有,4,北原市中央8-28,既存撤去,"179,300",税込
2302-002,2023-02-02,1055,加藤,アルミ複合板看板,1800,900,4,枚,3,片面,,なし,,,新規,有,1.5,北原市中央6-23,,"¥183,260",税込
2302-003,2023-02-03,1060,小林,インクジェット出力,841,297,1,枚,,,塩ビシート,マット,,,支給,有,1.5,北原市中央8-6,,"¥30,700",
2302-004,2023-02-03,9999,中村,インクジェット出力,420,297,3,枚,,,ターポリン,マット,,,修正,無,,中島村緑ヶ丘5-29-1,急ぎ・図面支給,"16,390",税込
2302-005,2023-02-04,1032,加藤,インクジェット出力,841,600,1,枚,,,塩ビシート,マット,,,新規,有,1.5,北原市中央8-1,図面支給,"55,700",税別
2302-006,2023-02-05,9999,加藤,袖看板,750,1500,1,台,,片面,,,,なし,支給,有,6,中島村 本町5丁目19番,色見本あり,"209,330",税込
2302-007,2023-02-05,1050,加藤,カルプ文字,,80,5,文字,10,,,,シート貼り,,修正,有,5,南川市（現場：倉庫）,,"78,000",
2302-008,2023-02-06,9999,加藤,カルプ文字,,250,11,文字,10,,,,シート貼り,,支給,有,3.5,西浜町中央4-20,既存撤去,"¥136,730",
2302-009,2023-02-08,1046,中村,アルミ複合板看板,1800,900,3,枚,4,片面,,なし,,,新規,有,4,東山町緑ヶ丘5-2-15,既存撤去,"¥223,850",
2302-010,2023-02-08,9999,加藤,アルミ複合板看板,1800,1200,3,枚,3,両面,,なし,,,支給,有,4,南川市（現場：倉庫）,,"281,380",
2302-011,2023-02-09,1014,中村,インクジェット出力,2700,600,2,枚,,,メッシュ,マット,,,支給,無,,,,"¥21,340",税込
2302-012,2023-02-12,1010,中村,インクジェット出力,594,900,1,枚,,,メッシュ,グロス,,,修正,有,4,東山町（現場：倉庫）,,"¥83,820",
2302-013,2023-02-13,9999,加藤,インクジェット出力,594,900,2,枚,,,塩ビシート,なし,,,新規,有,3.5,北原市緑ヶ丘2-14-1,,"76,230",税込
2302-014,2023-02-13,1037,小林,アルミ複合板看板,2700,1800,1,枚,3,片面,,なし,,,支給,有,3.5,北原市中央5-12,現調済,"91,800",税抜
2302-015,2023-02-13,9999,加藤,インクジェット出力,3600,420,1,枚,,,塩ビシート,なし,,,新規,無,,,,"34,760",税込
2302-016,2023-02-14,1011,中村,アルミ複合板看板,3000,450,1,枚,4,片面,,グロス,,,修正,無,,,図面支給,"33,800",
2302-017,2023-02-15,1058,小林,アルミ複合板看板,3600,300,2,枚,3,片面,,なし,,,修正,無,,,,"¥41,400",税抜
2302-018,2023-02-16,1041,加藤,カルプ文字,,300,9,文字,10,,,,シート貼り,,支給,有,1.5,東山町 本町7丁目5番,夜間作業・既存撤去,"106,000",税抜
2302-019,2023-02-16,1022,中村,袖看板,900,1500,1,台,,片面,,,,なし,修正,有,3,北原市（現場：事務所）,前回同様,"¥128,000",税別
2302-020,2023-02-17,9999,中村,アルミ複合板看板,3000,1800,4,枚,3,片面,,なし,,,支給,有,5,北原市緑ヶ丘7-24-2,,"¥443,080",
2302-021,2023-02-18,1057,山本,アルミ複合板看板,1200,1800,3,枚,3,片面,,グロス,,,修正,無,,,,"103,000",
2302-022,2023-02-18,1041,山本,アルミ複合板看板,1200,600,2,枚,3,片面,,マット,,,修正,無,,,,"¥34,100",税込
2302-023,2023-02-18,9999,山本,アルミ複合板看板,1800,1200,4,枚,3,片面,,なし,,,修正,有,3.5,北原市 本町1丁目17番,,"187,000",税抜
2302-024,2023-02-19,1024,中村,アルミ複合板看板,1200,1200,1,枚,3,片面,,マット,,,修正,無,,,,"28,000",税抜
2302-025,2023-02-19,1039,加藤,インクジェット出力,900,1200,3,枚,,,ターポリン,グロス,,,支給,無,,北原市中央8-1,,"17,820",税込
2302-026,2023-02-19,9999,中村,インクジェット出力,2700,600,1,枚,,,塩ビシート,なし,,,支給,無,,東山町 本町1丁目15番,,"7,100",税抜
2302-027,2023-02-20,9999,山本,インクジェット出力,900,594,1,枚,,,塩ビシート,なし,,,修正,有,2,南川市中央1-14,,"38,000",税抜
2302-025-2,2023-02-21,1039,加藤,インクジェット出力,900,1200,3,枚,,,ターポリン,グロス,,,支給,無,,北原市中央8-1,,"16,200",税別
2302-028,2023-02-22,1042,山本,インクジェット出力,1200,594,1,枚,,,合成紙,なし,,,修正,有,2.5,北原市（現場：店舗）,,"¥34,000",税別
2302-029,2023-02-22,9999,山本,カルプ文字,,250,14,文字,10,,,,塗装,,支給,有,2,中島村 本町4丁目13番,,"146,000",税抜
2302-030,2023-02-23,1004,中村,アルミ複合板看板,1200,1500,4,枚,4,両面,,マット,,,修正,有,2.5,北原市 本町4丁目11番,,"¥301,180",税込
2302-031,2023-02-23,9999,中村,インクジェット出力,900,600,5,枚,,,塩ビシート,グロス,,,支給,有,2,東山町（現場：店舗）,夜間作業・現調済,"¥104,300",税別
2302-032,2023-02-25,1041,加藤,インクジェット出力,594,1200,3,枚,,,塩ビシート,なし,,,支給,無,,,,"8,500",税別
2302-033,2023-02-26,1058,小林,アルミ複合板看板,1200,450,1,枚,3,片面,,なし,,,支給,有,4,南川市（現場：事務所）,,"¥84,920",税込
2302-034,2023-02-27,1047,加藤,アルミ複合板看板,450,600,1,枚,3,片面,,なし,,,修正,無,,南川市 本町4丁目12番,,"11,660",税込
2302-035,2023-02-28,9999,小林,袖看板,900,600,2,台,,両面,,,,なし,修正,有,3,南川市中央6-21,既存撤去,"282,590",税込
2303-001,2023-03-01,1033,加藤,アルミ複合板看板,3000,1200,3,枚,3,片面,,なし,,,支給,無,,,,"¥144,600",税別
2303-002,2023-03-01,1027,中村,アルミ複合板看板,1800,300,1,枚,3,片面,,グロス,,,新規,無,,西浜町中央4-25,,"¥38,940",税込
2303-003,2023-03-01,1014,山本,カルプ文字,,80,11,文字,10,,,,塗装,,修正,有,1.5,北原市 本町6丁目11番,,"¥64,000",税抜
2303-004,2023-03-01,1056,山本,アルミ複合板看板,1800,300,2,枚,3,片面,,グロス,,,新規,無,,,,"49,500",税込
2303-005,2023-03-02,1040,中村,カルプ文字,,300,11,文字,20,,,,塗装,,新規,有,5,南川市中央3-17,既存撤去,"179,500",税抜
2303-006,2023-03-02,1035,加藤,アルミ複合板看板,450,1200,3,枚,4,片面,,なし,,,修正,無,,,,"¥38,000",
2303-007,2023-03-03,1036,小林,カルプ文字,,100,3,文字,20,,,,塗装,,支給,有,2.5,北原市 本町8丁目9番,夜間作業,"47,300",税抜
2303-008,2023-03-03,1038,山本,アルミ複合板看板,900,1200,3,枚,4,片面,,なし,,,支給,無,,,図面支給,"60,500",税込
2303-009,2023-03-03,9999,加藤,アルミ複合板看板,2400,1500,1,枚,4,両面,,グロス,,,支給,無,,北原市（現場：店舗）,急ぎ,"140,400",税抜
2303-010,2023-03-03,1030,山本,アルミ複合板看板,1200,300,3,枚,3,片面,,なし,,,支給,有,1.5,北原市 本町1丁目4番,既存撤去・図面支給,"76,000",税別
2303-011,2023-03-04,1054,小林,袖看板,900,900,1,台,,片面,,,,なし,支給,有,6,東山町 本町3丁目19番,夜間作業,"¥151,000",税別
2303-012,2023-03-04,1053,加藤,アルミ複合板看板,3600,450,1,枚,3,両面,,なし,,,支給,無,,南川市中央4-4,急ぎ,"¥50,000",税別
2303-013,2023-03-05,9999,加藤,カルプ文字,,200,2,文字,30,,,,シート貼り,,支給,有,1.5,北原市中央4-21,,"¥36,740",税込
2303-014,2023-03-05,1038,山本,袖看板,450,900,2,台,,両面,,,,LED内照,支給,有,4,北原市緑ヶ丘5-16-18,,"298,100",税込
2303-015,2023-03-06,1005,中村,アルミ複合板看板,900,900,1,枚,3,片面,,なし,,,新規,有,4,北原市 本町1丁目26番,急ぎ,"¥127,490",税込
2303-016,2023-03-08,1007,小林,袖看板,900,600,1,台,,両面,,,,LED内照,支給,有,5,南川市 本町5丁目9番,現調済,"189,090",
2303-017,2023-03-08,1033,山本,カルプ文字,,50,6,文字,30,,,,塗装,,修正,有,6,北原市 本町8丁目4番,,"¥96,800",税込
2303-018,2023-03-09,1053,小林,アルミ複合板看板,3000,900,1,枚,4,片面,,グロス,,,支給,有,3.5,南川市 本町1丁目11番,,"92,290",税込
2303-019,2023-03-10,1030,山本,カルプ文字,,250,3,文字,10,,,,塗装,,修正,有,3,東山町（現場：店舗）,,"¥56,100",税込
2303-020,2023-03-10,1058,山本,カルプ文字,,100,14,文字,30,,,,塗装,,支給,有,2.5,西浜町（現場：倉庫）,既存撤去,"114,000",税抜
2303-021,2023-03-10,9999,小林,アルミ複合板看板,600,600,1,枚,3,両面,,グロス,,,支給,無,,,,"¥13,750",税込
2303-022,2023-03-11,1054,加藤,カルプ文字,,800,14,文字,20,,,,塗装,,修正,有,1.5,西浜町（現場：倉庫）,,"279,620",
2303-023,2023-03-11,9999,小林,インクジェット出力,3600,1200,3,枚,,,塩ビシート,グロス,,,支給,有,3,東山町 本町6丁目4番,,"132,300",税抜
2303-024,2023-03-11,9999,小林,アルミ複合板看板,1200,1200,1,枚,3,両面,,なし,,,支給,有,4,北原市 本町2丁目21番,前回同様,"117,810",税込
2303-025,2023-03-12,9999,山本,インクジェット出力,594,420,2,枚,,,塩ビシート,なし,,,新規,有,3,西浜町 本町3丁目29番,急ぎ,"¥97,000",税抜
2303-026,2023-03-13,1038,山本,アルミ複合板看板,2400,1200,3,枚,3,両面,,なし,,,修正,有,3,西浜町中央5-11,,"527,000",税別
2303-027,2023-03-13,9999,山本,アルミ複合板看板,2700,1200,1,枚,3,片面,,なし,,,修正,無,,,色見本あり,"¥54,000",税抜
2303-028,2023-03-13,9999,山本,アルミ複合板看板,3000,450,4,枚,4,片面,,なし,,,修正,無,,,,"¥130,900",税込
2303-029,2023-03-14,1055,小林,インクジェット出力,3600,900,1,枚,,,ターポリン,グロス,,,新規,有,5,中島村緑ヶ丘1-28-15,,"131,120",税込
2303-030,2023-03-15,1038,山本,袖看板,900,600,1,台,,両面,,,,なし,修正,有,2,西浜町 本町7丁目8番,夜間作業・色見本あり,"¥166,100",税込
2303-031,2023-03-16,1001,山本,インクジェット出力,3600,297,3,枚,,,塩ビシート,グロス,,,修正,有,3.5,北原市 本町5丁目25番,既存撤去,"¥78,000",
2303-032,2023-03-16,1053,山本,アルミ複合板看板,3600,900,2,枚,3,片面,,グロス,,,修正,無,,北原市中央3-5,,"117,700",税込
2303-033,2023-03-16,9999,山本,アルミ複合板看板,2400,1500,1,枚,4,片面,,なし,,,修正,有,4,南川市緑ヶ丘1-5-8,,"155,100",税込
2303-034,2023-03-17,1004,山本,カルプ文字,,50,10,文字,20,,,,シート貼り,,新規,有,3.5,南川市 本町5丁目6番,,"¥81,000",税別
2303-035,2023-03-18,1053,山本,アルミ複合板看板,3000,1800,2,枚,3,片面,,なし,,,支給,無,,,,"139,000",
2303-036,2023-03-18,1059,小林,カルプ文字,,800,6,文字,10,,,,シート貼り,,新規,有,3,西浜町 本町1丁目10番,,"¥142,800",
2303-037,2023-03-18,1021,中村,カルプ文字,,400,13,文字,10,,,,シート貼り,,支給,有,5,南川市 本町2丁目9番,,"198,990",税込
2303-038,2023-03-19,9999,中村,インクジェット出力,841,600,5,枚,,,ターポリン,グロス,,,修正,有,1.5,東山町中央8-19,,"¥90,300",税抜
2303-039,2023-03-22,1051,加藤,アルミ複合板看板,900,1200,3,枚,3,片面,,マット,,,支給,無,,,,"52,200",税別
2303-040,2023-03-22,9999,中村,インクジェット出力,841,297,3,枚,,,メッシュ,マット,,,修正,有,2,西浜町緑ヶ丘7-11-9,急ぎ,"94,700",税抜
2303-041,2023-03-22,1008,小林,カルプ文字,,400,3,文字,20,,,,塗装,,新規,有,3.5,北原市（現場：事務所）,,"¥77,000",税込
2303-042,2023-03-23,1058,小林,アルミ複合板看板,2700,900,1,枚,3,両面,,なし,,,新規,有,4,北原市中央6-2,急ぎ,"¥171,400",税別
2303-043,2023-03-24,1002,山本,アルミ複合板看板,900,600,1,枚,3,片面,,グロス,,,支給,無,,,,"11,000",税込
2303-044,2023-03-24,1026,小林,カルプ文字,,300,9,文字,30,,,,塗装,,支給,有,3.5,東山町（現場：倉庫）,,"108,680",税込
2303-045,2023-03-24,1036,中村,アルミ複合板看板,2700,600,3,枚,3,片面,,なし,,,新規,有,1.5,北原市 本町5丁目27番,現調済,"145,200",税別
2303-046,2023-03-25,9999,加藤,袖看板,450,1200,1,台,,両面,,,,なし,修正,有,4,中島村中央1-13,,"206,360",税込
2303-047,2023-03-26,9999,中村,インクジェット出力,900,900,1,枚,,,塩ビシート,グロス,,,支給,無,,西浜町中央7-9,,"5,500",
2303-048,2023-03-26,1038,小林,インクジェット出力,1800,1200,5,枚,,,塩ビシート,なし,,,新規,有,3.5,西浜町（現場：店舗）,色見本あり,"157,520",税込
2303-049,2023-03-27,9999,中村,カルプ文字,,800,11,文字,20,,,,シート貼り,,支給,有,3.5,北原市緑ヶ丘5-24-13,急ぎ,"257,400",税込
2303-050,2023-03-28,1053,加藤,インクジェット出力,420,1200,5,枚,,,合成紙,なし,,,新規,無,,,急ぎ,"35,750",税込
2303-051,2023-03-28,9999,小林,アルミ複合板看板,2700,1800,4,枚,4,片面,,なし,,,支給,無,,,,"379,940",税込
2303-052,2023-03-28,1041,加藤,アルミ複合板看板,1800,1500,4,枚,4,片面,,グロス,,,支給,有,1.5,西浜町（現場：店舗）,,"284,460",税込
2303-053,2023-03-29,1017,小林,袖看板,750,900,2,台,,片面,,,,なし,支給,有,4,北原市緑ヶ丘4-12-17,色見本あり,"¥207,000",税抜
2303-054,2023-03-29,1003,山本,アルミ複合板看板,3600,600,3,枚,3,片面,,グロス,,,支給,有,1.5,西浜町緑ヶ丘2-21-11,色見本あり,"163,900",税込
2303-055,2023-03-30,9999,加藤,アルミ複合板看板,3000,300,4,枚,4,片面,,なし,,,支給,無,,北原市 本町2丁目4番,,"¥81,400",税別
2303-056,2023-03-30,1005,山本,カルプ文字,,600,2,文字,10,,,,シート貼り,,支給,有,4,北原市（現場：事務所）,夜間作業,"106,700",
2303-057,2023-03-30,9999,加藤,インクジェット出力,841,594,3,枚,,,塩ビシート,なし,,,支給,有,5,北原市中央3-21,,"¥93,500",税抜
2303-058,2023-03-31,1002,小林,アルミ複合板看板,2700,600,1,枚,3,両面,,グロス,,,新規,無,,,,"70,100",税別
2304-001,2023-04-01,1016,加藤,アルミ複合板看板,3600,900,1,枚,4,両面,,なし,,,修正,無,,,,"109,010",税込
2304-002,2023-04-02,1026,山本,アルミ複合板看板,3000,1200,1,枚,3,両面,,マット,,,修正,有,3.5,北原市 本町8丁目22番,,"¥134,200",
2304-003,2023-04-02,1030,中村,アルミ複合板看板,450,1800,3,枚,3,両面,,グロス,,,支給,無,,,,"76,670",税込
2304-004,2023-04-03,1017,小林,インクジェット出力,2700,297,1,枚,,,合成紙,なし,,,支給,有,6,北原市中央7-21,,"65,000",税抜
2304-005,2023-04-03,1029,中村,インクジェット出力,1200,600,1,枚,,,合成紙,なし,,,新規,有,3,南川市中央5-28,,"¥65,780",税込
2304-006,2023-04-03,1054,中村,アルミ複合板看板,600,300,1,枚,3,片面,,マット,,,修正,無,,東山町中央8-28,急ぎ,"11,550",税込
2304-007,2023-04-04,1005,中村,インクジェット出力,594,1200,1,枚,,,塩ビシート,グロス,,,支給,無,,,,"5,000",税抜
2304-008,2023-04-04,1010,加藤,カルプ文字,,50,3,文字,30,,,,塗装,,修正,有,2,北原市 本町2丁目20番,前回同様,"39,400",税抜
2304-009,2023-04-04,1058,小林,インクジェット出力,594,900,2,枚,,,ターポリン,マット,,,新規,無,,,図面支給,"33,330",
2304-010,2023-04-05,1024,小林,カルプ文字,,150,14,文字,10,,,,シート貼り,,支給,有,1.5,北原市 本町3丁目13番,,"76,000",税別
2304-011,2023-04-06,1037,加藤,アルミ複合板看板,600,1500,1,枚,3,両面,,なし,,,修正,有,4,南川市 本町2丁目18番,既存撤去,"106,400",税抜
2304-012,2023-04-07,1047,山本,インクジェット出力,2700,1200,1,枚,,,合成紙,グロス,,,支給,有,1.5,南川市 本町2丁目16番,前回同様,"49,500",税込
2304-013,2023-04-07,9999,小林,アルミ複合板看板,450,450,1,枚,3,両面,,なし,,,支給,無,,,急ぎ,"12,210",税込
2304-014,2023-04-09,1008,小林,アルミ複合板看板,600,900,4,枚,3,片面,,なし,,,支給,有,5,西浜町中央3-22,,"152,680",税込
2304-015,2023-04-09,1025,加藤,アルミ複合板看板,900,600,2,枚,4,片面,,グロス,,,修正,無,,,,"¥29,400",税抜
2304-016,2023-04-10,1035,山本,インクジェット出力,3600,1200,5,枚,,,合成紙,なし,,,修正,有,6,北原市緑ヶ丘7-9-2,既存撤去,"182,600",税込
2304-017,2023-04-10,1045,山本,カルプ文字,,400,2,文字,10,,,,シート貼り,,修正,有,2,北原市 本町3丁目24番,,"43,000",税別
2304-018,2023-04-10,1024,加藤,カルプ文字,,150,12,文字,10,,,,塗装,,支給,有,4,東山町 本町3丁目22番,急ぎ,"158,400",
2304-019,2023-04-10,1049,中村,カルプ文字,,200,9,文字,10,,,,塗装,,新規,有,5,西浜町中央7-23,夜間作業,"170,500",税込
2304-020,2023-04-11,9999,加藤,アルミ複合板看板,3000,450,1,枚,3,片面,,マット,,,支給,有,5,東山町中央5-20,夜間作業・図面支給,"¥118,300",税抜
2304-021,2023-04-12,1031,加藤,アルミ複合板看板,900,600,2,枚,3,片面,,なし,,,新規,無,,,,"¥47,740",税込
2304-022,2023-04-12,1002,山本,アルミ複合板看板,1800,300,4,枚,3,片面,,マット,,,修正,有,5,北原市（現場：店舗）,,"146,300",税込
2304-023,2023-04-12,1035,加藤,インクジェット出力,420,297,2,枚,,,合成紙,なし,,,支給,有,5,東山町緑ヶ丘6-7-6,,"86,350",税込
2304-024,2023-04-13,9999,加藤,アルミ複合板看板,600,1800,1,枚,3,片面,,なし,,,新規,有,2,南川市（現場：店舗）,,"78,000",税抜
2304-025,2023-04-14,1006,中村,アルミ複合板看板,2400,450,1,枚,4,両面,,グロス,,,支給,有,5,西浜町 本町2丁目21番,,"123,090",税込
2304-026,2023-04-14,1035,山本,インクジェット出力,1800,900,5,枚,,,メッシュ,なし,,,支給,無,,北原市緑ヶ丘2-26-14,,"36,000",税抜
2304-027,2023-04-14,1044,小林,アルミ複合板看板,1800,1500,1,枚,3,両面,,なし,,,支給,無,,,,"66,330",税込
2304-028,2023-04-15,9999,中村,インクジェット出力,900,1200,1,枚,,,合成紙,なし,,,支給,無,,,現調済,"5,500",税込
2304-029,2023-04-15,1041,中村,アルミ複合板看板,1800,1200,1,枚,3,片面,,なし,,,支給,無,,,,"¥28,400",税別
2304-030,2023-04-16,1039,中村,カルプ文字,,100,10,文字,10,,,,シート貼り,,支給,有,2.5,東山町緑ヶ丘1-2-7,,"51,000",税抜
2304-031,2023-04-16,1026,中村,アルミ複合板看板,2700,1800,1,枚,3,片面,,なし,,,新規,無,,,,"¥97,680",税込
2304-032,2023-04-17,1019,山本,アルミ複合板看板,2400,900,3,枚,3,片面,,なし,,,新規,有,4,南川市 本町7丁目4番,,"194,000",
2304-033,2023-04-17,1001,加藤,アルミ複合板看板,900,1500,2,枚,3,両面,,なし,,,新規,有,5,南川市緑ヶ丘3-22-6,,"181,940",税込
2304-034,2023-04-18,9999,山本,カルプ文字,,150,14,文字,20,,,,シート貼り,,支給,有,5,中島村 本町6丁目1番,夜間作業,"178,200",税込
2304-035,2023-04-18,1005,小林,アルミ複合板看板,450,1800,4,枚,4,片面,,なし,,,支給,有,6,南川市中央3-10,,"¥186,340",税込
2304-036,2023-04-18,1020,山本,カルプ文字,,800,15,文字,10,,,,塗装,,支給,有,5,南川市中央1-6,,"¥282,000",税別
2304-037,2023-04-21,1059,小林,アルミ複合板看板,1800,600,1,枚,3,片面,,グロス,,,支給,無,,南川市中央5-12,,"17,400",税別
2304-038,2023-04-21,1002,中村,インクジェット出力,3600,420,1,枚,,,合成紙,マット,,,支給,有,3,北原市（現場：店舗）,,"¥37,400",税込
2304-036-2,2023-04-22,1020,山本,カルプ文字,,800,16,文字,10,,,,塗装,,支給,有,5,南川市中央1-6,,"¥282,000",税別
2304-039,2023-04-22,1043,山本,インクジェット出力,3600,594,2,枚,,,ターポリン,なし,,,支給,有,3.5,西浜町中央6-24,,"71,500",税込
2304-040,2023-04-22,1059,小林,カルプ文字,,600,15,文字,30,,,,塗装,,修正,有,3.5,東山町 本町3丁目20番,前回同様,"270,000",税抜
2304-028-2,2023-04-23,9999,中村,インクジェット出力,900,1200,1,枚,,,合成紙,なし,,,支給,無,,,現調済,"5,000",税別
2304-041,2023-04-23,1056,小林,インクジェット出力,594,900,5,枚,,,ターポリン,グロス,,,修正,有,6,北原市 本町8丁目23番,夜間作業,"141,130",税込
2304-042,2023-04-23,1048,山本,アルミ複合板看板,1200,600,2,枚,4,片面,,グロス,,,支給,有,5,南川市緑ヶ丘6-29-4,夜間作業・既存撤去,"147,400",税込
2304-043,2023-04-23,1053,山本,アルミ複合板看板,450,300,1,枚,3,片面,,なし,,,新規,有,3.5,北原市中央7-22,既存撤去,"75,900",
2304-044,2023-04-24,9999,中村,アルミ複合板看板,1200,1200,4,枚,3,片面,,なし,,,修正,無,,,図面支給,"¥93,000",税抜
2304-045,2023-04-25,1055,山本,インクジェット出力,1800,1200,2,枚,,,合成紙,グロス,,,修正,有,5,南川市中央3-12,急ぎ,"116,000",税抜
2304-046,2023-04-25,1042,小林,アルミ複合板看板,1800,1800,1,枚,3,両面,,なし,,,修正,無,,,,"70,300",
2304-047,2023-04-27,1050,加藤,インクジェット出力,594,1200,1,枚,,,ターポリン,なし,,,修正,無,,,,"7,300",税抜
2304-048,2023-04-27,1035,山本,アルミ複合板看板,2400,1800,1,枚,3,片面,,なし,,,支給,有,4,中島村 本町1丁目19番,,"132,000",税別
2304-049,2023-04-28,9999,山本,袖看板,600,600,2,台,,両面,,,,なし,修正,有,2,南川市 本町4丁目13番,,"¥193,000",
2304-050,2023-04-29,1029,小林,アルミ複合板看板,1800,1200,3,枚,3,片面,,グロス,,,支給,有,3,東山町 本町3丁目28番,,"¥162,140",税込
2304-051,2023-04-29,1035,小林,アルミ複合板看板,600,1200,3,枚,4,両面,,グロス,,,修正,無,,中島村緑ヶ丘6-21-3,,"80,600",税抜
2304-052,2023-04-30,1047,小林,カルプ文字,,50,11,文字,10,,,,シート貼り,,支給,有,3,北原市（現場：事務所）,,"48,600",税抜
2305-001,2023-05-01,1012,中村,カルプ文字,,300,9,文字,10,,,,シート貼り,,新規,有,2.5,東山町（現場：店舗）,,"¥100,000",
2305-002,2023-05-02,9999,加藤,袖看板,900,1500,1,台,,両面,,,,なし,支給,有,6,北原市中央8-25,既存撤去,"209,000",税抜
2305-003,2023-05-02,1010,小林,袖看板,900,1200,1,台,,両面,,,,なし,支給,有,2.5,北原市中央1-28,既存撤去,"155,000",
2305-004,2023-05-04,1043,中村,アルミ複合板看板,1200,600,3,枚,4,片面,,マット,,,新規,有,6,中島村 本町3丁目10番,夜間作業,"¥198,880",
2305-005,2023-05-05,1022,加藤,袖看板,450,600,1,台,,片面,,,,LED内照,新規,有,1.5,北原市 本町6丁目5番,色見本あり,"133,000",税抜
2305-006,2023-05-05,1056,山本,カルプ文字,,200,8,文字,20,,,,シート貼り,,支給,有,1.5,北原市（現場：事務所）,,"61,600",税込
2304-045-2,2023-05-06,1055,山本,インクジェット出力,1800,1200,3,枚,,,合成紙,グロス,,,修正,有,5,南川市中央3-12,急ぎ,"116,000",税抜
2305-007,2023-05-06,1008,山本,アルミ複合板看板,3000,450,2,枚,3,片面,,マット,,,支給,有,1.5,東山町中央2-21,既存撤去,"102,000",税抜
2305-008,2023-05-06,1041,加藤,カルプ文字,,300,5,文字,10,,,,塗装,,支給,有,4,南川市中央8-12,既存撤去・前回同様,"¥107,000",税抜
2305-009,2023-05-06,1028,中村,インクジェット出力,420,1200,5,枚,,,合成紙,なし,,,支給,無,,,急ぎ,"7,100",
2305-010,2023-05-07,1049,加藤,袖看板,750,1200,1,台,,片面,,,,なし,修正,有,2,北原市 本町5丁目12番,夜間作業,"116,000",税別
2305-011,2023-05-07,9999,山本,アルミ複合板看板,450,600,1,枚,3,片面,,グロス,,,支給,有,1.5,北原市中央2-2,急ぎ・前回同様,"49,500",
2305-012,2023-05-08,1016,小林,アルミ複合板看板,3600,1200,1,枚,3,片面,,マット,,,修正,有,2,中島村中央1-20,夜間作業・現調済,"142,560",税込
2305-013,2023-05-08,1031,中村,アルミ複合板看板,1800,900,1,枚,3,片面,,グロス,,,支給,無,,,,"25,800",税抜
2305-014,2023-05-11,1059,小林,インクジェット出力,841,594,2,枚,,,ターポリン,グロス,,,支給,無,,,急ぎ・図面支給,"5,400",税別
2305-015,2023-05-11,9999,加藤,アルミ複合板看板,3000,1500,1,枚,3,両面,,なし,,,新規,有,3,中島村緑ヶ丘2-22-5,,"203,170",税込
2305-016,2023-05-14,1003,小林,インクジェット出力,2700,900,1,枚,,,メッシュ,なし,,,修正,有,4,北原市（現場：倉庫）,,"¥78,650",税込
2305-017,2023-05-14,1010,山本,アルミ複合板看板,450,1500,2,枚,3,片面,,なし,,,修正,無,,,,"¥25,000",税抜
2305-018,2023-05-14,1012,加藤,アルミ複合板看板,2400,1200,2,枚,4,両面,,マット,,,修正,無,,,,"185,350",税込
2305-019,2023-05-16,9999,小林,カルプ文字,,80,5,文字,20,,,,塗装,,新規,有,6,北原市緑ヶ丘3-26-5,急ぎ,"¥124,600",
2305-020,2023-05-16,1047,小林,インクジェット出力,420,594,2,枚,,,合成紙,なし,,,支給,無,,,,"¥5,500",税込
2305-021,2023-05-16,1047,山本,アルミ複合板看板,3600,1500,1,枚,3,両面,,なし,,,支給,無,,北原市中央7-18,,"121,000",税別
2305-022,2023-05-17,1008,中村,アルミ複合板看板,900,450,1,枚,3,両面,,マット,,,修正,有,4,北原市中央2-13,,"89,980",税込
2305-023,2023-05-17,1034,山本,カルプ文字,,50,12,文字,20,,,,シート貼り,,修正,有,6,北原市（現場：事務所）,既存撤去,"109,000",税別
2305-024,2023-05-17,1013,中村,アルミ複合板看板,1800,900,1,枚,3,片面,,なし,,,支給,無,,西浜町（現場：倉庫）,,"24,640",税込
2305-025,2023-05-19,9999,山本,アルミ複合板看板,3600,600,2,枚,3,両面,,マット,,,修正,無,,北原市 本町2丁目1番,,"130,000",
2305-026,2023-05-19,1029,山本,インクジェット出力,3600,1200,3,枚,,,塩ビシート,なし,,,支給,有,4,北原市 本町2丁目20番,,"¥143,000",税込
2305-027,2023-05-19,1053,山本,アルミ複合板看板,1200,300,3,枚,3,片面,,マット,,,修正,有,4,北原市中央6-12,,"106,000",税抜
2305-028,2023-05-20,9999,中村,インクジェット出力,594,900,2,枚,,,合成紙,なし,,,支給,無,,,急ぎ,"5,000",税別
2305-029,2023-05-20,9999,山本,インクジェット出力,841,1200,2,枚,,,ターポリン,グロス,,,支給,無,,北原市 本町5丁目12番,,"12,100",
2305-030,2023-05-20,1026,中村,アルミ複合板看板,450,1200,4,枚,3,片面,,グロス,,,支給,無,,,,"41,600",税別
2305-031,2023-05-20,1027,中村,カルプ文字,,300,8,文字,20,,,,塗装,,支給,有,3,南川市 本町8丁目18番,,"93,500",税込
2305-032,2023-05-21,9999,山本,インクジェット出力,420,1200,1,枚,,,ターポリン,グロス,,,修正,無,,南川市中央7-9,,"7,000",税別
2305-033,2023-05-21,1012,小林,袖看板,450,1200,2,台,,両面,,,,なし,修正,有,2,南川市中央3-15,既存撤去,"222,500",税抜
2305-034,2023-05-22,1006,小林,インクジェット出力,420,420,1,枚,,,合成紙,グロス,,,支給,無,,,,"5,000",税別
2305-035,2023-05-23,9999,加藤,アルミ複合板看板,450,600,2,枚,4,片面,,グロス,,,新規,無,,,図面支給,"40,600",税抜
2305-036,2023-05-23,1046,加藤,アルミ複合板看板,2700,1800,1,枚,3,両面,,グロス,,,支給,無,,,,"120,600",
2305-037,2023-05-23,9999,山本,インクジェット出力,594,1200,2,枚,,,塩ビシート,なし,,,修正,無,,東山町（現場：倉庫）,,"12,100",税込
2305-038,2023-05-23,1018,山本,カルプ文字,,100,7,文字,20,,,,シート貼り,,支給,有,2.5,北原市中央8-10,,"45,100",
2305-039,2023-05-24,1009,加藤,袖看板,900,900,1,台,,両面,,,,なし,支給,有,2.5,北原市緑ヶ丘1-9-7,急ぎ,"139,200",
2305-040,2023-05-26,9999,中村,アルミ複合板看板,2400,600,3,枚,4,片面,,なし,,,支給,有,6,北原市中央8-10,色見本あり,"184,470",税込
2305-041,2023-05-26,9999,中村,アルミ複合板看板,2400,300,1,枚,4,片面,,グロス,,,新規,無,,,,"¥42,100",税別
2305-042,2023-05-27,1010,山本,袖看板,750,900,1,台,,両面,,,,なし,支給,有,3,南川市中央4-27,急ぎ,"159,500",税込
2305-043,2023-05-27,9999,山本,インクジェット出力,594,297,2,枚,,,メッシュ,なし,,,修正,有,2.5,東山町 本町8丁目19番,色見本あり,"55,000",税別
2305-044,2023-05-27,1029,中村,インクジェット出力,1200,420,1,枚,,,合成紙,なし,,,支給,無,,,,"¥5,000",
2305-045,2023-05-28,9999,小林,インクジェット出力,1200,420,3,枚,,,合成紙,なし,,,支給,有,3,北原市 本町4丁目2番,,"52,500",税別
2305-046,2023-05-28,1005,小林,袖看板,450,1200,1,台,,両面,,,,なし,新規,有,2,北原市 本町7丁目10番,夜間作業,"¥171,600",
2305-047,2023-05-28,1011,小林,カルプ文字,,80,13,文字,10,,,,シート貼り,,新規,有,3,東山町中央6-14,,"92,180",
2305-048,2023-05-28,1044,山本,インクジェット出力,900,420,5,枚,,,合成紙,グロス,,,修正,有,3,西浜町 本町5丁目21番,,"99,000",税込
2305-049,2023-05-29,1004,加藤,アルミ複合板看板,3600,1200,3,枚,3,片面,,なし,,,支給,無,,北原市中央3-10,,"190,740",税込
2305-050,2023-05-29,1024,中村,アルミ複合板看板,900,1200,3,枚,4,両面,,マット,,,支給,無,,東山町 本町7丁目21番,,"¥100,000",税抜
2305-051,2023-05-29,1043,小林,インクジェット出力,1200,297,1,枚,,,ターポリン,なし,,,支給,無,,南川市中央6-24,,"5,500",税込
2305-052,2023-05-29,1012,小林,カルプ文字,,500,7,文字,10,,,,シート貼り,,支給,有,1.5,北原市 本町5丁目25番,色見本あり,"79,970",税込
2305-053,2023-05-29,1004,加藤,インクジェット出力,594,900,1,枚,,,塩ビシート,グロス,,,支給,無,,北原市中央7-16,,"5,500",
2305-054,2023-05-30,1021,中村,アルミ複合板看板,2700,300,3,枚,4,片面,,グロス,,,新規,有,6,南川市緑ヶ丘7-9-14,,"¥186,890",税込
2305-055,2023-05-30,1031,小林,アルミ複合板看板,900,1500,3,枚,3,両面,,なし,,,支給,有,3.5,南川市（現場：倉庫）,,"¥160,270",税込
2305-056,2023-05-31,9999,小林,カルプ文字,,80,10,文字,10,,,,シート貼り,,支給,有,2.5,西浜町 本町8丁目18番,夜間作業,"91,960",
2305-057,2023-05-31,1023,小林,アルミ複合板看板,900,600,1,枚,3,片面,,マット,,,支給,有,3,北原市中央6-26,既存撤去,"50,400",税抜
2305-058,2023-05-31,1007,加藤,アルミ複合板看板,900,900,1,枚,3,両面,,なし,,,支給,無,,,色見本あり,"19,200",税抜
2306-001,2023-06-02,1034,山本,袖看板,750,900,1,台,,両面,,,,なし,新規,有,2,中島村（現場：店舗）,,"156,000",税別
2306-002,2023-06-02,1005,小林,カルプ文字,,100,13,文字,20,,,,塗装,,支給,有,2.5,北原市（現場：倉庫）,,"73,300",税抜
2306-003,2023-06-03,1058,小林,インクジェット出力,2700,420,1,枚,,,メッシュ,グロス,,,修正,有,1.5,西浜町緑ヶ丘3-25-11,既存撤去,"73,480",税込
2306-004,2023-06-03,9999,小林,アルミ複合板看板,1800,1800,1,枚,4,両面,,グロス,,,修正,無,,北原市 本町8丁目11番,,"123,640",税込
2306-005,2023-06-04,9999,加藤,アルミ複合板看板,600,1800,1,枚,3,両面,,なし,,,新規,無,,,,"¥53,300",税別
2306-006,2023-06-05,1043,加藤,カルプ文字,,500,7,文字,20,,,,塗装,,支給,有,5,南川市中央7-22,既存撤去,"147,600",税別
2306-007,2023-06-05,1017,加藤,カルプ文字,,150,6,文字,20,,,,シート貼り,,支給,有,1.5,東山町 本町2丁目20番,,"46,800",
2306-008,2023-06-05,1023,加藤,インクジェット出力,1800,600,5,枚,,,メッシュ,なし,,,支給,無,,,,"24,300",
2306-009,2023-06-05,1036,小林,カルプ文字,,50,8,文字,20,,,,シート貼り,,修正,有,3,北原市（現場：倉庫）,前回同様,"49,800",税別
2306-010,2023-06-05,1052,小林,カルプ文字,,200,3,文字,10,,,,シート貼り,,支給,有,3,西浜町中央1-21,,"51,700",
2306-011,2023-06-06,1006,加藤,インクジェット出力,1800,594,1,枚,,,合成紙,マット,,,支給,有,3.5,北原市中央7-3,既存撤去・図面支給,"¥44,200",税抜
2306-012,2023-06-06,1031,小林,カルプ文字,,500,14,文字,20,,,,塗装,,支給,有,1.5,西浜町緑ヶ丘6-24-10,,"203,390",税込
2306-013,2023-06-08,1016,小林,カルプ文字,,150,9,文字,30,,,,塗装,,支給,有,4,北原市中央7-15,,"121,880",税込
2306-014,2023-06-08,1003,中村,カルプ文字,,500,2,文字,20,,,,シート貼り,,新規,有,2.5,西浜町 本町8丁目13番,,"74,100",
2306-015,2023-06-08,9999,小林,カルプ文字,,150,6,文字,20,,,,シート貼り,,支給,有,1.5,北原市 本町8丁目27番,,"56,870",税込
2306-016,2023-06-08,1032,山本,カルプ文字,,500,15,文字,20,,,,塗装,,修正,有,3,北原市（現場：事務所）,,"¥187,000",税別
2306-017,2023-06-09,1021,中村,アルミ複合板看板,1800,1800,3,枚,3,片面,,グロス,,,支給,有,3.5,南川市中央3-10,急ぎ・色見本あり,"255,530",税込
2306-018,2023-06-10,1059,小林,袖看板,600,1500,1,台,,両面,,,,LED内照,支給,有,5,北原市 本町6丁目10番,急ぎ,"¥223,200",
2306-019,2023-06-11,9999,加藤,インクジェット出力,1800,297,1,枚,,,塩ビシート,グロス,,,修正,無,,中島村 本町7丁目15番,,"8,200",
2306-020,2023-06-11,1045,加藤,カルプ文字,,400,5,文字,10,,,,塗装,,支給,有,5,北原市 本町7丁目23番,,"117,150",税込
2306-021,2023-06-11,1031,中村,袖看板,600,1200,1,台,,両面,,,,なし,支給,有,2,東山町中央1-28,,"¥133,100",
2306-022,2023-06-11,1054,山本,袖看板,600,1200,1,台,,片面,,,,なし,修正,有,1.5,西浜町中央6-27,前回同様,"¥116,000",税抜
2306-023,2023-06-12,9999,中村,インクジェット出力,900,420,1,枚,,,ターポリン,なし,,,修正,有,1.5,北原市中央2-21,現調済,"37,700",税抜
2306-024,2023-06-14,1053,中村,アルミ複合板看板,2700,300,3,枚,3,両面,,マット,,,支給,無,,北原市（現場：事務所）,,"78,700",税抜
2306-025,2023-06-15,1051,山本,カルプ文字,,80,6,文字,20,,,,塗装,,修正,有,4,中島村緑ヶ丘2-3-10,現調済,"108,900",税込
2306-026,2023-06-15,1030,小林,インクジェット出力,594,900,1,枚,,,メッシュ,なし,,,新規,有,2.5,北原市 本町4丁目6番,,"60,940",
2306-027,2023-06-17,1040,小林,アルミ複合板看板,2400,450,2,枚,3,片面,,なし,,,支給,有,3.5,北原市 本町5丁目2番,,"¥73,040",税込
2306-028,2023-06-17,1036,加藤,インクジェット出力,594,420,1,枚,,,メッシュ,なし,,,支給,無,,南川市中央5-1,,"5,500",税込
2306-029,2023-06-17,9999,山本,インクジェット出力,3600,420,1,枚,,,メッシュ,なし,,,支給,無,,,,"7,000",税別
2306-030,2023-06-18,9999,小林,インクジェット出力,420,594,1,枚,,,塩ビシート,なし,,,新規,有,4,東山町 本町2丁目9番,,"112,200",
2306-031,2023-06-18,1041,山本,インクジェット出力,420,594,3,枚,,,メッシュ,なし,,,支給,無,,,,"¥6,000",税抜
2306-032,2023-06-19,9999,加藤,アルミ複合板看板,450,1500,2,枚,3,片面,,グロス,,,支給,有,3,北原市 本町5丁目17番,夜間作業,"82,000",税抜
2306-033,2023-06-19,1018,山本,アルミ複合板看板,2400,300,3,枚,3,片面,,なし,,,支給,有,5,北原市（現場：事務所）,既存撤去,"125,000",税抜
2306-034,2023-06-20,1031,中村,カルプ文字,,80,7,文字,20,,,,シート貼り,,修正,有,1.5,北原市 本町5丁目12番,,"46,700",
2306-035,2023-06-21,1050,山本,アルミ複合板看板,1200,1500,4,枚,3,片面,,なし,,,修正,無,,,現調済,"¥99,000",税別
2306-036,2023-06-21,1007,中村,アルミ複合板看板,1800,1800,4,枚,3,片面,,グロス,,,支給,有,2.5,北原市緑ヶ丘1-11-15,,"242,330",税込
2306-037,2023-06-23,1035,小林,インクジェット出力,594,594,1,枚,,,ターポリン,なし,,,修正,有,2.5,北原市（現場：事務所）,前回同様,"38,170",税込
2306-038,2023-06-23,1052,加藤,カルプ文字,,80,13,文字,20,,,,シート貼り,,修正,有,3,西浜町緑ヶ丘3-17-18,夜間作業,"104,830",税込
2306-039,2023-06-24,9999,小林,インクジェット出力,420,1200,3,枚,,,メッシュ,マット,,,支給,無,,,,"10,890",税込
2306-040,2023-06-24,1019,中村,インクジェット出力,900,1200,1,枚,,,メッシュ,グロス,,,修正,無,,南川市中央8-29,前回同様,"12,540",税込
2306-041,2023-06-25,9999,加藤,インクジェット出力,900,600,2,枚,,,塩ビシート,マット,,,支給,無,,北原市緑ヶ丘2-11-16,,"6,500",税別
2306-042,2023-06-25,1055,山本,アルミ複合板看板,450,1200,1,枚,4,片面,,なし,,,修正,有,2.5,北原市中央4-19,,"¥48,400",税込
2306-043,2023-06-26,1022,山本,インクジェット出力,420,1200,2,枚,,,メッシュ,なし,,,修正,有,3.5,東山町緑ヶ丘5-26-7,,"50,000",税別
2306-044,2023-06-26,9999,小林,アルミ複合板看板,3000,1200,4,枚,4,両面,,なし,,,修正,有,6,北原市中央6-15,現調済,"605,330",税込
2306-045,2023-06-26,1054,中村,アルミ複合板看板,900,600,1,枚,3,片面,,なし,,,支給,有,5,西浜町緑ヶ丘2-4-10,現調済,"¥95,920",税込
2306-046,2023-06-26,1025,中村,アルミ複合板看板,3000,300,1,枚,3,両面,,なし,,,新規,無,,西浜町（現場：事務所）,,"54,340",税込
2306-047,2023-06-27,1046,中村,カルプ文字,,100,14,文字,20,,,,シート貼り,,支給,有,6,東山町緑ヶ丘7-28-6,,"113,740",税込
2306-048,2023-06-27,9999,小林,カルプ文字,,500,8,文字,20,,,,シート貼り,,修正,有,6,東山町中央6-27,現調済,"172,920",税込
2306-049,2023-06-28,9999,山本,カルプ文字,,250,11,文字,30,,,,塗装,,修正,有,5,西浜町（現場：店舗）,,"181,000",税抜
2306-050,2023-06-28,1010,加藤,袖看板,450,1200,1,台,,両面,,,,LED内照,新規,有,5,東山町 本町6丁目24番,,"216,000",税別
2306-051,2023-06-28,9999,山本,アルミ複合板看板,3600,450,1,枚,4,片面,,グロス,,,修正,無,,,,"¥42,000",
2306-052,2023-06-29,1013,中村,インクジェット出力,1200,1200,2,枚,,,メッシュ,グロス,,,修正,無,,,,"22,200",税抜
2306-053,2023-06-30,1010,加藤,インクジェット出力,841,420,2,枚,,,合成紙,なし,,,支給,無,,,,"5,000",
2306-054,2023-06-30,1040,中村,アルミ複合板看板,600,1500,1,枚,3,片面,,なし,,,修正,有,5,中島村緑ヶ丘5-18-12,既存撤去・図面支給,"97,500",税別
2306-055,2023-06-30,1019,小林,アルミ複合板看板,3600,1500,2,枚,3,片面,,グロス,,,修正,有,2,西浜町（現場：店舗）,,"217,200",
2307-001,2023-07-01,9999,小林,インクジェット出力,420,900,2,枚,,,メッシュ,なし,,,支給,無,,,図面支給,"5,000",税別
2307-002,2023-07-01,1053,加藤,インクジェット出力,841,594,1,枚,,,合成紙,なし,,,支給,無,,,,"5,500",税込
2307-003,2023-07-02,9999,小林,袖看板,750,900,1,台,,両面,,,,なし,新規,有,4,北原市中央7-20,,"191,100",税抜
2307-004,2023-07-02,1045,山本,袖看板,750,1500,1,台,,両面,,,,LED内照,修正,有,2.5,北原市中央1-9,,"¥201,300",
2307-005,2023-07-03,1037,中村,インクジェット出力,3600,900,2,枚,,,塩ビシート,なし,,,新規,無,,北原市中央2-15,,"55,990",
2307-006,2023-07-03,1038,中村,カルプ文字,,50,7,文字,10,,,,シート貼り,,支給,有,2,南川市中央1-3,夜間作業・急ぎ,"76,780",税込
2307-007,2023-07-03,1007,小林,アルミ複合板看板,1200,1500,1,枚,3,片面,,なし,,,支給,有,3.5,北原市（現場：倉庫）,,"46,400",税別
2307-008,2023-07-03,1054,山本,アルミ複合板看板,2700,1200,1,枚,3,両面,,なし,,,支給,有,1.5,北原市 本町7丁目3番,色見本あり,"114,400",税込
2306-053-2,2023-07-04,1010,加藤,インクジェット出力,841,420,2,枚,,,合成紙,なし,,,支給,無,,,,"5,000",税別
2307-009,2023-07-04,1046,加藤,カルプ文字,,800,5,文字,30,,,,シート貼り,,支給,有,5,北原市中央3-24,,"130,000",
2307-010,2023-07-05,1056,山本,インクジェット出力,900,420,1,枚,,,ターポリン,なし,,,修正,有,3,北原市中央5-7,色見本あり,"37,400",税込
2307-011,2023-07-05,1033,加藤,インクジェット出力,841,594,2,枚,,,ターポリン,グロス,,,修正,無,,,現調済,"¥10,000",税抜
2307-012,2023-07-05,1049,中村,アルミ複合板看板,3000,1500,1,枚,4,片面,,なし,,,修正,無,,,色見本あり,"77,500",税抜
2307-013,2023-07-07,1044,小林,カルプ文字,,200,11,文字,20,,,,塗装,,支給,有,1.5,南川市緑ヶ丘5-5-14,急ぎ,"100,000",税抜
2307-014,2023-07-07,1056,中村,インクジェット出力,2700,900,5,枚,,,塩ビシート,なし,,,新規,有,3,北原市 本町3丁目26番,,"146,960",
2307-015,2023-07-08,1005,小林,アルミ複合板看板,2400,600,1,枚,3,両面,,なし,,,支給,無,,,急ぎ・現調済,"41,200",税抜
2307-016,2023-07-08,1034,加藤,アルミ複合板看板,1800,1800,1,枚,3,片面,,なし,,,支給,無,,南川市 本町7丁目18番,,"41,600",税別
2307-017,2023-07-08,1014,加藤,アルミ複合板看板,450,450,1,枚,4,片面,,グロス,,,支給,無,,北原市中央7-13,急ぎ,"8,500",
2307-018,2023-07-11,9999,山本,アルミ複合板看板,900,1200,1,枚,3,片面,,なし,,,修正,有,2,北原市（現場：倉庫）,,"57,200",税込
2307-019,2023-07-12,1004,中村,アルミ複合板看板,1800,1200,1,枚,3,片面,,なし,,,修正,無,,,,"36,740",税込
2307-020,2023-07-12,1038,山本,カルプ文字,,80,11,文字,20,,,,塗装,,支給,有,5,中島村中央6-18,,"115,000",税別
2307-021,2023-07-12,1036,山本,カルプ文字,,500,15,文字,10,,,,塗装,,支給,有,2,北原市中央3-2,急ぎ,"209,000",税抜
2307-022,2023-07-12,1023,山本,インクジェット出力,841,420,3,枚,,,ターポリン,なし,,,新規,無,,,図面支給,"30,000",
2307-023,2023-07-13,9999,中村,インクジェット出力,594,594,3,枚,,,メッシュ,なし,,,新規,無,,南川市中央5-26,,"¥32,400",税別
2307-024,2023-07-14,1013,中村,アルミ複合板看板,1800,1800,2,枚,3,片面,,なし,,,新規,無,,,,"¥108,200",税別
2307-025,2023-07-14,1045,山本,インクジェット出力,1200,600,1,枚,,,合成紙,なし,,,支給,無,,,,"5,000",
2307-015-2,2023-07-15,1005,小林,アルミ複合板看板,2400,600,2,枚,3,両面,,なし,,,支給,無,,,急ぎ・現調済,"41,200",税抜
2307-026,2023-07-15,9999,中村,カルプ文字,,150,13,文字,20,,,,シート貼り,,修正,有,5,東山町 本町8丁目25番,,"135,300",税別
2307-027,2023-07-15,9999,小林,インクジェット出力,1200,420,1,枚,,,塩ビシート,なし,,,修正,有,4,北原市中央7-15,夜間作業,"¥93,000",税別
2307-028,2023-07-15,9999,加藤,アルミ複合板看板,450,450,3,枚,3,両面,,なし,,,支給,有,2.5,南川市緑ヶ丘6-2-6,,"89,980",税込
2307-029,2023-07-16,9999,中村,インクジェット出力,594,900,2,枚,,,メッシュ,なし,,,修正,無,,,,"11,220",税込
2307-030,2023-07-19,1017,山本,アルミ複合板看板,2700,900,1,枚,3,片面,,なし,,,修正,無,,,,"44,000",
2307-031,2023-07-20,1008,小林,アルミ複合板看板,1800,600,1,枚,3,片面,,マット,,,新規,有,5,東山町中央5-25,,"110,400",
2307-032,2023-07-20,1029,小林,アルミ複合板看板,450,1800,1,枚,4,片面,,マット,,,支給,有,3.5,南川市中央5-24,,"55,330",税込
2307-033,2023-07-20,1031,中村,アルミ複合板看板,2400,1500,1,枚,4,片面,,なし,,,新規,無,,東山町 本町3丁目10番,,"89,100",税込
2307-034,2023-07-22,9999,山本,インクジェット出力,594,420,1,枚,,,合成紙,なし,,,支給,無,,,,"5,000",税別
2307-035,2023-07-22,1045,加藤,カルプ文字,,100,14,文字,10,,,,シート貼り,,修正,有,6,北原市 本町2丁目18番,急ぎ,"114,600",税抜
2307-036,2023-07-22,1032,小林,カルプ文字,,80,4,文字,20,,,,シート貼り,,新規,有,5,西浜町緑ヶ丘6-19-8,前回同様,"118,140",税込
2307-037,2023-07-22,1021,中村,カルプ文字,,400,3,文字,10,,,,シート貼り,,新規,有,4,南川市 本町7丁目6番,,"¥112,900",税別
2307-038,2023-07-23,1025,小林,インクジェット出力,900,900,1,枚,,,メッシュ,マット,,,支給,無,,北原市（現場：倉庫）,,"5,500",税込
2307-039,2023-07-24,1020,小林,インクジェット出力,1200,900,5,枚,,,メッシュ,なし,,,支給,有,6,南川市中央3-28,,"¥124,300",
2307-040,2023-07-24,1053,山本,カルプ文字,,50,14,文字,10,,,,シート貼り,,支給,有,2,西浜町中央5-9,色見本あり,"¥71,000",
2307-041,2023-07-24,1020,中村,インクジェット出力,2700,594,5,枚,,,塩ビシート,マット,,,修正,有,3.5,北原市中央4-24,,"109,100",税抜
2307-042,2023-07-25,1041,山本,アルミ複合板看板,3000,450,4,枚,3,片面,,なし,,,支給,無,,北原市 本町8丁目15番,,"¥95,700",
2307-043,2023-07-25,9999,小林,袖看板,900,1200,2,台,,片面,,,,なし,修正,有,2,北原市 本町8丁目24番,,"278,960",税込
2307-044,2023-07-26,1009,加藤,インクジェット出力,594,297,1,枚,,,合成紙,なし,,,支給,無,,北原市 本町5丁目16番,,"¥5,000",税別
2307-045,2023-07-27,1045,加藤,カルプ文字,,150,8,文字,10,,,,塗装,,支給,有,5,北原市 本町5丁目7番,図面支給,"104,500",税込
2307-046,2023-07-27,9999,中村,インクジェット出力,420,594,3,枚,,,合成紙,グロス,,,新規,無,,,,"34,760",
2307-047,2023-07-28,1058,山本,アルミ複合板看板,1200,300,1,枚,4,両面,,グロス,,,修正,無,,,,"19,800",
2308-001,2023-08-01,9999,加藤,カルプ文字,,50,10,文字,10,,,,塗装,,支給,有,3.5,東山町緑ヶ丘7-2-10,急ぎ,"88,550",税込
2308-002,2023-08-02,9999,加藤,カルプ文字,,500,3,文字,20,,,,シート貼り,,支給,有,2,中島村 本町3丁目1番,現調済,"70,800",税抜
2308-003,2023-08-02,1010,山本,カルプ文字,,400,7,文字,10,,,,塗装,,支給,有,6,南川市緑ヶ丘1-23-6,,"145,200",税込
2308-004,2023-08-03,9999,小林,カルプ文字,,400,3,文字,10,,,,塗装,,支給,有,5,東山町（現場：店舗）,既存撤去・急ぎ,"149,380",税込
2308-005,2023-08-03,1049,中村,インクジェット出力,594,420,1,枚,,,合成紙,グロス,,,支給,無,,,,"5,500",税込
2308-006,2023-08-05,9999,中村,カルプ文字,,80,14,文字,20,,,,シート貼り,,修正,有,1.5,東山町 本町3丁目28番,,"88,220",税込
2308-007,2023-08-06,1045,山本,カルプ文字,,250,2,文字,20,,,,シート貼り,,修正,有,1.5,北原市中央3-11,前回同様,"¥41,800",税込
2308-008,2023-08-07,1028,加藤,アルミ複合板看板,900,1200,1,枚,3,片面,,グロス,,,支給,無,,,,"17,400",税抜
2308-009,2023-08-07,9999,加藤,袖看板,600,1500,1,台,,両面,,,,なし,支給,有,2.5,北原市 本町8丁目1番,現調済,"¥127,600",
2308-010,2023-08-07,1055,加藤,インクジェット出力,841,594,1,枚,,,メッシュ,マット,,,支給,無,,,,"¥5,500",税込
2308-011,2023-08-07,1010,中村,アルミ複合板看板,1200,1500,1,枚,3,片面,,なし,,,支給,無,,,,"¥25,960",税込
2308-012,2023-08-08,9999,山本,袖看板,450,900,1,台,,両面,,,,LED内照,新規,有,2,北原市中央7-11,急ぎ・前回同様,"212,300",税込
2308-013,2023-08-08,9999,小林,インクジェット出力,594,1200,1,枚,,,ターポリン,なし,,,新規,無,,,急ぎ,"28,200",税別
2308-014,2023-08-08,1037,山本,カルプ文字,,200,2,文字,10,,,,シート貼り,,支給,有,2,南川市緑ヶ丘5-14-12,,"36,300",
2308-015,2023-08-10,1036,中村,アルミ複合板看板,3600,300,4,枚,3,片面,,なし,,,支給,有,1.5,北原市（現場：事務所）,前回同様,"¥124,800",税別
2308-016,2023-08-11,1014,中村,インクジェット出力,420,420,3,枚,,,塩ビシート,なし,,,支給,有,1.5,東山町中央6-29,夜間作業,"77,000",税込
2308-017,2023-08-12,1012,加藤,袖看板,750,1200,1,台,,両面,,,,LED内照,支給,有,2.5,北原市緑ヶ丘6-15-17,,"157,740",税込
2308-018,2023-08-12,9999,中村,アルミ複合板看板,3600,1200,1,枚,3,片面,,グロス,,,修正,有,5,北原市 本町7丁目2番,色見本あり,"¥145,970",
2308-019,2023-08-12,1022,小林,カルプ文字,,200,3,文字,30,,,,シート貼り,,支給,有,3.5,北原市（現場：事務所）,,"35,600",税抜
2308-020,2023-08-12,9999,小林,インクジェット出力,594,600,1,枚,,,塩ビシート,グロス,,,支給,無,,中島村中央2-1,急ぎ,"5,500",税込
2308-021,2023-08-13,9999,加藤,カルプ文字,,100,3,文字,10,,,,シート貼り,,修正,有,1.5,東山町中央8-7,夜間作業・既存撤去・色見本あり,"¥70,700",
2308-022,2023-08-15,9999,小林,袖看板,900,1200,2,台,,両面,,,,なし,支給,有,6,北原市緑ヶ丘5-19-11,,"331,100",税抜
2308-023,2023-08-15,9999,山本,アルミ複合板看板,2400,450,3,枚,4,片面,,なし,,,新規,有,6,北原市中央3-4,夜間作業・現調済,"189,000",税抜
2308-024,2023-08-15,1032,中村,袖看板,600,900,1,台,,両面,,,,なし,支給,有,3,北原市 本町7丁目17番,,"127,600",税込
2308-025,2023-08-16,9999,中村,袖看板,600,1500,1,台,,両面,,,,なし,修正,有,3,東山町中央2-11,,"¥151,910",税込
2308-026,2023-08-16,9999,加藤,インクジェット出力,3600,1200,1,枚,,,ターポリン,マット,,,新規,無,,,前回同様,"48,700",税抜
2308-027,2023-08-16,1001,小林,アルミ複合板看板,3600,1800,1,枚,4,片面,,なし,,,支給,無,,,色見本あり,"112,750",税込
2308-028,2023-08-17,1019,加藤,アルミ複合板看板,450,1200,2,枚,4,片面,,なし,,,修正,有,5,中島村 本町6丁目29番,夜間作業,"140,800",税込
2308-029,2023-08-18,1012,小林,インクジェット出力,841,594,1,枚,,,ターポリン,なし,,,支給,無,,,,"5,500",税込
2308-030,2023-08-18,1025,山本,アルミ複合板看板,450,450,1,枚,4,片面,,なし,,,支給,有,3.5,南川市中央1-8,既存撤去・現調済,"51,000",税抜
2308-031,2023-08-20,1016,中村,アルミ複合板看板,3600,900,1,枚,4,片面,,マット,,,支給,無,,,,"61,100",
2308-032,2023-08-20,1033,小林,インクジェット出力,3600,900,1,枚,,,合成紙,なし,,,支給,有,3,北原市中央4-29,夜間作業,"51,100",税抜
2308-020-2,2023-08-22,9999,小林,インクジェット出力,594,600,1,枚,,,塩ビシート,グロス,,,支給,無,,中島村中央2-1,急ぎ,"5,000",税別
2308-033,2023-08-22,1021,小林,アルミ複合板看板,450,450,4,枚,3,片面,,グロス,,,支給,無,,,,"27,280",税込
2308-034,2023-08-24,9999,加藤,アルミ複合板看板,450,900,1,枚,4,片面,,なし,,,支給,無,,,,"10,400",税別
2308-035,2023-08-25,1012,山本,アルミ複合板看板,3000,600,1,枚,3,両面,,なし,,,支給,無,,北原市 本町2丁目2番,,"41,000",税別
2308-036,2023-08-26,9999,小林,カルプ文字,,100,15,文字,20,,,,シート貼り,,修正,有,6,南川市 本町3丁目26番,,"¥134,310",税込
2308-037,2023-08-26,9999,山本,アルミ複合板看板,2400,450,3,枚,3,片面,,グロス,,,支給,無,,東山町 本町4丁目13番,現調済,"57,000",税抜
2308-038,2023-08-27,1044,山本,インクジェット出力,594,900,3,枚,,,塩ビシート,グロス,,,新規,有,2.5,北原市中央3-17,図面支給,"84,700",税込
2308-039,2023-08-27,1035,中村,アルミ複合板看板,900,600,3,枚,3,両面,,グロス,,,支給,無,,東山町緑ヶ丘4-10-7,色見本あり,"¥53,240",税込
2308-040,2023-08-28,1039,加藤,カルプ文字,,150,14,文字,10,,,,塗装,,支給,有,3,中島村中央5-15,,"115,500",税込
2308-041,2023-08-29,1051,中村,袖看板,450,600,1,台,,両面,,,,LED内照,修正,有,2.5,北原市中央6-28,既存撤去,"145,000",税抜
2308-042,2023-08-30,9999,小林,アルミ複合板看板,600,1500,1,枚,3,片面,,グロス,,,修正,無,,,,"23,100",税込
2308-043,2023-08-30,9999,小林,アルミ複合板看板,600,1800,1,枚,3,片面,,なし,,,支給,有,2.5,北原市中央6-4,,"57,000",税抜
2308-044,2023-08-31,9999,山本,インクジェット出力,841,594,1,枚,,,ターポリン,なし,,,支給,無,,北原市（現場：事務所）,,"5,000",税別
2308-045,2023-08-31,1051,中村,カルプ文字,,600,4,文字,10,,,,塗装,,新規,有,3,南川市 本町7丁目20番,,"¥109,200",税別
2308-046,2023-08-31,1033,中村,アルミ複合板看板,450,1500,1,枚,4,片面,,グロス,,,新規,無,,,,"42,790",税込
2309-001,2023-09-01,1039,山本,アルミ複合板看板,900,1800,1,枚,3,片面,,なし,,,支給,無,,北原市（現場：倉庫）,,"24,200",税込
2309-002,2023-09-01,1044,山本,アルミ複合板看板,1800,900,1,枚,3,片面,,なし,,,支給,有,3,中島村中央8-2,,"65,000",
2309-003,2023-09-01,9999,中村,インクジェット出力,2700,1200,1,枚,,,メッシュ,グロス,,,新規,無,,南川市 本町5丁目22番,現調済,"50,930",税込
2309-004,2023-09-01,1012,山本,アルミ複合板看板,3600,300,2,枚,3,両面,,なし,,,修正,無,,,,"59,000",税抜
2309-005,2023-09-01,9999,小林,インクジェット出力,420,594,2,枚,,,合成紙,マット,,,新規,有,5,東山町中央6-2,,"¥124,300",税込
2309-006,2023-09-02,1038,加藤,袖看板,750,900,1,台,,両面,,,,なし,修正,有,4,北原市緑ヶ丘1-3-8,,"156,000",税別
2309-007,2023-09-04,1059,山本,インクジェット出力,594,1200,1,枚,,,合成紙,グロス,,,支給,無,,,,"5,000",税別
2309-008,2023-09-04,1015,小林,カルプ文字,,800,15,文字,10,,,,塗装,,支給,有,2,東山町緑ヶ丘5-15-10,,"247,000",
2309-009,2023-09-04,1010,小林,アルミ複合板看板,2700,1500,4,枚,3,片面,,グロス,,,支給,無,,,,"¥249,600",税別
2309-010,2023-09-05,1025,小林,アルミ複合板看板,900,300,1,枚,3,片面,,なし,,,支給,無,,,,"6,160",
2309-011,2023-09-06,1028,山本,インクジェット出力,2700,297,1,枚,,,ターポリン,なし,,,支給,無,,,急ぎ,"5,000",税別
2309-012,2023-09-06,1023,山本,インクジェット出力,3600,420,5,枚,,,ターポリン,マット,,,支給,有,2,北原市 本町8丁目24番,,"¥97,000",税別
2309-013,2023-09-07,1032,小林,袖看板,750,1500,1,台,,片面,,,,なし,支給,有,2.5,北原市緑ヶ丘3-15-4,,"¥123,000",税抜
2309-014,2023-09-10,1054,中村,アルミ複合板看板,3600,300,4,枚,4,片面,,なし,,,支給,無,,,,"94,600",税込
2309-015,2023-09-10,1030,小林,アルミ複合板看板,3600,900,1,枚,3,片面,,なし,,,修正,有,4,北原市（現場：事務所）,図面支給,"¥112,600",税別
2309-016,2023-09-11,1020,加藤,袖看板,900,900,2,台,,両面,,,,LED内照,新規,有,3,南川市中央5-19,既存撤去・現調済,"324,000",税別
2309-017,2023-09-11,1046,山本,アルミ複合板看板,900,900,4,枚,4,片面,,なし,,,修正,無,,,,"¥67,000",税抜
2308-043-2,2023-09-12,9999,小林,アルミ複合板看板,600,1800,2,枚,3,片面,,なし,,,支給,有,2.5,北原市中央6-4,,"57,000",税抜
2309-018,2023-09-12,1052,加藤,インクジェット出力,1800,900,1,枚,,,塩ビシート,なし,,,支給,有,6,北原市中央8-11,図面支給,"69,400",税抜
2309-019,2023-09-12,1010,山本,アルミ複合板看板,2400,600,4,枚,3,片面,,なし,,,修正,無,,,,"93,500",税込
2309-020,2023-09-12,9999,中村,アルミ複合板看板,2400,1500,1,枚,4,片面,,なし,,,新規,無,,,,"86,600",税別
2309-021,2023-09-13,1042,加藤,袖看板,450,600,1,台,,両面,,,,LED内照,支給,有,2.5,東山町 本町7丁目23番,,"159,600",税別
2309-022,2023-09-13,1055,加藤,インクジェット出力,3600,297,3,枚,,,塩ビシート,なし,,,支給,無,,南川市 本町2丁目24番,色見本あり,"14,080",税込
2309-023,2023-09-13,1043,山本,インクジェット出力,2700,594,5,枚,,,ターポリン,マット,,,新規,無,,,,"71,500",税込
2309-024,2023-09-13,1058,加藤,アルミ複合板看板,600,1500,2,枚,3,片面,,グロス,,,新規,有,4,南川市（現場：事務所）,急ぎ,"¥151,200",税抜
2309-025,2023-09-13,1054,小林,インクジェット出力,3600,1200,1,枚,,,合成紙,なし,,,新規,有,2,東山町（現場：倉庫）,既存撤去,"80,800",税別
2309-026,2023-09-14,1038,山本,アルミ複合板看板,600,1200,1,枚,3,両面,,マット,,,新規,無,,,,"45,000",税別
2309-027,2023-09-15,1001,小林,インクジェット出力,420,600,1,枚,,,塩ビシート,なし,,,支給,有,3.5,東山町中央2-12,,"¥35,000",税抜
2309-028,2023-09-15,1008,山本,インクジェット出力,1200,594,2,枚,,,合成紙,グロス,,,修正,無,,北原市 本町7丁目17番,,"¥11,000",
2309-029,2023-09-16,1008,小林,アルミ複合板看板,1800,1500,1,枚,3,片面,,なし,,,新規,有,3.5,北原市中央7-19,急ぎ,"¥109,780",税込
2309-030,2023-09-16,1056,中村,カルプ文字,,150,6,文字,10,,,,シート貼り,,支給,有,2,北原市中央4-14,,"44,000",税抜
2309-031,2023-09-16,1012,中村,インクジェット出力,1800,1200,5,枚,,,ターポリン,なし,,,新規,無,,,,"66,990",税込
2309-032,2023-09-17,1020,山本,袖看板,450,1200,1,台,,片面,,,,LED内照,支給,有,5,南川市中央8-23,既存撤去,"¥201,300",
2309-033,2023-09-17,1032,山本,袖看板,900,900,2,台,,両面,,,,なし,支給,有,3.5,中島村緑ヶ丘5-8-2,夜間作業,"242,000",税抜
2309-034,2023-09-18,1009,加藤,アルミ複合板看板,600,300,1,枚,3,片面,,なし,,,支給,無,,,,"5,000",税抜
2309-035,2023-09-18,1004,小林,インクジェット出力,594,420,2,枚,,,メッシュ,なし,,,新規,無,,,,"¥29,500",
2309-036,2023-09-18,1028,加藤,カルプ文字,,800,13,文字,10,,,,シート貼り,,支給,有,3.5,北原市 本町5丁目13番,夜間作業,"235,840",
2309-037,2023-09-18,1006,加藤,インクジェット出力,1200,594,1,枚,,,合成紙,なし,,,支給,有,3,北原市（現場：倉庫）,既存撤去,"¥41,700",税抜
2309-038,2023-09-20,1005,中村,カルプ文字,,250,2,文字,20,,,,シート貼り,,新規,有,2,南川市中央5-4,急ぎ,"70,600",税別
2309-039,2023-09-20,9999,加藤,アルミ複合板看板,600,1200,1,枚,3,片面,,なし,,,支給,無,,,,"13,970",税込
2309-040,2023-09-21,1001,山本,袖看板,750,1500,1,台,,片面,,,,LED内照,修正,有,2.5,東山町 本町4丁目13番,,"168,000",税抜
2309-041,2023-09-21,1044,加藤,インクジェット出力,594,600,5,枚,,,ターポリン,なし,,,支給,無,,,,"9,570",税込
2309-042,2023-09-21,9999,中村,アルミ複合板看板,1200,1500,3,枚,4,片面,,なし,,,支給,有,1.5,南川市 本町5丁目18番,,"149,600",税別
2309-043,2023-09-22,1057,小林,カルプ文字,,100,9,文字,30,,,,シート貼り,,支給,有,6,西浜町緑ヶ丘1-4-17,夜間作業・既存撤去,"¥131,200",税別
2309-044,2023-09-23,1047,加藤,アルミ複合板看板,2700,450,1,枚,3,片面,,グロス,,,支給,有,1.5,北原市 本町3丁目14番,,"¥56,320",税込
2309-045,2023-09-23,1057,小林,インクジェット出力,594,600,1,枚,,,ターポリン,なし,,,支給,無,,,,"5,500",税込
2309-046,2023-09-24,1037,加藤,カルプ文字,,80,8,文字,20,,,,塗装,,修正,有,1.5,北原市中央2-14,夜間作業,"¥80,080",税込
2309-047,2023-09-24,1011,山本,インクジェット出力,594,297,2,枚,,,メッシュ,なし,,,新規,無,,南川市中央4-8,,"¥22,000",税込
2309-048,2023-09-24,1006,山本,袖看板,900,900,1,台,,両面,,,,なし,支給,有,2,北原市中央1-10,,"116,000",税抜
2309-049,2023-09-24,1012,小林,アルミ複合板看板,2700,1800,3,枚,4,片面,,マット,,,支給,有,2.5,北原市（現場：倉庫）,急ぎ,"¥352,100",
2309-050,2023-09-24,1003,小林,カルプ文字,,300,10,文字,20,,,,塗装,,修正,有,6,北原市緑ヶ丘5-23-1,現調済,"¥122,000",税抜
2309-051,2023-09-25,9999,中村,インクジェット出力,1200,1200,2,枚,,,塩ビシート,マット,,,新規,無,,,,"42,400",
2309-052,2023-09-27,1040,加藤,アルミ複合板看板,1800,300,1,枚,3,片面,,グロス,,,新規,無,,東山町（現場：倉庫）,色見本あり,"¥35,400",税別
2309-053,2023-09-27,1025,中村,袖看板,600,1200,1,台,,両面,,,,LED内照,新規,有,6,北原市（現場：事務所）,,"¥232,100",税込
2309-054,2023-09-29,1028,加藤,袖看板,750,600,1,台,,両面,,,,なし,支給,有,1.5,北原市 本町2丁目28番,,"93,000",税別
2309-055,2023-09-29,1007,山本,袖看板,450,900,1,台,,両面,,,,LED内照,修正,有,4,西浜町（現場：事務所）,図面支給,"181,500",税込
2309-056,2023-09-29,1034,加藤,インクジェット出力,1200,420,2,枚,,,合成紙,なし,,,支給,無,,,,"5,500",税込
2309-057,2023-09-29,1057,中村,アルミ複合板看板,600,1200,1,枚,3,両面,,なし,,,支給,無,,,,"¥19,200",税別
2309-058,2023-09-30,9999,山本,インクジェット出力,3600,900,5,枚,,,塩ビシート,なし,,,修正,無,,南川市中央6-24,,"¥76,000",税抜
2310-001,2023-10-01,9999,小林,インクジェット出力,3600,420,1,枚,,,塩ビシート,なし,,,支給,有,5,北原市緑ヶ丘3-15-16,,"¥83,490",税込
2310-002,2023-10-02,1050,中村,カルプ文字,,400,6,文字,20,,,,シート貼り,,修正,有,6,中島村 本町5丁目22番,前回同様,"133,800",税抜
2310-003,2023-10-02,1021,山本,アルミ複合板看板,1800,300,1,枚,3,片面,,マット,,,修正,無,,北原市 本町7丁目23番,,"15,000",税別
2310-004,2023-10-02,1059,加藤,カルプ文字,,200,11,文字,20,,,,シート貼り,,修正,有,5,東山町（現場：事務所）,夜間作業・急ぎ,"¥154,400",税別
2310-005,2023-10-02,1058,加藤,袖看板,750,600,1,台,,両面,,,,なし,修正,有,2.5,北原市中央6-5,夜間作業,"113,000",
2310-006,2023-10-03,1018,加藤,カルプ文字,,150,6,文字,20,,,,シート貼り,,支給,有,2,北原市 本町3丁目19番,現調済,"51,700",税込
2310-007,2023-10-03,1031,中村,インクジェット出力,594,900,1,枚,,,ターポリン,なし,,,支給,無,,,,"5,500",税込
2310-008,2023-10-04,1041,山本,カルプ文字,,50,13,文字,10,,,,シート貼り,,支給,有,3.5,西浜町 本町3丁目12番,既存撤去,"¥80,000",税別
2310-009,2023-10-04,1021,小林,カルプ文字,,100,2,文字,10,,,,シート貼り,,修正,有,3.5,西浜町 本町5丁目28番,,"¥45,200",
2310-010,2023-10-06,9999,中村,インクジェット出力,1200,297,1,枚,,,メッシュ,なし,,,修正,有,1.5,西浜町 本町6丁目9番,,"54,700",税抜
2310-011,2023-10-07,1010,中村,アルミ複合板看板,450,900,4,枚,3,片面,,なし,,,修正,有,2,東山町（現場：事務所）,,"103,400",税込
2310-012,2023-10-08,1015,加藤,インクジェット出力,420,297,2,枚,,,合成紙,なし,,,支給,有,2,北原市中央6-23,色見本あり,"38,500",税抜
2310-013,2023-10-08,9999,加藤,カルプ文字,,200,8,文字,10,,,,塗装,,修正,有,1.5,南川市（現場：店舗）,既存撤去・現調済,"89,700",税抜
2310-014,2023-10-09,1002,山本,アルミ複合板看板,3000,900,2,枚,3,両面,,グロス,,,支給,有,6,北原市緑ヶ丘2-20-5,,"228,800",税込
2310-015,2023-10-09,1004,加藤,アルミ複合板看板,3600,1800,3,枚,4,片面,,なし,,,支給,無,,,,"307,500",税抜
2310-016,2023-10-09,1001,加藤,アルミ複合板看板,2700,600,1,枚,4,両面,,マット,,,支給,有,2,北原市中央4-25,,"90,530",税込
2310-017,2023-10-10,1041,山本,カルプ文字,,300,6,文字,30,,,,塗装,,支給,有,4,南川市中央4-24,,"109,000",税抜
2310-018,2023-10-10,1020,加藤,アルミ複合板看板,2700,1800,1,枚,4,両面,,マット,,,新規,有,5,中島村 本町2丁目12番,夜間作業,"¥265,100",税抜
2310-019,2023-10-11,1001,加藤,アルミ複合板看板,600,600,3,枚,3,片面,,マット,,,支給,無,,北原市 本町4丁目13番,図面支給,"22,800",税抜
2310-020,2023-10-13,9999,中村,アルミ複合板看板,900,450,1,枚,4,片面,,なし,,,支給,無,,北原市中央5-1,,"10,400",税抜
2310-021,2023-10-15,1051,小林,アルミ複合板看板,1800,900,3,枚,3,片面,,グロス,,,支給,有,2,北原市緑ヶ丘2-15-4,,"133,540",税込
2310-022,2023-10-15,9999,加藤,アルミ複合板看板,600,1800,1,枚,4,片面,,なし,,,修正,有,4,北原市（現場：店舗）,,"94,600",税抜
2310-023,2023-10-16,9999,中村,インクジェット出力,900,900,1,枚,,,メッシュ,なし,,,修正,有,3.5,北原市 本町3丁目22番,,"39,800",税別
2310-012-2,2023-10-17,1015,加藤,インクジェット出力,420,297,3,枚,,,合成紙,なし,,,支給,有,2,北原市中央6-23,色見本あり,"38,500",税抜
2310-024,2023-10-17,1042,小林,アルミ複合板看板,2400,600,3,枚,3,片面,,マット,,,支給,無,,北原市中央6-14,,"69,000",税別
2310-025,2023-10-17,9999,中村,カルプ文字,,800,11,文字,20,,,,塗装,,新規,有,3,東山町中央6-18,既存撤去,"250,800",税抜
2310-026,2023-10-17,1027,山本,袖看板,900,1500,2,台,,両面,,,,LED内照,支給,有,3,西浜町中央8-15,現調済,"386,100",
2310-027,2023-10-17,9999,山本,カルプ文字,,200,11,文字,10,,,,シート貼り,,支給,有,2.5,東山町中央2-1,,"75,000",税抜
2310-028,2023-10-18,9999,小林,インクジェット出力,594,900,2,枚,,,合成紙,なし,,,支給,有,6,北原市 本町5丁目18番,夜間作業,"107,250",税込
2310-029,2023-10-18,9999,山本,インクジェット出力,900,420,1,枚,,,塩ビシート,マット,,,支給,無,,,,"5,500",税込
2310-030,2023-10-19,1053,中村,アルミ複合板看板,900,450,3,枚,3,片面,,なし,,,支給,無,,,,"26,400",税込
2310-031,2023-10-19,1030,中村,アルミ複合板看板,3600,300,1,枚,4,片面,,なし,,,新規,無,,,,"46,500",
2310-032,2023-10-20,1031,中村,インクジェット出力,1800,900,1,枚,,,ターポリン,マット,,,新規,有,6,北原市中央7-20,,"105,710",税込
2310-033,2023-10-20,1054,加藤,アルミ複合板看板,2400,900,1,枚,3,片面,,マット,,,支給,無,,,,"32,800",税抜
2310-034,2023-10-21,1041,加藤,カルプ文字,,300,12,文字,30,,,,塗装,,支給,有,3.5,東山町 本町5丁目11番,現調済,"123,400",税抜
2310-035,2023-10-21,9999,山本,インクジェット出力,1200,420,1,枚,,,合成紙,なし,,,支給,有,2.5,北原市 本町6丁目12番,,"35,200",
2310-036,2023-10-22,1046,加藤,袖看板,600,900,2,台,,片面,,,,LED内照,支給,有,3.5,南川市 本町3丁目22番,,"247,000",税抜
2310-037,2023-10-24,1059,中村,インクジェット出力,2700,1200,5,枚,,,ターポリン,なし,,,支給,有,6,北原市緑ヶ丘1-3-9,,"166,870",税込
2310-038,2023-10-25,1030,加藤,袖看板,750,900,1,台,,両面,,,,なし,支給,有,6,北原市（現場：倉庫）,,"150,000",税別
2310-039,2023-10-25,1001,加藤,アルミ複合板看板,3000,900,1,枚,4,片面,,グロス,,,新規,有,4,西浜町中央7-6,,"¥169,290",税込
2310-040,2023-10-25,1034,加藤,アルミ複合板看板,1800,300,2,枚,3,両面,,なし,,,支給,有,1.5,東山町中央7-20,夜間作業・既存撤去,"107,690",税込
2310-041,2023-10-25,1038,加藤,アルミ複合板看板,600,450,3,枚,3,片面,,なし,,,支給,無,,,色見本あり,"16,800",税別
2310-042,2023-10-25,1038,山本,インクジェット出力,2700,600,1,枚,,,メッシュ,なし,,,新規,有,4,東山町中央2-17,夜間作業,"¥126,500",税込
2310-043,2023-10-25,1009,加藤,インクジェット出力,3600,1200,2,枚,,,合成紙,グロス,,,支給,有,2.5,北原市 本町7丁目4番,夜間作業,"85,500",税抜
2310-044,2023-10-26,1021,山本,カルプ文字,,800,6,文字,20,,,,シート貼り,,支給,有,5,南川市 本町6丁目18番,色見本あり,"145,000",
2310-045,2023-10-26,1042,山本,インクジェット出力,420,1200,1,枚,,,塩ビシート,グロス,,,支給,有,1.5,北原市中央3-24,既存撤去,"42,000",
2310-046,2023-10-27,1020,中村,カルプ文字,,150,12,文字,10,,,,シート貼り,,支給,有,2,東山町 本町8丁目11番,夜間作業,"88,000",税別
2310-047,2023-10-27,9999,中村,袖看板,600,1200,1,台,,両面,,,,LED内照,支給,有,6,南川市緑ヶ丘4-22-19,,"¥210,100",税別
2310-048,2023-10-27,1033,山本,アルミ複合板看板,2400,1200,1,枚,3,片面,,グロス,,,修正,有,1.5,北原市緑ヶ丘2-14-17,図面支給,"68,000",
2310-049,2023-10-28,9999,小林,アルミ複合板看板,2700,300,2,枚,3,片面,,なし,,,修正,有,6,西浜町緑ヶ丘3-15-16,,"147,730",税込
2310-050,2023-10-28,9999,小林,袖看板,900,900,2,台,,片面,,,,LED内照,修正,有,2.5,北原市 本町7丁目25番,急ぎ,"356,840",税込
2310-051,2023-10-28,9999,山本,インクジェット出力,420,594,1,枚,,,メッシュ,なし,,,修正,無,,,,"7,000",税別
2310-052,2023-10-29,1025,小林,インクジェット出力,1800,297,2,枚,,,塩ビシート,グロス,,,支給,有,5,南川市 本町8丁目19番,,"¥89,980",税込
2310-053,2023-10-30,1055,加藤,カルプ文字,,300,3,文字,20,,,,シート貼り,,支給,有,4,西浜町（現場：倉庫）,既存撤去,"101,500",
2310-054,2023-10-30,1041,小林,アルミ複合板看板,2400,450,3,枚,3,片面,,なし,,,支給,無,,,,"50,160",税込
2310-055,2023-10-31,1024,山本,アルミ複合板看板,600,600,4,枚,3,片面,,グロス,,,支給,無,,北原市 本町4丁目22番,,"¥33,000",税込
2310-056,2023-10-31,1049,中村,カルプ文字,,400,15,文字,20,,,,シート貼り,,支給,有,1.5,東山町中央5-10,,"172,000",税別
2311-001,2023-11-01,1024,小林,インクジェット出力,420,1200,5,枚,,,メッシュ,なし,,,修正,無,,北原市中央4-2,,"16,300",税別
2311-002,2023-11-03,1010,加藤,カルプ文字,,150,4,文字,10,,,,塗装,,修正,有,5,北原市（現場：倉庫）,,"80,000",税別
2311-003,2023-11-03,9999,加藤,カルプ文字,,80,4,文字,20,,,,塗装,,修正,有,1.5,南川市 本町8丁目13番,夜間作業・急ぎ,"87,340",税込
2311-004,2023-11-03,1057,山本,カルプ文字,,400,14,文字,20,,,,シート貼り,,支給,有,3.5,北原市緑ヶ丘7-14-6,,"¥172,700",
2311-005,2023-11-04,1003,加藤,インクジェット出力,420,297,3,枚,,,合成紙,グロス,,,修正,有,3.5,北原市中央8-22,夜間作業・前回同様,"63,500",税別
2311-006,2023-11-05,1054,山本,カルプ文字,,500,12,文字,20,,,,塗装,,修正,有,1.5,西浜町緑ヶ丘7-13-13,,"169,000",税別
2311-007,2023-11-05,1027,小林,インクジェット出力,3600,420,1,枚,,,メッシュ,マット,,,支給,無,,,,"9,000",税別
2311-008,2023-11-05,1037,中村,カルプ文字,,250,2,文字,10,,,,塗装,,修正,有,5,北原市中央4-12,,"¥74,000",税抜
2311-009,2023-11-06,1043,山本,アルミ複合板看板,450,300,1,枚,3,両面,,グロス,,,支給,有,5,南川市 本町7丁目15番,既存撤去,"86,000",税別
2311-010,2023-11-09,1020,山本,アルミ複合板看板,3600,600,3,枚,3,片面,,グロス,,,支給,無,,,現調済,"107,000",税別
2311-011,2023-11-10,1019,中村,袖看板,450,1500,1,台,,片面,,,,なし,新規,有,4,北原市中央4-17,,"171,600",税込
2311-012,2023-11-10,1040,山本,袖看板,600,1200,2,台,,両面,,,,LED内照,新規,有,5,南川市中央7-21,急ぎ,"452,100",税込
2311-013,2023-11-11,1060,小林,カルプ文字,,500,14,文字,20,,,,シート貼り,,支給,有,2,北原市緑ヶ丘4-27-19,図面支給,"157,200",
2311-014,2023-11-11,9999,中村,カルプ文字,,50,15,文字,30,,,,シート貼り,,支給,有,2.5,西浜町（現場：店舗）,夜間作業・色見本あり,"117,700",税別
2311-015,2023-11-11,1029,山本,アルミ複合板看板,3600,450,2,枚,3,片面,,なし,,,修正,有,5,北原市緑ヶ丘1-23-12,既存撤去・急ぎ・図面支給,"181,500",税込
2311-016,2023-11-11,1001,中村,アルミ複合板看板,3600,300,1,枚,4,両面,,グロス,,,修正,無,,,,"41,900",税抜
2311-017,2023-11-12,1042,小林,カルプ文字,,250,14,文字,20,,,,塗装,,修正,有,2.5,中島村中央2-3,既存撤去,"157,000",税別
2311-018,2023-11-12,1021,中村,インクジェット出力,841,1200,2,枚,,,メッシュ,なし,,,修正,無,,,図面支給,"15,400",
2311-019,2023-11-12,1030,小林,インクジェット出力,900,600,3,枚,,,合成紙,マット,,,修正,有,6,北原市中央6-6,夜間作業・急ぎ,"125,500",税別
2311-020,2023-11-13,1006,小林,袖看板,900,600,1,台,,両面,,,,LED内照,支給,有,4,南川市中央2-17,,"191,000",税抜
2311-021,2023-11-13,1051,山本,アルミ複合板看板,1200,600,1,枚,3,両面,,グロス,,,支給,無,,北原市 本町1丁目23番,急ぎ,"25,000",税別
2311-022,2023-11-13,1021,山本,アルミ複合板看板,450,450,1,枚,4,片面,,マット,,,修正,有,3,北原市 本町7丁目10番,,"¥40,000",税別
2311-023,2023-11-15,9999,加藤,アルミ複合板看板,2400,1500,3,枚,3,片面,,なし,,,修正,無,,,,"169,510",税込
2311-024,2023-11-16,1012,加藤,カルプ文字,,250,11,文字,10,,,,シート貼り,,修正,有,2.5,東山町緑ヶ丘6-22-9,既存撤去,"¥113,080",税込
2311-025,2023-11-16,9999,加藤,アルミ複合板看板,1200,450,2,枚,4,片面,,グロス,,,修正,有,2.5,北原市 本町4丁目14番,,"78,540",税込
2311-026,2023-11-17,1037,小林,インクジェット出力,841,600,1,枚,,,合成紙,なし,,,支給,有,2,北原市中央6-3,,"¥29,200",税別
2311-027,2023-11-18,1034,山本,アルミ複合板看板,2700,600,1,枚,3,片面,,なし,,,支給,有,3.5,北原市中央5-18,,"¥53,000",税抜
2311-028,2023-11-18,1047,山本,袖看板,900,1200,2,台,,両面,,,,なし,支給,有,1.5,北原市（現場：事務所）,前回同様,"292,600",税込
2311-029,2023-11-19,9999,加藤,アルミ複合板看板,1200,1500,1,枚,3,両面,,グロス,,,支給,有,5,東山町緑ヶ丘6-22-19,,"¥123,700",税抜
2311-030,2023-11-20,1038,加藤,カルプ文字,,150,4,文字,20,,,,シート貼り,,新規,有,3,南川市中央7-13,図面支給,"¥68,000",税別
2311-031,2023-11-21,1026,中村,インクジェット出力,420,594,3,枚,,,合成紙,なし,,,修正,有,2.5,東山町緑ヶ丘3-9-16,夜間作業・前回同様,"79,970",
2311-032,2023-11-22,9999,山本,インクジェット出力,3600,420,1,枚,,,ターポリン,なし,,,修正,有,5,北原市中央2-15,既存撤去,"102,300",税込
2311-033,2023-11-24,1020,加藤,インクジェット出力,1800,600,2,枚,,,メッシュ,なし,,,新規,有,6,中島村 本町8丁目29番,既存撤去・現調済,"132,700",税別
2311-034,2023-11-24,1006,中村,インクジェット出力,420,420,1,枚,,,塩ビシート,なし,,,新規,無,,,,"¥29,700",税込
2311-035,2023-11-24,1033,中村,インクジェット出力,1200,1200,3,枚,,,メッシュ,なし,,,新規,無,,北原市中央4-7,,"¥48,840",
2311-036,2023-11-25,9999,加藤,カルプ文字,,100,4,文字,20,,,,塗装,,支給,有,3.5,西浜町中央8-4,既存撤去,"¥69,700",税別
2311-037,2023-11-25,1044,小林,カルプ文字,,800,5,文字,10,,,,シート貼り,,支給,有,3.5,北原市中央1-27,,"97,900",
2311-038,2023-11-25,9999,山本,カルプ文字,,250,4,文字,10,,,,シート貼り,,支給,有,2,西浜町 本町7丁目25番,,"70,400",税込
2311-039,2023-11-25,1033,中村,カルプ文字,,500,11,文字,10,,,,シート貼り,,支給,有,4,北原市 本町1丁目26番,急ぎ・現調済,"¥188,700",税別
2311-040,2023-11-26,9999,小林,アルミ複合板看板,450,1500,4,枚,4,片面,,マット,,,支給,有,1.5,東山町緑ヶ丘7-21-12,既存撤去,"¥137,000",税別
2311-041,2023-11-26,1044,山本,カルプ文字,,600,3,文字,10,,,,塗装,,修正,有,3.5,北原市中央3-25,図面支給,"69,000",税抜
2311-042,2023-11-27,1049,小林,袖看板,600,1200,1,台,,片面,,,,なし,支給,有,2,南川市中央5-5,,"¥101,000",
2311-043,2023-11-27,1060,加藤,袖看板,750,900,1,台,,両面,,,,なし,支給,有,2,東山町 本町6丁目21番,,"121,000",税別
2311-044,2023-11-28,1025,加藤,カルプ文字,,80,12,文字,20,,,,シート貼り,,修正,有,6,西浜町中央3-11,急ぎ,"¥133,600",税抜
2311-045,2023-11-28,1042,中村,インクジェット出力,900,297,2,枚,,,ターポリン,なし,,,支給,無,,,前回同様,"¥5,000",税別
2311-046,2023-11-28,9999,小林,袖看板,900,900,1,台,,片面,,,,LED内照,支給,有,6,南川市（現場：事務所）,前回同様,"188,100",
2311-047,2023-11-29,1053,山本,アルミ複合板看板,3600,1800,1,枚,3,片面,,マット,,,修正,有,1.5,東山町中央5-13,,"134,000",
2311-048,2023-11-29,1029,小林,カルプ文字,,400,13,文字,10,,,,塗装,,支給,有,1.5,南川市（現場：倉庫）,,"¥158,900",税別
2311-049,2023-11-30,1016,中村,アルミ複合板看板,2700,1200,1,枚,3,片面,,グロス,,,支給,有,6,北原市 本町6丁目16番,急ぎ・前回同様,"¥150,700",税込
2311-050,2023-11-30,1014,中村,カルプ文字,,600,7,文字,20,,,,塗装,,支給,有,3.5,北原市緑ヶ丘2-22-18,夜間作業,"142,100",
2311-051,2023-11-30,1004,加藤,アルミ複合板看板,450,1200,3,枚,4,両面,,グロス,,,修正,有,5,北原市 本町2丁目27番,夜間作業・図面支給,"¥157,200",税別
2311-052,2023-11-30,9999,山本,カルプ文字,,300,5,文字,20,,,,シート貼り,,修正,有,3.5,北原市緑ヶ丘5-26-16,,"¥68,200",税込
2312-001,2023-12-01,1040,加藤,カルプ文字,,400,11,文字,20,,,,シート貼り,,新規,有,1.5,北原市緑ヶ丘8-18-6,既存撤去・現調済,"150,800",税抜
2312-002,2023-12-01,1060,小林,アルミ複合板看板,450,1500,1,枚,3,片面,,マット,,,支給,無,,,,"12,980",税込
2312-003,2023-12-02,1010,山本,アルミ複合板看板,900,1800,4,枚,3,片面,,グロス,,,支給,無,,北原市中央2-25,,"103,000",税抜
2312-004,2023-12-02,9999,中村,カルプ文字,,500,6,文字,20,,,,シート貼り,,支給,有,5,中島村中央6-14,,"141,600",税抜
2312-005,2023-12-03,9999,小林,アルミ複合板看板,900,300,3,枚,3,両面,,グロス,,,新規,無,,,,"55,000",税別
2312-006,2023-12-03,9999,山本,カルプ文字,,600,9,文字,10,,,,シート貼り,,支給,有,2,北原市 本町3丁目13番,既存撤去・急ぎ,"226,600",
2312-007,2023-12-03,1055,加藤,アルミ複合板看板,600,900,2,枚,4,両面,,グロス,,,修正,無,,,,"34,800",
2312-008,2023-12-03,1001,山本,アルミ複合板看板,3600,1500,1,枚,4,片面,,なし,,,新規,有,6,南川市 本町6丁目19番,,"196,900",税込
2312-009,2023-12-03,9999,加藤,アルミ複合板看板,1200,450,1,枚,4,片面,,なし,,,支給,有,4,北原市（現場：店舗）,,"¥89,540",
2312-010,2023-12-03,9999,山本,アルミ複合板看板,3000,900,1,枚,3,両面,,グロス,,,支給,有,2,南川市（現場：倉庫）,夜間作業,"¥128,000",税別
2312-011,2023-12-04,9999,山本,アルミ複合板看板,2400,900,3,枚,4,両面,,マット,,,支給,有,3.5,南川市（現場：倉庫）,夜間作業,"315,700",税込
2312-012,2023-12-04,1028,小林,袖看板,450,600,1,台,,片面,,,,なし,修正,有,4,西浜町中央2-14,既存撤去・図面支給,"140,000",税別
2312-013,2023-12-05,1027,中村,カルプ文字,,80,6,文字,10,,,,塗装,,修正,有,1.5,北原市中央2-16,夜間作業,"61,600",税抜
2312-014,2023-12-05,1030,加藤,袖看板,750,600,1,台,,両面,,,,なし,支給,有,3,北原市中央1-8,夜間作業,"108,000",
2312-015,2023-12-05,1047,中村,袖看板,600,600,1,台,,片面,,,,LED内照,修正,有,3,北原市（現場：倉庫）,色見本あり,"113,000",税抜
2312-016,2023-12-06,1015,小林,カルプ文字,,100,6,文字,20,,,,塗装,,修正,有,3.5,北原市中央1-10,前回同様,"54,560",税込
2312-017,2023-12-06,1025,加藤,アルミ複合板看板,1200,1800,1,枚,4,片面,,マット,,,支給,無,,,現調済,"¥43,340",
2312-018,2023-12-06,9999,山本,カルプ文字,,800,4,文字,30,,,,塗装,,新規,有,2.5,南川市（現場：倉庫）,,"¥134,200",税込
2312-019,2023-12-07,1012,小林,アルミ複合板看板,3600,600,1,枚,4,片面,,なし,,,支給,有,2.5,南川市 本町1丁目29番,,"67,400",税別
2312-020,2023-12-07,1015,中村,カルプ文字,,300,5,文字,20,,,,塗装,,修正,有,4,北原市中央8-23,夜間作業・急ぎ・図面支給,"134,000",
2312-021,2023-12-07,1053,山本,アルミ複合板看板,2700,300,1,枚,3,片面,,グロス,,,支給,無,,南川市（現場：店舗）,,"¥17,000",
2312-022,2023-12-07,1022,加藤,アルミ複合板看板,600,900,3,枚,3,片面,,なし,,,支給,無,,北原市緑ヶ丘4-29-13,,"30,360",
2312-023,2023-12-08,1060,加藤,アルミ複合板看板,600,1800,1,枚,3,片面,,なし,,,修正,無,,北原市（現場：倉庫）,,"20,200",税抜
2312-024,2023-12-08,1009,山本,インクジェット出力,1200,1200,2,枚,,,塩ビシート,グロス,,,支給,無,,北原市 本町4丁目26番,,"¥16,500",
2312-025,2023-12-09,9999,加藤,カルプ文字,,600,7,文字,10,,,,シート貼り,,支給,有,2,東山町緑ヶ丘2-21-1,,"147,070",税込
2312-026,2023-12-10,1060,加藤,カルプ文字,,200,5,文字,20,,,,シート貼り,,修正,有,5,南川市中央4-19,現調済,"96,250",税込
2312-027,2023-12-11,1047,中村,アルミ複合板看板,900,1800,1,枚,3,片面,,グロス,,,支給,有,3,東山町 本町7丁目20番,,"58,800",
2312-028,2023-12-11,1049,小林,インクジェット出力,420,594,1,枚,,,塩ビシート,なし,,,新規,無,,,,"27,400",税別
2312-029,2023-12-11,1037,山本,カルプ文字,,100,8,文字,10,,,,塗装,,支給,有,2,北原市中央7-4,夜間作業・急ぎ・現調済,"83,600",税込
2312-030,2023-12-11,1046,小林,アルミ複合板看板,450,300,1,枚,3,片面,,マット,,,修正,有,6,北原市中央2-20,,"¥72,800",税別
2312-031,2023-12-11,1008,小林,アルミ複合板看板,900,900,4,枚,4,両面,,なし,,,新規,有,3,南川市緑ヶ丘8-6-4,夜間作業,"202,200",
2312-032,2023-12-12,1036,山本,アルミ複合板看板,600,1800,3,枚,3,両面,,マット,,,修正,有,6,東山町中央2-12,前回同様,"¥712,000",
2312-033,2023-12-13,1045,中村,アルミ複合板看板,2400,450,1,枚,3,片面,,なし,,,修正,有,2.5,北原市（現場：店舗）,,"53,020",税込
2312-034,2023-12-13,1054,山本,アルミ複合板看板,600,1500,4,枚,4,両面,,マット,,,新規,有,4,南川市（現場：事務所）,急ぎ,"¥270,000",税別
2312-035,2023-12-13,9999,加藤,アルミ複合板看板,450,600,1,枚,3,片面,,マット,,,支給,無,,,,"6,800",税別
2312-036,2023-12-14,1017,小林,インクジェット出力,900,594,1,枚,,,塩ビシート,マット,,,新規,有,4,南川市（現場：店舗）,,"95,900",
2312-037,2023-12-14,1025,中村,インクジェット出力,2700,297,2,枚,,,ターポリン,なし,,,修正,有,6,北原市 本町6丁目14番,現調済,"¥89,760",税込
2312-038,2023-12-14,1037,山本,アルミ複合板看板,2400,450,1,枚,3,片面,,なし,,,支給,有,3,北原市 本町8丁目21番,既存撤去,"60,500",税込
2312-039,2023-12-15,1052,小林,アルミ複合板看板,900,1500,1,枚,3,片面,,なし,,,支給,有,4,南川市中央6-2,,"86,800",税別
2312-040,2023-12-15,1057,中村,カルプ文字,,250,12,文字,10,,,,シート貼り,,支給,有,6,北原市（現場：事務所）,夜間作業・急ぎ,"¥187,440",
2312-041,2023-12-16,1037,小林,アルミ複合板看板,600,600,1,枚,3,片面,,なし,,,支給,有,4,北原市（現場：店舗）,,"69,800",税抜
2312-042,2023-12-17,1011,小林,インクジェット出力,3600,594,3,枚,,,メッシュ,グロス,,,支給,有,5,南川市緑ヶ丘7-20-16,夜間作業・現調済,"151,140",税込
2312-043,2023-12-18,1058,小林,インクジェット出力,3600,900,5,枚,,,メッシュ,なし,,,新規,無,,,,"¥107,690",
2312-044,2023-12-19,9999,中村,アルミ複合板看板,3600,450,4,枚,3,片面,,グロス,,,支給,有,2.5,中島村中央8-20,図面支給,"200,400",税抜
2312-045,2023-12-19,1008,加藤,カルプ文字,,300,8,文字,20,,,,シート貼り,,新規,有,2,西浜町 本町7丁目14番,現調済,"123,200",税込
2312-046,2023-12-19,1006,加藤,アルミ複合板看板,450,600,1,枚,3,片面,,グロス,,,修正,有,2.5,東山町 本町2丁目15番,,"¥48,620",
2312-047,2023-12-20,9999,加藤,インクジェット出力,594,900,1,枚,,,ターポリン,なし,,,支給,無,,,,"5,500",税込
2312-048,2023-12-20,1026,小林,カルプ文字,,800,10,文字,30,,,,シート貼り,,支給,有,1.5,西浜町（現場：倉庫）,,"185,000",税別
2312-049,2023-12-21,1025,中村,インクジェット出力,841,297,1,枚,,,ターポリン,グロス,,,修正,有,3,北原市 本町1丁目6番,図面支給,"35,500",税別
2312-050,2023-12-21,1036,加藤,インクジェット出力,420,600,1,枚,,,メッシュ,なし,,,修正,無,,,,"7,920",
2312-051,2023-12-21,1046,小林,アルミ複合板看板,900,450,1,枚,3,片面,,なし,,,修正,有,4,南川市中央5-11,,"¥81,000",税別
2312-052,2023-12-21,9999,中村,カルプ文字,,80,2,文字,10,,,,シート貼り,,支給,有,2.5,北原市（現場：店舗）,,"30,470",税込
2312-053,2023-12-22,1003,小林,インクジェット出力,420,900,1,枚,,,塩ビシート,グロス,,,新規,有,3,東山町 本町8丁目16番,急ぎ,"63,600",税抜
2312-054,2023-12-22,1008,加藤,インクジェット出力,841,600,1,枚,,,合成紙,なし,,,修正,有,3,中島村（現場：店舗）,図面支給,"47,000",税別
2312-055,2023-12-23,1027,中村,アルミ複合板看板,2700,1800,2,枚,4,片面,,マット,,,支給,無,,,色見本あり,"176,600",税抜
2312-056,2023-12-23,1005,加藤,アルミ複合板看板,3600,450,1,枚,3,片面,,マット,,,修正,無,,,,"¥33,800",税抜
2312-057,2023-12-24,1055,小林,カルプ文字,,150,7,文字,20,,,,塗装,,支給,有,5,西浜町緑ヶ丘3-15-4,,"107,360",税込
2312-058,2023-12-24,1019,小林,インクジェット出力,1800,420,5,枚,,,ターポリン,グロス,,,修正,有,3.5,南川市 本町8丁目2番,,"88,900",税抜
2312-059,2023-12-24,1034,小林,アルミ複合板看板,2400,450,1,枚,3,片面,,なし,,,支給,有,1.5,東山町 本町1丁目19番,,"48,200",税抜
2312-060,2023-12-24,9999,小林,インクジェット出力,2700,297,5,枚,,,合成紙,グロス,,,修正,無,,,図面支給,"22,600",
2312-061,2023-12-25,9999,中村,インクジェット出力,1800,594,3,枚,,,合成紙,グロス,,,修正,無,,,図面支給,"19,100",税抜
2312-062,2023-12-26,1060,小林,アルミ複合板看板,1200,1200,1,枚,4,片面,,なし,,,支給,無,,,,"¥26,950",税込
2312-063,2023-12-27,1031,山本,袖看板,750,900,1,台,,片面,,,,LED内照,支給,有,2,西浜町中央4-16,,"160,600",税込
2312-064,2023-12-27,1001,中村,インクジェット出力,1200,900,2,枚,,,塩ビシート,なし,,,支給,有,3.5,北原市 本町7丁目22番,夜間作業,"65,560",税込
2312-065,2023-12-28,1052,小林,カルプ文字,,800,12,文字,20,,,,塗装,,修正,有,3.5,中島村中央7-6,,"245,960",税込
2312-066,2023-12-29,1002,加藤,インクジェット出力,3600,420,1,枚,,,ターポリン,なし,,,修正,有,1.5,東山町 本町1丁目8番,,"43,200",税抜
2312-067,2023-12-29,9999,小林,カルプ文字,,250,10,文字,30,,,,塗装,,支給,有,2.5,南川市 本町4丁目2番,,"117,700",税抜
2312-068,2023-12-30,1036,加藤,インクジェット出力,2700,297,2,枚,,,ターポリン,なし,,,支給,無,,東山町 本町2丁目13番,急ぎ・前回同様,"¥6,700",
2312-069,2023-12-30,9999,山本,インクジェット出力,3600,900,3,枚,,,メッシュ,なし,,,支給,有,4,北原市中央6-9,,"135,000",税別
2312-070,2023-12-30,1043,小林,インクジェット出力,841,420,1,枚,,,塩ビシート,グロス,,,支給,無,,,,"5,500",税込
2312-071,2023-12-30,9999,中村,インクジェット出力,900,1200,3,枚,,,合成紙,グロス,,,修正,無,,北原市中央6-9,図面支給,"19,200",
2312-072,2023-12-31,1006,中村,インクジェット出力,900,594,1,枚,,,メッシュ,なし,,,支給,無,,,,"¥5,000",税抜
2312-073,2023-12-31,1047,小林,インクジェット出力,2700,600,2,枚,,,合成紙,マット,,,支給,有,1.5,北原市中央8-19,現調済,"¥48,900",
2312-074,2023-12-31,9999,小林,アルミ複合板看板,600,900,1,枚,3,片面,,グロス,,,修正,有,4,北原市 本町5丁目15番,夜間作業,"¥102,200",税抜
2312-075,2023-12-31,1050,中村,カルプ文字,,400,8,文字,10,,,,シート貼り,,修正,有,4,南川市 本町6丁目14番,既存撤去,"166,540",税込
2401-001,2024-01-01,1012,山本,インクジェット出力,3600,900,1,枚,,,合成紙,なし,,,支給,有,6,北原市 本町4丁目15番,前回同様,"73,700",税込
2401-002,2024-01-01,1020,山本,アルミ複合板看板,3600,1800,1,枚,4,片面,,グロス,,,支給,有,2,北原市（現場：倉庫）,,"143,000",税別
2401-003,2024-01-02,1001,小林,アルミ複合板看板,450,600,4,枚,3,両面,,なし,,,修正,無,,,,"38,900",税抜
2401-004,2024-01-02,1018,中村,アルミ複合板看板,450,600,2,枚,4,片面,,なし,,,新規,無,,南川市緑ヶ丘8-9-10,前回同様,"38,000",
2401-005,2024-01-03,1045,山本,アルミ複合板看板,3600,300,1,枚,3,片面,,なし,,,支給,有,5,北原市中央1-3,図面支給,"¥89,100",税込
2401-006,2024-01-05,1038,山本,アルミ複合板看板,2700,1800,2,枚,3,両面,,マット,,,修正,無,,,,"246,000",税別
2401-007,2024-01-06,1012,山本,インクジェット出力,594,600,1,枚,,,ターポリン,なし,,,支給,有,3.5,北原市 本町8丁目5番,既存撤去,"30,000",税別
2401-008,2024-01-06,1051,加藤,アルミ複合板看板,2400,1500,1,枚,3,両面,,なし,,,新規,有,3.5,北原市 本町1丁目20番,,"¥145,970",税込
2401-009,2024-01-06,1020,小林,カルプ文字,,50,11,文字,20,,,,シート貼り,,新規,有,6,北原市中央1-27,,"114,100",税別
2401-010,2024-01-07,1031,小林,アルミ複合板看板,2700,900,1,枚,4,片面,,グロス,,,支給,有,3.5,北原市中央8-14,,"¥83,050",税込
2401-011,2024-01-07,1036,加藤,カルプ文字,,500,4,文字,10,,,,塗装,,修正,有,4,南川市 本町7丁目13番,,"116,820",税込
2401-012,2024-01-08,1036,中村,カルプ文字,,150,15,文字,20,,,,塗装,,支給,有,3,北原市緑ヶ丘5-13-14,,"102,500",税別
2401-013,2024-01-09,1055,小林,カルプ文字,,400,10,文字,20,,,,シート貼り,,修正,有,2.5,南川市中央7-8,夜間作業,"¥157,300",
2401-014,2024-01-09,1057,小林,インクジェット出力,900,600,3,枚,,,メッシュ,なし,,,支給,有,2.5,西浜町緑ヶ丘8-10-18,夜間作業,"89,320",税込
2401-015,2024-01-09,1031,加藤,アルミ複合板看板,600,900,1,枚,3,両面,,グロス,,,修正,無,,,,"¥21,100",税別
2401-016,2024-01-10,1030,山本,カルプ文字,,100,15,文字,10,,,,シート貼り,,修正,有,6,南川市 本町2丁目24番,,"¥104,000",税別
2401-017,2024-01-11,1041,小林,カルプ文字,,250,4,文字,20,,,,シート貼り,,支給,有,3.5,北原市中央3-21,,"¥50,600",税込
2401-018,2024-01-11,1057,加藤,カルプ文字,,800,15,文字,10,,,,シート貼り,,修正,有,2,北原市中央8-16,,"255,200",税込
2401-019,2024-01-11,1051,小林,インクジェット出力,420,1200,1,枚,,,ターポリン,マット,,,修正,無,,北原市 本町8丁目20番,色見本あり,"7,500",税抜
2401-020,2024-01-11,1003,小林,インクジェット出力,594,600,1,枚,,,塩ビシート,マット,,,新規,無,,,,"72,400",税抜
2401-021,2024-01-12,1001,中村,カルプ文字,,500,6,文字,10,,,,塗装,,支給,有,1.5,南川市 本町6丁目28番,,"¥86,800",税別
2401-022,2024-01-12,1020,中村,カルプ文字,,100,8,文字,20,,,,シート貼り,,支給,有,2,北原市 本町7丁目27番,,"49,280",税込
2401-023,2024-01-12,1014,中村,カルプ文字,,200,3,文字,20,,,,シート貼り,,支給,有,4,北原市緑ヶ丘6-10-13,,"75,350",税込
2401-024,2024-01-12,9999,小林,アルミ複合板看板,600,600,3,枚,3,片面,,グロス,,,新規,有,3,南川市中央1-26,,"103,900",税抜
2401-025,2024-01-13,1013,中村,アルミ複合板看板,900,300,3,枚,3,片面,,なし,,,修正,無,,東山町 本町1丁目29番,,"22,000",税込
2401-026,2024-01-13,9999,山本,アルミ複合板看板,450,300,1,枚,3,片面,,グロス,,,修正,有,2.5,東山町 本町6丁目2番,既存撤去,"64,900",税込
2401-027,2024-01-13,1027,加藤,アルミ複合板看板,3600,600,3,枚,3,両面,,なし,,,修正,有,2.5,東山町 本町7丁目4番,夜間作業,"226,500",税抜
2401-028,2024-01-14,1026,中村,アルミ複合板看板,450,900,4,枚,4,片面,,マット,,,支給,有,2.5,南川市緑ヶ丘2-5-5,,"108,900",
2401-029,2024-01-14,1007,山本,アルミ複合板看板,450,600,3,枚,3,片面,,グロス,,,支給,有,5,中島村中央1-10,,"¥111,100",税込
2401-030,2024-01-15,9999,中村,インクジェット出力,900,600,5,枚,,,メッシュ,なし,,,新規,有,5,南川市 本町4丁目29番,,"148,300",税抜
2401-031,2024-01-15,9999,加藤,インクジェット出力,2700,420,3,枚,,,メッシュ,なし,,,支給,無,,北原市 本町1丁目9番,,"16,800",税抜
2401-032,2024-01-15,9999,小林,インクジェット出力,3600,420,2,枚,,,メッシュ,なし,,,支給,無,,,,"14,900",税別
2401-033,2024-01-15,1036,加藤,カルプ文字,,100,2,文字,10,,,,シート貼り,,支給,有,2,東山町 本町6丁目4番,図面支給,"33,220",税込
2401-034,2024-01-17,9999,小林,袖看板,750,1200,1,台,,両面,,,,なし,支給,有,5,南川市（現場：事務所）,,"171,600",税別
2401-035,2024-01-18,1006,加藤,インクジェット出力,2700,594,3,枚,,,メッシュ,なし,,,支給,無,,,急ぎ,"28,490",税込
2401-036,2024-01-19,1010,小林,袖看板,600,900,1,台,,両面,,,,LED内照,支給,有,5,南川市 本町7丁目28番,図面支給,"210,100",税込
2401-037,2024-01-21,1051,加藤,アルミ複合板看板,900,1800,4,枚,3,片面,,グロス,,,支給,有,1.5,北原市中央2-10,夜間作業,"187,220",税込
2401-038,2024-01-21,1052,中村,アルミ複合板看板,2400,1800,1,枚,3,片面,,マット,,,新規,無,,北原市 本町2丁目28番,,"88,600",税別
2401-039,2024-01-21,9999,中村,カルプ文字,,300,2,文字,10,,,,シート貼り,,新規,有,1.5,東山町中央1-9,夜間作業,"¥82,200",税抜
2401-040,2024-01-21,1006,中村,アルミ複合板看板,3000,1800,4,枚,3,片面,,グロス,,,支給,有,2,西浜町 本町4丁目27番,既存撤去・急ぎ・現調済,"529,760",
2401-041,2024-01-23,1027,加藤,インクジェット出力,1800,900,1,枚,,,塩ビシート,マット,,,新規,有,3.5,東山町緑ヶ丘5-28-9,夜間作業,"¥90,090",税込
2401-042,2024-01-23,1021,山本,アルミ複合板看板,900,450,1,枚,3,片面,,なし,,,支給,有,3.5,南川市 本町5丁目9番,,"41,000",
2401-043,2024-01-23,1039,中村,カルプ文字,,250,3,文字,30,,,,塗装,,支給,有,1.5,西浜町 本町8丁目29番,既存撤去,"71,600",税別
2401-044,2024-01-24,1026,加藤,アルミ複合板看板,600,900,1,枚,3,片面,,マット,,,支給,有,6,北原市中央6-2,,"80,740",税込
2401-045,2024-01-24,9999,加藤,アルミ複合板看板,3600,1800,4,枚,4,片面,,グロス,,,支給,無,,,,"508,200",税抜
2401-046,2024-01-24,9999,小林,アルミ複合板看板,450,1200,3,枚,4,片面,,グロス,,,支給,有,3,北原市中央4-10,,"97,460",税込
2401-047,2024-01-24,9999,中村,アルミ複合板看板,1200,900,1,枚,3,片面,,グロス,,,支給,有,2.5,南川市中央3-18,,"¥55,400",税抜
2401-048,2024-01-25,1045,小林,カルプ文字,,100,9,文字,30,,,,シート貼り,,修正,有,1.5,東山町緑ヶ丘7-6-19,,"64,200",税別
2401-049,2024-01-25,1058,加藤,インクジェット出力,3600,420,1,枚,,,合成紙,マット,,,支給,無,,西浜町緑ヶ丘8-14-16,,"¥6,000",税抜
2401-050,2024-01-26,1021,小林,アルミ複合板看板,2700,900,2,枚,3,片面,,グロス,,,修正,有,2,中島村 本町5丁目25番,既存撤去,"162,800",税込
2401-051,2024-01-26,1003,小林,インクジェット出力,594,297,1,枚,,,メッシュ,グロス,,,修正,有,6,北原市中央8-21,急ぎ,"76,200",
2401-052,2024-01-26,1002,中村,カルプ文字,,250,6,文字,20,,,,塗装,,支給,有,2.5,北原市中央3-2,,"65,000",
2401-053,2024-01-26,1022,小林,インクジェット出力,841,900,1,枚,,,ターポリン,なし,,,新規,有,2.5,中島村中央7-8,,"¥77,660",税込
2401-054,2024-01-27,1042,中村,アルミ複合板看板,3000,900,1,枚,4,片面,,グロス,,,支給,無,,東山町中央2-23,,"55,990",税込
2401-055,2024-01-30,1018,山本,カルプ文字,,80,11,文字,20,,,,塗装,,新規,有,1.5,西浜町緑ヶ丘2-1-17,急ぎ,"121,000",税抜
2401-056,2024-01-31,1030,山本,アルミ複合板看板,450,900,4,枚,3,片面,,グロス,,,支給,無,,,,"39,600",
2401-057,2024-01-31,1042,小林,袖看板,600,1500,1,台,,両面,,,,なし,修正,有,2,中島村 本町6丁目3番,夜間作業,"151,000",税別
2402-001,2024-02-02,1029,中村,インクジェット出力,2700,297,1,枚,,,塩ビシート,なし,,,支給,無,,,色見本あり,"5,000",税別
2402-002,2024-02-02,1043,加藤,カルプ文字,,50,12,文字,20,,,,シート貼り,,新規,有,6,中島村中央2-5,,"145,420",税込
2402-003,2024-02-02,1005,山本,アルミ複合板看板,2700,600,1,枚,3,片面,,なし,,,新規,有,3.5,西浜町中央2-10,,"102,300",税込
2402-004,2024-02-03,1014,山本,アルミ複合板看板,3600,1200,4,枚,4,片面,,マット,,,支給,無,,,,"¥319,000",税別
2402-005,2024-02-03,1030,山本,インクジェット出力,594,900,1,枚,,,塩ビシート,なし,,,支給,無,,,,"5,500",税込
2402-006,2024-02-03,9999,中村,袖看板,600,900,1,台,,両面,,,,LED内照,支給,有,5,南川市中央2-29,既存撤去・図面支給,"245,630",税込
2402-007,2024-02-04,1005,小林,カルプ文字,,80,14,文字,30,,,,シート貼り,,支給,有,2,北原市中央5-7,,"73,200",
2402-008,2024-02-04,1014,加藤,アルミ複合板看板,600,300,1,枚,3,両面,,グロス,,,支給,無,,南川市中央3-1,,"6,700",
2402-009,2024-02-04,1045,山本,アルミ複合板看板,900,1800,1,枚,3,片面,,なし,,,修正,無,,北原市中央4-20,図面支給,"¥29,700",
2402-010,2024-02-05,1042,加藤,アルミ複合板看板,3600,600,1,枚,3,両面,,なし,,,修正,無,,,,"63,250",税込
2402-011,2024-02-06,1024,小林,アルミ複合板看板,2700,1500,1,枚,4,両面,,グロス,,,修正,無,,,,"128,900",税抜
2402-012,2024-02-07,1059,中村,カルプ文字,,200,11,文字,20,,,,シート貼り,,修正,有,3.5,中島村 本町6丁目17番,,"¥89,500",税別
2402-013,2024-02-07,1019,中村,カルプ文字,,800,10,文字,30,,,,塗装,,支給,有,2.5,中島村中央6-16,,"195,000",税抜
2402-014,2024-02-08,1055,加藤,インクジェット出力,1200,420,2,枚,,,塩ビシート,なし,,,支給,有,5,東山町中央7-22,,"88,000",税込
2402-015,2024-02-08,9999,中村,カルプ文字,,600,3,文字,20,,,,塗装,,新規,有,3,南川市緑ヶ丘6-9-8,,"113,190",税込
2402-016,2024-02-09,1053,加藤,アルミ複合板看板,2700,600,1,枚,3,片面,,マット,,,支給,有,4,北原市緑ヶ丘6-8-7,既存撤去,"¥114,180",税込
2402-017,2024-02-09,1011,山本,アルミ複合板看板,600,300,1,枚,4,片面,,なし,,,支給,有,2,西浜町中央8-1,,"¥48,000",
2402-018,2024-02-11,1060,加藤,アルミ複合板看板,600,900,1,枚,3,両面,,グロス,,,支給,無,,,,"17,710",税込
2402-019,2024-02-13,1019,山本,アルミ複合板看板,450,1800,3,枚,3,片面,,なし,,,修正,無,,,,"47,300",税込
2402-020,2024-02-13,1005,山本,アルミ複合板看板,3600,450,1,枚,3,片面,,なし,,,支給,有,1.5,東山町 本町4丁目4番,,"58,000",税抜
2402-021,2024-02-14,9999,中村,カルプ文字,,150,14,文字,20,,,,シート貼り,,支給,有,1.5,北原市中央5-4,,"91,300",
2402-022,2024-02-15,1011,小林,インクジェット出力,1200,420,2,枚,,,合成紙,なし,,,支給,無,,,,"5,500",税込
2402-023,2024-02-15,1033,中村,インクジェット出力,1200,594,1,枚,,,メッシュ,なし,,,支給,無,,北原市中央6-9,色見本あり,"¥5,000",税別
2402-024,2024-02-17,1002,加藤,カルプ文字,,150,15,文字,10,,,,シート貼り,,修正,有,1.5,東山町中央5-7,,"¥90,000",税別
2402-025,2024-02-17,1052,加藤,アルミ複合板看板,1800,300,1,枚,4,両面,,なし,,,新規,無,,,,"¥43,200",税抜
2402-026,2024-02-17,1027,山本,アルミ複合板看板,1800,450,3,枚,4,片面,,なし,,,支給,無,,南川市中央6-16,,"46,000",
2402-027,2024-02-18,9999,中村,インクジェット出力,594,600,1,枚,,,合成紙,グロス,,,修正,有,2.5,南川市 本町1丁目24番,,"47,850",税込
2402-028,2024-02-18,1020,加藤,インクジェット出力,2700,594,1,枚,,,ターポリン,グロス,,,支給,無,,北原市中央3-28,,"8,800",税込
2402-029,2024-02-18,1020,山本,アルミ複合板看板,3000,1800,4,枚,3,両面,,グロス,,,修正,無,,北原市 本町2丁目27番,,"587,400",税込
2402-030,2024-02-18,1056,山本,袖看板,600,1200,2,台,,両面,,,,LED内照,修正,有,5,北原市 本町7丁目1番,,"354,200",税込
2402-031,2024-02-18,1022,小林,アルミ複合板看板,900,450,2,枚,4,両面,,なし,,,新規,無,,,急ぎ,"68,420",税込
2402-032,2024-02-21,1058,小林,インクジェット出力,1800,1200,1,枚,,,塩ビシート,なし,,,支給,無,,北原市中央6-10,,"8,600",
2402-033,2024-02-22,1008,小林,袖看板,450,1200,2,台,,両面,,,,なし,支給,有,6,東山町中央1-29,夜間作業・前回同様,"293,700",税込
2402-034,2024-02-22,1048,小林,袖看板,450,1500,2,台,,片面,,,,なし,支給,有,4,南川市（現場：店舗）,夜間作業,"249,700",税込
2402-035,2024-02-22,1052,小林,アルミ複合板看板,600,450,2,枚,3,片面,,なし,,,支給,有,2,中島村（現場：倉庫）,,"68,420",税込
2402-031-2,2024-02-23,1022,小林,アルミ複合板看板,900,450,3,枚,4,両面,,なし,,,新規,無,,,急ぎ,"68,420",税込
2402-036,2024-02-23,1026,加藤,アルミ複合板看板,450,1200,3,枚,4,片面,,なし,,,新規,有,4,北原市 本町1丁目28番,夜間作業,"¥167,200",税込
2402-037,2024-02-24,1028,加藤,カルプ文字,,250,8,文字,20,,,,シート貼り,,支給,有,2,北原市緑ヶ丘4-3-18,,"72,000",税別
2402-038,2024-02-25,9999,山本,アルミ複合板看板,1200,450,3,枚,3,片面,,なし,,,新規,有,4,北原市緑ヶ丘6-24-10,既存撤去,"155,000",税別
2402-039,2024-02-26,9999,加藤,アルミ複合板看板,3600,1200,3,枚,3,片面,,グロス,,,新規,無,,北原市 本町4丁目20番,,"269,170",税込
2402-040,2024-02-26,1043,中村,カルプ文字,,800,8,文字,20,,,,シート貼り,,支給,有,6,東山町中央7-27,,"¥191,840",
2402-041,2024-02-27,1006,中村,アルミ複合板看板,600,1500,3,枚,3,両面,,グロス,,,支給,無,,,,"69,700",税抜
2402-042,2024-02-27,9999,中村,アルミ複合板看板,3000,1800,1,枚,3,片面,,なし,,,修正,有,4,北原市緑ヶ丘4-3-12,,"166,100",税込
2402-043,2024-02-27,1020,中村,アルミ複合板看板,3000,1500,4,枚,3,片面,,マット,,,新規,有,4,中島村 本町8丁目5番,前回同様,"¥399,000",税別
2402-044,2024-02-27,1005,小林,袖看板,750,1200,1,台,,両面,,,,LED内照,修正,有,1.5,北原市中央4-14,急ぎ,"204,820",税込
2402-045,2024-02-28,1026,中村,カルプ文字,,50,5,文字,10,,,,シート貼り,,新規,有,2,西浜町中央8-20,既存撤去・色見本あり,"93,500",税込
2402-046,2024-02-28,1055,加藤,アルミ複合板看板,3600,900,4,枚,4,両面,,なし,,,支給,有,3,南川市中央2-5,急ぎ,"520,000",
2402-047,2024-02-28,1059,中村,インクジェット出力,420,420,1,枚,,,合成紙,なし,,,支給,有,2,北原市中央5-23,,"29,200",
2402-048,2024-02-29,1025,山本,インクジェット出力,2700,600,1,枚,,,塩ビシート,グロス,,,支給,有,2,北原市中央3-25,色見本あり,"36,000",税別
2403-001,2024-03-01,9999,小林,アルミ複合板看板,3600,1800,1,枚,3,両面,,グロス,,,支給,有,2.5,西浜町中央5-27,,"221,500",
2403-002,2024-03-02,1038,加藤,袖看板,450,1500,1,台,,片面,,,,LED内照,支給,有,1.5,西浜町緑ヶ丘7-26-3,,"146,000",税別
2403-003,2024-03-02,1039,小林,アルミ複合板看板,3600,450,3,枚,3,両面,,マット,,,修正,無,,,,"¥154,330",
2403-004,2024-03-02,1008,山本,アルミ複合板看板,1200,600,1,枚,3,片面,,マット,,,修正,無,,,,"19,800",税込
2403-005,2024-03-02,1041,小林,カルプ文字,,500,9,文字,20,,,,塗装,,支給,有,2,南川市（現場：店舗）,,"122,200",
2403-006,2024-03-03,1029,中村,アルミ複合板看板,900,900,1,枚,3,両面,,なし,,,支給,無,,,,"¥21,400",税抜
2403-007,2024-03-04,1030,加藤,袖看板,450,600,1,台,,両面,,,,なし,修正,有,3,北原市 本町6丁目8番,,"107,800",税込
2403-008,2024-03-04,1049,山本,インクジェット出力,1800,420,1,枚,,,塩ビシート,マット,,,支給,無,,,,"¥5,500",
2403-009,2024-03-04,1039,中村,アルミ複合板看板,2700,450,1,枚,3,片面,,なし,,,支給,有,6,南川市（現場：倉庫）,,"88,600",
2403-010,2024-03-05,1013,山本,インクジェット出力,420,900,1,枚,,,ターポリン,なし,,,支給,無,,,,"¥5,500",
2403-011,2024-03-05,1009,加藤,インクジェット出力,1200,297,3,枚,,,ターポリン,なし,,,支給,無,,南川市 本町1丁目11番,,"5,720",税込
2403-012,2024-03-06,1043,中村,カルプ文字,,250,12,文字,10,,,,シート貼り,,修正,有,2,北原市中央2-7,急ぎ,"126,940",税込
2403-013,2024-03-07,1025,加藤,アルミ複合板看板,900,450,1,枚,4,片面,,マット,,,支給,無,,,前回同様,"11,550",税込
2403-014,2024-03-07,1045,小林,カルプ文字,,250,8,文字,20,,,,塗装,,修正,有,4,北原市 本町7丁目14番,,"120,000",税抜
2403-015,2024-03-08,9999,山本,インクジェット出力,420,297,1,枚,,,塩ビシート,なし,,,新規,無,,,,"22,000",税込
2403-016,2024-03-08,1042,中村,袖看板,750,1500,1,台,,片面,,,,LED内照,修正,有,2,北原市緑ヶ丘5-18-8,夜間作業・色見本あり,"¥178,000",税別
2403-017,2024-03-08,9999,中村,アルミ複合板看板,2700,600,3,枚,4,片面,,マット,,,修正,無,,東山町（現場：店舗）,,"128,480",税込
2403-018,2024-03-08,9999,山本,インクジェット出力,420,900,1,枚,,,合成紙,マット,,,支給,無,,東山町中央3-2,前回同様,"¥5,000",税抜
2403-019,2024-03-08,9999,加藤,インクジェット出力,1200,420,5,枚,,,メッシュ,マット,,,支給,無,,,,"18,260",税込
2403-020,2024-03-08,1059,山本,インクジェット出力,1800,900,1,枚,,,合成紙,なし,,,新規,有,2.5,北原市緑ヶ丘2-3-6,,"62,700",税込
2403-021,2024-03-09,9999,山本,インクジェット出力,3600,1200,1,枚,,,塩ビシート,マット,,,新規,無,,北原市中央4-23,,"¥51,000",税抜
2403-022,2024-03-10,9999,山本,アルミ複合板看板,600,1500,3,枚,3,片面,,なし,,,支給,有,2,北原市中央8-14,,"99,000",税込
2403-023,2024-03-10,1002,小林,カルプ文字,,250,6,文字,20,,,,シート貼り,,支給,有,5,南川市 本町2丁目15番,既存撤去・現調済,"¥111,000",税抜
2403-024,2024-03-10,1007,山本,袖看板,600,600,1,台,,片面,,,,LED内照,支給,有,5,北原市緑ヶ丘2-22-3,現調済,"128,000",税抜
2403-025,2024-03-10,1017,小林,袖看板,900,1200,2,台,,片面,,,,なし,支給,有,1.5,北原市緑ヶ丘1-24-8,,"¥226,000",
2403-026,2024-03-10,1051,加藤,アルミ複合板看板,1200,1200,1,枚,4,片面,,なし,,,支給,有,3,北原市中央2-29,,"57,750",
2403-027,2024-03-11,1028,加藤,カルプ文字,,200,3,文字,10,,,,塗装,,修正,有,2,東山町中央3-17,現調済,"49,500",税込
2403-028,2024-03-11,1026,山本,カルプ文字,,200,11,文字,20,,,,シート貼り,,支給,有,2.5,北原市（現場：店舗）,,"¥69,000",
2403-029,2024-03-13,9999,山本,アルミ複合板看板,3600,300,3,枚,3,片面,,なし,,,新規,無,,中島村（現場：店舗）,,"85,000",
2403-030,2024-03-13,9999,加藤,インクジェット出力,3600,1200,1,枚,,,ターポリン,マット,,,支給,有,3.5,西浜町 本町2丁目16番,,"¥78,100",税込
2403-031,2024-03-13,1003,加藤,インクジェット出力,1800,1200,1,枚,,,塩ビシート,なし,,,新規,有,4,中島村 本町6丁目5番,,"102,900",
2403-032,2024-03-14,1007,山本,カルプ文字,,50,15,文字,10,,,,シート貼り,,支給,有,1.5,北原市中央5-28,,"53,000",税別
2403-033,2024-03-15,1034,小林,袖看板,900,600,1,台,,両面,,,,LED内照,支給,有,2,中島村中央7-1,,"182,600",税込
2403-034,2024-03-16,1002,小林,カルプ文字,,600,6,文字,20,,,,塗装,,支給,有,5,西浜町 本町1丁目27番,現調済,"¥161,800",税抜
2403-035,2024-03-17,1031,加藤,アルミ複合板看板,1200,300,1,枚,4,両面,,マット,,,修正,無,,,,"18,600",
2403-036,2024-03-17,1060,加藤,アルミ複合板看板,600,450,1,枚,3,両面,,なし,,,支給,無,,北原市（現場：店舗）,,"9,240",税込
2403-037,2024-03-17,1005,中村,インクジェット出力,594,297,1,枚,,,ターポリン,なし,,,支給,有,1.5,中島村緑ヶ丘7-19-6,夜間作業・既存撤去,"71,700",税別
2403-038,2024-03-18,1042,小林,アルミ複合板看板,2400,900,1,枚,3,片面,,グロス,,,支給,無,,,,"¥36,080",税込
2403-039,2024-03-19,9999,小林,インクジェット出力,2700,900,1,枚,,,合成紙,なし,,,新規,無,,,,"31,600",税別
2403-040,2024-03-19,1030,山本,アルミ複合板看板,900,1500,1,枚,3,片面,,グロス,,,新規,有,2.5,北原市緑ヶ丘6-16-13,前回同様,"¥81,400",税込
2403-041,2024-03-19,1044,中村,アルミ複合板看板,3000,1800,1,枚,4,片面,,グロス,,,支給,無,,南川市 本町1丁目19番,,"106,480",
2403-042,2024-03-19,9999,小林,カルプ文字,,400,2,文字,10,,,,塗装,,支給,有,1.5,南川市（現場：事務所）,前回同様,"50,100",税別
2403-043,2024-03-20,1010,小林,カルプ文字,,300,13,文字,10,,,,塗装,,支給,有,4,北原市緑ヶ丘3-11-3,既存撤去,"173,800",税込
2403-025-2,2024-03-21,1017,小林,袖看板,900,1200,3,台,,片面,,,,なし,支給,有,1.5,北原市緑ヶ丘1-24-8,,"¥226,000",
2403-044,2024-03-21,1024,山本,インクジェット出力,2700,1200,2,枚,,,メッシュ,マット,,,支給,有,3.5,北原市（現場：事務所）,,"¥74,000",税抜
2403-045,2024-03-22,1008,山本,アルミ複合板看板,450,600,1,枚,4,片面,,なし,,,支給,有,3,北原市 本町5丁目15番,,"¥37,400",税込
2403-046,2024-03-22,1002,加藤,アルミ複合板看板,1200,1200,1,枚,3,片面,,なし,,,支給,無,,,,"20,000",税抜
2403-047,2024-03-25,1014,中村,袖看板,450,600,1,台,,両面,,,,なし,新規,有,1.5,西浜町 本町1丁目5番,前回同様,"146,300",税込
2403-048,2024-03-25,1018,山本,カルプ文字,,600,3,文字,20,,,,シート貼り,,修正,有,5,東山町 本町4丁目8番,,"117,700",税込
2403-049,2024-03-26,9999,中村,カルプ文字,,200,12,文字,10,,,,シート貼り,,支給,有,2,北原市中央4-15,,"82,280",
2403-050,2024-03-27,1018,山本,袖看板,900,900,1,台,,両面,,,,LED内照,修正,有,4,南川市中央7-16,既存撤去,"208,000",税抜
2403-051,2024-03-27,9999,加藤,インクジェット出力,900,600,1,枚,,,メッシュ,グロス,,,修正,無,,南川市（現場：店舗）,,"8,500",税別
2403-052,2024-03-27,9999,中村,カルプ文字,,400,5,文字,10,,,,シート貼り,,支給,有,4,東山町（現場：事務所）,図面支給,"¥117,100",税別
2403-053,2024-03-28,1007,山本,袖看板,450,1500,1,台,,片面,,,,LED内照,新規,有,3.5,北原市中央7-15,,"142,000",
2403-054,2024-03-28,9999,中村,カルプ文字,,300,8,文字,30,,,,シート貼り,,支給,有,3,北原市中央6-22,,"¥93,830",税込
2403-055,2024-03-29,1060,中村,アルミ複合板看板,3000,900,1,枚,3,片面,,なし,,,修正,有,3,南川市 本町8丁目16番,,"¥75,400",税抜
2403-056,2024-03-30,1032,山本,インクジェット出力,594,600,1,枚,,,合成紙,なし,,,支給,有,2.5,北原市中央4-13,既存撤去・図面支給,"45,100",税込
2403-057,2024-03-30,9999,小林,袖看板,600,1200,1,台,,片面,,,,LED内照,支給,有,2.5,南川市中央3-11,,"¥149,600",税抜
2403-058,2024-03-30,1016,加藤,アルミ複合板看板,1800,1800,2,枚,3,片面,,なし,,,新規,無,,,,"¥119,020",税込
2403-059,2024-03-31,1031,中村,インクジェット出力,1200,594,5,枚,,,ターポリン,なし,,,支給,無,,,,"12,400",
2404-001,2024-04-01,1046,小林,カルプ文字,,200,5,文字,20,,,,シート貼り,,支給,有,3,北原市 本町6丁目7番,,"42,500",税別
2404-002,2024-04-02,9999,中村,アルミ複合板看板,450,1500,3,枚,4,両面,,グロス,,,支給,有,2,南川市（現場：倉庫）,,"127,400",税別
2404-003,2024-04-02,9999,山本,アルミ複合板看板,1800,1200,2,枚,4,片面,,マット,,,新規,無,,,,"¥111,000",
2404-004,2024-04-03,1019,中村,アルミ複合板看板,1800,450,1,枚,3,両面,,マット,,,修正,無,,,,"¥31,020",税込
2404-005,2024-04-03,1003,中村,袖看板,900,1200,1,台,,両面,,,,なし,修正,有,5,西浜町緑ヶ丘7-12-15,,"¥178,700",税抜
2404-006,2024-04-04,9999,加藤,アルミ複合板看板,2700,1800,1,枚,4,片面,,なし,,,新規,有,2.5,北原市 本町1丁目29番,,"142,100",税抜
2404-007,2024-04-04,9999,加藤,袖看板,750,900,1,台,,片面,,,,LED内照,新規,有,3,北原市中央8-7,,"186,010",税込
2404-008,2024-04-04,9999,小林,袖看板,450,900,1,台,,両面,,,,なし,修正,有,2.5,西浜町（現場：事務所）,,"¥136,180",税込
2404-009,2024-04-05,1039,小林,インクジェット出力,2700,600,1,枚,,,合成紙,グロス,,,新規,無,,,,"¥31,400",
2404-010,2024-04-06,1060,山本,インクジェット出力,3600,1200,1,枚,,,ターポリン,なし,,,支給,有,2,北原市 本町4丁目8番,夜間作業・色見本あり,"63,800",税込
2404-011,2024-04-07,1058,中村,インクジェット出力,3600,600,1,枚,,,合成紙,なし,,,支給,無,,南川市中央6-18,色見本あり,"5,940",税込
2404-012,2024-04-07,1038,加藤,カルプ文字,,50,13,文字,20,,,,シート貼り,,支給,有,1.5,東山町緑ヶ丘3-23-9,既存撤去・急ぎ,"101,970",税込
2404-013,2024-04-08,1013,小林,インクジェット出力,1800,297,3,枚,,,ターポリン,なし,,,支給,無,,,,"6,160",税込
2404-014,2024-04-08,1015,加藤,袖看板,600,1200,1,台,,片面,,,,なし,新規,有,3,東山町（現場：店舗）,,"126,000",税抜
2404-015,2024-04-08,9999,中村,アルミ複合板看板,2700,600,4,枚,4,片面,,なし,,,新規,有,1.5,中島村中央8-23,,"256,190",税込
2404-016,2024-04-09,9999,中村,アルミ複合板看板,1800,1800,1,枚,4,片面,,なし,,,支給,無,,,,"62,370",税込
2404-017,2024-04-09,1028,加藤,インクジェット出力,1800,297,1,枚,,,塩ビシート,マット,,,修正,有,5,北原市中央2-2,既存撤去,"82,900",税抜
2404-018,2024-04-10,9999,加藤,インクジェット出力,2700,594,3,枚,,,合成紙,マット,,,支給,有,2.5,東山町中央5-17,,"82,500",税込
2404-019,2024-04-11,1003,山本,インクジェット出力,420,1200,1,枚,,,ターポリン,なし,,,新規,無,,,,"¥26,000",税抜
2404-020,2024-04-12,9999,中村,インクジェット出力,1800,1200,1,枚,,,合成紙,マット,,,支給,無,,南川市 本町3丁目8番,,"¥10,450",税込
2404-021,2024-04-13,1049,加藤,インクジェット出力,1800,297,3,枚,,,合成紙,なし,,,新規,無,,,,"29,000",税別
2404-022,2024-04-13,1055,小林,インクジェット出力,841,420,5,枚,,,ターポリン,マット,,,支給,無,,東山町中央7-9,図面支給,"12,500",税別
2404-023,2024-04-13,9999,山本,インクジェット出力,1800,420,5,枚,,,ターポリン,なし,,,修正,有,1.5,南川市 本町6丁目23番,既存撤去,"114,400",税込
2404-024,2024-04-14,1037,中村,カルプ文字,,50,10,文字,10,,,,塗装,,支給,有,1.5,東山町中央2-5,,"¥67,100",税込
2404-025,2024-04-14,1048,加藤,アルミ複合板看板,3600,600,1,枚,3,片面,,マット,,,修正,有,5,北原市中央4-17,夜間作業,"118,800",税別
2404-026,2024-04-14,1025,山本,カルプ文字,,800,6,文字,10,,,,シート貼り,,支給,有,1.5,北原市緑ヶ丘8-4-1,既存撤去,"¥114,000",
2404-002-2,2024-04-15,9999,中村,アルミ複合板看板,450,1500,3,枚,4,両面,,グロス,,,支給,有,2,南川市（現場：倉庫）,,"127,400",税別
2404-027,2024-04-15,1046,中村,アルミ複合板看板,900,600,3,枚,4,片面,,グロス,,,新規,無,,,,"¥61,600",税抜
2404-028,2024-04-16,1012,山本,アルミ複合板看板,600,1200,1,枚,3,両面,,なし,,,修正,有,2,北原市中央8-22,,"53,900",税込
2404-029,2024-04-16,9999,山本,カルプ文字,,500,15,文字,20,,,,シート貼り,,支給,有,4,西浜町緑ヶ丘8-12-5,,"238,000",税抜
2404-030,2024-04-16,1052,小林,インクジェット出力,3600,420,1,枚,,,塩ビシート,マット,,,支給,有,5,中島村 本町2丁目21番,,"¥86,300",税別
2404-031,2024-04-16,1040,加藤,カルプ文字,,400,12,文字,20,,,,シート貼り,,修正,有,5,西浜町中央4-3,,"211,860",税込
2404-032,2024-04-17,9999,中村,インクジェット出力,1800,297,1,枚,,,メッシュ,マット,,,支給,有,3.5,西浜町中央2-15,,"50,800",税抜
2404-033,2024-04-18,1039,中村,カルプ文字,,250,5,文字,20,,,,シート貼り,,支給,有,5,南川市（現場：事務所）,夜間作業,"107,500",
2404-034,2024-04-18,9999,中村,インクジェット出力,1800,600,2,枚,,,ターポリン,グロス,,,支給,有,5,北原市 本町6丁目3番,夜間作業,"¥106,400",税別
2404-035,2024-04-19,1014,加藤,アルミ複合板看板,600,900,3,枚,4,片面,,なし,,,支給,無,,,,"¥33,000",税抜
2404-036,2024-04-19,1059,中村,袖看板,600,1500,2,台,,両面,,,,なし,修正,有,4,北原市緑ヶ丘5-18-15,既存撤去,"264,000",税抜
2404-037,2024-04-19,1054,小林,カルプ文字,,800,2,文字,20,,,,シート貼り,,支給,有,2.5,南川市中央2-20,,"53,600",税抜
2404-038,2024-04-20,1045,山本,カルプ文字,,50,7,文字,10,,,,塗装,,支給,有,5,北原市中央5-8,,"80,000",税抜
2404-039,2024-04-21,1057,加藤,袖看板,450,1200,1,台,,両面,,,,LED内照,修正,有,2.5,東山町（現場：事務所）,既存撤去,"173,000",税抜
2404-040,2024-04-21,1029,加藤,インクジェット出力,900,420,1,枚,,,メッシュ,なし,,,修正,有,5,南川市中央2-21,,"75,200",税抜
2404-041,2024-04-21,1013,中村,袖看板,750,1500,2,台,,両面,,,,LED内照,支給,有,2.5,東山町（現場：倉庫）,,"375,100",
2404-042,2024-04-23,1053,山本,アルミ複合板看板,900,1800,1,枚,4,片面,,なし,,,支給,有,6,南川市 本町3丁目25番,急ぎ・現調済,"114,000",
2404-043,2024-04-24,9999,小林,カルプ文字,,50,4,文字,10,,,,シート貼り,,新規,有,2.5,西浜町緑ヶ丘5-20-3,,"74,900",税別
2404-044,2024-04-24,1041,山本,インクジェット出力,420,297,1,枚,,,ターポリン,グロス,,,新規,有,4,南川市（現場：事務所）,,"95,000",税抜
2404-045,2024-04-25,9999,中村,アルミ複合板看板,3000,1200,1,枚,3,片面,,なし,,,支給,無,,北原市緑ヶ丘4-11-19,,"¥53,000",税抜
2404-046,2024-04-25,1051,小林,カルプ文字,,500,13,文字,10,,,,シート貼り,,支給,有,5,西浜町 本町6丁目15番,,"209,990",税込
2404-047,2024-04-26,9999,山本,アルミ複合板看板,1800,1500,1,枚,4,片面,,グロス,,,修正,無,,東山町緑ヶ丘8-6-4,急ぎ,"¥74,800",税込
2404-048,2024-04-26,1045,小林,アルミ複合板看板,3600,1800,1,枚,3,片面,,グロス,,,支給,無,,,,"96,000",税別
2404-049,2024-04-27,9999,小林,インクジェット出力,841,1200,1,枚,,,合成紙,なし,,,支給,無,,,,"¥5,000",税別
2404-050,2024-04-27,1036,中村,インクジェット出力,594,600,2,枚,,,ターポリン,グロス,,,修正,有,3,北原市 本町1丁目11番,,"46,000",税別
2404-051,2024-04-28,1059,小林,インクジェット出力,594,1200,2,枚,,,メッシュ,なし,,,支給,無,,,現調済,"¥6,400",税抜
2404-052,2024-04-28,1044,中村,カルプ文字,,50,9,文字,20,,,,シート貼り,,修正,有,6,東山町中央7-6,,"92,900",
2404-053,2024-04-29,1056,中村,アルミ複合板看板,450,1500,1,枚,3,片面,,グロス,,,修正,無,,,,"16,800",税別
2404-054,2024-04-29,1049,山本,カルプ文字,,250,2,文字,20,,,,シート貼り,,支給,有,5,中島村中央6-13,前回同様,"91,300",税込
2404-055,2024-04-29,1055,加藤,アルミ複合板看板,3000,1500,1,枚,3,片面,,マット,,,支給,無,,北原市中央6-12,急ぎ・色見本あり,"81,600",
2404-056,2024-04-29,9999,中村,カルプ文字,,80,8,文字,10,,,,塗装,,支給,有,6,東山町中央4-17,既存撤去,"129,690",税込
2404-057,2024-04-30,9999,小林,袖看板,450,1200,1,台,,両面,,,,LED内照,修正,有,3.5,西浜町緑ヶ丘4-24-7,既存撤去,"200,800",税抜
2405-001,2024-05-01,1021,山本,カルプ文字,,250,11,文字,20,,,,塗装,,修正,有,4,東山町 本町1丁目15番,,"¥147,000",税別
2405-002,2024-05-01,9999,中村,インクジェット出力,1200,297,2,枚,,,塩ビシート,なし,,,支給,有,4,南川市中央5-1,,"¥96,800",税込
2405-003,2024-05-05,1035,山本,アルミ複合板看板,3600,600,1,枚,3,片面,,なし,,,支給,有,1.5,北原市（現場：事務所）,急ぎ,"71,000",
2405-004,2024-05-05,9999,中村,インクジェット出力,420,420,2,枚,,,塩ビシート,グロス,,,支給,有,2,北原市中央5-16,,"¥45,600",税別
2405-005,2024-05-07,9999,小林,カルプ文字,,200,12,文字,10,,,,シート貼り,,新規,有,5,北原市中央8-8,,"¥138,300",税抜
2405-006,2024-05-07,9999,中村,カルプ文字,,50,9,文字,10,,,,シート貼り,,新規,有,3.5,北原市（現場：倉庫）,,"72,700",税抜
2405-007,2024-05-07,1028,加藤,インクジェット出力,3600,600,1,枚,,,塩ビシート,グロス,,,修正,無,,,,"16,800",
2405-008,2024-05-07,1060,中村,カルプ文字,,800,2,文字,30,,,,シート貼り,,支給,有,3,中島村 本町2丁目18番,,"65,000",
2405-009,2024-05-08,1017,山本,インクジェット出力,900,600,3,枚,,,メッシュ,なし,,,新規,無,,,,"¥35,200",税込
2405-010,2024-05-09,1058,山本,インクジェット出力,420,1200,1,枚,,,メッシュ,マット,,,支給,有,3.5,東山町 本町1丁目10番,,"36,000",
2405-011,2024-05-09,9999,小林,カルプ文字,,200,10,文字,10,,,,シート貼り,,支給,有,4,北原市 本町4丁目8番,,"104,500",税抜
2405-012,2024-05-10,9999,加藤,カルプ文字,,400,3,文字,10,,,,シート貼り,,支給,有,2.5,北原市中央3-14,現調済,"57,860",税込
2405-013,2024-05-11,9999,加藤,アルミ複合板看板,600,600,1,枚,4,両面,,なし,,,支給,無,,,,"15,400",税込
2404-057-2,2024-05-13,9999,小林,袖看板,450,1200,1,台,,両面,,,,LED内照,修正,有,3.5,西浜町緑ヶ丘4-24-7,既存撤去,"200,800",税別
2405-014,2024-05-13,1040,中村,インクジェット出力,900,1200,3,枚,,,メッシュ,グロス,,,支給,無,,,,"21,340",税込
2405-015,2024-05-13,9999,小林,カルプ文字,,300,14,文字,10,,,,シート貼り,,修正,有,3.5,東山町 本町8丁目19番,,"¥124,900",
2405-016,2024-05-13,1055,小林,アルミ複合板看板,1800,450,1,枚,3,片面,,なし,,,支給,無,,,,"14,080",
2405-017,2024-05-13,1059,小林,カルプ文字,,200,9,文字,30,,,,シート貼り,,支給,有,1.5,南川市 本町2丁目24番,色見本あり,"71,800",税別
2405-018,2024-05-13,1049,加藤,カルプ文字,,200,4,文字,10,,,,シート貼り,,修正,有,2.5,北原市中央7-16,色見本あり,"41,000",税別
2405-019,2024-05-14,1006,小林,カルプ文字,,600,10,文字,10,,,,塗装,,修正,有,3,北原市緑ヶ丘8-12-8,前回同様,"¥173,000",
2405-020,2024-05-14,1009,小林,袖看板,900,600,1,台,,両面,,,,なし,新規,有,1.5,北原市中央8-26,,"155,100",税込
2405-021,2024-05-14,1002,山本,袖看板,750,1200,1,台,,両面,,,,LED内照,修正,有,3.5,南川市中央8-29,夜間作業,"176,000",税抜
2405-022,2024-05-14,1019,中村,袖看板,900,900,1,台,,両面,,,,なし,修正,有,4,北原市中央6-2,色見本あり,"171,600",税込
2405-023,2024-05-14,9999,山本,カルプ文字,,100,7,文字,20,,,,塗装,,支給,有,6,西浜町緑ヶ丘1-22-9,,"¥118,800",税込
2405-024,2024-05-14,1014,山本,カルプ文字,,800,14,文字,30,,,,塗装,,支給,有,2,北原市緑ヶ丘7-23-17,,"¥268,400",税込
2405-025,2024-05-15,1046,山本,カルプ文字,,250,2,文字,10,,,,シート貼り,,支給,有,2.5,東山町緑ヶ丘4-19-4,,"¥40,700",
2405-026,2024-05-16,9999,加藤,アルミ複合板看板,1800,450,2,枚,3,片面,,なし,,,修正,有,6,南川市 本町5丁目10番,現調済,"128,370",
2405-027,2024-05-16,1013,加藤,アルミ複合板看板,600,900,2,枚,3,両面,,なし,,,修正,有,2,北原市緑ヶ丘6-28-15,図面支給,"70,730",税込
2405-028,2024-05-16,1028,加藤,アルミ複合板看板,2400,450,4,枚,4,片面,,なし,,,支給,有,6,東山町中央6-29,,"182,600",
2405-029,2024-05-16,1047,加藤,アルミ複合板看板,450,900,1,枚,4,両面,,マット,,,支給,有,5,南川市中央5-17,夜間作業,"99,500",税抜
2405-030,2024-05-16,1043,小林,アルミ複合板看板,450,1500,3,枚,3,片面,,なし,,,新規,有,1.5,南川市中央3-1,,"105,200",
2405-031,2024-05-16,9999,小林,袖看板,450,900,2,台,,両面,,,,なし,支給,有,4,南川市 本町4丁目14番,夜間作業,"267,410",税込
2405-032,2024-05-16,1057,小林,アルミ複合板看板,3600,1800,1,枚,3,両面,,なし,,,新規,無,,,急ぎ,"199,400",税別
2405-033,2024-05-17,1007,小林,袖看板,450,1200,1,台,,両面,,,,LED内照,新規,有,2,西浜町（現場：店舗）,,"174,400",税別
2405-034,2024-05-17,1037,加藤,アルミ複合板看板,2700,450,1,枚,4,片面,,グロス,,,新規,無,,,,"57,310",税込
2405-035,2024-05-18,1016,加藤,アルミ複合板看板,600,300,2,枚,4,片面,,なし,,,新規,有,6,北原市 本町2丁目13番,夜間作業,"121,000",税抜
2405-036,2024-05-18,9999,加藤,袖看板,750,1200,2,台,,両面,,,,なし,修正,有,2.5,南川市中央7-26,図面支給,"268,070",
2405-037,2024-05-18,1039,加藤,カルプ文字,,50,13,文字,20,,,,シート貼り,,新規,有,2.5,北原市中央4-2,既存撤去・現調済,"107,030",
2405-038,2024-05-19,1041,小林,アルミ複合板看板,1800,1500,3,枚,3,片面,,マット,,,新規,無,,東山町 本町1丁目29番,,"158,840",税込
2405-039,2024-05-19,1025,小林,インクジェット出力,841,594,1,枚,,,メッシュ,なし,,,支給,有,4,北原市緑ヶ丘4-20-4,,"¥71,720",税込
2405-040,2024-05-19,9999,山本,インクジェット出力,2700,1200,1,枚,,,メッシュ,マット,,,修正,無,,,,"¥26,000",
2405-041,2024-05-19,1020,山本,カルプ文字,,150,11,文字,10,,,,塗装,,新規,有,1.5,南川市中央2-7,夜間作業,"120,000",税抜
2405-042,2024-05-19,1044,小林,インクジェット出力,594,1200,2,枚,,,合成紙,なし,,,新規,無,,北原市 本町7丁目12番,,"28,500",
2405-009-2,2024-05-21,1017,山本,インクジェット出力,900,600,4,枚,,,メッシュ,なし,,,新規,無,,,,"¥35,200",税込
2405-043,2024-05-22,1060,中村,インクジェット出力,900,900,2,枚,,,メッシュ,なし,,,修正,無,,,,"12,200",税別
2405-044,2024-05-23,9999,中村,カルプ文字,,50,13,文字,10,,,,シート貼り,,修正,有,3.5,北原市中央8-28,,"64,100",
2405-045,2024-05-24,1012,加藤,アルミ複合板看板,3600,600,1,枚,3,片面,,なし,,,修正,有,4,中島村緑ヶ丘6-8-7,既存撤去,"120,300",税抜
2405-046,2024-05-24,1002,加藤,カルプ文字,,100,9,文字,20,,,,シート貼り,,支給,有,3.5,北原市中央1-13,前回同様,"52,690",
2405-047,2024-05-24,9999,中村,インクジェット出力,594,600,3,枚,,,ターポリン,なし,,,新規,有,4,中島村 本町3丁目23番,図面支給,"¥134,100",税抜
2405-048,2024-05-25,1014,加藤,インクジェット出力,3600,420,5,枚,,,塩ビシート,なし,,,支給,有,2,東山町 本町1丁目19番,色見本あり,"¥95,200",
2405-049,2024-05-27,1047,中村,インクジェット出力,2700,297,3,枚,,,ターポリン,マット,,,支給,有,2,南川市中央8-13,,"¥60,100",税別
2405-050,2024-05-28,1047,加藤,アルミ複合板看板,2400,900,1,枚,4,片面,,グロス,,,支給,無,,北原市中央6-17,,"34,900",税別
2405-051,2024-05-29,1018,中村,アルミ複合板看板,900,600,1,枚,4,片面,,なし,,,支給,有,2,北原市 本町7丁目22番,夜間作業,"54,000",税抜
2405-052,2024-05-29,1015,加藤,袖看板,750,900,1,台,,両面,,,,LED内照,支給,有,2,東山町中央6-12,色見本あり,"156,000",税抜
2405-053,2024-05-29,9999,中村,カルプ文字,,600,5,文字,30,,,,塗装,,修正,有,4,北原市（現場：店舗）,,"¥168,850",税込
2405-054,2024-05-29,1044,中村,カルプ文字,,250,15,文字,30,,,,塗装,,支給,有,6,北原市中央5-12,,"¥195,800",税込
2405-055,2024-05-31,1015,山本,袖看板,750,1500,1,台,,両面,,,,なし,新規,有,1.5,北原市 本町3丁目5番,,"168,000",税別
2406-001,2024-06-01,1035,加藤,アルミ複合板看板,1800,1800,3,枚,3,両面,,なし,,,新規,有,6,東山町緑ヶ丘4-1-4,,"328,800",税別
2406-002,2024-06-01,1021,小林,カルプ文字,,50,15,文字,30,,,,塗装,,修正,有,2.5,北原市緑ヶ丘2-18-13,,"97,000",
2406-003,2024-06-01,1025,中村,インクジェット出力,420,900,3,枚,,,ターポリン,なし,,,新規,有,2,北原市（現場：店舗）,,"81,620",税込
2406-004,2024-06-02,9999,小林,カルプ文字,,80,7,文字,10,,,,塗装,,支給,有,6,北原市（現場：店舗）,,"97,020",税込
2406-005,2024-06-04,1057,小林,アルミ複合板看板,1800,1800,1,枚,4,片面,,グロス,,,修正,無,,,,"63,100",税別
2406-006,2024-06-05,1008,加藤,インクジェット出力,1200,420,1,枚,,,ターポリン,なし,,,新規,有,6,南川市 本町2丁目2番,図面支給,"94,700",税別
2406-007,2024-06-05,1011,加藤,カルプ文字,,250,7,文字,20,,,,シート貼り,,支給,有,6,北原市中央2-6,,"110,550",税込
2406-008,2024-06-05,1054,小林,アルミ複合板看板,450,1200,4,枚,4,片面,,グロス,,,修正,無,,東山町（現場：店舗）,,"59,180",
2406-009,2024-06-05,1059,山本,アルミ複合板看板,450,1800,1,枚,3,片面,,マット,,,支給,有,3,北原市 本町2丁目21番,急ぎ・図面支給,"51,000",税別
2406-010,2024-06-06,1041,中村,アルミ複合板看板,600,1200,1,枚,3,両面,,なし,,,修正,有,2.5,東山町中央6-10,急ぎ,"74,470",税込
2406-011,2024-06-06,9999,山本,アルミ複合板看板,900,600,3,枚,3,両面,,グロス,,,修正,有,6,西浜町 本町2丁目18番,,"¥161,000",
2406-012,2024-06-07,1030,中村,袖看板,750,1500,1,台,,両面,,,,なし,支給,有,6,北原市緑ヶ丘2-2-6,現調済,"178,000",税抜
2406-013,2024-06-09,1001,小林,インクジェット出力,420,600,3,枚,,,塩ビシート,なし,,,修正,無,,,,"12,100",税込
2406-014,2024-06-09,9999,加藤,インクジェット出力,900,600,1,枚,,,塩ビシート,なし,,,新規,無,,西浜町中央3-14,現調済,"30,030",税込
2406-015,2024-06-09,1043,中村,カルプ文字,,150,13,文字,30,,,,塗装,,新規,有,4,北原市中央7-3,,"176,660",税込
2406-016,2024-06-10,9999,中村,アルミ複合板看板,2700,450,2,枚,3,片面,,グロス,,,支給,有,3,西浜町（現場：店舗）,夜間作業・色見本あり,"135,960",
2406-017,2024-06-11,1030,加藤,カルプ文字,,100,15,文字,20,,,,塗装,,支給,有,5,東山町中央7-12,,"¥133,650",税込
2406-018,2024-06-12,1059,加藤,カルプ文字,,600,4,文字,10,,,,シート貼り,,支給,有,2.5,中島村中央7-13,,"¥99,220",税込
2406-019,2024-06-12,1037,山本,カルプ文字,,300,11,文字,20,,,,シート貼り,,支給,有,2.5,中島村中央2-13,,"¥106,000",税抜
2406-020,2024-06-12,1011,山本,カルプ文字,,800,10,文字,20,,,,シート貼り,,新規,有,2,北原市緑ヶ丘1-25-10,,"206,800",
2406-021,2024-06-12,1043,加藤,インクジェット出力,3600,420,1,枚,,,メッシュ,グロス,,,新規,無,,,,"¥37,400",税込
2406-022,2024-06-12,1036,山本,アルミ複合板看板,3000,600,2,枚,3,片面,,なし,,,修正,無,,南川市 本町5丁目8番,急ぎ・図面支給,"68,000",
2406-023,2024-06-12,1030,山本,アルミ複合板看板,450,600,4,枚,3,片面,,なし,,,修正,有,3,西浜町（現場：事務所）,,"¥103,400",税込
2406-024,2024-06-13,9999,中村,カルプ文字,,80,12,文字,10,,,,塗装,,支給,有,2,北原市緑ヶ丘7-21-7,,"69,500",
2406-025,2024-06-13,1040,加藤,アルミ複合板看板,3600,1500,1,枚,3,片面,,なし,,,支給,無,,,,"76,780",税込
2406-026,2024-06-13,9999,加藤,アルミ複合板看板,900,300,1,枚,4,片面,,グロス,,,修正,有,3.5,中島村 本町4丁目29番,急ぎ・色見本あり,"71,100",税別
2406-027,2024-06-14,9999,山本,カルプ文字,,800,6,文字,20,,,,シート貼り,,修正,有,5,北原市緑ヶ丘4-14-8,,"¥174,900",税込
2406-028,2024-06-14,1003,小林,インクジェット出力,2700,594,2,枚,,,合成紙,なし,,,修正,有,5,北原市中央8-5,既存撤去,"¥95,590",税込
2406-029,2024-06-14,9999,中村,インクジェット出力,900,900,5,枚,,,塩ビシート,なし,,,新規,有,4,北原市 本町6丁目29番,色見本あり,"147,300",税別
2406-030,2024-06-15,1050,小林,カルプ文字,,100,6,文字,20,,,,塗装,,支給,有,6,東山町中央8-18,,"¥93,060",税込
2406-031,2024-06-15,9999,小林,アルミ複合板看板,2400,1500,4,枚,4,両面,,なし,,,支給,有,2,南川市（現場：事務所）,前回同様,"¥549,010",
2406-032,2024-06-15,1009,小林,袖看板,600,600,1,台,,両面,,,,なし,支給,有,2,中島村 本町6丁目10番,,"101,600",税抜
2406-033,2024-06-16,9999,加藤,インクジェット出力,841,900,5,枚,,,塩ビシート,マット,,,支給,無,,,,"22,800",税抜
2406-034,2024-06-16,9999,小林,アルミ複合板看板,600,450,4,枚,3,片面,,グロス,,,支給,無,,,急ぎ,"¥35,970",
2406-035,2024-06-16,1001,小林,インクジェット出力,1200,297,1,枚,,,塩ビシート,なし,,,支給,無,,,急ぎ,"5,500",税込
2406-036,2024-06-16,1029,中村,インクジェット出力,1800,900,2,枚,,,メッシュ,マット,,,修正,有,3,南川市緑ヶ丘3-4-10,既存撤去,"¥85,140",税込
2406-037,2024-06-17,1006,山本,アルミ複合板看板,2400,1500,4,枚,3,片面,,マット,,,新規,有,4,中島村中央5-17,図面支給,"¥369,600",税込
2406-038,2024-06-17,1014,小林,アルミ複合板看板,450,1200,1,枚,3,片面,,なし,,,新規,有,2,中島村中央1-2,夜間作業,"92,200",税抜
2406-039,2024-06-17,1026,山本,アルミ複合板看板,600,300,1,枚,3,片面,,グロス,,,新規,有,3,南川市 本町4丁目8番,夜間作業,"¥77,000",
2406-040,2024-06-18,1051,加藤,アルミ複合板看板,900,1200,2,枚,3,片面,,なし,,,新規,有,4,北原市緑ヶ丘5-17-11,既存撤去・図面支給,"152,240",税込
2406-041,2024-06-18,1048,加藤,カルプ文字,,400,9,文字,20,,,,シート貼り,,支給,有,1.5,南川市中央2-15,図面支給,"113,200",税別
2406-042,2024-06-18,1052,中村,カルプ文字,,50,3,文字,10,,,,シート貼り,,支給,有,2,西浜町中央4-14,,"47,080",
2406-043,2024-06-19,1043,加藤,インクジェット出力,1200,600,1,枚,,,ターポリン,なし,,,修正,有,1.5,西浜町 本町5丁目2番,現調済,"¥50,500",税別
2406-044,2024-06-19,1039,中村,アルミ複合板看板,2700,450,1,枚,4,片面,,グロス,,,支給,有,2,北原市（現場：店舗）,現調済,"60,610",税込
2406-045,2024-06-19,1006,小林,インクジェット出力,594,900,1,枚,,,塩ビシート,グロス,,,修正,有,3.5,北原市 本町2丁目7番,,"35,900",税別
2406-046,2024-06-20,9999,中村,アルミ複合板看板,3000,900,4,枚,3,片面,,グロス,,,支給,有,3.5,北原市 本町7丁目26番,,"245,500",税抜
2406-047,2024-06-21,9999,小林,アルミ複合板看板,2700,450,1,枚,3,片面,,グロス,,,修正,有,3.5,南川市 本町1丁目24番,,"66,800",税別
2406-048,2024-06-21,9999,加藤,アルミ複合板看板,600,900,1,枚,3,片面,,なし,,,支給,有,6,東山町（現場：事務所）,急ぎ,"112,090",税込
2406-049,2024-06-21,9999,山本,袖看板,450,600,2,台,,片面,,,,LED内照,修正,有,1.5,北原市中央1-20,,"¥242,000",税込
2406-050,2024-06-22,1033,小林,アルミ複合板看板,2700,1800,1,枚,3,両面,,グロス,,,修正,無,,,,"138,160",税込
2406-051,2024-06-22,1043,山本,アルミ複合板看板,3600,300,4,枚,3,片面,,なし,,,支給,有,2,南川市緑ヶ丘1-28-10,,"129,000",税抜
2406-052,2024-06-22,1031,加藤,アルミ複合板看板,1200,450,3,枚,4,両面,,なし,,,支給,無,,,,"54,600",
2406-053,2024-06-23,9999,加藤,袖看板,600,900,1,台,,両面,,,,LED内照,修正,有,6,西浜町（現場：事務所）,急ぎ,"¥270,300",税別
2406-054,2024-06-23,1044,山本,カルプ文字,,80,13,文字,20,,,,塗装,,修正,有,4,北原市中央3-8,急ぎ,"147,400",税込
2406-055,2024-06-23,9999,加藤,カルプ文字,,600,7,文字,10,,,,シート貼り,,支給,有,3,北原市緑ヶ丘5-25-9,図面支給,"¥141,020",税込
2406-056,2024-06-25,1044,加藤,アルミ複合板看板,600,300,1,枚,3,片面,,マット,,,新規,無,,,,"¥32,780",税込
2406-057,2024-06-26,9999,山本,アルミ複合板看板,3000,600,3,枚,3,片面,,なし,,,新規,無,,北原市（現場：店舗）,,"123,200",税込
2406-058,2024-06-26,1044,小林,袖看板,900,1200,1,台,,片面,,,,LED内照,支給,有,4,北原市（現場：店舗）,,"193,000",税別
2406-059,2024-06-27,9999,小林,カルプ文字,,100,15,文字,20,,,,シート貼り,,支給,有,2.5,東山町中央4-4,夜間作業,"¥95,100",税別
2406-060,2024-06-27,1033,山本,アルミ複合板看板,900,600,1,枚,3,片面,,グロス,,,新規,有,2,北原市 本町8丁目28番,既存撤去・色見本あり,"75,000",税別
2406-061,2024-06-27,1049,加藤,カルプ文字,,150,8,文字,20,,,,塗装,,支給,有,4,西浜町（現場：事務所）,,"125,400",税込
2406-062,2024-06-27,1047,中村,カルプ文字,,400,5,文字,30,,,,シート貼り,,支給,有,4,北原市中央3-24,既存撤去,"131,450",税込
2406-063,2024-06-28,1057,加藤,インクジェット出力,1200,594,1,枚,,,合成紙,なし,,,新規,有,4,南川市 本町5丁目11番,,"¥94,700",税別
2406-064,2024-06-29,1030,小林,インクジェット出力,900,420,3,枚,,,合成紙,なし,,,支給,無,,,,"5,000",税別
2406-065,2024-06-30,1031,加藤,インクジェット出力,2700,1200,1,枚,,,塩ビシート,マット,,,支給,無,,,,"19,580",税込
2406-066,2024-06-30,1028,小林,袖看板,600,600,1,台,,片面,,,,なし,支給,有,2,東山町緑ヶ丘7-11-1,夜間作業・既存撤去,"¥100,000",税別
2407-001,2024-07-01,9999,山本,アルミ複合板看板,1200,300,4,枚,4,両面,,グロス,,,支給,有,6,中島村 本町8丁目27番,,"189,200",税込
2407-002,2024-07-02,9999,中村,袖看板,600,1200,1,台,,両面,,,,LED内照,修正,有,2,中島村 本町6丁目28番,,"¥187,600",税抜
2407-003,2024-07-02,1025,小林,インクジェット出力,900,600,1,枚,,,塩ビシート,なし,,,新規,無,,,,"27,100",税抜
2407-004,2024-07-03,9999,山本,アルミ複合板看板,2700,900,1,枚,3,片面,,グロス,,,支給,有,1.5,北原市中央6-28,急ぎ・前回同様,"¥89,000",税別
2407-005,2024-07-03,9999,加藤,インクジェット出力,420,600,1,枚,,,ターポリン,なし,,,修正,有,6,北原市緑ヶ丘4-24-3,,"¥83,820",
2407-006,2024-07-04,1037,加藤,袖看板,450,900,1,台,,片面,,,,LED内照,支給,有,3.5,北原市（現場：事務所）,,"¥108,000",
2407-007,2024-07-04,1057,山本,アルミ複合板看板,600,1500,4,枚,3,片面,,グロス,,,修正,無,,東山町緑ヶ丘5-3-11,,"¥63,000",税別
2407-008,2024-07-05,1017,中村,アルミ複合板看板,600,600,4,枚,4,片面,,グロス,,,支給,無,,西浜町中央5-11,図面支給,"¥38,720",税込
2407-009,2024-07-05,1046,加藤,インクジェット出力,1800,900,3,枚,,,ターポリン,なし,,,支給,無,,,,"18,700",税込
2407-010,2024-07-06,1038,小林,カルプ文字,,150,8,文字,30,,,,シート貼り,,支給,有,1.5,東山町（現場：倉庫）,,"73,260",税込
2407-011,2024-07-06,1036,中村,インクジェット出力,3600,297,5,枚,,,塩ビシート,グロス,,,修正,有,1.5,南川市 本町6丁目4番,急ぎ,"118,200",税抜
2407-012,2024-07-06,1039,中村,インクジェット出力,3600,594,2,枚,,,合成紙,グロス,,,支給,有,4,東山町 本町3丁目8番,,"93,100",税別
2407-013,2024-07-07,1043,山本,インクジェット出力,420,420,2,枚,,,メッシュ,なし,,,支給,無,,北原市 本町8丁目26番,色見本あり,"5,000",税抜
2407-014,2024-07-08,1011,山本,インクジェット出力,1800,594,5,枚,,,合成紙,グロス,,,修正,有,2.5,北原市 本町3丁目12番,急ぎ,"¥102,000",税抜
2407-015,2024-07-08,1059,小林,アルミ複合板看板,2700,600,4,枚,4,片面,,マット,,,新規,有,3.5,南川市（現場：店舗）,夜間作業,"255,860",
2407-016,2024-07-08,1048,加藤,アルミ複合板看板,900,450,3,枚,3,片面,,マット,,,修正,有,3.5,南川市中央8-7,,"89,100",税込
2407-017,2024-07-09,1001,山本,インクジェット出力,1800,297,2,枚,,,メッシュ,グロス,,,支給,無,,,,"¥6,000",税抜
2407-018,2024-07-12,1012,中村,インクジェット出力,841,900,1,枚,,,ターポリン,なし,,,修正,有,6,北原市 本町5丁目20番,図面支給,"¥67,300",
2407-019,2024-07-12,9999,小林,アルミ複合板看板,600,1200,2,枚,3,片面,,なし,,,支給,無,,,図面支給,"28,050",税込
2407-020,2024-07-15,9999,中村,アルミ複合板看板,3600,600,1,枚,3,片面,,グロス,,,支給,無,,,,"39,300",
2407-021,2024-07-15,1050,山本,アルミ複合板看板,3600,1800,2,枚,3,両面,,なし,,,支給,無,,,前回同様,"290,000",税抜
2407-022,2024-07-16,1021,山本,袖看板,450,600,2,台,,片面,,,,なし,修正,有,4,北原市 本町2丁目24番,,"166,000",
2407-023,2024-07-16,9999,山本,インクジェット出力,420,600,1,枚,,,ターポリン,なし,,,修正,有,3.5,北原市中央3-5,,"¥37,000",
2407-024,2024-07-17,1029,山本,インクジェット出力,594,297,1,枚,,,合成紙,なし,,,支給,無,,中島村緑ヶ丘3-17-7,,"5,000",税抜
2407-025,2024-07-17,1059,加藤,インクジェット出力,3600,420,1,枚,,,塩ビシート,マット,,,修正,有,5,南川市 本町3丁目2番,,"89,430",税込
2407-026,2024-07-17,9999,小林,インクジェット出力,2700,600,1,枚,,,ターポリン,なし,,,新規,無,,北原市（現場：倉庫）,急ぎ,"32,400",
2407-027,2024-07-18,9999,中村,アルミ複合板看板,2700,1500,1,枚,4,両面,,マット,,,支給,無,,,図面支給,"136,200",税別
2407-028,2024-07-18,1011,加藤,カルプ文字,,150,7,文字,30,,,,シート貼り,,支給,有,4,北原市 本町2丁目24番,既存撤去,"¥103,400",税別
2407-029,2024-07-20,1017,小林,アルミ複合板看板,1800,900,1,枚,4,片面,,マット,,,新規,無,,,,"¥55,900",税別
2407-030,2024-07-21,1037,小林,インクジェット出力,420,594,3,枚,,,メッシュ,なし,,,支給,無,,北原市中央5-4,,"¥6,700",税別
2407-031,2024-07-21,1046,山本,アルミ複合板看板,1800,450,3,枚,4,片面,,グロス,,,修正,有,5,中島村 本町5丁目13番,,"150,000",
2407-032,2024-07-22,1050,加藤,アルミ複合板看板,450,300,1,枚,3,片面,,マット,,,修正,有,2,東山町中央5-7,既存撤去・図面支給,"60,280",税込
2407-033,2024-07-23,1035,山本,インクジェット出力,1200,420,1,枚,,,ターポリン,なし,,,修正,無,,,,"6,000",
2407-034,2024-07-23,1027,中村,インクジェット出力,841,900,1,枚,,,ターポリン,グロス,,,修正,有,3.5,北原市中央4-10,,"36,700",税別
2407-035,2024-07-24,1015,小林,インクジェット出力,900,420,1,枚,,,メッシュ,なし,,,修正,無,,,,"7,920",税込
2407-036,2024-07-24,1060,加藤,カルプ文字,,50,15,文字,30,,,,塗装,,支給,有,3,北原市（現場：倉庫）,,"101,200",
2407-037,2024-07-25,1054,小林,インクジェット出力,3600,600,2,枚,,,合成紙,グロス,,,支給,無,,,,"17,200",
2407-038,2024-07-25,1057,中村,アルミ複合板看板,2400,600,1,枚,3,片面,,なし,,,支給,有,2.5,北原市緑ヶ丘3-28-18,急ぎ,"¥63,360",税込
2407-039,2024-07-25,1031,小林,アルミ複合板看板,2700,300,1,枚,3,両面,,なし,,,新規,有,3.5,南川市（現場：倉庫）,,"90,640",税込
2407-040,2024-07-26,9999,中村,カルプ文字,,50,9,文字,20,,,,シート貼り,,修正,有,2.5,北原市中央4-5,,"¥63,360",税込
2407-041,2024-07-26,1043,加藤,カルプ文字,,80,12,文字,10,,,,シート貼り,,修正,有,4,南川市 本町2丁目26番,,"105,820",税込
2407-042,2024-07-26,1052,中村,インクジェット出力,2700,594,1,枚,,,ターポリン,なし,,,修正,無,,,,"¥11,660",税込
2407-043,2024-07-26,1023,山本,アルミ複合板看板,1800,1200,1,枚,4,片面,,なし,,,支給,無,,,色見本あり,"38,500",
2407-044,2024-07-29,1020,加藤,カルプ文字,,250,14,文字,10,,,,シート貼り,,修正,有,1.5,北原市 本町1丁目16番,図面支給,"109,000",税別
2407-045,2024-07-29,1038,山本,インクジェット出力,2700,900,2,枚,,,塩ビシート,なし,,,支給,有,4,東山町中央1-27,,"104,500",税込
2407-046,2024-07-29,1014,中村,インクジェット出力,1800,900,5,枚,,,合成紙,なし,,,支給,有,1.5,北原市 本町6丁目9番,,"¥80,200",
2407-047,2024-07-30,1056,山本,インクジェット出力,841,1200,1,枚,,,ターポリン,なし,,,支給,有,6,北原市（現場：倉庫）,夜間作業,"¥81,000",税抜
2407-048,2024-07-30,1036,加藤,袖看板,750,1200,1,台,,片面,,,,LED内照,支給,有,2.5,北原市中央5-23,,"¥131,000",税抜
2407-049,2024-07-30,1057,中村,カルプ文字,,100,12,文字,10,,,,塗装,,支給,有,3.5,中島村 本町4丁目12番,既存撤去・色見本あり,"99,220",税込
2407-050,2024-07-30,1032,山本,インクジェット出力,841,600,1,枚,,,塩ビシート,グロス,,,支給,無,,,,"5,500",税込
2407-051,2024-07-30,9999,加藤,アルミ複合板看板,900,300,3,枚,3,片面,,マット,,,支給,有,4,東山町緑ヶ丘6-6-18,前回同様,"¥124,080",
2407-052,2024-07-31,1005,小林,アルミ複合板看板,3000,1500,3,枚,3,片面,,グロス,,,支給,無,,東山町 本町7丁目16番,急ぎ,"269,280",税込
2408-001,2024-08-01,9999,加藤,インクジェット出力,841,420,1,枚,,,ターポリン,なし,,,支給,有,3.5,北原市 本町1丁目13番,既存撤去,"50,490",税込
2408-002,2024-08-02,9999,中村,インクジェット出力,420,900,1,枚,,,メッシュ,なし,,,支給,有,2.5,南川市中央4-24,,"¥33,000",
2408-003,2024-08-02,1025,加藤,カルプ文字,,80,5,文字,30,,,,シート貼り,,新規,有,6,北原市中央6-28,夜間作業・既存撤去,"138,600",税込
2408-004,2024-08-02,1045,中村,カルプ文字,,150,3,文字,10,,,,シート貼り,,新規,有,4,東山町 本町3丁目10番,現調済,"97,000",
2408-005,2024-08-02,1017,山本,袖看板,450,600,1,台,,両面,,,,LED内照,修正,有,5,北原市 本町5丁目9番,急ぎ,"220,000",税込
2408-006,2024-08-03,1043,中村,カルプ文字,,300,11,文字,10,,,,シート貼り,,支給,有,3.5,東山町中央6-16,,"91,000",税別
2408-007,2024-08-03,1030,小林,袖看板,750,1200,1,台,,片面,,,,LED内照,支給,有,3,中島村中央8-16,急ぎ,"192,720",税込
2408-008,2024-08-03,1025,加藤,アルミ複合板看板,450,1500,1,枚,4,片面,,なし,,,支給,有,3,南川市緑ヶ丘1-22-6,,"¥50,050",税込
2408-009,2024-08-03,9999,小林,インクジェット出力,1800,900,1,枚,,,ターポリン,グロス,,,修正,無,,,急ぎ,"15,600",税別
2408-010,2024-08-04,9999,中村,インクジェット出力,594,297,1,枚,,,合成紙,グロス,,,支給,有,6,南川市中央8-28,,"84,700",
2408-011,2024-08-04,1032,小林,カルプ文字,,500,10,文字,20,,,,シート貼り,,支給,有,2.5,北原市中央8-2,,"¥118,000",
2408-012,2024-08-04,1024,小林,袖看板,750,1200,1,台,,両面,,,,LED内照,新規,有,1.5,南川市 本町7丁目18番,,"¥199,100",
2408-013,2024-08-04,1043,加藤,アルミ複合板看板,3600,1200,1,枚,3,片面,,なし,,,支給,有,1.5,北原市 本町8丁目29番,,"94,380",
2408-014,2024-08-04,1010,加藤,カルプ文字,,200,4,文字,10,,,,塗装,,支給,有,3,中島村（現場：倉庫）,既存撤去,"73,700",税込
2408-015,2024-08-05,1003,中村,カルプ文字,,200,6,文字,10,,,,シート貼り,,支給,有,3,東山町緑ヶ丘4-11-18,,"¥48,510",税込
2408-016,2024-08-05,1038,山本,インクジェット出力,900,600,2,枚,,,合成紙,なし,,,支給,有,2,南川市中央8-10,,"47,300",税込
2408-017,2024-08-05,1008,山本,アルミ複合板看板,900,600,4,枚,3,片面,,グロス,,,支給,有,2,東山町中央4-11,夜間作業,"¥124,300",税込
2408-018,2024-08-05,1058,中村,インクジェット出力,594,1200,1,枚,,,塩ビシート,グロス,,,支給,有,1.5,北原市 本町7丁目15番,色見本あり,"¥31,900",税抜
2408-019,2024-08-06,9999,小林,インクジェット出力,1800,600,1,枚,,,メッシュ,なし,,,支給,無,,,,"5,830",税込
2408-020,2024-08-06,1015,山本,アルミ複合板看板,1800,1500,1,枚,3,片面,,マット,,,新規,有,2,南川市 本町3丁目11番,前回同様,"¥97,000",税抜
2408-021,2024-08-06,9999,山本,カルプ文字,,50,5,文字,10,,,,塗装,,修正,有,2.5,北原市中央8-1,,"50,600",
2408-022,2024-08-06,1060,山本,カルプ文字,,200,15,文字,10,,,,塗装,,新規,有,3.5,東山町緑ヶ丘4-27-15,,"137,500",税込
2408-023,2024-08-07,1059,中村,アルミ複合板看板,3000,300,2,枚,3,両面,,グロス,,,新規,有,2.5,北原市（現場：倉庫）,急ぎ,"144,210",税込
2408-024,2024-08-07,9999,小林,カルプ文字,,800,15,文字,20,,,,シート貼り,,支給,有,6,東山町緑ヶ丘6-16-13,,"¥301,900",税別
2408-025,2024-08-07,9999,中村,袖看板,600,600,2,台,,片面,,,,LED内照,支給,有,4,北原市 本町4丁目22番,既存撤去・前回同様,"267,300",税別
2408-026,2024-08-09,1049,加藤,アルミ複合板看板,3000,900,1,枚,4,片面,,グロス,,,支給,有,2,北原市 本町1丁目6番,夜間作業,"103,290",税込
2408-027,2024-08-09,1004,小林,インクジェット出力,1800,1200,1,枚,,,メッシュ,なし,,,修正,無,,西浜町中央6-1,,"16,600",税別
2408-028,2024-08-09,1036,山本,袖看板,900,900,2,台,,片面,,,,LED内照,修正,有,6,北原市緑ヶ丘6-18-16,既存撤去・急ぎ・前回同様,"351,000",税別
2408-029,2024-08-09,1026,中村,アルミ複合板看板,2700,1800,1,枚,4,両面,,なし,,,修正,無,,北原市（現場：事務所）,急ぎ,"186,670",税込
2408-030,2024-08-09,9999,中村,カルプ文字,,100,9,文字,20,,,,塗装,,支給,有,4,北原市中央8-18,,"111,100",
2408-031,2024-08-09,1057,山本,カルプ文字,,300,10,文字,20,,,,塗装,,支給,有,5,南川市 本町3丁目10番,色見本あり,"¥148,500",税込
2408-032,2024-08-10,1011,山本,袖看板,600,600,1,台,,片面,,,,なし,支給,有,1.5,南川市 本町1丁目6番,,"85,800",税込
2408-033,2024-08-10,1018,加藤,カルプ文字,,500,14,文字,30,,,,シート貼り,,支給,有,2.5,北原市中央1-8,,"¥183,700",税込
2408-034,2024-08-10,1025,山本,インクジェット出力,2700,420,1,枚,,,合成紙,なし,,,支給,有,4,東山町中央2-24,夜間作業,"93,500",税込
2408-035,2024-08-10,1002,小林,インクジェット出力,841,600,3,枚,,,ターポリン,グロス,,,支給,無,,,急ぎ,"¥9,900",税込
2408-036,2024-08-11,1052,加藤,カルプ文字,,100,11,文字,10,,,,シート貼り,,支給,有,1.5,北原市 本町7丁目17番,,"48,600",
2408-037,2024-08-11,9999,山本,袖看板,450,900,1,台,,両面,,,,LED内照,修正,有,3,北原市中央6-24,,"¥145,000",税別
2408-038,2024-08-11,1021,加藤,インクジェット出力,900,900,5,枚,,,メッシュ,グロス,,,支給,無,,東山町（現場：倉庫）,,"¥26,730",税込
2408-039,2024-08-11,1010,小林,インクジェット出力,2700,600,1,枚,,,ターポリン,マット,,,修正,無,,南川市中央7-18,,"¥13,100",
2408-040,2024-08-12,1049,加藤,アルミ複合板看板,600,1800,2,枚,3,両面,,グロス,,,修正,無,,,急ぎ,"79,310",税込
2408-041,2024-08-13,1024,山本,カルプ文字,,80,15,文字,10,,,,シート貼り,,修正,有,2.5,北原市中央6-24,既存撤去・急ぎ・現調済,"¥90,000",税抜
2408-042,2024-08-13,1018,山本,インクジェット出力,841,420,2,枚,,,ターポリン,なし,,,新規,有,1.5,北原市（現場：事務所）,,"¥64,000",税別
2408-043,2024-08-14,1039,加藤,アルミ複合板看板,2400,1500,4,枚,3,片面,,なし,,,修正,無,,,,"204,380",税込
2408-044,2024-08-15,9999,山本,アルミ複合板看板,2400,1200,1,枚,3,片面,,なし,,,新規,有,5,南川市中央4-6,既存撤去,"¥168,300",税込
2408-045,2024-08-15,1028,加藤,インクジェット出力,1200,1200,1,枚,,,ターポリン,なし,,,支給,無,,,急ぎ,"6,600",税込
2408-046,2024-08-16,1058,加藤,カルプ文字,,600,2,文字,10,,,,シート貼り,,新規,有,6,北原市 本町7丁目22番,,"107,600",
2408-047,2024-08-16,1011,山本,インクジェット出力,594,420,1,枚,,,合成紙,なし,,,修正,無,,,,"6,600",税込
2408-048,2024-08-16,9999,山本,カルプ文字,,200,12,文字,20,,,,シート貼り,,修正,有,4,北原市 本町5丁目1番,,"136,400",
2408-049,2024-08-17,1029,小林,インクジェット出力,1800,600,1,枚,,,メッシュ,なし,,,支給,有,3,北原市緑ヶ丘1-7-16,前回同様,"¥32,800",税抜
2408-050,2024-08-17,1037,加藤,インクジェット出力,2700,594,1,枚,,,ターポリン,なし,,,新規,無,,,,"¥30,600",税抜
2408-016-2,2024-08-18,1038,山本,インクジェット出力,900,600,3,枚,,,合成紙,なし,,,支給,有,2,南川市中央8-10,,"47,300",税込
2408-051,2024-08-18,1012,山本,袖看板,900,900,1,台,,両面,,,,なし,支給,有,6,北原市 本町3丁目16番,,"157,300",税込
2408-052,2024-08-18,1028,小林,アルミ複合板看板,2400,1500,4,枚,3,両面,,マット,,,修正,無,,,,"388,080",税込
2408-053,2024-08-19,1047,山本,袖看板,600,900,1,台,,両面,,,,LED内照,新規,有,2,北原市緑ヶ丘4-27-2,,"193,600",税込
2408-054,2024-08-19,1056,小林,アルミ複合板看板,1800,300,1,枚,3,片面,,なし,,,新規,有,2.5,西浜町 本町1丁目10番,,"¥77,200",税別
2408-055,2024-08-19,1049,中村,袖看板,900,900,2,台,,片面,,,,なし,修正,有,6,西浜町中央8-27,,"227,000",税別
2408-056,2024-08-21,1004,加藤,袖看板,750,1200,1,台,,片面,,,,LED内照,支給,有,4,北原市中央4-14,既存撤去・急ぎ,"234,960",税込
2408-057,2024-08-23,1019,山本,インクジェット出力,1800,420,1,枚,,,ターポリン,なし,,,新規,無,,,色見本あり,"27,000",税別
2408-058,2024-08-23,9999,小林,アルミ複合板看板,450,450,1,枚,3,両面,,グロス,,,支給,無,,,,"¥10,890",税込
2408-059,2024-08-23,1013,中村,アルミ複合板看板,900,1200,1,枚,3,片面,,グロス,,,支給,有,3.5,北原市 本町4丁目17番,,"49,940",
2408-060,2024-08-24,1021,小林,インクジェット出力,3600,600,1,枚,,,ターポリン,なし,,,新規,有,2.5,北原市中央7-11,急ぎ,"74,360",
2408-061,2024-08-25,1021,加藤,アルミ複合板看板,900,1800,4,枚,3,片面,,グロス,,,支給,無,,北原市中央2-6,,"¥103,200",税別
2408-062,2024-08-25,1003,中村,アルミ複合板看板,2700,900,2,枚,3,両面,,なし,,,修正,無,,南川市中央7-25,,"122,320",税込
2408-063,2024-08-25,1011,小林,袖看板,750,1200,1,台,,片面,,,,なし,修正,有,4,北原市中央5-26,,"¥136,000",
2408-064,2024-08-25,9999,小林,アルミ複合板看板,900,300,1,枚,4,片面,,グロス,,,支給,無,,北原市（現場：倉庫）,,"7,800",税抜
2408-065,2024-08-25,1034,山本,インクジェット出力,2700,420,1,枚,,,塩ビシート,マット,,,修正,有,1.5,北原市緑ヶ丘6-18-4,,"¥42,900",税込
2408-066,2024-08-25,1032,加藤,袖看板,900,600,1,台,,片面,,,,LED内照,支給,有,4,北原市 本町7丁目9番,,"182,600",税込
2408-067,2024-08-26,9999,加藤,アルミ複合板看板,1800,1800,1,枚,4,片面,,グロス,,,修正,無,,,色見本あり,"75,790",税込
2408-068,2024-08-26,1022,小林,アルミ複合板看板,450,1800,2,枚,3,片面,,なし,,,新規,無,,,,"50,600",
2408-069,2024-08-26,1041,中村,アルミ複合板看板,3600,300,3,枚,3,片面,,なし,,,修正,無,,東山町中央7-5,,"65,560",税込
2408-070,2024-08-27,9999,山本,袖看板,600,900,1,台,,両面,,,,なし,修正,有,4,南川市中央3-28,既存撤去,"207,900",
2408-071,2024-08-27,9999,中村,アルミ複合板看板,1200,450,1,枚,3,片面,,グロス,,,支給,無,,西浜町 本町5丁目7番,,"11,400",税抜
2408-072,2024-08-27,1039,山本,カルプ文字,,200,14,文字,20,,,,塗装,,支給,有,3,東山町 本町1丁目15番,,"102,000",税別
2408-073,2024-08-28,1038,中村,カルプ文字,,500,15,文字,10,,,,塗装,,支給,有,3.5,南川市 本町5丁目25番,,"179,450",税込
2408-074,2024-08-28,9999,山本,アルミ複合板看板,1800,1800,1,枚,4,片面,,なし,,,支給,無,,,,"¥56,000",税抜
2408-075,2024-08-29,1034,中村,アルミ複合板看板,900,450,3,枚,4,両面,,マット,,,支給,有,6,北原市中央8-9,前回同様,"128,500",税別
2408-076,2024-08-29,9999,加藤,インクジェット出力,1800,600,1,枚,,,ターポリン,なし,,,修正,無,,北原市（現場：倉庫）,,"10,010",税込
2408-077,2024-08-29,1038,小林,カルプ文字,,600,10,文字,20,,,,塗装,,新規,有,1.5,北原市中央8-8,既存撤去・急ぎ,"¥247,000",税別
2408-078,2024-08-29,1037,中村,インクジェット出力,3600,900,1,枚,,,塩ビシート,グロス,,,修正,有,2.5,東山町中央1-19,夜間作業,"77,880",税込
2408-079,2024-08-30,1027,中村,カルプ文字,,300,15,文字,20,,,,シート貼り,,新規,有,5,中島村（現場：倉庫）,,"211,750",
2409-001,2024-09-02,1034,中村,アルミ複合板看板,450,900,2,枚,3,片面,,なし,,,修正,有,5,南川市中央1-10,,"106,700",税込
2409-002,2024-09-03,1017,中村,袖看板,450,900,1,台,,片面,,,,なし,修正,有,4,東山町中央4-3,図面支給,"118,000",税抜
2409-003,2024-09-03,1015,加藤,インクジェット出力,900,900,1,枚,,,合成紙,マット,,,支給,有,2,南川市（現場：店舗）,,"¥36,200",税別
2409-004,2024-09-03,9999,山本,袖看板,450,600,1,台,,片面,,,,なし,支給,有,3,東山町中央3-2,既存撤去,"108,900",税込
2409-005,2024-09-03,9999,小林,アルミ複合板看板,450,1500,4,枚,3,片面,,なし,,,支給,無,,,,"¥45,700",税抜
2409-006,2024-09-04,1058,山本,アルミ複合板看板,2700,900,1,枚,3,片面,,なし,,,支給,無,,,,"¥38,500",税込
2409-007,2024-09-04,1028,小林,カルプ文字,,400,15,文字,30,,,,シート貼り,,支給,有,6,北原市中央8-14,,"¥212,500",税抜
2409-008,2024-09-05,9999,山本,カルプ文字,,500,2,文字,20,,,,塗装,,新規,有,4,東山町（現場：倉庫）,,"114,000",
2409-009,2024-09-05,1045,加藤,袖看板,750,600,1,台,,両面,,,,LED内照,修正,有,1.5,北原市緑ヶ丘7-3-12,急ぎ,"158,600",税別
2409-010,2024-09-05,1032,山本,カルプ文字,,250,12,文字,30,,,,シート貼り,,支給,有,1.5,北原市中央8-24,,"116,600",
2409-011,2024-09-07,1002,加藤,インクジェット出力,900,420,1,枚,,,メッシュ,なし,,,支給,有,3.5,南川市緑ヶ丘6-29-6,夜間作業,"¥55,220",税込
2409-012,2024-09-07,1010,山本,カルプ文字,,500,15,文字,10,,,,塗装,,新規,有,4,中島村 本町8丁目6番,,"273,900",税込
2409-013,2024-09-07,1025,小林,アルミ複合板看板,900,1200,1,枚,3,片面,,マット,,,支給,無,,,,"20,800",
2409-014,2024-09-09,1033,加藤,カルプ文字,,300,7,文字,10,,,,塗装,,支給,有,2,北原市中央4-11,,"¥75,900",
2409-015,2024-09-10,1003,山本,カルプ文字,,300,11,文字,10,,,,塗装,,支給,有,6,中島村緑ヶ丘3-7-10,,"132,000",税抜
2409-016,2024-09-10,1029,山本,アルミ複合板看板,3600,900,1,枚,3,片面,,マット,,,修正,無,,,,"61,600",税込
2409-017,2024-09-10,1047,中村,カルプ文字,,150,8,文字,10,,,,シート貼り,,支給,有,3,北原市 本町8丁目11番,,"52,000",税抜
2409-018,2024-09-10,1001,加藤,アルミ複合板看板,600,900,4,枚,3,片面,,なし,,,支給,有,2,北原市緑ヶ丘1-15-14,,"88,800",税別
2409-019,2024-09-11,1034,中村,インクジェット出力,841,297,1,枚,,,合成紙,なし,,,支給,無,,,,"5,500",税込
2409-020,2024-09-11,9999,中村,アルミ複合板看板,1800,1200,1,枚,3,片面,,グロス,,,新規,有,4,北原市 本町6丁目6番,前回同様,"143,330",税込
2409-021,2024-09-11,1034,小林,アルミ複合板看板,2700,1200,1,枚,3,片面,,マット,,,新規,無,,,,"83,820",
2409-022,2024-09-11,1006,加藤,アルミ複合板看板,3600,900,2,枚,3,片面,,なし,,,修正,有,2.5,西浜町 本町8丁目2番,急ぎ,"¥173,200",税別
2409-023,2024-09-11,1041,加藤,カルプ文字,,300,6,文字,10,,,,シート貼り,,支給,有,2,南川市中央4-23,,"61,000",税抜
2409-024,2024-09-12,9999,中村,インクジェット出力,1200,600,3,枚,,,合成紙,グロス,,,新規,無,,,急ぎ・前回同様,"36,400",税抜
2409-025,2024-09-15,1030,中村,カルプ文字,,80,15,文字,20,,,,シート貼り,,支給,有,2.5,東山町中央1-26,,"78,650",税込
2409-026,2024-09-17,9999,加藤,インクジェット出力,841,900,1,枚,,,合成紙,なし,,,支給,有,6,東山町緑ヶ丘5-1-6,,"76,800",税抜
2409-027,2024-09-18,1041,中村,袖看板,750,600,1,台,,両面,,,,なし,修正,有,4,北原市（現場：事務所）,,"133,000",税抜
2409-028,2024-09-18,1010,山本,カルプ文字,,800,5,文字,20,,,,シート貼り,,新規,有,1.5,東山町 本町3丁目11番,既存撤去,"¥146,300",税込
2409-029,2024-09-19,1019,加藤,袖看板,750,900,1,台,,片面,,,,LED内照,新規,有,6,東山町中央1-5,,"190,000",
2409-030,2024-09-19,9999,小林,インクジェット出力,3600,600,3,枚,,,塩ビシート,グロス,,,新規,無,,,,"64,200",税別
2409-031,2024-09-20,1042,山本,アルミ複合板看板,900,600,3,枚,4,片面,,なし,,,支給,無,,南川市（現場：事務所）,,"36,300",税込
2409-032,2024-09-20,1012,加藤,袖看板,600,1500,1,台,,両面,,,,なし,修正,有,1.5,中島村（現場：店舗）,色見本あり,"142,340",税込
2409-033,2024-09-21,1042,中村,袖看板,750,1500,1,台,,両面,,,,なし,支給,有,3,東山町（現場：倉庫）,,"148,000",税別
2409-034,2024-09-22,9999,小林,袖看板,450,900,2,台,,片面,,,,なし,支給,有,4,中島村中央4-28,,"¥193,600",税抜
2409-035,2024-09-24,1025,中村,インクジェット出力,420,600,1,枚,,,塩ビシート,なし,,,支給,有,6,北原市 本町6丁目17番,,"65,000",税別
2409-036,2024-09-24,1014,中村,インクジェット出力,3600,297,5,枚,,,メッシュ,なし,,,支給,無,,,,"26,400",税込
2409-037,2024-09-24,1035,中村,カルプ文字,,300,15,文字,20,,,,シート貼り,,支給,有,6,東山町 本町6丁目24番,既存撤去,"169,500",
2409-038,2024-09-25,1033,中村,カルプ文字,,300,9,文字,10,,,,シート貼り,,支給,有,2,西浜町（現場：事務所）,夜間作業・既存撤去,"116,000",税抜
2409-039,2024-09-25,9999,小林,インクジェット出力,3600,600,3,枚,,,ターポリン,なし,,,修正,有,6,北原市中央5-19,,"128,480",税込
2409-040,2024-09-26,9999,山本,インクジェット出力,1200,594,1,枚,,,ターポリン,なし,,,修正,無,,北原市中央5-3,現調済,"7,000",税抜
2409-041,2024-09-26,9999,小林,カルプ文字,,500,14,文字,10,,,,シート貼り,,修正,有,3,西浜町 本町1丁目5番,夜間作業,"223,520",税込
2409-042,2024-09-26,1056,中村,インクジェット出力,1200,594,5,枚,,,メッシュ,グロス,,,支給,有,3.5,東山町 本町4丁目14番,,"86,300",
2409-043,2024-09-28,1006,中村,カルプ文字,,800,13,文字,20,,,,塗装,,支給,有,2.5,西浜町中央4-15,既存撤去,"245,900",
2409-044,2024-09-30,9999,小林,アルミ複合板看板,450,1800,1,枚,3,片面,,グロス,,,新規,有,5,北原市 本町2丁目11番,,"110,300",税別
2409-045,2024-09-30,9999,加藤,アルミ複合板看板,3600,300,3,枚,4,片面,,なし,,,支給,無,,,,"77,990",税込
2410-001,2024-10-01,1015,加藤,アルミ複合板看板,3000,1800,1,枚,4,片面,,なし,,,支給,無,,,,"94,100",税別
2410-002,2024-10-01,1020,小林,アルミ複合板看板,3000,600,4,枚,4,片面,,マット,,,新規,無,,西浜町中央5-6,,"178,200",税別
2410-003,2024-10-01,1011,加藤,アルミ複合板看板,1800,1200,1,枚,3,片面,,グロス,,,支給,無,,,現調済,"¥36,100",税別
2410-004,2024-10-01,1002,小林,アルミ複合板看板,1800,1800,1,枚,3,片面,,なし,,,新規,無,,,急ぎ,"80,800",
2410-005,2024-10-01,9999,加藤,インクジェット出力,1200,594,1,枚,,,ターポリン,なし,,,修正,有,3,南川市 本町2丁目8番,急ぎ,"¥54,400",税別
2410-006,2024-10-01,1040,中村,アルミ複合板看板,1800,900,1,枚,3,片面,,なし,,,支給,有,5,北原市緑ヶ丘8-9-18,,"89,900",税別
2410-007,2024-10-02,1022,小林,アルミ複合板看板,3600,450,2,枚,3,両面,,グロス,,,支給,無,,北原市 本町1丁目29番,,"109,340",
2410-008,2024-10-02,9999,小林,アルミ複合板看板,2400,450,4,枚,3,片面,,なし,,,新規,有,1.5,西浜町中央2-19,,"175,000",税抜
2410-009,2024-10-02,9999,小林,アルミ複合板看板,3000,600,1,枚,3,両面,,グロス,,,新規,有,4,南川市 本町5丁目28番,既存撤去,"189,970",
2410-010,2024-10-03,9999,加藤,カルプ文字,,800,11,文字,10,,,,シート貼り,,修正,有,2,南川市中央5-20,,"201,600",税別
2410-011,2024-10-03,9999,加藤,袖看板,450,1500,1,台,,両面,,,,LED内照,支給,有,4,北原市（現場：事務所）,,"¥227,480",税込
2410-012,2024-10-03,1026,小林,インクジェット出力,1200,900,1,枚,,,合成紙,なし,,,支給,無,,,,"5,000",税抜
2410-013,2024-10-03,9999,山本,カルプ文字,,80,9,文字,10,,,,塗装,,支給,有,2,東山町中央3-23,図面支給,"¥71,500",税込
2410-014,2024-10-04,1006,中村,インクジェット出力,841,594,1,枚,,,塩ビシート,グロス,,,修正,有,3,北原市中央1-29,夜間作業,"57,970",税込
2410-015,2024-10-04,9999,小林,袖看板,600,1200,1,台,,両面,,,,なし,支給,有,3.5,中島村緑ヶ丘2-17-4,,"¥144,100",
2410-016,2024-10-04,9999,加藤,カルプ文字,,50,7,文字,20,,,,塗装,,支給,有,3,北原市緑ヶ丘5-8-17,,"61,270",税込
2410-017,2024-10-05,1034,中村,アルミ複合板看板,600,450,1,枚,3,片面,,マット,,,修正,有,3.5,北原市緑ヶ丘5-25-15,前回同様,"39,200",税抜
2410-018,2024-10-05,1013,小林,インクジェット出力,1800,297,3,枚,,,合成紙,グロス,,,新規,無,,,,"¥34,100",税込
2410-019,2024-10-06,1020,中村,アルミ複合板看板,3600,900,3,枚,4,片面,,マット,,,修正,有,1.5,北原市中央6-29,既存撤去,"¥261,100",税別
2410-020,2024-10-06,1054,小林,カルプ文字,,100,12,文字,20,,,,シート貼り,,修正,有,1.5,西浜町 本町8丁目19番,既存撤去,"91,200",税別
2410-021,2024-10-08,1020,中村,インクジェット出力,1200,600,1,枚,,,ターポリン,なし,,,支給,有,1.5,北原市 本町5丁目25番,急ぎ,"¥42,900",税込
2410-022,2024-10-08,9999,加藤,袖看板,750,1500,1,台,,片面,,,,なし,支給,有,1.5,北原市 本町1丁目10番,,"137,500",税別
2410-023,2024-10-08,9999,山本,インクジェット出力,2700,1200,3,枚,,,塩ビシート,グロス,,,新規,無,,,,"83,000",税別
2410-024,2024-10-08,1044,加藤,インクジェット出力,2700,420,1,枚,,,塩ビシート,なし,,,支給,無,,東山町中央6-1,,"¥5,000",
2410-025,2024-10-08,1050,山本,カルプ文字,,200,5,文字,10,,,,シート貼り,,支給,有,4,東山町 本町4丁目5番,,"82,000",税抜
2410-026,2024-10-09,1017,小林,アルミ複合板看板,1800,600,1,枚,3,片面,,なし,,,支給,有,3,北原市中央2-8,夜間作業,"67,980",税込
2410-027,2024-10-10,1026,山本,アルミ複合板看板,3000,900,3,枚,3,片面,,マット,,,修正,有,2,西浜町（現場：店舗）,現調済,"206,000",税抜
2410-028,2024-10-11,1018,小林,カルプ文字,,300,7,文字,30,,,,シート貼り,,支給,有,2,北原市 本町2丁目9番,,"¥72,400",税抜
2410-029,2024-10-12,1060,加藤,アルミ複合板看板,2400,1200,4,枚,4,片面,,グロス,,,支給,有,1.5,中島村中央2-27,急ぎ,"384,890",税込
2410-030,2024-10-13,1009,山本,インクジェット出力,841,420,1,枚,,,ターポリン,マット,,,支給,無,,,急ぎ,"5,500",
2410-031,2024-10-13,1002,小林,アルミ複合板看板,3000,600,1,枚,3,片面,,グロス,,,支給,有,5,東山町 本町8丁目9番,,"113,190",
2410-032,2024-10-13,9999,加藤,アルミ複合板看板,900,450,2,枚,4,両面,,なし,,,支給,無,,東山町中央1-11,,"40,700",税込
2410-033,2024-10-14,9999,山本,カルプ文字,,800,14,文字,30,,,,シート貼り,,修正,有,5,北原市（現場：店舗）,既存撤去,"311,000",税別
2410-034,2024-10-15,1016,小林,インクジェット出力,1200,420,1,枚,,,塩ビシート,なし,,,新規,有,5,南川市 本町7丁目10番,,"¥97,000",税抜
2410-035,2024-10-15,9999,山本,アルミ複合板看板,1800,1200,3,枚,3,両面,,なし,,,新規,無,,,,"208,000",
2410-036,2024-10-15,1027,中村,袖看板,450,1500,1,台,,両面,,,,なし,修正,有,2,北原市 本町8丁目21番,,"135,300",
2410-037,2024-10-16,9999,加藤,アルミ複合板看板,2700,1800,1,枚,3,片面,,グロス,,,新規,無,,中島村中央7-21,前回同様,"125,400",税込
2410-038,2024-10-17,9999,小林,袖看板,600,600,2,台,,両面,,,,LED内照,支給,有,5,北原市（現場：事務所）,夜間作業・色見本あり,"348,480",税込
2410-039,2024-10-18,1059,山本,アルミ複合板看板,2400,1800,1,枚,4,片面,,グロス,,,修正,無,,,急ぎ,"¥115,500",税込
2410-040,2024-10-18,1007,小林,袖看板,600,1200,1,台,,両面,,,,なし,支給,有,1.5,南川市中央6-4,,"110,700",税別
2410-041,2024-10-19,1004,山本,インクジェット出力,2700,900,2,枚,,,塩ビシート,グロス,,,支給,有,2,北原市 本町3丁目17番,夜間作業,"¥79,000",
2410-042,2024-10-19,1060,加藤,インクジェット出力,1800,297,3,枚,,,塩ビシート,なし,,,修正,有,2,北原市 本町8丁目18番,,"63,140",税込
2410-043,2024-10-20,1014,加藤,インクジェット出力,594,600,1,枚,,,ターポリン,なし,,,支給,有,6,北原市中央6-28,急ぎ,"80,100",税抜
2410-044,2024-10-20,1010,中村,アルミ複合板看板,3000,1800,2,枚,3,片面,,なし,,,新規,有,3,北原市（現場：事務所）,既存撤去,"253,880",税込
2410-045,2024-10-21,1032,中村,インクジェット出力,594,297,1,枚,,,メッシュ,なし,,,新規,有,4,中島村 本町2丁目9番,,"¥100,000",税別
2410-046,2024-10-21,1012,加藤,カルプ文字,,800,13,文字,20,,,,シート貼り,,修正,有,5,北原市緑ヶ丘2-5-18,,"235,700",税抜
2410-047,2024-10-21,1009,加藤,インクジェット出力,594,420,1,枚,,,ターポリン,なし,,,修正,無,,,,"7,370",税込
2410-048,2024-10-21,1034,小林,インクジェット出力,2700,594,1,枚,,,メッシュ,なし,,,支給,無,,北原市中央3-16,,"7,200",税抜
2410-049,2024-10-22,1033,加藤,インクジェット出力,420,1200,1,枚,,,ターポリン,なし,,,新規,有,4,東山町中央8-14,,"¥106,370",税込
2410-050,2024-10-22,1011,小林,カルプ文字,,50,5,文字,20,,,,シート貼り,,修正,有,3.5,北原市中央8-4,既存撤去,"54,500",
2410-051,2024-10-22,9999,加藤,アルミ複合板看板,600,300,2,枚,4,片面,,マット,,,支給,無,,,急ぎ,"15,000",税抜
2410-052,2024-10-22,1042,中村,袖看板,600,900,1,台,,両面,,,,なし,支給,有,6,北原市中央3-11,夜間作業,"¥168,000",税別
2410-053,2024-10-23,1059,小林,インクジェット出力,2700,1200,1,枚,,,塩ビシート,マット,,,支給,無,,中島村（現場：事務所）,急ぎ,"¥23,430",税込
2410-054,2024-10-23,9999,加藤,インクジェット出力,3600,900,5,枚,,,塩ビシート,なし,,,支給,有,4,西浜町中央8-19,,"213,840",税込
2410-055,2024-10-24,1056,小林,アルミ複合板看板,1800,600,4,枚,3,片面,,なし,,,支給,有,5,西浜町中央8-12,,"188,540",税込
2410-056,2024-10-24,1039,小林,カルプ文字,,100,6,文字,20,,,,シート貼り,,支給,有,1.5,北原市緑ヶ丘7-17-11,既存撤去,"¥50,600",税別
2410-057,2024-10-24,1010,加藤,カルプ文字,,800,9,文字,30,,,,シート貼り,,支給,有,3.5,西浜町（現場：倉庫）,,"¥187,000",
2410-058,2024-10-26,1001,小林,インクジェット出力,420,1200,1,枚,,,塩ビシート,マット,,,修正,無,,,,"8,470",税込
2410-059,2024-10-26,1021,加藤,カルプ文字,,80,2,文字,20,,,,塗装,,支給,有,6,北原市（現場：倉庫）,急ぎ,"86,020",税込
2410-060,2024-10-27,9999,小林,インクジェット出力,3600,1200,1,枚,,,メッシュ,なし,,,支給,有,1.5,西浜町中央6-26,,"¥77,880",税込
2410-061,2024-10-27,1020,山本,アルミ複合板看板,900,300,1,枚,3,片面,,マット,,,修正,無,,,,"¥12,100",税込
2410-062,2024-10-27,1001,加藤,カルプ文字,,800,6,文字,20,,,,塗装,,修正,有,6,北原市中央8-2,既存撤去,"¥182,380",
2410-063,2024-10-27,1049,中村,インクジェット出力,1800,297,5,枚,,,ターポリン,なし,,,支給,有,1.5,北原市中央2-10,夜間作業,"86,300",税抜
2410-064,2024-10-28,9999,小林,アルミ複合板看板,1200,1500,1,枚,4,片面,,グロス,,,新規,無,,,,"¥63,800",税抜
2410-065,2024-10-28,1036,小林,インクジェット出力,420,600,1,枚,,,ターポリン,なし,,,修正,無,,,現調済,"¥6,700",税抜
2410-066,2024-10-28,1052,山本,インクジェット出力,2700,900,1,枚,,,合成紙,なし,,,支給,有,4,東山町中央8-29,,"¥83,600",税込
2410-067,2024-10-29,1057,中村,袖看板,450,600,1,台,,片面,,,,なし,支給,有,6,北原市中央8-8,,"110,000",税抜
2410-068,2024-10-30,1052,小林,カルプ文字,,800,5,文字,30,,,,シート貼り,,修正,有,6,南川市（現場：店舗）,,"142,000",税抜
2410-069,2024-10-30,1059,小林,アルミ複合板看板,2700,600,1,枚,3,片面,,なし,,,支給,無,,北原市（現場：店舗）,急ぎ,"¥29,000",税別
2410-070,2024-10-31,1025,中村,インクジェット出力,1200,900,2,枚,,,メッシュ,なし,,,修正,有,5,東山町中央2-26,,"92,700",税別
2411-001,2024-11-02,1060,中村,カルプ文字,,800,6,文字,20,,,,シート貼り,,支給,有,6,東山町中央8-1,,"162,580",税込
2411-002,2024-11-02,9999,加藤,アルミ複合板看板,900,450,1,枚,3,両面,,マット,,,支給,有,4,南川市 本町5丁目21番,既存撤去,"117,480",税込
2411-003,2024-11-03,1008,小林,インクジェット出力,594,420,5,枚,,,ターポリン,なし,,,修正,有,2.5,東山町 本町3丁目27番,急ぎ,"95,900",税抜
2411-004,2024-11-03,1039,山本,カルプ文字,,400,4,文字,30,,,,塗装,,支給,有,2.5,北原市中央7-12,既存撤去,"78,000",税別
2411-005,2024-11-04,1056,中村,カルプ文字,,80,15,文字,10,,,,シート貼り,,新規,有,2,南川市中央2-13,既存撤去,"111,100",税込
2411-006,2024-11-04,1048,加藤,アルミ複合板看板,1200,450,3,枚,4,片面,,なし,,,修正,有,3.5,東山町 本町2丁目15番,,"100,870",
2410-050-2,2024-11-05,1011,小林,カルプ文字,,50,6,文字,20,,,,シート貼り,,修正,有,3.5,北原市中央8-4,既存撤去,"54,500",
2411-007,2024-11-05,1002,小林,インクジェット出力,900,1200,1,枚,,,合成紙,マット,,,修正,無,,,,"10,230",税込
2411-008,2024-11-06,9999,加藤,カルプ文字,,200,2,文字,10,,,,シート貼り,,修正,有,2.5,東山町中央2-13,,"¥43,500",税抜
2411-009,2024-11-06,1053,加藤,アルミ複合板看板,3000,300,1,枚,4,片面,,グロス,,,支給,有,2.5,北原市中央6-8,,"51,600",税別
2411-010,2024-11-08,1038,加藤,インクジェット出力,1200,297,5,枚,,,塩ビシート,マット,,,支給,無,,,,"13,800",税抜
2411-011,2024-11-08,9999,小林,アルミ複合板看板,3000,1800,2,枚,3,片面,,マット,,,修正,有,2.5,北原市 本町6丁目11番,既存撤去,"255,100",税別
2411-012,2024-11-09,1002,中村,アルミ複合板看板,2400,600,4,枚,3,片面,,なし,,,支給,無,,東山町 本町2丁目9番,,"¥97,900",税込
2411-013,2024-11-10,1029,小林,アルミ複合板看板,600,450,3,枚,4,片面,,なし,,,新規,有,6,南川市 本町8丁目21番,図面支給,"131,800",税抜
2411-014,2024-11-11,1044,小林,袖看板,600,1500,1,台,,片面,,,,なし,新規,有,2.5,南川市中央7-19,夜間作業,"143,000",税別
2411-015,2024-11-14,1034,加藤,インクジェット出力,900,600,5,枚,,,合成紙,なし,,,修正,有,3,東山町 本町3丁目27番,,"¥86,570",
2411-016,2024-11-16,1027,中村,アルミ複合板看板,450,1500,1,枚,4,両面,,なし,,,支給,有,4,北原市 本町8丁目11番,,"87,800",
2411-017,2024-11-17,1052,小林,インクジェット出力,900,1200,1,枚,,,メッシュ,マット,,,支給,無,,,,"7,040",
2411-018,2024-11-18,9999,加藤,インクジェット出力,1200,420,2,枚,,,塩ビシート,マット,,,修正,有,4,南川市中央3-26,,"96,800",
2411-019,2024-11-18,1046,山本,インクジェット出力,1200,900,1,枚,,,塩ビシート,なし,,,修正,有,3,北原市中央8-5,,"39,000",税別
2411-020,2024-11-18,9999,中村,アルミ複合板看板,2700,300,3,枚,3,片面,,なし,,,支給,無,,,,"56,500",税別
2411-021,2024-11-18,1043,中村,カルプ文字,,800,2,文字,20,,,,シート貼り,,修正,有,3,中島村 本町3丁目3番,色見本あり,"70,600",税別
2411-022,2024-11-19,1027,小林,アルミ複合板看板,900,1500,1,枚,4,片面,,マット,,,支給,無,,北原市緑ヶ丘7-21-17,,"¥25,800",
2411-023,2024-11-19,1045,加藤,アルミ複合板看板,2700,1200,1,枚,3,片面,,なし,,,支給,有,1.5,北原市中央3-12,色見本あり,"79,500",税別
2411-024,2024-11-20,1015,山本,アルミ複合板看板,2700,600,1,枚,3,片面,,グロス,,,支給,無,,,前回同様,"¥34,100",税込
2411-025,2024-11-20,9999,中村,インクジェット出力,594,1200,1,枚,,,塩ビシート,なし,,,修正,有,6,南川市（現場：事務所）,既存撤去,"98,300",税抜
2411-026,2024-11-20,1047,加藤,インクジェット出力,594,594,1,枚,,,塩ビシート,マット,,,支給,有,2.5,東山町中央7-8,,"30,000",税別
2411-027,2024-11-21,9999,山本,インクジェット出力,3600,600,3,枚,,,メッシュ,なし,,,支給,無,,北原市 本町7丁目7番,急ぎ,"41,800",税込
2411-028,2024-11-22,9999,山本,アルミ複合板看板,2400,300,1,枚,3,両面,,グロス,,,修正,有,2,中島村中央6-17,,"86,900",税込
2411-029,2024-11-23,9999,加藤,カルプ文字,,80,7,文字,20,,,,シート貼り,,支給,有,4,東山町 本町7丁目13番,夜間作業,"¥116,930",
2411-030,2024-11-23,9999,山本,アルミ複合板看板,2400,900,1,枚,4,片面,,マット,,,新規,無,,,色見本あり,"71,000",税別
2411-031,2024-11-23,1055,山本,アルミ複合板看板,3000,1800,4,枚,3,片面,,なし,,,支給,無,,東山町 本町1丁目16番,,"¥311,000",税抜
2411-032,2024-11-23,1030,中村,アルミ複合板看板,1200,1800,3,枚,3,片面,,なし,,,修正,無,,,,"¥100,100",税抜
2411-033,2024-11-24,1020,加藤,カルプ文字,,250,2,文字,20,,,,シート貼り,,新規,有,3,北原市 本町7丁目12番,,"¥60,000",税抜
2411-034,2024-11-24,1042,加藤,インクジェット出力,900,297,2,枚,,,メッシュ,グロス,,,支給,有,3,東山町（現場：店舗）,既存撤去・急ぎ,"¥80,520",税込
2411-035,2024-11-25,9999,中村,カルプ文字,,100,12,文字,10,,,,シート貼り,,支給,有,6,南川市緑ヶ丘4-23-10,,"102,500",税別
2411-036,2024-11-26,1058,小林,アルミ複合板看板,2400,1800,2,枚,3,片面,,グロス,,,支給,無,,,現調済,"140,400",税抜
2411-037,2024-11-27,9999,山本,カルプ文字,,300,3,文字,20,,,,塗装,,新規,有,2.5,北原市緑ヶ丘7-12-6,既存撤去,"95,700",税込
2411-038,2024-11-27,1017,中村,アルミ複合板看板,3600,300,3,枚,4,片面,,なし,,,支給,無,,,,"76,340",税込
2411-039,2024-11-28,1042,加藤,カルプ文字,,80,6,文字,20,,,,シート貼り,,支給,有,6,南川市緑ヶ丘5-14-9,,"80,600",
2411-040,2024-11-28,1031,中村,インクジェット出力,1200,900,1,枚,,,塩ビシート,なし,,,支給,無,,,,"5,500",税込
2411-041,2024-11-28,1005,山本,インクジェット出力,1200,297,1,枚,,,合成紙,なし,,,修正,有,2,北原市中央3-25,,"39,600",税込
2411-042,2024-11-29,1057,中村,カルプ文字,,600,10,文字,30,,,,シート貼り,,修正,有,3.5,北原市中央2-6,,"177,000",税別
2412-001,2024-12-01,9999,加藤,アルミ複合板看板,900,450,1,枚,3,片面,,なし,,,支給,無,,東山町中央2-18,急ぎ・色見本あり,"11,500",税別
2412-002,2024-12-02,1038,加藤,アルミ複合板看板,3600,1500,1,枚,3,片面,,なし,,,修正,無,,,,"¥82,900",税抜
2412-003,2024-12-02,1017,中村,インクジェット出力,2700,297,1,枚,,,合成紙,なし,,,新規,有,6,北原市中央8-11,既存撤去・急ぎ,"119,800",税抜
2412-004,2024-12-02,1040,加藤,インクジェット出力,420,1200,5,枚,,,塩ビシート,グロス,,,支給,無,,中島村中央4-13,,"15,180",
2412-005,2024-12-03,1034,山本,アルミ複合板看板,900,1800,3,枚,3,片面,,グロス,,,修正,有,3,東山町（現場：事務所）,前回同様,"¥141,000",税抜
2412-006,2024-12-03,1013,加藤,アルミ複合板看板,450,1200,2,枚,4,両面,,なし,,,支給,有,2.5,西浜町（現場：事務所）,既存撤去,"115,060",税込
2412-007,2024-12-03,1045,中村,インクジェット出力,1800,297,1,枚,,,メッシュ,なし,,,修正,有,2.5,西浜町中央7-11,,"52,400",税別
2412-008,2024-12-04,1016,山本,インクジェット出力,420,297,1,枚,,,メッシュ,グロス,,,新規,無,,南川市 本町8丁目16番,,"¥28,000",
2412-009,2024-12-05,1016,山本,アルミ複合板看板,600,1800,3,枚,3,片面,,なし,,,修正,無,,,急ぎ,"¥65,000",税抜
2412-010,2024-12-07,1051,小林,インクジェット出力,841,1200,1,枚,,,ターポリン,グロス,,,新規,有,4,北原市 本町1丁目29番,,"¥104,500",
2412-011,2024-12-07,1016,中村,インクジェット出力,1200,297,3,枚,,,メッシュ,グロス,,,支給,無,,北原市 本町8丁目28番,図面支給,"9,000",税別
2412-012,2024-12-08,1035,山本,アルミ複合板看板,1800,600,2,枚,3,片面,,グロス,,,支給,無,,,急ぎ,"45,000",税別
2412-013,2024-12-08,1055,小林,袖看板,600,600,1,台,,両面,,,,LED内照,支給,有,3,北原市（現場：事務所）,色見本あり,"128,000",
2412-014,2024-12-08,9999,加藤,アルミ複合板看板,450,1800,4,枚,3,片面,,なし,,,支給,有,1.5,北原市（現場：店舗）,夜間作業・既存撤去,"¥157,520",税込
2412-015,2024-12-08,9999,山本,袖看板,600,1500,1,台,,両面,,,,なし,修正,有,2.5,中島村中央1-4,,"¥151,000",税別
2412-016,2024-12-09,9999,小林,アルミ複合板看板,3600,1800,2,枚,3,片面,,グロス,,,支給,有,4,北原市中央7-2,色見本あり,"¥344,190",
2412-017,2024-12-09,1020,小林,アルミ複合板看板,600,450,1,枚,3,両面,,マット,,,修正,無,,南川市中央6-16,,"16,280",税込
2412-018,2024-12-09,1032,小林,アルミ複合板看板,3600,900,2,枚,4,片面,,なし,,,新規,無,,北原市 本町8丁目1番,,"¥143,900",税抜
2412-019,2024-12-09,9999,山本,カルプ文字,,80,3,文字,10,,,,シート貼り,,修正,有,1.5,中島村 本町3丁目20番,,"57,200",税込
2412-020,2024-12-09,9999,小林,カルプ文字,,400,3,文字,30,,,,シート貼り,,支給,有,5,南川市 本町6丁目4番,,"102,800",税抜
2412-021,2024-12-10,1046,小林,アルミ複合板看板,600,300,1,枚,3,両面,,グロス,,,支給,有,2,北原市中央6-17,夜間作業・現調済,"57,420",税込
2412-022,2024-12-10,1040,山本,カルプ文字,,300,7,文字,10,,,,塗装,,新規,有,5,北原市 本町2丁目20番,既存撤去,"157,300",税込
2412-023,2024-12-10,9999,加藤,インクジェット出力,3600,594,3,枚,,,合成紙,グロス,,,修正,有,5,北原市中央4-11,,"¥122,300",税抜
2412-024,2024-12-10,1006,小林,アルミ複合板看板,3600,1500,1,枚,3,両面,,なし,,,支給,無,,,,"136,200",税抜
2412-025,2024-12-11,1051,中村,インクジェット出力,420,594,3,枚,,,塩ビシート,なし,,,支給,有,3.5,北原市緑ヶ丘4-15-10,,"57,200",税込
2412-026,2024-12-11,1002,山本,インクジェット出力,3600,1200,2,枚,,,ターポリン,グロス,,,修正,無,,,色見本あり,"¥48,000",税別
2412-027,2024-12-12,1045,山本,インクジェット出力,1200,900,3,枚,,,メッシュ,なし,,,支給,無,,中島村中央4-23,急ぎ,"18,700",税込
2412-028,2024-12-12,1038,山本,アルミ複合板看板,900,1800,2,枚,4,片面,,なし,,,新規,有,1.5,北原市中央8-24,,"¥135,300",税込
2412-029,2024-12-13,1045,加藤,インクジェット出力,420,420,3,枚,,,ターポリン,グロス,,,支給,無,,,色見本あり,"8,250",税込
2412-030,2024-12-13,1007,中村,インクジェット出力,900,900,1,枚,,,塩ビシート,マット,,,支給,無,,,,"5,000",税別
2412-031,2024-12-13,1048,小林,袖看板,600,600,1,台,,両面,,,,LED内照,支給,有,4,中島村（現場：倉庫）,夜間作業,"195,000",税抜
2412-032,2024-12-13,1022,山本,カルプ文字,,200,11,文字,20,,,,シート貼り,,修正,有,4,中島村緑ヶ丘4-5-14,前回同様,"¥136,400",税込
2412-033,2024-12-14,1018,山本,袖看板,450,600,2,台,,両面,,,,なし,修正,有,3,南川市 本町1丁目28番,,"178,000",
2412-034,2024-12-14,1040,中村,アルミ複合板看板,2700,300,1,枚,3,片面,,なし,,,支給,無,,北原市 本町7丁目5番,色見本あり,"18,810",税込
2412-035,2024-12-14,1019,加藤,アルミ複合板看板,900,1800,2,枚,3,片面,,なし,,,支給,有,4,北原市 本町5丁目7番,,"122,900",税抜
2412-036,2024-12-14,1031,加藤,カルプ文字,,150,11,文字,10,,,,シート貼り,,支給,有,2.5,中島村（現場：店舗）,,"89,100",
2412-037,2024-12-14,1043,中村,インクジェット出力,841,297,3,枚,,,合成紙,マット,,,支給,有,2,西浜町中央8-20,色見本あり,"67,000",税抜
2412-038,2024-12-16,1030,中村,袖看板,900,600,1,台,,両面,,,,なし,支給,有,6,南川市緑ヶ丘2-12-12,夜間作業,"190,300",税込
2412-039,2024-12-16,1024,小林,アルミ複合板看板,600,600,1,枚,4,片面,,マット,,,修正,無,,,,"15,840",税込
2412-040,2024-12-16,1023,加藤,アルミ複合板看板,1800,600,4,枚,3,片面,,マット,,,修正,無,,,,"73,000",税抜
2412-041,2024-12-17,1049,加藤,カルプ文字,,400,9,文字,10,,,,シート貼り,,支給,有,3.5,南川市 本町5丁目7番,,"121,770",税込
2412-042,2024-12-18,1042,中村,袖看板,450,1200,2,台,,片面,,,,なし,支給,有,5,中島村 本町8丁目9番,,"224,000",税抜
2412-043,2024-12-18,9999,中村,カルプ文字,,50,12,文字,30,,,,シート貼り,,支給,有,4,南川市中央8-19,,"118,300",税別
2412-044,2024-12-19,1018,加藤,袖看板,450,900,1,台,,両面,,,,なし,支給,有,3,東山町（現場：店舗）,夜間作業・急ぎ・前回同様,"¥151,800",税込
2412-045,2024-12-19,1045,加藤,アルミ複合板看板,2400,1500,2,枚,3,片面,,グロス,,,支給,無,,,,"115,600",税抜
2412-046,2024-12-19,9999,山本,インクジェット出力,1200,600,2,枚,,,メッシュ,なし,,,修正,無,,,急ぎ,"13,000",
2412-047,2024-12-19,1044,小林,カルプ文字,,250,7,文字,10,,,,シート貼り,,支給,有,3,東山町 本町5丁目13番,急ぎ・図面支給,"¥82,800",
2412-048,2024-12-20,1054,山本,アルミ複合板看板,450,1800,2,枚,3,片面,,マット,,,支給,有,1.5,北原市緑ヶ丘6-19-16,現調済,"65,000",
2412-049,2024-12-21,9999,小林,インクジェット出力,1200,594,2,枚,,,塩ビシート,なし,,,支給,無,,東山町（現場：事務所）,,"6,200",税別
2412-050,2024-12-22,1036,中村,アルミ複合板看板,1800,1800,1,枚,3,片面,,グロス,,,支給,無,,北原市 本町1丁目28番,,"53,100",税抜
2412-051,2024-12-23,1058,加藤,インクジェット出力,594,420,1,枚,,,ターポリン,マット,,,修正,有,2.5,北原市 本町4丁目5番,,"41,250",税込
2412-052,2024-12-24,1033,山本,カルプ文字,,250,9,文字,20,,,,塗装,,支給,有,4,北原市中央6-2,,"¥124,000",税別
2412-053,2024-12-25,1032,中村,アルミ複合板看板,450,900,3,枚,3,片面,,なし,,,支給,有,1.5,北原市緑ヶ丘2-6-5,前回同様,"79,420",
2412-054,2024-12-26,9999,中村,インクジェット出力,900,594,5,枚,,,メッシュ,なし,,,支給,有,6,北原市中央2-10,,"119,900",税別
2412-052-2,2024-12-28,1033,山本,カルプ文字,,250,9,文字,20,,,,塗装,,支給,有,4,北原市中央6-2,,"124,000",税別
2412-055,2024-12-28,1014,山本,袖看板,600,600,2,台,,両面,,,,LED内照,支給,有,4,中島村（現場：倉庫）,,"314,600",税込
2412-056,2024-12-29,1019,加藤,インクジェット出力,1800,297,1,枚,,,メッシュ,なし,,,支給,有,2,中島村 本町5丁目29番,,"¥47,400",税抜
2412-057,2024-12-29,9999,小林,アルミ複合板看板,900,450,1,枚,3,片面,,なし,,,修正,無,,,,"14,600",税別
2412-058,2024-12-30,9999,加藤,インクジェット出力,1200,900,5,枚,,,合成紙,なし,,,新規,有,3,北原市緑ヶ丘1-5-9,既存撤去・色見本あり,"133,320",税込
2412-059,2024-12-30,1054,小林,アルミ複合板看板,2400,450,1,枚,4,両面,,グロス,,,支給,無,,,,"40,480",
2412-060,2024-12-31,1005,山本,アルミ複合板看板,1800,1500,2,枚,4,両面,,なし,,,修正,有,2.5,東山町 本町2丁目1番,夜間作業・急ぎ,"¥298,100",税込
2412-061,2024-12-31,9999,加藤,アルミ複合板看板,1200,450,3,枚,3,片面,,なし,,,支給,無,,,,"33,300",税抜
2412-062,2024-12-31,9999,中村,カルプ文字,,80,7,文字,20,,,,シート貼り,,修正,有,1.5,東山町緑ヶ丘6-22-17,既存撤去,"¥71,700",税抜
2501-001,2025-01-01,1038,小林,カルプ文字,,500,13,文字,20,,,,塗装,,修正,有,1.5,中島村緑ヶ丘3-14-15,既存撤去,"¥213,840",
2501-002,2025-01-01,9999,山本,カルプ文字,,150,8,文字,20,,,,シート貼り,,修正,有,4,北原市（現場：倉庫）,色見本あり,"¥112,300",税別
2501-003,2025-01-01,1008,加藤,カルプ文字,,800,4,文字,10,,,,シート貼り,,修正,有,2,西浜町中央5-5,,"97,200",税別
2501-004,2025-01-02,1038,加藤,カルプ文字,,400,12,文字,20,,,,塗装,,修正,有,3,東山町 本町5丁目6番,,"¥161,600",税抜
2501-005,2025-01-03,1030,中村,アルミ複合板看板,900,1800,1,枚,3,片面,,マット,,,支給,無,,北原市（現場：事務所）,,"¥28,300",税別
2501-006,2025-01-04,1030,中村,インクジェット出力,900,600,1,枚,,,メッシュ,なし,,,修正,有,2.5,西浜町 本町8丁目6番,急ぎ,"61,900",税別
2501-007,2025-01-05,1032,中村,カルプ文字,,80,13,文字,10,,,,シート貼り,,新規,有,2,中島村中央1-15,急ぎ・前回同様,"¥109,900",
2501-008,2025-01-06,1020,小林,カルプ文字,,400,13,文字,10,,,,塗装,,新規,有,2.5,北原市 本町3丁目19番,,"180,900",税抜
2501-009,2025-01-07,9999,小林,インクジェット出力,420,1200,5,枚,,,合成紙,なし,,,支給,無,,,,"¥8,300",税抜
2501-010,2025-01-07,1037,山本,アルミ複合板看板,3600,600,4,枚,3,片面,,グロス,,,支給,無,,,,"¥156,000",税別
2501-011,2025-01-07,1037,小林,アルミ複合板看板,1800,1200,4,枚,3,片面,,グロス,,,支給,無,,西浜町中央8-26,,"¥144,400",
2501-012,2025-01-08,9999,小林,カルプ文字,,80,3,文字,10,,,,シート貼り,,新規,有,2.5,北原市中央6-13,,"63,470",税込
2501-013,2025-01-08,9999,小林,袖看板,600,1200,1,台,,片面,,,,LED内照,支給,有,3,北原市中央8-28,夜間作業,"¥162,800",税別
2501-014,2025-01-09,1014,中村,アルミ複合板看板,450,600,4,枚,3,片面,,なし,,,支給,無,,,,"¥24,640",税込
2501-015,2025-01-09,9999,小林,カルプ文字,,200,8,文字,20,,,,シート貼り,,支給,有,6,東山町（現場：事務所）,,"107,800",税別
2501-016,2025-01-09,1048,加藤,カルプ文字,,300,8,文字,20,,,,シート貼り,,新規,有,3,南川市 本町1丁目29番,急ぎ,"131,780",税込
2501-017,2025-01-09,1001,山本,カルプ文字,,80,4,文字,20,,,,シート貼り,,支給,有,5,北原市 本町1丁目19番,,"¥75,900",
2501-018,2025-01-11,1039,中村,カルプ文字,,500,9,文字,10,,,,塗装,,新規,有,2,南川市 本町3丁目19番,,"¥142,700",税抜
2501-019,2025-01-11,1020,中村,アルミ複合板看板,1800,1500,1,枚,4,片面,,グロス,,,支給,無,,北原市 本町3丁目9番,,"51,900",税抜
2501-020,2025-01-12,1042,山本,インクジェット出力,900,420,1,枚,,,ターポリン,グロス,,,支給,有,2.5,北原市中央3-11,,"35,200",税込
2501-021,2025-01-13,1030,小林,袖看板,600,1200,1,台,,片面,,,,なし,新規,有,2.5,東山町 本町1丁目27番,急ぎ,"148,600",税別
2501-022,2025-01-13,9999,中村,インクジェット出力,841,297,1,枚,,,ターポリン,なし,,,修正,無,,北原市（現場：倉庫）,,"7,590",税込
2501-023,2025-01-13,1053,加藤,カルプ文字,,100,7,文字,10,,,,塗装,,支給,有,5,西浜町中央3-16,,"106,920",税込
2501-024,2025-01-14,9999,中村,アルミ複合板看板,2400,1500,1,枚,3,片面,,なし,,,支給,有,3,南川市 本町7丁目28番,,"¥103,510",税込
2501-025,2025-01-15,1005,山本,アルミ複合板看板,450,1500,3,枚,3,片面,,なし,,,修正,無,,,,"39,000",税別
2501-026,2025-01-16,1004,中村,アルミ複合板看板,2700,1800,3,枚,4,両面,,グロス,,,修正,無,,,,"534,490",税込
2501-027,2025-01-16,1012,山本,インクジェット出力,841,1200,1,枚,,,合成紙,マット,,,新規,無,,,,"¥28,000",税抜
2501-028,2025-01-16,1034,小林,アルミ複合板看板,900,900,1,枚,4,片面,,マット,,,修正,有,2.5,北原市中央1-18,,"58,960",税込
2501-029,2025-01-17,1044,加藤,カルプ文字,,300,7,文字,10,,,,塗装,,支給,有,5,北原市 本町4丁目8番,既存撤去,"118,000",税別
2501-030,2025-01-17,1004,加藤,袖看板,900,1200,1,台,,片面,,,,なし,修正,有,2,南川市 本町6丁目27番,急ぎ・前回同様,"177,100",税込
2501-031,2025-01-18,1023,小林,インクジェット出力,3600,600,1,枚,,,塩ビシート,マット,,,支給,無,,,前回同様,"12,980",
2501-032,2025-01-18,1007,小林,袖看板,900,1200,2,台,,両面,,,,LED内照,支給,有,3.5,南川市中央6-17,,"308,700",税別
2501-033,2025-01-19,9999,加藤,袖看板,900,600,1,台,,両面,,,,なし,修正,有,2.5,東山町 本町8丁目5番,色見本あり,"154,330",税込
2501-034,2025-01-19,1003,小林,アルミ複合板看板,450,450,3,枚,3,両面,,なし,,,支給,無,,,,"25,000",
2501-035,2025-01-20,9999,加藤,カルプ文字,,600,12,文字,30,,,,塗装,,新規,有,6,東山町中央3-28,夜間作業・既存撤去,"334,100",税抜
2501-036,2025-01-20,1033,山本,インクジェット出力,420,297,2,枚,,,塩ビシート,マット,,,支給,無,,,,"¥5,500",税込
2501-037,2025-01-21,1049,加藤,インクジェット出力,841,1200,2,枚,,,塩ビシート,なし,,,修正,有,1.5,東山町緑ヶ丘7-4-2,,"56,000",
2501-038,2025-01-21,1057,小林,カルプ文字,,300,3,文字,30,,,,塗装,,新規,有,3.5,東山町中央1-15,現調済,"76,600",税別
2501-039,2025-01-21,9999,加藤,アルミ複合板看板,3000,1800,2,枚,3,両面,,マット,,,修正,有,6,中島村中央1-2,夜間作業,"441,700",税別
2501-040,2025-01-21,1027,山本,アルミ複合板看板,1800,600,1,枚,3,片面,,なし,,,修正,無,,,,"21,000",税抜
2501-041,2025-01-22,1029,小林,カルプ文字,,500,6,文字,10,,,,塗装,,支給,有,3,東山町 本町1丁目21番,図面支給,"97,680",税込
2501-042,2025-01-22,9999,山本,アルミ複合板看板,2700,450,4,枚,4,片面,,グロス,,,支給,無,,,,"139,700",税込
2501-043,2025-01-22,1060,小林,アルミ複合板看板,600,600,4,枚,3,両面,,グロス,,,新規,有,2.5,南川市中央1-2,現調済,"147,400",税込
2501-044,2025-01-23,9999,加藤,カルプ文字,,100,10,文字,20,,,,シート貼り,,新規,有,5,中島村中央8-1,前回同様,"138,300",
2501-045,2025-01-23,9999,中村,カルプ文字,,500,5,文字,30,,,,塗装,,支給,有,1.5,北原市（現場：倉庫）,,"85,200",税別
2501-046,2025-01-24,1043,山本,インクジェット出力,900,594,1,枚,,,メッシュ,なし,,,支給,無,,北原市 本町2丁目13番,,"¥5,000",税抜
2501-047,2025-01-25,9999,中村,カルプ文字,,250,9,文字,30,,,,シート貼り,,支給,有,6,北原市 本町1丁目5番,既存撤去,"161,810",税込
2501-048,2025-01-26,1037,山本,アルミ複合板看板,450,1800,2,枚,3,片面,,なし,,,支給,無,,,,"30,800",
2501-049,2025-01-27,1009,小林,インクジェット出力,420,420,1,枚,,,メッシュ,なし,,,支給,有,2.5,北原市中央2-27,,"¥35,420",税込
2501-050,2025-01-28,9999,山本,袖看板,600,1500,1,台,,片面,,,,なし,修正,有,5,南川市中央3-16,,"171,600",税込
2501-051,2025-01-29,1030,加藤,アルミ複合板看板,3000,1500,4,枚,3,片面,,なし,,,支給,有,5,東山町中央1-25,夜間作業・既存撤去・急ぎ,"¥506,880",税込
2501-052,2025-01-30,1060,中村,カルプ文字,,500,11,文字,20,,,,シート貼り,,新規,有,2.5,西浜町緑ヶ丘8-10-6,,"184,200",税抜
2501-053,2025-01-30,1021,中村,アルミ複合板看板,3000,1500,1,枚,3,片面,,グロス,,,修正,有,2,北原市緑ヶ丘4-24-9,,"120,780",税込
2501-034-2,2025-01-31,1003,小林,アルミ複合板看板,450,450,4,枚,3,両面,,なし,,,支給,無,,,,"25,000",
2501-054,2025-01-31,1001,中村,アルミ複合板看板,1800,1200,4,枚,4,片面,,グロス,,,支給,無,,北原市中央8-9,,"170,800",税抜
2502-001,2025-02-01,1016,小林,インクジェット出力,1200,900,3,枚,,,メッシュ,なし,,,修正,有,4,東山町中央1-12,,"¥105,500",税別
2502-002,2025-02-03,1019,山本,カルプ文字,,200,2,文字,20,,,,シート貼り,,修正,有,5,南川市中央4-12,,"76,000",税抜
2502-003,2025-02-05,1010,山本,アルミ複合板看板,3600,450,1,枚,3,両面,,なし,,,修正,有,3.5,東山町緑ヶ丘4-4-15,,"86,000",税抜
2502-004,2025-02-06,1060,加藤,インクジェット出力,594,1200,2,枚,,,合成紙,マット,,,支給,有,4,東山町中央6-23,,"¥92,070",
2502-005,2025-02-06,1015,小林,カルプ文字,,300,13,文字,20,,,,シート貼り,,新規,有,4,東山町中央8-23,,"188,650",税込
2502-006,2025-02-06,1006,加藤,アルミ複合板看板,2700,1500,4,枚,3,片面,,グロス,,,修正,無,,,,"¥279,200",税別
2502-007,2025-02-06,1031,中村,カルプ文字,,300,2,文字,10,,,,シート貼り,,修正,有,2.5,南川市（現場：倉庫）,色見本あり,"¥48,400",税込
2502-002-2,2025-02-07,1019,山本,カルプ文字,,200,2,文字,20,,,,シート貼り,,修正,有,5,南川市中央4-12,,"76,000",税別
2502-008,2025-02-07,1003,山本,袖看板,750,1200,1,台,,片面,,,,なし,支給,有,2.5,西浜町中央3-14,夜間作業,"126,500",
2502-009,2025-02-07,1035,小林,アルミ複合板看板,2700,900,1,枚,3,両面,,マット,,,修正,有,3,北原市緑ヶ丘1-16-4,図面支給,"105,700",税抜
2502-010,2025-02-07,9999,中村,袖看板,450,1200,1,台,,片面,,,,LED内照,支給,有,1.5,東山町 本町3丁目25番,夜間作業,"168,300",税抜
2502-011,2025-02-10,1052,山本,インクジェット出力,594,297,3,枚,,,メッシュ,グロス,,,修正,無,,,急ぎ,"¥15,000",
2502-012,2025-02-10,1013,中村,インクジェット出力,1800,600,1,枚,,,塩ビシート,なし,,,修正,無,,北原市緑ヶ丘8-13-4,,"¥9,300",税別
2502-013,2025-02-11,1050,加藤,インクジェット出力,1200,1200,1,枚,,,ターポリン,グロス,,,支給,無,,,図面支給,"¥7,920",税込
2502-014,2025-02-11,9999,小林,カルプ文字,,200,12,文字,30,,,,塗装,,新規,有,5,西浜町中央1-26,急ぎ,"¥218,200",税別
2502-015,2025-02-12,1028,中村,カルプ文字,,800,15,文字,10,,,,シート貼り,,修正,有,5,北原市緑ヶ丘7-25-1,,"295,900",税込
2502-016,2025-02-12,1041,中村,カルプ文字,,500,7,文字,10,,,,シート貼り,,修正,有,6,北原市緑ヶ丘6-9-12,,"¥139,810",税込
2502-017,2025-02-12,1054,小林,インクジェット出力,841,1200,2,枚,,,メッシュ,マット,,,新規,有,3.5,中島村中央6-14,急ぎ,"113,410",税込
2502-018,2025-02-12,9999,山本,アルミ複合板看板,2400,1800,2,枚,4,両面,,なし,,,新規,無,,,,"¥316,000",税抜
2502-019,2025-02-12,1045,中村,カルプ文字,,80,6,文字,10,,,,塗装,,支給,有,6,東山町中央5-6,,"91,960",税込
2502-020,2025-02-13,1024,中村,アルミ複合板看板,2700,900,2,枚,4,両面,,なし,,,支給,有,2.5,南川市（現場：倉庫）,,"¥210,540",税込
2502-021,2025-02-13,1003,小林,アルミ複合板看板,3600,1500,1,枚,3,片面,,マット,,,修正,有,2.5,北原市中央8-6,,"¥111,800",税抜
2502-022,2025-02-13,9999,加藤,袖看板,900,600,2,台,,両面,,,,なし,修正,有,6,北原市緑ヶ丘1-14-12,,"278,900",税抜
2502-023,2025-02-14,1038,加藤,カルプ文字,,500,12,文字,10,,,,塗装,,新規,有,4,中島村（現場：倉庫）,夜間作業,"235,600",税抜
2502-024,2025-02-15,1041,加藤,袖看板,600,900,2,台,,両面,,,,LED内照,支給,有,2,南川市緑ヶ丘5-16-1,,"289,000",税別
2502-025,2025-02-15,1021,加藤,アルミ複合板看板,900,900,3,枚,3,片面,,なし,,,支給,有,5,北原市（現場：事務所）,,"¥132,000",税込
2502-026,2025-02-16,1005,小林,アルミ複合板看板,900,1200,2,枚,3,両面,,マット,,,新規,無,,,色見本あり,"95,480",税込
2502-027,2025-02-17,1055,中村,アルミ複合板看板,900,1200,4,枚,3,片面,,マット,,,支給,有,1.5,中島村中央6-4,前回同様,"159,720",税込
2502-028,2025-02-17,1040,加藤,アルミ複合板看板,2700,600,1,枚,4,片面,,グロス,,,支給,有,6,東山町 本町3丁目13番,既存撤去,"130,240",税込
2502-029,2025-02-19,1017,中村,袖看板,450,1200,1,台,,両面,,,,なし,新規,有,1.5,西浜町緑ヶ丘1-27-8,急ぎ,"184,600",税抜
2502-030,2025-02-19,1040,中村,インクジェット出力,594,600,3,枚,,,塩ビシート,なし,,,支給,有,2,南川市中央4-17,,"¥62,700",税込
2502-031,2025-02-20,9999,中村,カルプ文字,,50,5,文字,20,,,,シート貼り,,修正,有,4,北原市 本町4丁目29番,,"93,170",税込
2502-032,2025-02-20,9999,加藤,袖看板,750,600,1,台,,両面,,,,LED内照,修正,有,2,南川市 本町5丁目8番,夜間作業,"170,000",
2502-033,2025-02-21,1056,中村,アルミ複合板看板,1200,600,2,枚,3,片面,,マット,,,新規,有,1.5,東山町（現場：事務所）,夜間作業・急ぎ,"¥129,100",税別
2502-034,2025-02-21,9999,中村,アルミ複合板看板,3000,1200,2,枚,3,片面,,なし,,,新規,無,,,,"142,900",
2502-035,2025-02-21,1052,山本,カルプ文字,,250,8,文字,10,,,,シート貼り,,支給,有,3.5,北原市中央7-18,現調済,"77,000",税込
2502-036,2025-02-22,1016,小林,インクジェット出力,841,600,1,枚,,,ターポリン,なし,,,支給,無,,,,"¥5,500",税込
2502-037,2025-02-23,1037,加藤,アルミ複合板看板,2400,450,1,枚,3,片面,,なし,,,支給,無,,,,"18,480",税込
2502-038,2025-02-25,9999,小林,アルミ複合板看板,2700,600,1,枚,3,両面,,なし,,,支給,無,,東山町 本町7丁目5番,,"50,900",税抜
2502-039,2025-02-25,1053,山本,カルプ文字,,800,5,文字,20,,,,シート貼り,,支給,有,1.5,東山町 本町2丁目13番,,"118,000",税別
2502-040,2025-02-25,9999,加藤,アルミ複合板看板,600,600,1,枚,3,両面,,マット,,,支給,有,4,北原市緑ヶ丘2-29-9,,"93,720",税込
2502-041,2025-02-26,9999,中村,アルミ複合板看板,600,900,2,枚,3,両面,,マット,,,修正,無,,,,"48,510",税込
2502-042,2025-02-26,1060,小林,カルプ文字,,800,15,文字,10,,,,塗装,,支給,有,2,東山町 本町6丁目2番,夜間作業・既存撤去,"276,000",
2502-043,2025-02-26,9999,中村,アルミ複合板看板,1200,300,2,枚,3,片面,,なし,,,新規,無,,,前回同様,"¥41,200",税抜
2502-044,2025-02-26,1033,中村,インクジェット出力,1800,297,1,枚,,,ターポリン,マット,,,新規,無,,,,"¥27,600",
2502-045,2025-02-28,1025,中村,アルミ複合板看板,1800,900,4,枚,4,片面,,なし,,,修正,有,3,北原市（現場：店舗）,,"197,120",
2503-001,2025-03-01,9999,加藤,インクジェット出力,900,420,3,枚,,,メッシュ,マット,,,新規,有,3,北原市緑ヶ丘2-26-15,,"¥85,500",税抜
2503-002,2025-03-01,1006,加藤,カルプ文字,,150,2,文字,20,,,,シート貼り,,修正,有,6,南川市（現場：店舗）,夜間作業,"91,000",税抜
2503-003,2025-03-01,1026,加藤,カルプ文字,,250,9,文字,30,,,,塗装,,支給,有,3.5,北原市 本町3丁目13番,夜間作業,"110,800",税抜
2503-004,2025-03-02,1039,加藤,アルミ複合板看板,3600,1500,1,枚,3,片面,,マット,,,支給,無,,,図面支給,"97,570",税込
2503-005,2025-03-03,9999,山本,カルプ文字,,200,15,文字,30,,,,シート貼り,,新規,有,1.5,南川市中央3-18,,"154,000",
2503-006,2025-03-03,9999,中村,袖看板,750,1500,2,台,,両面,,,,なし,支給,有,2.5,北原市中央7-9,現調済,"324,280",税込
2503-007,2025-03-03,1026,小林,インクジェット出力,2700,900,3,枚,,,塩ビシート,なし,,,修正,無,,,,"¥37,510",
2503-008,2025-03-03,1049,中村,アルミ複合板看板,2700,1200,3,枚,3,片面,,マット,,,支給,無,,,現調済,"168,400",
2503-009,2025-03-04,1048,加藤,カルプ文字,,300,6,文字,20,,,,シート貼り,,支給,有,1.5,東山町中央6-20,,"66,000",
2503-010,2025-03-05,1008,山本,アルミ複合板看板,1200,1500,2,枚,3,片面,,マット,,,支給,無,,,,"¥64,900",税込
2503-011,2025-03-05,1029,中村,アルミ複合板看板,2400,1800,1,枚,3,片面,,なし,,,新規,無,,北原市 本町2丁目9番,図面支給,"¥95,040",税込
2503-012,2025-03-05,9999,中村,インクジェット出力,420,600,1,枚,,,塩ビシート,なし,,,新規,無,,,,"¥27,200",税別
2503-013,2025-03-06,1014,加藤,インクジェット出力,841,594,1,枚,,,ターポリン,マット,,,新規,無,,西浜町中央2-17,,"27,500",税抜
2503-014,2025-03-07,1007,加藤,袖看板,750,1200,1,台,,両面,,,,LED内照,支給,有,1.5,東山町 本町1丁目26番,夜間作業,"¥711,270",税込
2503-015,2025-03-07,1009,山本,アルミ複合板看板,3600,900,1,枚,3,片面,,なし,,,新規,無,,,,"¥75,900",税込
2503-016,2025-03-08,1059,山本,アルミ複合板看板,600,600,2,枚,4,片面,,なし,,,支給,有,3.5,東山町 本町8丁目10番,,"66,000",
2503-017,2025-03-09,9999,小林,カルプ文字,,200,3,文字,20,,,,シート貼り,,支給,有,5,南川市緑ヶ丘8-22-1,夜間作業,"¥109,450",税込
2503-018,2025-03-09,1019,山本,袖看板,750,900,1,台,,片面,,,,なし,支給,有,2.5,南川市中央6-8,,"113,300",税込
2503-019,2025-03-10,1051,加藤,アルミ複合板看板,3000,450,2,枚,3,片面,,グロス,,,新規,有,1.5,北原市中央6-9,急ぎ,"148,060",税込
2503-020,2025-03-11,9999,加藤,インクジェット出力,3600,420,3,枚,,,ターポリン,なし,,,新規,有,1.5,南川市中央2-23,,"108,350",税込
2503-021,2025-03-11,1018,山本,アルミ複合板看板,3600,1800,2,枚,4,片面,,グロス,,,新規,有,6,南川市中央4-3,,"¥353,000",税抜
2503-022,2025-03-11,1045,山本,カルプ文字,,50,12,文字,20,,,,塗装,,支給,有,2.5,北原市（現場：倉庫）,,"¥71,000",税抜
2503-023,2025-03-11,1005,小林,インクジェット出力,1200,594,3,枚,,,塩ビシート,なし,,,支給,無,,,,"8,500",税別
2503-024,2025-03-12,9999,山本,カルプ文字,,250,13,文字,20,,,,塗装,,修正,有,3.5,南川市中央6-21,,"155,100",税込
2503-025,2025-03-14,1043,加藤,アルミ複合板看板,1800,1500,4,枚,3,片面,,なし,,,修正,無,,,色見本あり,"158,800",税抜
2503-026,2025-03-14,1006,中村,アルミ複合板看板,2700,300,4,枚,3,両面,,なし,,,支給,無,,南川市緑ヶ丘4-15-15,,"¥107,400",税別
2503-023-2,2025-03-15,1005,小林,インクジェット出力,1200,594,4,枚,,,塩ビシート,なし,,,支給,無,,,,"8,500",税別
2503-027,2025-03-15,1059,中村,アルミ複合板看板,1800,450,1,枚,3,片面,,マット,,,支給,無,,,急ぎ,"21,010",税込
2503-028,2025-03-15,1004,山本,インクジェット出力,420,1200,2,枚,,,合成紙,グロス,,,修正,有,5,東山町 本町5丁目17番,,"95,700",税込
2503-029,2025-03-16,9999,山本,インクジェット出力,1200,420,1,枚,,,塩ビシート,グロス,,,支給,有,2.5,北原市 本町8丁目19番,,"36,300",税込
2503-030,2025-03-16,1023,加藤,インクジェット出力,900,600,1,枚,,,メッシュ,なし,,,修正,有,3.5,北原市 本町2丁目22番,色見本あり,"¥41,140",税込
2503-031,2025-03-16,1060,中村,袖看板,450,1500,1,台,,両面,,,,なし,支給,有,2.5,西浜町中央1-29,,"133,000",税抜
2503-032,2025-03-16,1020,小林,カルプ文字,,80,13,文字,10,,,,塗装,,新規,有,4,東山町 本町6丁目17番,,"147,180",税込
2503-033,2025-03-18,9999,小林,アルミ複合板看板,600,600,2,枚,4,片面,,なし,,,新規,有,2.5,西浜町 本町5丁目27番,急ぎ,"¥117,600",税抜
2503-034,2025-03-18,1011,加藤,アルミ複合板看板,1800,600,4,枚,3,片面,,グロス,,,修正,無,,,図面支給,"¥89,320",税込
2503-035,2025-03-21,1009,小林,アルミ複合板看板,3000,1200,1,枚,4,片面,,なし,,,修正,有,5,北原市（現場：店舗）,,"134,400",税抜
2503-036,2025-03-21,1060,加藤,アルミ複合板看板,1800,600,1,枚,4,片面,,グロス,,,支給,有,3,北原市中央2-4,夜間作業,"74,030",税込
2503-037,2025-03-22,9999,加藤,インクジェット出力,3600,600,1,枚,,,塩ビシート,なし,,,支給,無,,,現調済,"¥10,450",税込
2503-038,2025-03-22,1042,山本,アルミ複合板看板,2400,900,2,枚,3,片面,,なし,,,支給,有,4,北原市（現場：店舗）,,"¥136,000",税抜
2503-039,2025-03-22,1045,中村,インクジェット出力,1200,600,1,枚,,,塩ビシート,なし,,,支給,無,,,前回同様,"¥5,000",税抜
2503-040,2025-03-23,9999,加藤,アルミ複合板看板,900,600,1,枚,3,両面,,マット,,,支給,無,,,,"19,500",税抜
2503-041,2025-03-23,9999,中村,袖看板,450,900,1,台,,両面,,,,LED内照,支給,有,6,南川市 本町1丁目21番,,"¥184,800",税別
2503-042,2025-03-24,1047,中村,袖看板,450,1200,1,台,,片面,,,,LED内照,支給,有,5,南川市中央3-16,色見本あり,"¥190,300",税込
2503-043,2025-03-24,1001,山本,カルプ文字,,300,6,文字,20,,,,塗装,,支給,有,2.5,南川市中央8-28,,"72,000",税別
2503-044,2025-03-24,1051,小林,アルミ複合板看板,3000,900,1,枚,3,両面,,なし,,,支給,無,,,,"70,600",
2503-045,2025-03-25,1007,山本,アルミ複合板看板,450,1500,1,枚,3,片面,,なし,,,新規,無,,北原市緑ヶ丘5-16-5,図面支給,"35,000",税別
2503-046,2025-03-25,1043,山本,インクジェット出力,2700,600,1,枚,,,塩ビシート,なし,,,修正,無,,,前回同様,"¥12,100",税込
2503-047,2025-03-25,9999,加藤,カルプ文字,,250,7,文字,30,,,,塗装,,修正,有,5,北原市緑ヶ丘4-8-13,既存撤去,"¥144,000",税抜
2503-048,2025-03-26,9999,山本,インクジェット出力,420,420,5,枚,,,塩ビシート,なし,,,新規,有,6,北原市中央3-5,,"142,000",
2503-049,2025-03-26,1049,小林,袖看板,900,900,1,台,,片面,,,,LED内照,支給,有,2,中島村中央5-1,,"¥160,600",税込
2503-050,2025-03-27,9999,加藤,アルミ複合板看板,3600,300,1,枚,4,片面,,グロス,,,修正,無,,北原市 本町2丁目29番,前回同様,"41,250",税込
2503-051,2025-03-27,1012,加藤,袖看板,900,900,1,台,,両面,,,,LED内照,支給,有,2,北原市中央4-8,,"¥191,840",税込
2503-052,2025-03-27,1036,小林,アルミ複合板看板,600,1200,3,枚,3,片面,,なし,,,新規,無,,,,"69,740",税込
2503-053,2025-03-28,9999,山本,袖看板,600,900,2,台,,片面,,,,LED内照,修正,有,2,北原市 本町4丁目16番,既存撤去,"¥286,000",税別
2503-054,2025-03-28,1032,小林,アルミ複合板看板,2400,450,1,枚,3,片面,,グロス,,,支給,無,,,,"¥19,140",税込
2503-055,2025-03-28,1041,小林,カルプ文字,,500,7,文字,10,,,,塗装,,修正,有,2,東山町 本町5丁目7番,急ぎ,"123,900",税抜
2503-056,2025-03-29,1053,小林,アルミ複合板看板,3000,1200,3,枚,4,両面,,なし,,,支給,無,,,,"330,000",税別
2503-057,2025-03-29,1021,加藤,袖看板,750,1200,1,台,,両面,,,,LED内照,支給,有,6,西浜町中央8-10,現調済,"203,000",
2503-058,2025-03-29,1038,加藤,カルプ文字,,200,15,文字,20,,,,塗装,,修正,有,4,南川市 本町3丁目7番,,"164,450",税込
2503-059,2025-03-31,1019,加藤,カルプ文字,,200,10,文字,10,,,,塗装,,支給,有,3.5,北原市中央2-18,既存撤去・前回同様,"¥92,400",税込
2503-060,2025-03-31,1009,加藤,カルプ文字,,80,10,文字,30,,,,塗装,,支給,有,3,東山町中央3-15,,"82,500",
2503-061,2025-03-31,9999,加藤,アルミ複合板看板,450,600,2,枚,3,片面,,グロス,,,修正,無,,東山町緑ヶ丘5-29-5,急ぎ,"22,500",税別
2503-062,2025-03-31,9999,山本,カルプ文字,,800,4,文字,20,,,,シート貼り,,支給,有,3.5,西浜町 本町6丁目3番,既存撤去,"116,000",税別
2503-063,2025-03-31,1048,中村,アルミ複合板看板,450,1800,1,枚,3,片面,,なし,,,支給,無,,,現調済,"15,510",税込
2503-064,2025-03-31,1030,小林,インクジェット出力,1800,420,1,枚,,,塩ビシート,マット,,,新規,無,,,,"¥32,010",税込
2504-001,2025-04-02,9999,小林,袖看板,900,1200,1,台,,両面,,,,LED内照,支給,有,2,北原市 本町4丁目19番,夜間作業・既存撤去,"¥227,700",税抜
2504-002,2025-04-03,1053,中村,インクジェット出力,900,594,1,枚,,,塩ビシート,なし,,,修正,無,,,,"7,810",
2504-003,2025-04-03,9999,中村,アルミ複合板看板,3600,900,1,枚,4,片面,,なし,,,支給,無,,,,"65,300",税別
2504-004,2025-04-03,1021,山本,アルミ複合板看板,2400,450,1,枚,3,片面,,なし,,,支給,無,,西浜町中央7-10,,"17,600",税込
2504-005,2025-04-04,1009,加藤,カルプ文字,,100,15,文字,20,,,,塗装,,支給,有,6,南川市 本町1丁目6番,,"135,850",税込
2504-006,2025-04-04,9999,小林,インクジェット出力,420,1200,1,枚,,,メッシュ,マット,,,修正,無,,,前回同様,"¥9,130",税込
2504-007,2025-04-05,9999,小林,アルミ複合板看板,900,600,1,枚,3,片面,,なし,,,支給,無,,,前回同様,"11,100",
2504-008,2025-04-05,9999,中村,インクジェット出力,900,600,3,枚,,,塩ビシート,なし,,,支給,有,6,南川市中央8-12,夜間作業・前回同様,"¥130,020",
2504-009,2025-04-05,1048,山本,カルプ文字,,250,11,文字,20,,,,シート貼り,,支給,有,2,北原市中央2-2,既存撤去,"¥115,500",税込
2504-010,2025-04-05,1018,山本,アルミ複合板看板,3600,1800,4,枚,3,片面,,なし,,,支給,有,2,東山町 本町6丁目16番,夜間作業,"¥489,500",税込
2504-011,2025-04-05,1034,小林,袖看板,750,600,2,台,,両面,,,,LED内照,修正,有,3,北原市（現場：店舗）,急ぎ,"319,660",
2504-012,2025-04-06,1021,小林,袖看板,750,900,1,台,,両面,,,,なし,支給,有,6,北原市緑ヶ丘8-29-5,急ぎ,"201,960",税込
2504-013,2025-04-06,1003,中村,袖看板,900,900,1,台,,両面,,,,LED内照,支給,有,4,中島村中央3-13,夜間作業,"215,820",
2504-014,2025-04-08,1010,加藤,カルプ文字,,150,15,文字,10,,,,シート貼り,,修正,有,2.5,南川市 本町7丁目13番,既存撤去,"¥114,400",税込
2504-015,2025-04-08,1024,中村,インクジェット出力,900,594,1,枚,,,ターポリン,なし,,,支給,有,3,北原市（現場：店舗）,急ぎ,"42,020",税込
2504-016,2025-04-09,1053,中村,カルプ文字,,200,15,文字,20,,,,シート貼り,,支給,有,2,北原市（現場：店舗）,夜間作業,"¥104,500",税抜
2504-017,2025-04-09,1030,山本,アルミ複合板看板,900,450,1,枚,3,片面,,マット,,,支給,無,,,,"¥9,900",税込
2504-018,2025-04-09,1056,中村,カルプ文字,,800,8,文字,10,,,,シート貼り,,支給,有,5,東山町（現場：事務所）,,"170,400",税別
2504-019,2025-04-10,1023,加藤,袖看板,600,600,1,台,,両面,,,,LED内照,新規,有,3,北原市（現場：事務所）,既存撤去・現調済,"¥167,000",
2504-020,2025-04-10,9999,加藤,カルプ文字,,80,5,文字,10,,,,シート貼り,,支給,有,3,北原市中央1-4,,"46,200",税抜
2504-021,2025-04-11,1056,加藤,アルミ複合板看板,1200,1500,2,枚,3,片面,,なし,,,新規,無,,,前回同様,"77,600",
2504-022,2025-04-12,1019,加藤,インクジェット出力,1800,420,1,枚,,,合成紙,マット,,,修正,無,,,,"¥8,800",税込
2504-023,2025-04-12,9999,小林,アルミ複合板看板,450,1500,1,枚,4,片面,,グロス,,,修正,有,3.5,東山町緑ヶ丘7-25-19,,"¥56,500",税抜
2504-024,2025-04-12,9999,加藤,アルミ複合板看板,1200,900,1,枚,4,片面,,なし,,,支給,無,,,,"22,100",
2504-025,2025-04-13,1054,山本,インクジェット出力,2700,600,1,枚,,,合成紙,なし,,,支給,無,,,,"5,500",
2504-026,2025-04-13,1005,山本,アルミ複合板看板,2700,1200,1,枚,4,片面,,なし,,,支給,無,,,,"64,900",税込
2504-027,2025-04-13,1007,加藤,袖看板,450,1200,1,台,,片面,,,,なし,修正,有,2,北原市中央5-14,,"102,520",税込
2504-028,2025-04-13,1047,小林,カルプ文字,,400,8,文字,10,,,,シート貼り,,新規,有,2,北原市緑ヶ丘5-26-9,急ぎ,"¥154,770",
2504-029,2025-04-16,1049,山本,カルプ文字,,50,7,文字,20,,,,シート貼り,,支給,有,1.5,北原市 本町3丁目16番,,"47,300",税込
2504-030,2025-04-16,9999,小林,アルミ複合板看板,3000,300,3,枚,3,片面,,なし,,,新規,無,,,図面支給,"¥89,650",税込
2504-011-2,2025-04-17,1034,小林,袖看板,750,600,3,台,,両面,,,,LED内照,修正,有,3,北原市（現場：店舗）,急ぎ,"319,660",
2504-031,2025-04-18,1050,加藤,カルプ文字,,200,5,文字,20,,,,シート貼り,,支給,有,2.5,北原市中央5-19,図面支給,"48,950",税込
2504-032,2025-04-18,1050,小林,インクジェット出力,420,1200,2,枚,,,メッシュ,なし,,,支給,無,,,急ぎ,"5,940",
2504-033,2025-04-18,1029,小林,カルプ文字,,300,3,文字,20,,,,塗装,,修正,有,3.5,北原市 本町8丁目18番,夜間作業・既存撤去,"¥84,150",税込
2504-034,2025-04-19,1019,小林,アルミ複合板看板,2700,450,2,枚,3,片面,,なし,,,支給,無,,,,"49,610",
2504-035,2025-04-19,1007,中村,アルミ複合板看板,2700,900,3,枚,3,片面,,なし,,,新規,有,2,中島村中央8-18,夜間作業・色見本あり,"198,000",税別
2504-036,2025-04-20,1005,小林,袖看板,450,900,1,台,,両面,,,,LED内照,支給,有,2.5,北原市中央2-14,,"143,000",税込
2504-037,2025-04-20,1055,加藤,袖看板,900,1200,1,台,,両面,,,,LED内照,支給,有,5,東山町中央8-8,,"220,000",税別
2504-038,2025-04-21,1059,小林,アルミ複合板看板,2700,1200,1,枚,3,片面,,グロス,,,支給,無,,,,"56,100",税別
2504-039,2025-04-22,9999,山本,インクジェット出力,1800,900,1,枚,,,ターポリン,なし,,,修正,無,,,,"12,100",税込
2504-040,2025-04-23,9999,山本,袖看板,900,600,1,台,,両面,,,,なし,支給,有,6,北原市 本町4丁目10番,色見本あり,"160,000",税抜
2504-041,2025-04-25,1020,加藤,カルプ文字,,500,15,文字,20,,,,シート貼り,,修正,有,2.5,南川市中央4-6,,"196,900",税込
2504-042,2025-04-26,9999,中村,アルミ複合板看板,3600,900,4,枚,4,片面,,なし,,,修正,無,,,,"293,150",税込
2504-043,2025-04-26,1012,小林,アルミ複合板看板,3600,1800,1,枚,3,片面,,なし,,,修正,有,4,北原市 本町5丁目19番,,"154,800",税別
2504-044,2025-04-26,1034,加藤,アルミ複合板看板,2700,450,1,枚,3,片面,,なし,,,修正,無,,,,"30,250",税込
2504-045,2025-04-27,1020,山本,カルプ文字,,80,13,文字,20,,,,シート貼り,,支給,有,6,南川市 本町3丁目16番,急ぎ・色見本あり,"¥122,000",税抜
2504-046,2025-04-27,1059,小林,インクジェット出力,594,1200,3,枚,,,ターポリン,グロス,,,修正,無,,,,"17,160",税込
2504-047,2025-04-28,1006,山本,カルプ文字,,200,9,文字,20,,,,塗装,,修正,有,5,北原市緑ヶ丘8-24-7,,"122,100",税込
2504-048,2025-04-28,1033,山本,アルミ複合板看板,2700,1500,1,枚,3,片面,,なし,,,新規,無,,,,"93,500",税込
2504-049,2025-04-29,1024,中村,カルプ文字,,500,7,文字,10,,,,シート貼り,,支給,有,2,北原市 本町1丁目25番,既存撤去・色見本あり,"99,100",
2504-050,2025-04-29,9999,中村,インクジェット出力,1800,600,1,枚,,,塩ビシート,グロス,,,支給,無,,,,"6,500",税抜
2504-051,2025-04-29,9999,山本,インクジェット出力,3600,1200,1,枚,,,ターポリン,グロス,,,修正,無,,北原市中央1-22,,"¥30,800",税込
2504-052,2025-04-29,1052,山本,カルプ文字,,800,10,文字,20,,,,シート貼り,,支給,有,5,北原市中央4-11,夜間作業・急ぎ・図面支給,"258,000",税別
2504-053,2025-04-30,1024,中村,インクジェット出力,900,1200,1,枚,,,メッシュ,なし,,,支給,有,4,北原市（現場：事務所）,,"¥76,780",税込
2505-001,2025-05-01,9999,山本,カルプ文字,,400,8,文字,30,,,,塗装,,支給,有,2,西浜町中央1-24,夜間作業,"158,000",税別
2505-002,2025-05-01,1053,山本,袖看板,750,1200,1,台,,片面,,,,なし,支給,有,5,北原市（現場：倉庫）,,"131,000",税別
2505-003,2025-05-01,1018,加藤,インクジェット出力,3600,1200,5,枚,,,塩ビシート,マット,,,新規,有,2.5,北原市中央4-28,,"¥205,800",税別
2505-004,2025-05-01,1009,加藤,カルプ文字,,50,6,文字,20,,,,シート貼り,,修正,有,2.5,北原市中央4-17,夜間作業・急ぎ,"71,700",税抜
2504-034-2,2025-05-02,1019,小林,アルミ複合板看板,2700,450,3,枚,3,片面,,なし,,,支給,無,,,,"49,610",
2505-005,2025-05-02,9999,加藤,袖看板,600,600,1,台,,両面,,,,LED内照,新規,有,3.5,西浜町中央5-16,既存撤去,"217,470",税込
2505-006,2025-05-02,9999,小林,アルミ複合板看板,600,450,1,枚,3,両面,,マット,,,新規,無,,,,"¥35,800",
2505-007,2025-05-03,1001,山本,アルミ複合板看板,2400,900,4,枚,4,片面,,グロス,,,支給,有,5,北原市緑ヶ丘5-9-11,,"284,900",税込
2505-008,2025-05-03,9999,小林,アルミ複合板看板,3000,1800,2,枚,3,片面,,なし,,,新規,無,,,,"¥196,300",税抜
2505-009,2025-05-04,9999,小林,アルミ複合板看板,1200,1500,4,枚,3,両面,,グロス,,,支給,無,,,,"215,270",税込
2505-010,2025-05-05,1008,小林,アルミ複合板看板,2400,300,2,枚,3,片面,,なし,,,支給,有,5,南川市 本町6丁目22番,急ぎ・現調済,"124,300",
2505-011,2025-05-05,9999,中村,アルミ複合板看板,2700,1800,2,枚,3,片面,,なし,,,支給,有,2,北原市 本町6丁目19番,,"¥198,300",税別
2505-012,2025-05-05,9999,加藤,袖看板,450,1200,1,台,,片面,,,,なし,支給,有,2.5,北原市中央1-4,現調済,"¥118,580",税込
2505-013,2025-05-05,9999,小林,カルプ文字,,150,3,文字,10,,,,塗装,,修正,有,2,北原市中央7-19,,"45,700",
2505-014,2025-05-06,1035,加藤,インクジェット出力,3600,420,1,枚,,,塩ビシート,グロス,,,支給,有,6,南川市緑ヶ丘1-13-5,,"¥78,300",税抜
2505-015,2025-05-06,1034,小林,アルミ複合板看板,1200,1200,1,枚,3,片面,,マット,,,新規,無,,,,"50,200",税抜
2505-016,2025-05-06,1015,中村,アルミ複合板看板,2700,1500,2,枚,3,片面,,なし,,,修正,無,,北原市 本町2丁目25番,急ぎ・前回同様,"164,780",税込
2505-017,2025-05-06,1001,小林,カルプ文字,,300,3,文字,10,,,,シート貼り,,修正,有,4,南川市 本町3丁目29番,,"85,000",
2505-018,2025-05-06,1030,中村,アルミ複合板看板,900,1200,2,枚,4,片面,,なし,,,支給,無,,北原市（現場：倉庫）,,"44,330",税込
2505-019,2025-05-07,1006,中村,インクジェット出力,2700,900,3,枚,,,メッシュ,なし,,,支給,無,,,急ぎ,"¥41,580",税込
2505-020,2025-05-08,9999,山本,袖看板,750,1500,1,台,,両面,,,,LED内照,修正,有,4,中島村中央4-16,,"283,800",
2505-021,2025-05-09,9999,小林,カルプ文字,,800,9,文字,10,,,,シート貼り,,支給,有,5,西浜町緑ヶ丘2-12-6,既存撤去・現調済,"229,000",税抜
2505-022,2025-05-09,1059,小林,袖看板,450,1500,1,台,,片面,,,,LED内照,新規,有,3,南川市 本町6丁目7番,,"163,000",税別
2505-023,2025-05-09,1014,中村,インクジェット出力,1800,900,2,枚,,,メッシュ,グロス,,,新規,無,,,,"48,840",税込
2505-024,2025-05-10,9999,加藤,アルミ複合板看板,1200,450,3,枚,3,片面,,なし,,,新規,無,,,,"¥60,830",税込
2505-025,2025-05-10,1053,中村,インクジェット出力,841,900,3,枚,,,メッシュ,グロス,,,支給,有,3.5,東山町中央2-28,,"¥64,600",税抜
2505-005-2,2025-05-11,9999,加藤,袖看板,600,600,1,台,,両面,,,,LED内照,新規,有,3.5,西浜町中央5-16,既存撤去,"197,700",税別
2505-026,2025-05-11,1013,加藤,カルプ文字,,200,14,文字,20,,,,シート貼り,,支給,有,1.5,西浜町中央8-7,,"98,000",税抜
2505-027,2025-05-12,1045,山本,カルプ文字,,200,7,文字,10,,,,塗装,,新規,有,1.5,西浜町 本町6丁目25番,,"106,700",税込
2505-028,2025-05-13,1049,中村,袖看板,750,1500,1,台,,片面,,,,なし,支給,有,3.5,北原市中央8-28,既存撤去,"137,000",
2505-029,2025-05-14,1019,山本,アルミ複合板看板,450,300,4,枚,3,片面,,なし,,,支給,無,,,現調済,"18,000",税抜
2505-030,2025-05-14,9999,山本,インクジェット出力,1800,420,1,枚,,,塩ビシート,なし,,,支給,有,2,西浜町緑ヶ丘6-27-12,,"52,000",税別
2505-031,2025-05-14,1013,中村,インクジェット出力,1800,297,1,枚,,,塩ビシート,グロス,,,支給,無,,,色見本あり,"5,500",
2505-032,2025-05-15,1036,加藤,アルミ複合板看板,3000,600,3,枚,4,片面,,マット,,,支給,無,,北原市 本町4丁目14番,前回同様,"114,900",税別
2505-033,2025-05-17,1056,加藤,アルミ複合板看板,3600,1200,1,枚,3,片面,,グロス,,,支給,有,4,東山町 本町8丁目15番,,"143,200",税別
2505-034,2025-05-17,1053,中村,インクジェット出力,1200,600,3,枚,,,ターポリン,マット,,,新規,無,,北原市 本町7丁目4番,,"39,380",
2505-035,2025-05-17,1002,加藤,カルプ文字,,200,7,文字,20,,,,塗装,,新規,有,1.5,北原市中央6-20,既存撤去,"97,500",税別
2505-036,2025-05-17,1042,山本,アルミ複合板看板,3000,600,1,枚,3,片面,,グロス,,,修正,無,,,,"¥40,700",
2505-037,2025-05-18,9999,小林,アルミ複合板看板,3600,450,1,枚,4,片面,,なし,,,新規,無,,,,"61,300",税抜
2505-038,2025-05-18,1008,小林,アルミ複合板看板,3600,900,4,枚,4,片面,,なし,,,支給,無,,,,"¥237,800",税抜
2505-039,2025-05-19,1014,加藤,カルプ文字,,800,11,文字,20,,,,シート貼り,,修正,有,5,南川市 本町4丁目11番,,"246,730",
2505-040,2025-05-19,1035,加藤,カルプ文字,,600,13,文字,20,,,,シート貼り,,支給,有,6,北原市中央8-22,,"242,900",税抜
2505-041,2025-05-20,1024,小林,インクジェット出力,1200,420,3,枚,,,メッシュ,グロス,,,修正,無,,,,"14,000",
2505-042,2025-05-20,1045,小林,カルプ文字,,100,14,文字,30,,,,シート貼り,,修正,有,6,南川市 本町1丁目19番,夜間作業・図面支給,"¥135,200",税別
2505-043,2025-05-20,9999,小林,インクジェット出力,1800,594,1,枚,,,ターポリン,マット,,,支給,無,,,急ぎ,"7,000",税別
2505-044,2025-05-20,9999,加藤,袖看板,450,1500,1,台,,両面,,,,なし,新規,有,2.5,南川市 本町5丁目15番,既存撤去,"173,500",
2505-045,2025-05-20,1059,中村,アルミ複合板看板,1800,300,1,枚,3,片面,,マット,,,支給,無,,北原市中央3-23,,"12,430",税込
2505-046,2025-05-21,1033,山本,アルミ複合板看板,1800,1500,1,枚,3,片面,,マット,,,支給,無,,,急ぎ,"52,000",
2505-047,2025-05-21,9999,加藤,カルプ文字,,250,2,文字,20,,,,塗装,,支給,有,3,北原市緑ヶ丘3-2-7,図面支給,"40,700",税別
2505-048,2025-05-21,1050,中村,カルプ文字,,100,9,文字,20,,,,塗装,,修正,有,2,北原市中央1-11,急ぎ・色見本あり,"83,160",税込
2505-049,2025-05-22,1049,小林,カルプ文字,,150,15,文字,20,,,,シート貼り,,支給,有,4,南川市（現場：事務所）,,"129,500",税抜
2505-050,2025-05-23,1040,中村,アルミ複合板看板,2400,900,3,枚,3,片面,,マット,,,修正,無,,,,"124,630",
2505-051,2025-05-24,9999,加藤,アルミ複合板看板,3600,450,1,枚,4,両面,,なし,,,新規,無,,,,"¥86,000",税別
2505-052,2025-05-24,1030,山本,カルプ文字,,800,10,文字,10,,,,シート貼り,,修正,有,4,南川市 本町5丁目17番,急ぎ・図面支給,"242,000",税別
2505-053,2025-05-24,1013,小林,インクジェット出力,841,594,5,枚,,,塩ビシート,なし,,,修正,無,,,,"16,500",税込
2505-054,2025-05-25,9999,中村,インクジェット出力,1200,900,1,枚,,,合成紙,なし,,,支給,有,3.5,北原市中央3-5,夜間作業,"55,220",
2505-055,2025-05-25,9999,中村,アルミ複合板看板,3000,450,1,枚,3,片面,,グロス,,,支給,有,3,南川市 本町3丁目2番,,"67,800",税抜
2505-056,2025-05-26,1010,山本,アルミ複合板看板,900,1800,1,枚,3,片面,,グロス,,,支給,無,,,,"¥30,800",税込
2505-057,2025-05-26,1008,加藤,アルミ複合板看板,3600,900,2,枚,3,片面,,なし,,,支給,有,6,中島村中央8-22,,"¥187,100",税別
2505-058,2025-05-26,1018,中村,袖看板,450,900,1,台,,両面,,,,なし,支給,有,2,北原市緑ヶ丘2-15-15,,"95,000",税抜
2505-059,2025-05-27,1029,山本,インクジェット出力,420,420,5,枚,,,ターポリン,グロス,,,支給,無,,,,"¥12,000",税別
2505-060,2025-05-27,9999,小林,アルミ複合板看板,3600,1200,2,枚,3,片面,,なし,,,支給,無,,西浜町中央2-1,,"155,760",
2505-061,2025-05-28,1008,中村,インクジェット出力,2700,1200,5,枚,,,ターポリン,なし,,,修正,有,4,北原市 本町1丁目19番,,"174,570",税込
2505-062,2025-05-28,9999,中村,インクジェット出力,3600,1200,3,枚,,,合成紙,なし,,,支給,有,2,東山町中央1-20,既存撤去,"104,900",
2505-063,2025-05-29,9999,加藤,アルミ複合板看板,1800,600,1,枚,3,両面,,なし,,,支給,無,,,図面支給,"37,900",
2505-064,2025-05-29,1053,小林,アルミ複合板看板,3000,600,1,枚,3,片面,,なし,,,支給,有,2.5,北原市中央5-3,,"¥59,300",税抜
2505-065,2025-05-30,9999,小林,カルプ文字,,300,10,文字,20,,,,塗装,,修正,有,2.5,北原市 本町4丁目5番,前回同様,"¥122,870",
2505-066,2025-05-30,1059,加藤,袖看板,750,900,1,台,,片面,,,,なし,支給,有,3,西浜町中央6-24,,"124,300",税込
2505-067,2025-05-31,9999,小林,インクジェット出力,594,297,1,枚,,,メッシュ,グロス,,,修正,有,6,西浜町中央8-19,図面支給,"96,300",税別
2505-068,2025-05-31,1024,中村,インクジェット出力,2700,900,1,枚,,,合成紙,なし,,,修正,有,6,西浜町緑ヶ丘3-13-13,,"¥91,000",
2506-001,2025-06-01,9999,中村,インクジェット出力,1200,594,1,枚,,,メッシュ,なし,,,修正,無,,,,"8,500",税別
2506-002,2025-06-04,9999,山本,インクジェット出力,2700,1200,3,枚,,,ターポリン,なし,,,新規,無,,,,"62,000",税抜
2506-003,2025-06-04,1039,加藤,アルミ複合板看板,3600,1500,3,枚,3,片面,,マット,,,新規,有,6,東山町緑ヶ丘3-29-2,,"414,810",税込
2506-004,2025-06-05,1007,中村,インクジェット出力,2700,297,5,枚,,,メッシュ,なし,,,新規,有,4,西浜町中央5-13,,"142,000",税別
2506-005,2025-06-05,1009,小林,カルプ文字,,300,13,文字,20,,,,シート貼り,,支給,有,1.5,北原市（現場：店舗）,,"117,150",税込
2506-006,2025-06-05,1036,小林,インクジェット出力,2700,900,3,枚,,,塩ビシート,なし,,,支給,無,,,,"¥29,100",税抜
2506-007,2025-06-06,1042,中村,アルミ複合板看板,1800,600,4,枚,4,片面,,グロス,,,支給,無,,,,"98,340",税込
2506-008,2025-06-06,1057,加藤,インクジェット出力,1800,900,1,枚,,,塩ビシート,なし,,,支給,無,,,,"6,400",税別
2506-009,2025-06-06,9999,中村,アルミ複合板看板,600,1800,1,枚,3,片面,,マット,,,支給,無,,,,"22,990",税込
2506-010,2025-06-06,9999,加藤,アルミ複合板看板,3600,1800,1,枚,3,両面,,なし,,,修正,無,,北原市緑ヶ丘2-4-9,,"202,620",税込
2506-011,2025-06-07,1038,中村,カルプ文字,,80,11,文字,20,,,,塗装,,修正,有,6,東山町 本町2丁目21番,,"112,100",税別
2506-012,2025-06-08,1014,山本,袖看板,750,900,2,台,,両面,,,,LED内照,支給,有,1.5,東山町 本町3丁目6番,,"289,000",税抜
2506-013,2025-06-08,1013,加藤,インクジェット出力,2700,900,1,枚,,,メッシュ,グロス,,,支給,有,3.5,東山町中央7-20,,"¥54,450",税込
2506-014,2025-06-09,9999,加藤,カルプ文字,,500,8,文字,10,,,,塗装,,支給,有,5,南川市中央6-23,急ぎ,"¥209,660",税込
2506-015,2025-06-09,1021,小林,袖看板,450,1500,2,台,,両面,,,,LED内照,支給,有,3,中島村中央3-28,,"299,000",税別
2506-016,2025-06-09,1005,小林,インクジェット出力,420,600,3,枚,,,ターポリン,なし,,,修正,有,4,東山町 本町3丁目6番,既存撤去・図面支給,"¥108,200",税抜
2506-017,2025-06-10,1054,小林,袖看板,600,600,2,台,,両面,,,,なし,支給,有,2,北原市中央1-12,,"¥184,800",
2506-018,2025-06-11,1044,山本,インクジェット出力,594,594,5,枚,,,メッシュ,なし,,,支給,有,2.5,西浜町緑ヶ丘7-25-14,,"¥88,000",税抜
2506-019,2025-06-11,1020,加藤,アルミ複合板看板,600,450,4,枚,3,片面,,グロス,,,修正,有,4,西浜町 本町8丁目20番,図面支給,"149,160",税込
2506-013-2,2025-06-12,1013,加藤,インクジェット出力,2700,900,2,枚,,,メッシュ,グロス,,,支給,有,3.5,東山町中央7-20,,"¥54,450",税込
2506-020,2025-06-12,1043,加藤,インクジェット出力,2700,297,1,枚,,,ターポリン,なし,,,支給,有,6,北原市中央3-15,,"74,580",
2506-021,2025-06-12,1019,加藤,カルプ文字,,500,3,文字,20,,,,シート貼り,,支給,有,6,北原市中央5-4,,"86,400",税抜
2506-022,2025-06-13,9999,小林,インクジェット出力,594,594,5,枚,,,合成紙,なし,,,修正,有,3.5,北原市 本町2丁目20番,急ぎ,"¥95,000",税抜
2506-023,2025-06-13,1025,小林,アルミ複合板看板,3000,1200,3,枚,3,片面,,なし,,,修正,無,,,色見本あり,"182,380",税込
2506-024,2025-06-13,1055,加藤,カルプ文字,,80,14,文字,30,,,,塗装,,支給,有,3,南川市中央2-26,現調済,"94,200",
2506-025,2025-06-13,1045,加藤,アルミ複合板看板,3600,900,4,枚,4,片面,,マット,,,支給,無,,,色見本あり,"¥290,620",
2506-026,2025-06-14,1020,加藤,インクジェット出力,3600,900,3,枚,,,塩ビシート,なし,,,支給,有,2.5,北原市中央7-19,夜間作業・前回同様,"99,800",
2506-027,2025-06-16,1049,山本,アルミ複合板看板,2700,1200,1,枚,3,片面,,マット,,,修正,無,,,,"¥67,100",税込
2506-028,2025-06-16,1018,小林,袖看板,600,600,1,台,,片面,,,,LED内照,修正,有,2,西浜町中央5-5,,"130,000",
2506-029,2025-06-16,1011,加藤,カルプ文字,,200,13,文字,20,,,,シート貼り,,支給,有,3.5,北原市 本町5丁目24番,,"88,550",
2506-030,2025-06-17,1002,加藤,カルプ文字,,50,3,文字,10,,,,塗装,,新規,有,3,東山町 本町4丁目11番,,"62,800",
2506-031,2025-06-18,1041,小林,アルミ複合板看板,900,600,3,枚,3,片面,,マット,,,支給,有,5,北原市中央3-28,前回同様,"126,390",
2506-032,2025-06-18,1030,中村,アルミ複合板看板,1800,900,1,枚,3,片面,,なし,,,支給,有,5,東山町中央3-16,,"94,900",税別
2506-033,2025-06-19,1014,小林,アルミ複合板看板,450,600,1,枚,3,片面,,マット,,,修正,無,,北原市 本町8丁目12番,,"11,600",税別
2506-034,2025-06-19,9999,加藤,インクジェット出力,1200,1200,1,枚,,,塩ビシート,マット,,,新規,有,5,南川市緑ヶ丘3-12-1,,"110,700",税抜
2506-035,2025-06-19,1006,加藤,インクジェット出力,900,900,3,枚,,,塩ビシート,なし,,,新規,無,,南川市緑ヶ丘6-1-11,,"34,700",税別
2506-036,2025-06-19,1040,中村,カルプ文字,,250,2,文字,20,,,,塗装,,支給,有,4,北原市中央1-29,夜間作業,"¥87,000",税別
2506-037,2025-06-19,1012,中村,アルミ複合板看板,450,450,1,枚,4,両面,,マット,,,支給,有,2,北原市（現場：店舗）,夜間作業,"53,600",税抜
2506-038,2025-06-20,1024,山本,インクジェット出力,3600,600,1,枚,,,ターポリン,なし,,,新規,有,3,南川市 本町4丁目28番,,"60,000",税別
2506-039,2025-06-20,9999,山本,カルプ文字,,50,14,文字,20,,,,シート貼り,,新規,有,5,東山町中央4-11,,"140,000",税抜
2506-040,2025-06-20,9999,山本,アルミ複合板看板,1800,1800,3,枚,4,片面,,グロス,,,支給,有,3.5,東山町中央1-7,夜間作業,"280,000",
2506-041,2025-06-20,9999,中村,アルミ複合板看板,3600,450,4,枚,3,片面,,マット,,,支給,無,,,,"151,690",税込
2506-042,2025-06-21,1056,小林,インクジェット出力,900,1200,5,枚,,,合成紙,マット,,,支給,無,,,前回同様,"¥21,600",税別
2506-043,2025-06-21,1033,中村,インクジェット出力,1200,1200,2,枚,,,合成紙,マット,,,修正,無,,,,"16,500",税抜
2506-044,2025-06-21,1001,小林,アルミ複合板看板,450,900,1,枚,3,片面,,グロス,,,修正,無,,,前回同様,"14,700",税別
2506-045,2025-06-21,1007,中村,袖看板,900,600,1,台,,片面,,,,なし,支給,有,3,西浜町中央6-29,,"101,700",税抜
2506-046,2025-06-22,9999,加藤,アルミ複合板看板,1200,1200,1,枚,3,片面,,なし,,,新規,無,,,現調済,"54,340",税込
2506-047,2025-06-23,9999,小林,袖看板,750,1500,2,台,,片面,,,,なし,支給,有,5,北原市中央2-6,夜間作業・急ぎ,"366,900",税抜
2506-048,2025-06-23,9999,小林,カルプ文字,,80,10,文字,20,,,,塗装,,支給,有,6,南川市 本町1丁目11番,,"124,630",税込
2506-049,2025-06-23,1009,加藤,カルプ文字,,200,11,文字,20,,,,シート貼り,,修正,有,2,北原市中央3-5,,"76,500",税抜
2506-050,2025-06-24,1049,中村,インクジェット出力,420,900,1,枚,,,塩ビシート,グロス,,,支給,有,5,西浜町中央5-11,前回同様,"¥90,970",税込
2506-051,2025-06-25,1024,中村,インクジェット出力,3600,594,2,枚,,,塩ビシート,なし,,,修正,無,,,急ぎ,"¥25,500",税別
2506-052,2025-06-25,1018,小林,アルミ複合板看板,600,1800,1,枚,3,両面,,なし,,,支給,無,,,,"¥28,700",税抜
2506-053,2025-06-25,1054,小林,インクジェット出力,900,594,5,枚,,,塩ビシート,グロス,,,支給,無,,,,"14,700",
2506-038-2,2025-06-26,1024,山本,インクジェット出力,3600,600,2,枚,,,ターポリン,なし,,,新規,有,3,南川市 本町4丁目28番,,"60,000",税別
2506-054,2025-06-26,1034,加藤,アルミ複合板看板,1200,1500,1,枚,3,片面,,なし,,,新規,有,1.5,東山町緑ヶ丘3-15-8,現調済,"86,300",
2506-055,2025-06-26,1059,小林,インクジェット出力,900,594,1,枚,,,塩ビシート,マット,,,修正,無,,,急ぎ,"8,500",税別
2506-056,2025-06-27,1007,山本,袖看板,900,1500,2,台,,両面,,,,なし,支給,有,2.5,南川市中央2-6,,"¥245,000",税別
2506-057,2025-06-27,1035,小林,インクジェット出力,420,1200,5,枚,,,合成紙,なし,,,修正,無,,,,"¥12,430",
2506-058,2025-06-28,9999,小林,インクジェット出力,1200,900,1,枚,,,メッシュ,なし,,,新規,無,,北原市 本町8丁目21番,,"33,330",税込
2506-059,2025-06-28,1033,山本,インクジェット出力,900,1200,2,枚,,,メッシュ,なし,,,新規,無,,,色見本あり,"¥37,400",税込
2506-060,2025-06-29,1041,加藤,アルミ複合板看板,600,1500,4,枚,3,両面,,なし,,,修正,無,,,色見本あり,"110,440",税込
2506-061,2025-06-30,1025,加藤,カルプ文字,,50,5,文字,10,,,,シート貼り,,支給,有,4,西浜町 本町7丁目22番,,"¥85,000",税抜
2507-001,2025-07-01,1053,山本,カルプ文字,,500,9,文字,30,,,,シート貼り,,修正,有,4,北原市中央3-1,,"156,000",税抜
2507-002,2025-07-02,1017,中村,インクジェット出力,1200,594,1,枚,,,塩ビシート,なし,,,支給,有,3,北原市 本町6丁目8番,色見本あり,"36,080",税込
2507-003,2025-07-02,9999,小林,インクジェット出力,841,900,1,枚,,,メッシュ,グロス,,,修正,有,3,北原市 本町2丁目7番,,"42,900",税抜
2507-004,2025-07-03,1046,中村,カルプ文字,,250,3,文字,10,,,,シート貼り,,新規,有,2,北原市（現場：事務所）,,"71,500",税込
2507-005,2025-07-03,1031,中村,カルプ文字,,150,15,文字,10,,,,塗装,,修正,有,2,中島村中央3-27,夜間作業・色見本あり,"132,000",税別
2507-006,2025-07-04,9999,中村,アルミ複合板看板,900,300,4,枚,4,片面,,なし,,,支給,有,2,南川市（現場：事務所）,,"95,400",
2507-007,2025-07-05,1017,山本,カルプ文字,,200,14,文字,10,,,,塗装,,修正,有,5,南川市（現場：店舗）,,"¥137,000",税抜
2507-008,2025-07-05,1033,山本,インクジェット出力,2700,600,2,枚,,,メッシュ,なし,,,支給,有,5,東山町中央5-19,図面支給,"92,000",税抜
2507-009,2025-07-06,9999,小林,カルプ文字,,600,2,文字,20,,,,塗装,,支給,有,6,中島村 本町6丁目2番,,"112,800",税抜
2507-010,2025-07-06,9999,加藤,カルプ文字,,100,13,文字,10,,,,塗装,,修正,有,1.5,北原市中央4-27,前回同様,"88,660",税込
2507-011,2025-07-06,1014,小林,カルプ文字,,250,8,文字,20,,,,シート貼り,,新規,有,4,南川市 本町1丁目5番,,"152,900",税込
2507-012,2025-07-07,1057,山本,インクジェット出力,2700,900,5,枚,,,塩ビシート,なし,,,支給,無,,東山町中央3-20,,"48,000",税抜
2507-013,2025-07-07,1024,小林,インクジェット出力,1200,594,1,枚,,,ターポリン,グロス,,,支給,無,,,,"¥5,000",
2507-014,2025-07-08,1028,中村,アルミ複合板看板,2400,600,1,枚,3,片面,,なし,,,支給,無,,西浜町 本町1丁目3番,,"¥24,420",税込
2507-015,2025-07-08,1034,加藤,インクジェット出力,841,297,1,枚,,,メッシュ,グロス,,,修正,無,,,,"8,800",税込
2507-016,2025-07-08,1042,中村,袖看板,900,1200,2,台,,片面,,,,なし,支給,有,4,東山町中央2-23,,"¥268,000",税別
2507-017,2025-07-09,1047,山本,インクジェット出力,841,600,5,枚,,,ターポリン,なし,,,修正,有,4,南川市中央2-8,,"126,500",税込
2507-018,2025-07-09,9999,山本,インクジェット出力,1200,297,5,枚,,,合成紙,なし,,,新規,有,2.5,南川市中央7-13,,"105,000",税抜
2507-019,2025-07-10,1005,加藤,アルミ複合板看板,450,1500,1,枚,3,片面,,なし,,,修正,有,6,南川市中央3-26,,"¥95,040",税込
2507-020,2025-07-11,1057,小林,インクジェット出力,1200,900,1,枚,,,メッシュ,なし,,,支給,無,,,色見本あり,"¥5,000",税抜
2507-021,2025-07-12,1005,加藤,インクジェット出力,420,420,3,枚,,,合成紙,なし,,,新規,無,,北原市中央7-6,急ぎ,"32,450",税込
2507-022,2025-07-12,1042,山本,インクジェット出力,594,297,5,枚,,,合成紙,グロス,,,修正,無,,,,"16,500",税込
2507-023,2025-07-13,1024,加藤,アルミ複合板看板,450,1200,2,枚,3,片面,,なし,,,修正,無,,,,"25,200",
2507-024,2025-07-14,1002,中村,アルミ複合板看板,1800,1200,1,枚,3,片面,,グロス,,,新規,有,3,南川市中央5-3,,"96,100",税別
2507-025,2025-07-14,9999,山本,アルミ複合板看板,450,1800,1,枚,3,片面,,グロス,,,支給,有,3.5,南川市中央3-13,既存撤去,"75,900",税込
2507-026,2025-07-14,9999,中村,アルミ複合板看板,1200,900,3,枚,4,片面,,グロス,,,修正,無,,,,"78,700",税別
2507-027,2025-07-15,1016,山本,インクジェット出力,3600,297,1,枚,,,塩ビシート,グロス,,,支給,無,,,,"¥5,000",税別
2507-028,2025-07-15,1027,山本,カルプ文字,,300,2,文字,10,,,,シート貼り,,修正,有,5,北原市 本町7丁目11番,,"74,000",
2507-020-2,2025-07-16,1057,小林,インクジェット出力,1200,900,1,枚,,,メッシュ,なし,,,支給,無,,,色見本あり,"5,000",税別
2507-029,2025-07-16,1043,小林,アルミ複合板看板,600,900,1,枚,3,両面,,なし,,,支給,無,,北原市緑ヶ丘4-13-17,,"16,280",税込
2507-030,2025-07-16,9999,加藤,アルミ複合板看板,1800,900,3,枚,4,片面,,なし,,,修正,有,2,西浜町中央6-29,図面支給,"¥171,200",税別
2507-031,2025-07-17,9999,中村,カルプ文字,,80,12,文字,20,,,,塗装,,支給,有,3,北原市 本町7丁目17番,,"¥86,130",税込
2507-032,2025-07-17,9999,山本,カルプ文字,,600,15,文字,30,,,,塗装,,支給,有,2.5,北原市 本町1丁目6番,現調済,"288,000",税抜
2507-033,2025-07-17,1030,山本,インクジェット出力,3600,594,1,枚,,,塩ビシート,マット,,,修正,無,,北原市（現場：店舗）,,"16,000",税別
2507-034,2025-07-19,1024,小林,インクジェット出力,841,600,2,枚,,,ターポリン,グロス,,,新規,無,,,,"30,000",
2507-035,2025-07-20,1037,山本,アルミ複合板看板,3600,300,2,枚,4,片面,,なし,,,新規,有,5,北原市緑ヶ丘1-9-4,色見本あり,"144,000",
2507-036,2025-07-20,9999,加藤,アルミ複合板看板,600,1500,1,枚,3,片面,,なし,,,修正,有,6,北原市 本町5丁目29番,夜間作業・色見本あり,"108,500",税別
2507-037,2025-07-20,1037,加藤,袖看板,900,600,1,台,,片面,,,,なし,新規,有,6,北原市緑ヶ丘4-8-3,,"173,800",税込
2507-038,2025-07-21,1039,加藤,アルミ複合板看板,3000,1800,1,枚,3,片面,,なし,,,新規,無,,,,"¥102,900",税抜
2507-039,2025-07-21,1026,中村,アルミ複合板看板,1800,1500,4,枚,3,両面,,グロス,,,支給,無,,,,"321,200",
2507-040,2025-07-21,1057,中村,アルミ複合板看板,3600,600,4,枚,3,片面,,なし,,,支給,無,,,,"138,800",税別
2507-041,2025-07-22,9999,加藤,アルミ複合板看板,3600,300,1,枚,4,片面,,マット,,,新規,有,3,中島村中央5-16,,"102,300",税別
2507-042,2025-07-22,1053,加藤,インクジェット出力,841,594,1,枚,,,ターポリン,マット,,,支給,無,,,,"5,000",税別
2507-043,2025-07-23,1034,山本,インクジェット出力,2700,600,1,枚,,,合成紙,なし,,,支給,無,,北原市 本町5丁目9番,色見本あり,"5,000",税抜
2507-044,2025-07-24,1042,山本,アルミ複合板看板,600,900,3,枚,4,両面,,なし,,,支給,無,,北原市緑ヶ丘2-26-18,,"¥59,000",税別
2507-045,2025-07-25,1045,山本,カルプ文字,,500,5,文字,10,,,,シート貼り,,支給,有,3.5,南川市中央7-24,既存撤去・現調済,"85,000",税別
2507-046,2025-07-25,9999,加藤,カルプ文字,,300,11,文字,30,,,,シート貼り,,新規,有,5,南川市中央1-24,,"198,330",税込
2507-047,2025-07-26,9999,山本,アルミ複合板看板,2400,1800,1,枚,4,両面,,グロス,,,支給,無,,,急ぎ・色見本あり,"¥204,600",税込
2507-048,2025-07-26,1035,小林,インクジェット出力,1200,900,1,枚,,,ターポリン,なし,,,支給,有,2,南川市中央3-7,図面支給,"38,700",税別
2507-030-2,2025-07-29,9999,加藤,アルミ複合板看板,1800,900,3,枚,4,片面,,なし,,,修正,有,2,西浜町中央6-29,図面支給,"171,200",税別
2507-049,2025-07-30,1055,小林,インクジェット出力,3600,420,5,枚,,,メッシュ,マット,,,支給,無,,東山町中央3-2,,"¥45,300",税別
2507-050,2025-07-31,1030,小林,カルプ文字,,600,11,文字,30,,,,塗装,,修正,有,3,中島村中央4-7,急ぎ・図面支給,"¥260,600",税抜
2507-051,2025-07-31,1017,中村,アルミ複合板看板,900,1200,3,枚,3,両面,,なし,,,支給,無,,,前回同様,"94,710",税込
2508-001,2025-08-01,1048,山本,アルミ複合板看板,600,1500,1,枚,4,片面,,グロス,,,支給,有,2.5,北原市中央8-15,,"¥48,000",
2508-002,2025-08-01,1031,小林,袖看板,750,1500,1,台,,両面,,,,なし,支給,有,3.5,南川市 本町4丁目25番,図面支給,"150,000",税別
2508-003,2025-08-02,1054,山本,インクジェット出力,841,600,1,枚,,,合成紙,グロス,,,新規,無,,,急ぎ・現調済,"27,000",税抜
2508-004,2025-08-03,1043,加藤,インクジェット出力,2700,420,1,枚,,,メッシュ,マット,,,新規,無,,,色見本あり,"34,980",税込
2508-005,2025-08-03,9999,中村,アルミ複合板看板,600,600,4,枚,4,片面,,グロス,,,支給,有,4,北原市中央3-22,既存撤去・色見本あり,"¥167,640",税込
2508-006,2025-08-03,1007,加藤,カルプ文字,,300,3,文字,30,,,,塗装,,修正,有,4,南川市 本町7丁目14番,夜間作業・色見本あり,"106,040",税込
2508-007,2025-08-04,9999,中村,インクジェット出力,1200,900,1,枚,,,ターポリン,グロス,,,支給,無,,北原市中央4-14,,"6,490",税込
2508-008,2025-08-04,9999,小林,アルミ複合板看板,450,1200,1,枚,4,両面,,マット,,,支給,有,3.5,北原市（現場：倉庫）,,"56,100",税抜
2508-009,2025-08-05,1026,山本,袖看板,450,1200,2,台,,両面,,,,LED内照,新規,有,4,南川市（現場：店舗）,色見本あり,"349,000",税抜
2508-010,2025-08-05,1040,加藤,アルミ複合板看板,600,600,1,枚,3,片面,,なし,,,修正,無,,,,"12,400",税抜
2508-011,2025-08-06,1037,中村,カルプ文字,,100,4,文字,20,,,,塗装,,支給,有,4,西浜町中央5-21,夜間作業・既存撤去,"¥115,400",税別
2508-012,2025-08-07,1007,加藤,アルミ複合板看板,3600,900,3,枚,4,片面,,なし,,,支給,有,4,中島村 本町3丁目27番,図面支給,"271,590",税込
2508-013,2025-08-07,1017,小林,インクジェット出力,841,594,5,枚,,,塩ビシート,なし,,,修正,有,6,北原市中央4-16,急ぎ,"¥146,740",税込
2508-014,2025-08-08,1038,小林,インクジェット出力,841,600,1,枚,,,塩ビシート,マット,,,支給,無,,東山町中央1-3,現調済,"5,000",税抜
2508-015,2025-08-09,1024,加藤,アルミ複合板看板,600,1500,1,枚,3,片面,,グロス,,,支給,有,6,北原市中央7-11,急ぎ,"97,100",税別
2508-016,2025-08-09,1032,山本,インクジェット出力,841,600,1,枚,,,合成紙,マット,,,支給,有,5,東山町中央1-18,,"72,000",
2508-017,2025-08-09,1043,小林,袖看板,750,1200,1,台,,片面,,,,なし,新規,有,2,北原市中央2-13,,"123,000",税抜
2508-018,2025-08-10,1019,加藤,アルミ複合板看板,3000,900,3,枚,3,両面,,なし,,,支給,有,5,北原市 本町2丁目22番,急ぎ,"386,430",税込
2508-019,2025-08-11,9999,山本,袖看板,450,900,1,台,,片面,,,,LED内照,支給,有,3.5,北原市（現場：事務所）,急ぎ,"145,000",税抜
2508-020,2025-08-11,1003,山本,カルプ文字,,600,4,文字,10,,,,シート貼り,,修正,有,3,北原市中央7-27,,"81,400",税込
2508-021,2025-08-11,9999,山本,カルプ文字,,100,10,文字,20,,,,シート貼り,,支給,有,5,北原市中央3-7,既存撤去,"121,000",税込
2508-022,2025-08-12,1041,山本,カルプ文字,,80,15,文字,30,,,,シート貼り,,支給,有,2.5,北原市緑ヶ丘6-10-16,図面支給,"86,900",
2508-023,2025-08-12,1052,小林,アルミ複合板看板,1800,600,3,枚,3,片面,,グロス,,,支給,無,,北原市緑ヶ丘5-28-13,,"62,810",税込
2508-024,2025-08-13,9999,加藤,インクジェット出力,841,297,1,枚,,,メッシュ,なし,,,支給,無,,,,"5,500",税込
2508-025,2025-08-13,1031,小林,袖看板,900,900,1,台,,片面,,,,なし,新規,有,5,西浜町中央8-3,既存撤去,"203,500",税込
2508-026,2025-08-14,9999,中村,インクジェット出力,1800,594,2,枚,,,ターポリン,グロス,,,支給,有,3,北原市中央2-29,,"58,850",税込
2508-027,2025-08-14,1058,中村,アルミ複合板看板,450,1200,1,枚,3,片面,,なし,,,支給,有,3.5,南川市緑ヶ丘8-28-1,夜間作業,"60,100",税抜
2508-028,2025-08-15,1020,山本,アルミ複合板看板,2700,900,4,枚,4,片面,,マット,,,支給,有,5,北原市中央6-10,,"294,000",税抜
2508-029,2025-08-15,9999,加藤,インクジェット出力,841,900,1,枚,,,塩ビシート,マット,,,新規,無,,北原市緑ヶ丘8-20-19,,"¥29,500",税別
2508-030,2025-08-15,9999,山本,インクジェット出力,2700,1200,1,枚,,,合成紙,マット,,,新規,有,5,東山町中央8-7,急ぎ,"134,000",税別
2508-031,2025-08-16,9999,山本,インクジェット出力,3600,600,1,枚,,,メッシュ,グロス,,,支給,無,,,色見本あり,"15,400",
2508-032,2025-08-18,1001,加藤,アルミ複合板看板,2700,900,2,枚,4,片面,,マット,,,支給,有,2,西浜町 本町1丁目23番,,"¥155,500",税抜
2508-033,2025-08-18,1031,山本,カルプ文字,,800,6,文字,20,,,,シート貼り,,新規,有,2,北原市中央8-18,,"¥132,000",税抜
2508-034,2025-08-19,1060,中村,インクジェット出力,420,600,2,枚,,,合成紙,なし,,,修正,有,1.5,西浜町中央5-7,,"66,550",税込
2508-035,2025-08-19,1031,加藤,アルミ複合板看板,600,1800,1,枚,3,片面,,なし,,,支給,有,3,北原市 本町7丁目23番,既存撤去,"¥64,680",税込
2508-036,2025-08-19,1013,山本,アルミ複合板看板,3600,450,1,枚,3,片面,,なし,,,修正,無,,,,"¥32,000",税抜
2508-037,2025-08-20,9999,小林,インクジェット出力,900,594,1,枚,,,合成紙,なし,,,支給,無,,,,"5,500",税込
2508-038,2025-08-20,9999,山本,インクジェット出力,1800,900,5,枚,,,塩ビシート,マット,,,新規,無,,,,"81,400",税込
2508-039,2025-08-20,1038,加藤,インクジェット出力,1200,600,1,枚,,,メッシュ,グロス,,,支給,無,,南川市 本町1丁目5番,,"5,000",税抜
2508-040,2025-08-21,1012,山本,アルミ複合板看板,450,1500,1,枚,3,両面,,グロス,,,修正,無,,,,"24,000",
2508-041,2025-08-21,9999,中村,アルミ複合板看板,450,1800,2,枚,3,両面,,グロス,,,支給,無,,,,"56,400",税抜
2508-042,2025-08-22,9999,加藤,カルプ文字,,150,6,文字,10,,,,シート貼り,,支給,有,3,北原市 本町3丁目4番,急ぎ,"66,770",税込
2508-043,2025-08-22,1037,山本,カルプ文字,,150,10,文字,20,,,,シート貼り,,修正,有,5,北原市中央4-22,,"117,700",
2508-044,2025-08-22,1060,小林,カルプ文字,,100,15,文字,30,,,,シート貼り,,修正,有,4,中島村中央3-19,,"147,400",税込
2508-045,2025-08-22,1004,山本,カルプ文字,,100,7,文字,10,,,,シート貼り,,修正,有,2.5,北原市緑ヶ丘6-22-12,,"¥45,000",税抜
2508-046,2025-08-23,1036,加藤,インクジェット出力,2700,594,5,枚,,,メッシュ,なし,,,修正,有,2.5,北原市 本町1丁目12番,,"¥113,300",税込
2508-047,2025-08-23,1017,加藤,インクジェット出力,1200,600,1,枚,,,ターポリン,グロス,,,支給,有,3,北原市 本町5丁目16番,,"36,960",税込
2508-048,2025-08-23,1030,加藤,アルミ複合板看板,2700,1500,1,枚,3,片面,,なし,,,修正,無,,,図面支給,"¥71,830",税込
2508-049,2025-08-23,1058,中村,アルミ複合板看板,1200,1200,1,枚,4,片面,,マット,,,支給,無,,,現調済,"32,670",税込
2508-050,2025-08-24,9999,山本,アルミ複合板看板,3000,300,1,枚,4,両面,,マット,,,修正,無,,,現調済,"41,000",税抜
2508-051,2025-08-24,9999,小林,インクジェット出力,900,297,3,枚,,,塩ビシート,グロス,,,支給,無,,,,"9,900",税込
2508-052,2025-08-24,1014,山本,カルプ文字,,800,9,文字,10,,,,シート貼り,,新規,有,5,中島村緑ヶ丘5-15-14,,"243,100",税込
2508-053,2025-08-26,1060,中村,アルミ複合板看板,450,300,2,枚,4,片面,,なし,,,新規,無,,,,"¥35,600",税抜
2508-054,2025-08-27,1018,小林,袖看板,600,600,1,台,,片面,,,,LED内照,修正,有,2.5,北原市中央1-5,色見本あり,"126,500",税込
2508-055,2025-08-27,1037,中村,アルミ複合板看板,450,1500,1,枚,3,両面,,なし,,,支給,無,,,,"19,000",税抜
2508-056,2025-08-28,1017,加藤,カルプ文字,,300,3,文字,10,,,,シート貼り,,支給,有,3.5,西浜町 本町3丁目8番,,"55,000",税別
2508-057,2025-08-28,1012,加藤,アルミ複合板看板,450,900,2,枚,3,片面,,なし,,,支給,無,,,色見本あり,"¥18,260",
2508-058,2025-08-28,1029,小林,インクジェット出力,900,900,3,枚,,,合成紙,グロス,,,支給,有,4,南川市緑ヶ丘8-14-7,急ぎ・色見本あり,"¥114,800",
2508-059,2025-08-30,9999,山本,インクジェット出力,420,600,1,枚,,,塩ビシート,なし,,,新規,有,6,南川市中央3-9,,"¥104,000",税抜
2508-060,2025-08-30,1017,加藤,インクジェット出力,900,594,1,枚,,,塩ビシート,グロス,,,新規,有,6,南川市 本町8丁目17番,,"¥97,900",
2508-061,2025-08-30,9999,小林,カルプ文字,,500,14,文字,30,,,,塗装,,新規,有,1.5,東山町中央6-12,色見本あり,"254,980",
2508-062,2025-08-30,1006,山本,インクジェット出力,841,420,5,枚,,,合成紙,なし,,,新規,無,,,急ぎ,"32,000",税抜
2508-063,2025-08-31,1014,小林,アルミ複合板看板,450,450,1,枚,3,片面,,なし,,,支給,有,3,東山町緑ヶ丘8-1-4,,"¥45,100",税込
2508-064,2025-08-31,9999,小林,カルプ文字,,400,2,文字,30,,,,シート貼り,,修正,有,2,南川市 本町2丁目15番,夜間作業・急ぎ,"88,100",税別
2509-001,2025-09-01,1027,加藤,カルプ文字,,100,12,文字,10,,,,シート貼り,,支給,有,5,北原市 本町4丁目5番,,"88,200",
2509-002,2025-09-01,1045,加藤,インクジェット出力,841,297,3,枚,,,合成紙,なし,,,新規,有,3.5,中島村（現場：倉庫）,,"98,670",税込
2509-003,2025-09-01,1032,加藤,アルミ複合板看板,3000,900,2,枚,4,両面,,グロス,,,新規,有,3,南川市 本町3丁目3番,,"249,100",税抜
2509-004,2025-09-02,1032,中村,カルプ文字,,50,3,文字,20,,,,塗装,,支給,有,1.5,東山町緑ヶ丘3-18-7,,"43,230",税込
2509-005,2025-09-03,9999,山本,アルミ複合板看板,450,600,3,枚,3,片面,,マット,,,支給,無,,,,"21,000",税別
2509-006,2025-09-04,1031,小林,カルプ文字,,200,15,文字,20,,,,塗装,,支給,有,2.5,南川市 本町5丁目11番,,"109,500",
2509-007,2025-09-05,1050,加藤,アルミ複合板看板,2400,1200,3,枚,3,片面,,なし,,,支給,無,,,,"123,400",税別
2509-008,2025-09-06,1041,小林,アルミ複合板看板,900,1200,3,枚,3,両面,,なし,,,修正,有,2.5,西浜町中央6-22,図面支給,"167,310",税込
2509-009,2025-09-06,1025,中村,インクジェット出力,900,600,1,枚,,,合成紙,なし,,,支給,無,,,現調済,"5,000",税別
2509-010,2025-09-09,1046,山本,カルプ文字,,800,15,文字,10,,,,塗装,,支給,有,6,北原市 本町4丁目10番,,"279,000",税別
2509-011,2025-09-10,1013,山本,カルプ文字,,300,6,文字,10,,,,塗装,,支給,有,6,北原市中央6-19,夜間作業・既存撤去,"138,600",税込
2509-012,2025-09-11,1016,中村,インクジェット出力,594,420,1,枚,,,合成紙,グロス,,,新規,無,,,,"27,000",
2509-013,2025-09-12,1039,山本,アルミ複合板看板,3600,1800,1,枚,3,片面,,なし,,,新規,有,6,東山町中央7-7,,"187,000",税抜
2509-014,2025-09-12,1027,山本,アルミ複合板看板,3600,1200,1,枚,3,片面,,マット,,,新規,有,3.5,北原市 本町5丁目7番,前回同様,"140,800",税込
2509-015,2025-09-12,1032,加藤,インクジェット出力,594,900,5,枚,,,合成紙,なし,,,修正,有,2,北原市緑ヶ丘2-2-16,,"73,600",税抜
2509-016,2025-09-13,9999,山本,インクジェット出力,1200,420,1,枚,,,合成紙,なし,,,新規,有,3.5,南川市中央4-12,,"64,000",
2509-017,2025-09-13,1019,中村,袖看板,750,600,1,台,,両面,,,,なし,新規,有,6,南川市中央7-27,,"¥160,000",税別
2509-018,2025-09-13,1021,中村,インクジェット出力,594,1200,1,枚,,,メッシュ,なし,,,支給,無,,東山町（現場：事務所）,前回同様,"¥5,500",税込
2509-019,2025-09-14,1030,中村,袖看板,600,600,1,台,,両面,,,,LED内照,支給,有,3.5,北原市 本町3丁目14番,,"130,000",税抜
2509-020,2025-09-14,9999,山本,カルプ文字,,600,5,文字,10,,,,塗装,,修正,有,2.5,北原市 本町4丁目16番,,"110,000",税抜
2509-021,2025-09-14,9999,小林,カルプ文字,,500,12,文字,20,,,,塗装,,修正,有,4,南川市中央3-22,夜間作業,"209,990",税込
2509-022,2025-09-14,1008,加藤,カルプ文字,,50,2,文字,30,,,,シート貼り,,新規,有,5,南川市緑ヶ丘3-20-10,夜間作業,"120,560",税込
2509-023,2025-09-15,1019,山本,袖看板,450,600,1,台,,片面,,,,LED内照,修正,有,4,北原市 本町1丁目23番,,"150,000",税抜
2509-024,2025-09-17,9999,加藤,インクジェット出力,420,1200,1,枚,,,塩ビシート,なし,,,新規,有,3.5,北原市 本町2丁目12番,,"60,200",税別
2509-025,2025-09-17,1004,山本,アルミ複合板看板,3000,300,3,枚,4,両面,,マット,,,修正,無,,,前回同様,"105,000",
2509-026,2025-09-17,1019,小林,インクジェット出力,594,594,1,枚,,,塩ビシート,マット,,,支給,有,2.5,北原市中央4-27,既存撤去・色見本あり,"44,700",税別
2509-027,2025-09-18,1014,小林,カルプ文字,,200,12,文字,20,,,,シート貼り,,支給,有,4,北原市中央7-9,急ぎ,"¥133,200",税別
2509-028,2025-09-18,9999,中村,アルミ複合板看板,3600,1500,2,枚,4,両面,,なし,,,支給,無,,,,"363,800",税別
2509-029,2025-09-19,9999,小林,アルミ複合板看板,600,900,1,枚,3,片面,,マット,,,支給,無,,北原市中央6-4,,"¥13,640",税込
2509-030,2025-09-20,1049,小林,アルミ複合板看板,2400,600,1,枚,3,片面,,グロス,,,支給,無,,南川市（現場：店舗）,前回同様,"25,200",税別
2509-031,2025-09-20,1017,中村,アルミ複合板看板,3000,1500,4,枚,3,片面,,グロス,,,新規,有,3,北原市 本町6丁目1番,,"¥378,000",税別
2509-032,2025-09-23,1015,小林,アルミ複合板看板,1800,600,1,枚,3,片面,,マット,,,修正,有,3.5,北原市中央6-25,,"54,000",税別
2509-033,2025-09-23,9999,小林,カルプ文字,,400,11,文字,20,,,,シート貼り,,新規,有,2.5,西浜町中央7-26,,"202,620",
2509-034,2025-09-23,1040,加藤,アルミ複合板看板,1800,900,4,枚,4,片面,,なし,,,修正,有,2.5,西浜町中央1-22,,"¥194,200",税別
2509-035,2025-09-23,9999,加藤,アルミ複合板看板,2400,900,1,枚,4,片面,,なし,,,修正,無,,,,"¥47,100",税別
2509-036,2025-09-24,9999,山本,アルミ複合板看板,1800,1200,4,枚,3,両面,,なし,,,支給,無,,,,"¥244,000",税抜
2509-037,2025-09-24,9999,山本,袖看板,450,600,1,台,,両面,,,,LED内照,支給,有,3,北原市 本町8丁目26番,夜間作業・既存撤去・前回同様,"172,000",税抜
2509-038,2025-09-24,1050,山本,インクジェット出力,3600,297,1,枚,,,塩ビシート,マット,,,支給,有,2,東山町緑ヶ丘7-20-16,既存撤去,"52,000",税別
2509-039,2025-09-25,1022,小林,インクジェット出力,3600,297,2,枚,,,メッシュ,なし,,,支給,無,,北原市緑ヶ丘8-14-4,,"9,600",税抜
2509-038-2,2025-09-26,1050,山本,インクジェット出力,3600,297,2,枚,,,塩ビシート,マット,,,支給,有,2,東山町緑ヶ丘7-20-16,既存撤去,"52,000",税別
2509-040,2025-09-26,1057,山本,カルプ文字,,150,15,文字,20,,,,シート貼り,,支給,有,3.5,北原市中央7-22,既存撤去,"101,000",税抜
2509-041,2025-09-26,1039,山本,カルプ文字,,250,10,文字,10,,,,塗装,,支給,有,4,中島村中央1-9,,"156,200",税込
2509-042,2025-09-26,1019,加藤,インクジェット出力,1800,594,2,枚,,,ターポリン,グロス,,,新規,有,4,南川市 本町3丁目8番,前回同様,"¥113,600",税抜
2509-043,2025-09-27,9999,加藤,アルミ複合板看板,600,1200,1,枚,4,片面,,なし,,,修正,無,,,色見本あり,"23,870",税込
2509-044,2025-09-27,1012,中村,アルミ複合板看板,1800,1200,1,枚,4,片面,,マット,,,修正,無,,,,"50,050",税込
2509-045,2025-09-28,9999,中村,インクジェット出力,900,420,1,枚,,,メッシュ,グロス,,,支給,無,,,,"¥5,500",税込
2509-046,2025-09-28,1022,小林,袖看板,750,1200,2,台,,両面,,,,なし,支給,有,4,北原市 本町7丁目19番,,"273,900",
2509-047,2025-09-28,9999,小林,インクジェット出力,420,297,3,枚,,,ターポリン,なし,,,支給,有,2,東山町中央8-24,,"¥61,800",税抜
2509-048,2025-09-28,1021,中村,カルプ文字,,500,3,文字,20,,,,シート貼り,,新規,有,1.5,北原市中央5-27,,"¥84,040",税込
2509-049,2025-09-28,1049,小林,アルミ複合板看板,3600,600,1,枚,4,両面,,グロス,,,新規,有,5,東山町 本町1丁目24番,,"¥186,670",税込
2509-050,2025-09-30,1035,中村,インクジェット出力,420,900,1,枚,,,ターポリン,なし,,,支給,有,2.5,北原市 本町4丁目21番,,"31,700",
