quote_id,issue_date,customer_code,rep,item,quirk,quirk_detail,rule_net,true_net,written_amount,written_tax_label,tax_basis,flags_from_remarks,rule_table_version,rule_material,rule_output_gross,rule_volume_discount,rule_output,rule_processing,rule_setup,rule_product_raw,rule_mult,rule_product_after_mult,rule_min_charge_adj,rule_product_final,rule_rush,rule_design_fee,rule_install_base_raw,rule_install_min_adj,rule_install_base,rule_night_extra,rule_height_fee,rule_electrical,rule_removal,rule_disposal,rule_survey,rule_travel_km,rule_travel,rule_pre_round_total,rule_rounding_rule,rule_rounding_adj,actual_table_version,actual_mult,actual_rush,actual_travel,actual_pre_round_total,post_rounding_adjustment,related_quote,messy_refs
2210-001,2022-10-03,9999,佐藤,IJ,clean,,15600,15600,17100,税込,incl,,0,0,5600,0,5600,0,2000,7600,1000,7600,0,7600,0,8000,0,0,0,0,0,0,0,0,0,0,0,15600,floor100,0,0,1000,0,0,15600,0,,
2210-002,2022-10-03,1045,渡辺,ACM,clean,,181500,181500,181500,,excl,rush,0,58800,33000,0,33000,21600,2000,115400,1000,115400,0,115400,34620,0,27500,0,27500,0,0,0,0,0,0,22,4000,181520,halfup100,-20,0,1000,34620,4000,181520,-20,,
2210-003,2022-10-03,9999,田中,ACM,clean,,37000,37000,40700,税込,incl,corner_r,0,10400,12320,0,12320,3200,2000,27920,1000,27920,0,27920,0,10000,0,0,0,0,0,0,0,0,0,0,0,37920,floor1000,-920,0,1000,0,0,37920,-920,,
2210-004,2022-10-03,9999,渡辺,ACM,clean,,24900,24900,24900,,excl,,0,5200,5280,0,5280,2400,2000,14880,1000,14880,0,14880,0,10000,0,0,0,0,0,0,0,0,0,0,0,24880,halfup100,20,0,1000,0,0,24880,20,,
2210-005,2022-10-03,1015,佐藤,ACM,clean,,30700,30700,30700,税別,excl,,0,5200,12320,0,12320,1200,2000,20720,1000,20720,0,20720,0,10000,0,0,0,0,0,0,0,0,0,0,0,30720,floor100,-20,0,1000,0,0,30720,-20,,
2210-006,2022-10-04,9999,田中,SODE,clean,,313000,313000,313000,税別,excl,,0,152000,0,0,0,54500,0,206500,1000,206500,0,206500,0,3000,38000,0,38000,0,48000,18000,0,0,0,8,0,313500,floor1000,-500,0,1000,0,0,313500,-500,,
2210-007,2022-10-04,1019,田中,IJ,clean,,5000,5000,5000,税別,excl,,0,0,1680,0,1680,0,2000,3680,800,2944,2056,5000,0,0,0,0,0,0,0,0,0,0,0,0,0,5000,floor100,0,0,800,0,0,5000,0,,
2210-008,2022-10-05,1085,佐藤,CALP,clean,,24900,24900,24900,税別,excl,,0,0,18900,0,18900,0,3000,21900,1000,21900,0,21900,0,3000,0,0,0,0,0,0,0,0,0,0,0,24900,floor100,0,0,1000,0,0,24900,0,,
2210-009,2022-10-05,1053,渡辺,ACM,clean,,44200,44200,44200,,excl,removal,0,5200,1320,0,1320,1200,2000,9720,950,9234,0,9234,0,0,5900,6100,12000,0,8000,0,15000,0,0,1,0,44234,halfup100,-34,0,950,0,0,44234,-34,,
2210-010,2022-10-05,1023,田中,ACM,clean,,60000,60000,60000,税別,excl,removal;disposal;holes;repeat,0,5200,6160,0,6160,1500,0,12860,880,11316,0,11316,0,0,9200,2800,12000,0,8000,0,15000,5000,0,26,9000,60316,floor1000,-316,0,880,0,9000,60316,-316,,
2210-011,2022-10-05,1056,佐藤,IJ,clean,,39800,39800,39800,税別,excl,,0,0,5880,0,5880,0,2000,7880,1000,7880,0,7880,0,8000,720,11280,12000,0,8000,0,0,0,0,13,4000,39880,floor100,-80,0,1000,0,4000,39880,-80,,
2210-012,2022-10-06,1067,佐藤,CALP,clean,,61400,61400,61400,税別,excl,,0,0,14400,0,14400,0,3000,17400,1000,17400,0,17400,0,0,8400,3600,12000,0,28000,0,0,0,0,19,4000,61400,floor100,0,0,1000,0,4000,61400,0,,
2210-013,2022-10-06,9999,渡辺,ACM,clean,,39800,39800,43700,税込,incl,,0,10400,14960,0,14960,2400,2000,29760,1000,29760,0,29760,0,10000,0,0,0,0,0,0,0,0,0,0,0,39760,halfup100,40,0,1000,0,0,39760,40,,
2210-014,2022-10-06,1020,渡辺,CALP,clean,,35200,35200,35200,,excl,,0,0,34080,0,34080,0,3000,37080,950,35226,0,35226,0,0,0,0,0,0,0,0,0,0,0,0,0,35226,halfup100,-26,0,950,0,0,35226,-26,,
2210-015,2022-10-06,1064,佐藤,IJ,clean,,81200,81200,81200,税別,excl,,0,0,79200,0,79200,0,2000,81200,1000,81200,0,81200,0,0,0,0,0,0,0,0,0,0,0,0,0,81200,floor100,0,0,1000,0,0,81200,0,,
2210-016,2022-10-06,1022,佐藤,IJ,clean,,7300,7300,7300,税別,excl,,0,0,5780,0,5780,0,2000,7780,950,7391,0,7391,0,0,0,0,0,0,0,0,0,0,0,0,0,7391,floor100,-91,0,950,0,0,7391,-91,,
2210-017,2022-10-06,1022,佐藤,IJ,duplicate,same quote entered twice under a new number,7300,7300,7300,税別,excl,,0,0,5780,0,5780,0,2000,7780,950,7391,0,7391,0,0,0,0,0,0,0,0,0,0,0,0,0,7391,floor100,-91,0,950,0,0,7391,-91,original=2210-016,
2210-018,2022-10-07,1041,佐藤,CALP,clean,,151100,151100,151100,税別,excl,,0,0,120540,0,120540,0,3000,123540,900,111186,0,111186,0,0,4900,7100,12000,0,28000,0,0,0,0,10,0,151186,floor100,-86,0,900,0,0,151186,-86,,
2210-019,2022-10-07,1023,田中,ACM,clean,,46000,46000,46000,税別,excl,,0,9800,9240,0,9240,1200,2000,22240,880,19571,0,19571,0,3000,11300,700,12000,0,8000,0,0,0,0,22,4000,46571,floor1000,-571,0,880,0,4000,46571,-571,,
2210-020,2022-10-11,1023,田中,IJ,clean,,26000,26000,26000,税別,excl,survey,0,0,2400,0,2400,0,2000,4400,880,3872,1128,5000,0,0,720,11280,12000,0,0,0,0,0,5000,13,4000,26000,floor100,0,0,880,0,4000,26000,0,,
2210-021,2022-10-11,1074,渡辺,IJ,clean,,6200,6200,6200,,excl,,0,0,3000,0,3000,1200,2000,6200,1000,6200,0,6200,0,0,0,0,0,0,0,0,0,0,0,0,0,6200,halfup100,0,0,1000,0,0,6200,0,,
2210-022,2022-10-11,1074,渡辺,IJ,duplicate,same quote entered twice under a new number,6200,6200,6200,,excl,,0,0,3000,0,3000,1200,2000,6200,1000,6200,0,6200,0,0,0,0,0,0,0,0,0,0,0,0,0,6200,halfup100,0,0,1000,0,0,6200,0,original=2210-021,
2210-023,2022-10-11,1002,佐藤,IJ,clean,,16200,16200,16200,税別,excl,rush,0,0,3200,0,3200,0,2000,5200,1000,5200,0,5200,3000,8000,0,0,0,0,0,0,0,0,0,0,0,16200,floor100,0,0,1000,3000,0,16200,0,,
2210-024,2022-10-12,9999,渡辺,ACM,clean,,33000,33000,33000,,excl,survey,0,5200,4400,0,4400,2400,2000,14000,1000,14000,0,14000,0,10000,0,0,0,0,0,0,0,0,5000,24,4000,33000,halfup100,0,0,1000,0,4000,33000,0,,
2210-025,2022-10-12,9999,佐藤,ACM,clean,,62200,62200,62200,税別,excl,removal;disposal,0,5200,4840,0,4840,1200,2000,13240,1000,13240,0,13240,0,0,8300,3700,12000,0,8000,0,15000,5000,0,27,9000,62240,floor100,-40,0,1000,0,9000,62240,-40,,
2210-026,2022-10-12,1023,田中,ACM,clean,,60000,60000,60000,税別,excl,night,0,10400,11000,0,11000,6000,2000,29400,880,25872,0,25872,0,0,11300,700,12000,6000,8000,0,0,0,0,42,9000,60872,floor1000,-872,0,880,0,9000,60872,-872,,
2210-027,2022-10-13,1056,渡辺,ACM,clean,,26200,26200,26200,,excl,corner_r,0,9800,12760,0,12760,1600,2000,26160,1000,26160,0,26160,0,0,0,0,0,0,0,0,0,0,0,0,0,26160,halfup100,40,0,1000,0,0,26160,40,,
2210-028,2022-10-13,1023,田中,IJ,manager_discount,undocumented discount 7000 (9.7%) from rule_net 72000,72000,65000,65000,税別,excl,,0,0,89762,8976,80786,0,2000,82786,880,72851,0,72851,0,0,0,0,0,0,0,0,0,0,0,0,0,72851,floor1000,-851,0,880,0,0,72851,-7851,,
2210-029,2022-10-14,1077,佐藤,IJ,clean,,5000,5000,5000,税別,excl,,0,0,2100,0,2100,360,2000,4460,950,4237,763,5000,0,0,0,0,0,0,0,0,0,0,0,0,0,5000,floor100,0,0,950,0,0,5000,0,,
2210-030,2022-10-14,9999,渡辺,CALP,clean,,39000,39000,42900,税込,incl,,0,0,30000,0,30000,0,3000,33000,1000,33000,0,33000,0,6000,0,0,0,0,0,0,0,0,0,0,0,39000,halfup100,0,0,1000,0,0,39000,0,,
2210-031,2022-10-14,1042,佐藤,IJ,clean,,61300,61300,61300,税別,excl,rush,0,0,36990,0,36990,4200,2000,43190,950,41030,0,41030,12309,8000,0,0,0,0,0,0,0,0,0,0,0,61339,floor100,-39,0,950,12309,0,61339,-39,,
2210-032,2022-10-14,1077,田中,ACM,clean,,31000,31000,31000,税別,excl,holes,0,5200,1760,0,1760,1500,2000,10460,950,9937,0,9937,0,10000,6200,5800,12000,0,0,0,0,0,0,38,0,31937,floor1000,-937,0,950,0,0,31937,-937,,
2210-033,2022-10-15,1033,田中,IJ,clean,,10100,10100,10100,税別,excl,,0,0,8100,0,8100,0,2000,10100,1000,10100,0,10100,0,0,0,0,0,0,0,0,0,0,0,0,0,10100,floor100,0,0,1000,0,0,10100,0,,
2210-034,2022-10-15,1023,田中,IJ,travel_omitted,travel fee 4000 not charged,27000,23000,23000,税別,excl,rush,0,0,3360,0,3360,0,2000,5360,880,4716,284,5000,3000,3000,1980,10020,12000,0,0,0,0,0,0,13,4000,27000,floor100,0,0,880,3000,0,23000,0,,
2210-035,2022-10-17,9999,田中,ACM,clean,,50000,50000,55000,税込,incl,corner_r,0,19600,12320,0,12320,6400,2000,40320,1000,40320,0,40320,0,10000,0,0,0,0,0,0,0,0,0,0,0,50320,floor1000,-320,0,1000,0,0,50320,-320,,
2210-036,2022-10-17,9999,渡辺,IJ,clean,,42100,42100,42100,,excl,,0,0,16500,0,16500,3600,2000,22100,1000,22100,0,22100,0,8000,9720,2280,12000,0,0,0,0,0,0,1,0,42100,halfup100,0,0,1000,0,0,42100,0,,
2210-037,2022-10-18,1055,渡辺,CALP,clean,,38600,38600,38600,,excl,,0,0,15600,0,15600,0,3000,18600,1000,18600,0,18600,0,0,5600,6400,12000,0,8000,0,0,0,0,8,0,38600,halfup100,0,0,1000,0,0,38600,0,,
2210-038,2022-10-18,1045,渡辺,CALP,clean,,114300,114300,114300,,excl,,0,0,117000,11720,105280,0,3000,108280,1000,108280,0,108280,0,6000,0,0,0,0,0,0,0,0,0,0,0,114280,halfup100,20,0,1000,0,0,114280,20,,
2210-039,2022-10-18,1089,佐藤,IJ,clean,,16000,16000,16000,税別,excl,rush,0,0,1200,0,1200,0,2000,3200,950,3040,1960,5000,3000,8000,0,0,0,0,0,0,0,0,0,0,0,16000,floor100,0,0,950,3000,0,16000,0,,
2210-040,2022-10-18,1045,渡辺,SODE,clean,,281000,281000,281000,,excl,,0,152000,0,0,0,50000,0,202000,1000,202000,0,202000,0,15000,38000,0,38000,0,8000,18000,0,0,0,8,0,281000,halfup100,0,0,1000,0,0,281000,0,,
2210-041,2022-10-19,1089,佐藤,ACM,clean,,141400,141400,141400,税別,excl,survey,0,41600,38720,0,38720,9600,2000,91920,950,87324,0,87324,0,10000,31100,0,31100,0,8000,0,0,0,5000,6,0,141424,floor100,-24,0,950,0,0,141424,-24,,
2210-042,2022-10-19,1042,渡辺,SODE,clean,,332400,332400,332400,,excl,survey,0,292000,0,0,0,0,0,292000,950,277400,0,277400,0,0,38000,0,38000,0,8000,0,0,0,5000,18,4000,332400,halfup100,0,0,950,0,4000,332400,0,,
2210-043,2022-10-19,1075,田中,SODE,clean,,294000,294000,294000,税別,excl,survey,0,152000,0,0,0,54500,0,206500,1000,206500,0,206500,0,15000,38000,0,38000,0,8000,18000,0,0,5000,14,4000,294500,floor1000,-500,0,1000,0,4000,294500,-500,,
2210-044,2022-10-20,1084,田中,IJ,clean,,49000,49000,49000,税別,excl,repeat,0,0,62400,0,62400,0,0,62400,800,49920,0,49920,0,0,0,0,0,0,0,0,0,0,0,0,0,49920,floor1000,-920,0,800,0,0,49920,-920,,
2210-045,2022-10-20,1038,田中,IJ,clean,,17000,17000,17000,税別,excl,rush,0,0,4000,0,4000,0,2000,6000,1000,6000,0,6000,3000,8000,0,0,0,0,0,0,0,0,0,0,0,17000,floor100,0,0,1000,3000,0,17000,0,,
2210-046,2022-10-20,1085,佐藤,ACM,clean,,106800,106800,106800,税別,excl,survey;holes,0,20800,29920,0,29920,6000,2000,58720,1000,58720,0,58720,0,10000,25100,0,25100,0,8000,0,0,0,5000,1,0,106820,floor100,-20,0,1000,0,0,106820,-20,,
2210-047,2022-10-20,1068,渡辺,IJ,clean,,9000,9000,9000,,excl,,0,0,4000,0,4000,0,2000,6000,1000,6000,0,6000,0,3000,0,0,0,0,0,0,0,0,0,0,0,9000,halfup100,0,0,1000,0,0,9000,0,,
2210-048,2022-10-21,9999,田中,IJ,duplicate,same quote entered twice under a new number,8600,8600,8600,税別,excl,,0,0,3000,0,3000,600,2000,5600,1000,5600,0,5600,0,3000,0,0,0,0,0,0,0,0,0,0,0,8600,floor100,0,0,1000,0,0,8600,0,original=2210-050,
2210-049,2022-10-21,1033,田中,ACM,clean,,54000,54000,54000,税別,excl,survey,0,19600,8800,0,8800,7200,2000,37600,1000,37600,0,37600,0,0,11000,1000,12000,0,0,0,0,0,5000,5,0,54600,floor1000,-600,0,1000,0,0,54600,-600,,
2210-050,2022-10-21,9999,田中,IJ,clean,,8600,8600,8600,税別,excl,,0,0,3000,0,3000,600,2000,5600,1000,5600,0,5600,0,3000,0,0,0,0,0,0,0,0,0,0,0,8600,floor100,0,0,1000,0,0,8600,0,,
2210-051,2022-10-21,9999,田中,ACM,clean,,30000,30000,33000,税込,incl,,0,9800,7920,0,7920,1200,2000,20920,1000,20920,0,20920,0,10000,0,0,0,0,0,0,0,0,0,0,0,30920,floor1000,-920,0,1000,0,0,30920,-920,,
2210-052,2022-10-22,1071,田中,ACM,clean,,343000,343000,343000,税別,excl,,0,235200,132000,26400,105600,86400,2000,429200,800,343360,0,343360,0,0,0,0,0,0,0,0,0,0,0,0,0,343360,floor1000,-360,0,800,0,0,343360,-360,,
2210-053,2022-10-24,1023,田中,IJ,clean,,16500,16500,16500,税別,excl,,0,0,16768,0,16768,0,2000,18768,880,16515,0,16515,0,0,0,0,0,0,0,0,0,0,0,0,0,16515,floor100,-15,0,880,0,0,16515,-15,,
2210-054,2022-10-24,9999,佐藤,ACM,clean,,30100,30100,33100,税込,incl,,0,5200,1760,0,1760,1200,2000,10160,1000,10160,0,10160,0,0,6200,5800,12000,0,8000,0,0,0,0,1,0,30160,floor100,-60,0,1000,0,0,30160,-60,,
2210-055,2022-10-24,9999,田中,IJ,clean,,12200,12200,13400,税込,incl,,0,0,10200,0,10200,0,2000,12200,1000,12200,0,12200,0,0,0,0,0,0,0,0,0,0,0,0,0,12200,floor100,0,0,1000,0,0,12200,0,,
2210-056,2022-10-25,1023,渡辺,ACM,revision_v1,superseded by re-issued quote (quantity change); v1 priced by rules,29600,29600,29600,,excl,survey,0,5200,1320,0,1320,1200,2000,9720,880,8553,0,8553,0,0,5900,6100,12000,0,0,0,0,0,5000,11,4000,29553,halfup100,47,0,880,0,4000,29553,47,v2=2210-056-2,
2210-056-2,2022-10-27,1023,渡辺,ACM,revision_v2,quantity 1->4; priced by rules,36200,36200,36200,,excl,survey,0,5200,5280,0,5280,4800,2000,17280,880,15206,0,15206,0,0,8300,3700,12000,0,0,0,0,0,5000,11,4000,36206,halfup100,-6,0,880,0,4000,36206,-6,v1=2210-056,
2210-057,2022-10-25,9999,田中,ACM,clean,,114000,114000,125400,税込,incl,,0,20800,29920,0,29920,4800,2000,57520,1000,57520,0,57520,0,0,24500,0,24500,0,28000,0,0,0,0,14,4000,114020,floor1000,-20,0,1000,0,4000,114020,-20,,
2210-058,2022-10-25,1085,佐藤,ACM,clean,,56700,56700,56700,税別,excl,,0,19600,11880,0,11880,7200,2000,40680,1000,40680,0,40680,0,3000,13100,0,13100,0,0,0,0,0,0,1,0,56780,floor100,-80,0,1000,0,0,56780,-80,,
2210-059,2022-10-26,1045,渡辺,ACM,clean,,32100,32100,32100,,excl,,0,5200,3520,0,3520,2400,2000,13120,1000,13120,0,13120,0,3000,7400,4600,12000,0,0,0,0,0,0,22,4000,32120,halfup100,-20,0,1000,0,4000,32120,-20,,
2210-060,2022-10-26,1041,佐藤,CALP,clean,,37300,37300,37300,税別,excl,,0,0,9600,0,9600,0,3000,12600,900,11340,0,11340,0,6000,4200,7800,12000,0,8000,0,0,0,0,5,0,37340,floor100,-40,0,900,0,0,37340,-40,,
2210-061,2022-10-26,1068,渡辺,CALP,clean,,164800,164800,164800,,excl,removal;disposal,0,0,91840,0,91840,0,3000,94840,1000,94840,0,94840,0,6000,5600,6400,12000,0,28000,0,15000,5000,0,18,4000,164840,halfup100,-40,0,1000,0,4000,164840,-40,,
2210-062,2022-10-27,1047,田中,IJ,clean,,5000,5000,5000,税別,excl,repeat,0,0,3740,0,3740,0,0,3740,800,2992,2008,5000,0,0,0,0,0,0,0,0,0,0,0,0,0,5000,floor100,0,0,800,0,0,5000,0,,
2210-063,2022-10-27,1010,佐藤,ACM,clean,,51500,51500,51500,税別,excl,corner_r,0,5200,5440,0,5440,1600,2000,14240,950,13528,0,13528,0,10000,10100,1900,12000,0,0,0,0,0,0,58,16000,51528,floor100,-28,0,950,0,16000,51528,-28,,
2210-064,2022-10-27,9999,渡辺,ACM,clean,,28700,28700,31500,税込,incl,,0,9800,5720,0,5720,1200,2000,18720,1000,18720,0,18720,0,10000,0,0,0,0,0,0,0,0,0,0,0,28720,halfup100,-20,0,1000,0,0,28720,-20,,
2210-065,2022-10-27,1075,田中,IJ,clean,,217000,217000,217000,税別,excl,survey,0,0,142800,14280,128520,0,2000,130520,1000,130520,0,130520,0,3000,61380,0,61380,0,0,0,0,0,5000,84,18000,217900,floor1000,-900,0,1000,0,18000,217900,-900,,
2210-066,2022-10-27,1080,渡辺,IJ,clean,,20000,20000,20000,,excl,,0,0,2240,0,2240,0,2000,4240,950,4028,972,5000,0,3000,1440,10560,12000,0,0,0,0,0,0,6,0,20000,halfup100,0,0,950,0,0,20000,0,,
2210-067,2022-10-28,1065,渡辺,ACM,clean,,46100,46100,46100,,excl,removal,0,5200,7480,0,7480,1200,2000,15880,950,15086,0,15086,0,0,10100,1900,12000,0,0,0,15000,0,0,18,4000,46086,halfup100,14,0,950,0,4000,46086,14,,
2210-068,2022-10-28,1085,佐藤,CALP,clean,,45900,45900,45900,税別,excl,repeat,0,0,25920,0,25920,0,0,25920,1000,25920,0,25920,0,0,11200,800,12000,0,8000,0,0,0,0,5,0,45920,floor100,-20,0,1000,0,0,45920,-20,,
2210-069,2022-10-28,9999,佐藤,IJ,clean,,15900,15900,15900,税別,excl,,0,0,13152,0,13152,840,2000,15992,1000,15992,0,15992,0,0,0,0,0,0,0,0,0,0,0,0,0,15992,floor100,-92,0,1000,0,0,15992,-92,,
2210-070,2022-10-29,1054,田中,CALP,clean,,130000,130000,130000,税別,excl,,0,0,100800,0,100800,0,3000,103800,1000,103800,0,103800,0,3000,8400,3600,12000,0,8000,0,0,0,0,18,4000,130800,floor1000,-800,0,1000,0,4000,130800,-800,,
2210-071,2022-10-31,1077,佐藤,CALP,clean,,161100,161100,161100,税別,excl,,0,0,117000,8550,108450,0,3000,111450,950,105877,0,105877,0,0,27300,0,27300,0,28000,0,0,0,0,6,0,161177,floor100,-77,0,950,0,0,161177,-77,,
2210-072,2022-10-31,1048,田中,IJ,clean,,216000,216000,216000,税別,excl,,0,0,267561,53512,214049,0,2000,216049,1000,216049,0,216049,0,0,0,0,0,0,0,0,0,0,0,0,0,216049,floor1000,-49,0,1000,0,0,216049,-49,,
2210-073,2022-10-31,1023,田中,IJ,clean,,25100,25100,25100,税別,excl,,0,0,24660,0,24660,1920,2000,28580,880,25150,0,25150,0,0,0,0,0,0,0,0,0,0,0,0,0,25150,floor100,-50,0,880,0,0,25150,-50,,
2210-074,2022-10-31,1075,田中,IJ,clean,,63000,63000,63000,税別,excl,survey,0,0,44388,0,44388,0,2000,46388,1000,46388,0,46388,0,8000,0,0,0,0,0,0,0,0,5000,24,4000,63388,floor1000,-388,0,1000,0,4000,63388,-388,,
2211-001,2022-11-01,1082,佐藤,IJ,clean,,22300,22300,22300,税別,excl,no_grommet,0,0,12330,0,12330,0,2000,14330,1000,14330,0,14330,0,8000,0,0,0,0,0,0,0,0,0,0,0,22330,floor100,-30,0,1000,0,0,22330,-30,,
2211-002,2022-11-01,1085,佐藤,ACM,clean,,11100,11100,11100,税別,excl,repeat,0,5200,3520,0,3520,2400,0,11120,1000,11120,0,11120,0,0,0,0,0,0,0,0,0,0,0,0,0,11120,floor100,-20,0,1000,0,0,11120,-20,,
2211-003,2022-11-01,1022,佐藤,ACM,clean,,132700,132700,132700,税別,excl,holes,0,41600,63360,6336,57024,36000,2000,136624,950,129792,0,129792,0,3000,0,0,0,0,0,0,0,0,0,0,0,132792,floor100,-92,0,950,0,0,132792,-92,,
2211-004,2022-11-01,9999,渡辺,IJ,clean,,13000,13000,14300,税込,incl,,0,0,2100,0,2100,0,2000,4100,1000,4100,900,5000,0,8000,0,0,0,0,0,0,0,0,0,0,0,13000,halfup100,0,0,1000,0,0,13000,0,,
2211-005,2022-11-02,1024,渡辺,SODE,clean,,321500,321500,321500,,excl,,0,152000,0,0,0,54500,0,206500,1000,206500,0,206500,0,15000,38000,0,38000,0,28000,18000,0,0,0,75,16000,321500,halfup100,0,0,1000,0,16000,321500,0,,
2211-006,2022-11-02,1085,佐藤,CALP,clean,,52800,52800,52800,税別,excl,,0,0,46800,0,46800,0,3000,49800,1000,49800,0,49800,0,3000,0,0,0,0,0,0,0,0,0,0,0,52800,floor100,0,0,1000,0,0,52800,0,,
2211-007,2022-11-04,9999,田中,SODE,clean,,88000,88000,88000,税別,excl,,0,85000,0,0,0,0,0,85000,1000,85000,0,85000,0,3000,0,0,0,0,0,0,0,0,0,0,0,88000,floor1000,0,0,1000,0,0,88000,0,,
2211-008,2022-11-04,1041,佐藤,ACM,clean,,57400,57400,57400,税別,excl,,0,15600,10560,0,10560,3600,2000,31760,900,28584,0,28584,0,10000,14900,0,14900,0,0,0,0,0,0,14,4000,57484,floor100,-84,0,900,0,4000,57484,-84,,
2211-009,2022-11-04,1019,田中,IJ,clean,,13000,13000,13000,税別,excl,repeat,0,0,16275,0,16275,0,0,16275,800,13020,0,13020,0,0,0,0,0,0,0,0,0,0,0,0,0,13020,floor100,-20,0,800,0,0,13020,-20,,
2211-010,2022-11-07,9999,佐藤,ACM,clean,,54800,54800,60200,税込,incl,survey,0,5200,7480,0,7480,1200,2000,15880,1000,15880,0,15880,0,10000,10100,1900,12000,0,8000,0,0,0,5000,18,4000,54880,floor100,-80,0,1000,0,4000,54880,-80,,
2211-011,2022-11-07,9999,田中,IJ,clean,,59000,59000,64900,税込,incl,,0,0,49868,0,49868,0,2000,51868,1000,51868,0,51868,0,8000,0,0,0,0,0,0,0,0,0,0,0,59868,floor1000,-868,0,1000,0,0,59868,-868,,
2211-012,2022-11-07,1074,渡辺,ACM,clean,,135700,135700,135700,,excl,,0,39200,51040,5104,45936,4800,2000,91936,1000,91936,0,91936,0,0,39800,0,39800,0,0,0,0,0,0,22,4000,135736,halfup100,-36,0,1000,0,4000,135736,-36,,
2211-013,2022-11-07,1048,田中,CALP,clean,,91000,91000,91000,税別,excl,,0,0,48000,0,48000,0,3000,51000,1000,51000,0,51000,0,0,11200,800,12000,0,28000,0,0,0,0,6,0,91000,floor1000,0,0,1000,0,0,91000,0,,
2211-014,2022-11-07,1047,田中,IJ,clean,,5400,5400,5400,税別,excl,,0,0,4800,0,4800,0,2000,6800,800,5440,0,5440,0,0,0,0,0,0,0,0,0,0,0,0,0,5440,floor100,-40,0,800,0,0,5440,-40,,
2211-015,2022-11-07,1077,佐藤,SODE,clean,,127100,127100,127100,税別,excl,,0,118000,0,0,0,0,0,118000,950,112100,0,112100,0,15000,0,0,0,0,0,0,0,0,0,0,0,127100,floor100,0,0,950,0,0,127100,0,,
2211-016,2022-11-08,1079,佐藤,IJ,clean,,33100,33100,33100,税別,excl,,0,0,32880,0,32880,0,2000,34880,950,33136,0,33136,0,0,0,0,0,0,0,0,0,0,0,0,0,33136,floor100,-36,0,950,0,0,33136,-36,,
2211-017,2022-11-09,9999,田中,IJ,clean,,19600,19600,21500,税込,incl,,0,0,9600,0,9600,0,2000,11600,1000,11600,0,11600,0,8000,0,0,0,0,0,0,0,0,0,0,0,19600,floor100,0,0,1000,0,0,19600,0,,
2211-018,2022-11-10,1055,渡辺,ACM,clean,,36900,36900,36900,,excl,,0,5200,7480,0,7480,1200,2000,15880,1000,15880,0,15880,0,0,10100,1900,12000,0,0,0,0,0,0,33,9000,36880,halfup100,20,0,1000,0,9000,36880,20,,
2211-019,2022-11-10,1055,渡辺,CALP,clean,,105000,105000,105000,,excl,,0,0,66000,0,66000,0,3000,69000,1000,69000,0,69000,0,0,8400,3600,12000,0,8000,0,0,0,0,80,16000,105000,halfup100,0,0,1000,0,16000,105000,0,,
2211-020,2022-11-10,1032,渡辺,ACM,clean,,129400,129400,129400,,excl,holes,0,49000,33000,0,33000,7500,2000,91500,1000,91500,0,91500,0,3000,26900,0,26900,0,8000,0,0,0,0,5,0,129400,halfup100,0,0,1000,0,0,129400,0,,
2211-021,2022-11-11,1023,田中,SODE,clean,,149000,149000,149000,税別,excl,survey,0,85000,0,0,0,0,0,85000,880,74800,0,74800,0,0,38000,0,38000,0,28000,0,0,0,5000,11,4000,149800,floor1000,-800,0,880,0,4000,149800,-800,,
2211-022,2022-11-11,9999,田中,IJ,clean,,13000,13000,14300,税込,incl,,0,0,1680,0,1680,0,2000,3680,1000,3680,1320,5000,0,8000,0,0,0,0,0,0,0,0,0,0,0,13000,floor100,0,0,1000,0,0,13000,0,,
2211-023,2022-11-11,1042,田中,ACM,clean,,29900,29900,29900,税別,excl,corner_r,0,5200,10560,0,10560,3200,2000,20960,950,19912,0,19912,0,10000,0,0,0,0,0,0,0,0,0,0,0,29912,floor100,-12,0,950,0,0,29912,-12,,
2211-024,2022-11-11,1009,佐藤,ACM,clean,,32700,32700,32700,税別,excl,,0,10400,14960,0,14960,2400,2000,29760,1000,29760,0,29760,0,3000,0,0,0,0,0,0,0,0,0,0,0,32760,floor100,-60,0,1000,0,0,32760,-60,,
2211-025,2022-11-11,1023,田中,ACM,clean,,64000,64000,64000,税別,excl,repeat,0,19600,22880,0,22880,7200,0,49680,880,43718,0,43718,0,0,12800,0,12800,0,8000,0,0,0,0,1,0,64518,floor1000,-518,0,880,0,0,64518,-518,,
2211-026,2022-11-11,1048,田中,IJ,clean,,25000,25000,25000,税別,excl,,0,0,2520,0,2520,0,2000,4520,1000,4520,480,5000,0,8000,1080,10920,12000,0,0,0,0,0,0,6,0,25000,floor100,0,0,1000,0,0,25000,0,,
2211-027,2022-11-12,1012,田中,ACM,clean,,10700,10700,10700,税別,excl,rush,0,5200,1320,0,1320,1200,2000,9720,800,7776,0,7776,3000,0,0,0,0,0,0,0,0,0,0,0,0,10776,floor100,-76,0,800,3000,0,10776,-76,,
2211-028,2022-11-14,1022,佐藤,ACM,clean,,413100,413100,413100,税別,excl,,0,156800,123200,12320,110880,57600,2000,327280,950,310916,0,310916,0,3000,87200,0,87200,0,8000,0,0,0,0,18,4000,413116,floor100,-16,0,950,0,4000,413116,-16,,
2211-029,2022-11-14,9999,田中,ACM,clean,,34000,34000,37400,税込,incl,,0,10400,9680,0,9680,2400,2000,24480,1000,24480,0,24480,0,10000,0,0,0,0,0,0,0,0,0,0,0,34480,floor1000,-480,0,1000,0,0,34480,-480,,
2211-030,2022-11-14,1027,佐藤,ACM,clean,,140700,140700,140700,税別,excl,corner_r,0,58800,66880,6688,60192,27200,2000,148192,950,140782,0,140782,0,0,0,0,0,0,0,0,0,0,0,0,0,140782,floor100,-82,0,950,0,0,140782,-82,,
2211-031,2022-11-14,9999,田中,IJ,clean,,18200,18200,20000,税込,incl,,0,0,13200,0,13200,0,2000,15200,1000,15200,0,15200,0,3000,0,0,0,0,0,0,0,0,0,0,0,18200,floor100,0,0,1000,0,0,18200,0,,
2211-032,2022-11-14,9999,渡辺,IJ,clean,,5700,5700,5700,,excl,,0,0,3000,0,3000,720,2000,5720,1000,5720,0,5720,0,0,0,0,0,0,0,0,0,0,0,0,0,5720,halfup100,-20,0,1000,0,0,5720,-20,,
2211-033,2022-11-14,1055,渡辺,ACM,clean,,10500,10500,10500,,excl,holes,0,5200,1760,0,1760,1500,2000,10460,1000,10460,0,10460,0,0,0,0,0,0,0,0,0,0,0,0,0,10460,halfup100,40,0,1000,0,0,10460,40,,
2211-034,2022-11-15,9999,佐藤,CALP,clean,,54000,54000,54000,税別,excl,,0,0,21000,0,21000,0,3000,24000,1000,24000,0,24000,0,6000,7000,5000,12000,0,8000,0,0,0,0,19,4000,54000,floor100,0,0,1000,0,4000,54000,0,,
2211-035,2022-11-15,1041,佐藤,ACM,clean,,25000,25000,25000,税別,excl,,0,5200,7680,0,7680,9600,2000,24480,900,22032,0,22032,0,3000,0,0,0,0,0,0,0,0,0,0,0,25032,floor100,-32,0,900,0,0,25032,-32,,
2211-036,2022-11-16,1082,佐藤,IJ,clean,,496300,496300,496300,税別,excl,survey,0,0,427440,85488,341952,0,2000,343952,1000,343952,0,343952,0,3000,140400,0,140400,0,0,0,0,0,5000,13,4000,496352,floor100,-52,0,1000,0,4000,496352,-52,,
2211-037,2022-11-16,1042,佐藤,IJ,clean,,328100,328100,328100,税別,excl,,0,0,245700,49140,196560,39000,2000,237560,950,225682,0,225682,0,0,102420,0,102420,0,0,0,0,0,0,5,0,328102,floor100,-2,0,950,0,0,328102,-2,,
2211-038,2022-11-17,9999,佐藤,IJ,clean,,16800,16800,16800,税別,excl,,0,0,6165,0,6165,720,2000,8885,1000,8885,0,8885,0,8000,0,0,0,0,0,0,0,0,0,0,0,16885,floor100,-85,0,1000,0,0,16885,-85,,
2211-039,2022-11-17,1045,渡辺,ACM,clean,,79900,79900,79900,,excl,rush;survey;repeat,0,19600,13640,0,13640,7200,0,40440,1000,40440,0,40440,12132,0,14300,0,14300,0,8000,0,0,0,5000,10,0,79872,halfup100,28,0,1000,12132,0,79872,28,,
2211-040,2022-11-17,9999,佐藤,ACM,clean,,86400,86400,86400,税別,excl,corner_r,0,19600,25520,0,25520,7600,2000,54720,1000,54720,0,54720,0,10000,13700,0,13700,0,8000,0,0,0,0,8,0,86420,floor100,-20,0,1000,0,0,86420,-20,,
2211-041,2022-11-18,1045,渡辺,ACM,clean,,32200,32200,32200,,excl,repeat,0,5200,1760,0,1760,1200,0,8160,1000,8160,0,8160,0,0,6200,5800,12000,0,8000,0,0,0,0,11,4000,32160,halfup100,40,0,1000,0,4000,32160,40,,
2211-042,2022-11-18,1023,佐藤,IJ,clean,,29400,29400,29400,税別,excl,,0,0,28000,0,28000,0,2000,30000,880,26400,0,26400,0,3000,0,0,0,0,0,0,0,0,0,0,0,29400,floor100,0,0,880,0,0,29400,0,,
2211-043,2022-11-18,1020,渡辺,CALP,clean,,74300,74300,74300,,excl,,0,0,51030,0,51030,0,3000,54030,950,51328,0,51328,0,3000,6300,5700,12000,0,8000,0,0,0,0,1,0,74328,halfup100,-28,0,950,0,0,74328,-28,,
2211-044,2022-11-21,1010,渡辺,CALP,impossible,mode=partial; rule_net=192500; written amount implies net 69200,192500,69200,69200,,excl,,0,0,196020,2674,193346,0,3000,196346,950,186528,0,186528,0,6000,0,0,0,0,0,0,0,0,0,0,0,192528,halfup100,-28,0,950,0,0,192528,-123328,,
2211-045,2022-11-21,1074,渡辺,ACM,clean,,23700,23700,23700,,excl,repeat,0,5200,5280,0,5280,1200,0,11680,1000,11680,0,11680,0,0,8600,3400,12000,0,0,0,0,0,0,5,0,23680,halfup100,20,0,1000,0,0,23680,20,,
2211-046,2022-11-21,1026,渡辺,ACM,clean,,115000,115000,115000,,excl,removal,0,20800,29920,0,29920,4800,2000,57520,1000,57520,0,57520,0,10000,24500,0,24500,0,8000,0,15000,0,0,8,0,115020,halfup100,-20,0,1000,0,0,115020,-20,,
2211-047,2022-11-21,9999,田中,IJ,clean,,22700,22700,24900,税込,incl,survey,0,0,3740,0,3740,0,2000,5740,1000,5740,0,5740,0,8000,0,0,0,0,0,0,0,0,5000,24,4000,22740,floor100,-40,0,1000,0,4000,22740,-40,,
2211-048,2022-11-21,9999,佐藤,IJ,clean,,32200,32200,35400,税込,incl,night,0,0,7398,0,7398,840,2000,10238,1000,10238,0,10238,0,0,3960,8040,12000,6000,0,0,0,0,0,14,4000,32238,floor100,-38,0,1000,0,4000,32238,-38,,
2211-049,2022-11-21,1012,佐藤,IJ,clean,,135400,135400,135400,税別,excl,no_grommet,0,0,209100,41820,167280,0,2000,169280,800,135424,0,135424,0,0,0,0,0,0,0,0,0,0,0,0,0,135424,floor100,-24,0,800,0,0,135424,-24,,
2211-050,2022-11-22,1074,渡辺,IJ,clean,,39300,39300,39300,,excl,,0,0,37263,0,37263,0,2000,39263,1000,39263,0,39263,0,0,0,0,0,0,0,0,0,0,0,0,0,39263,halfup100,37,0,1000,0,0,39263,37,,
2211-051,2022-11-22,1023,田中,ACM,clean,,46000,46000,46000,税別,excl,corner_r,0,5200,3840,0,3840,3200,2000,14240,880,12531,0,12531,0,10000,8300,3700,12000,0,8000,0,0,0,0,19,4000,46531,floor1000,-531,0,880,0,4000,46531,-531,,
2211-052,2022-11-22,1077,佐藤,ACM,clean,,24200,24200,24200,税別,excl,holes;repeat,0,5200,6160,0,6160,1500,0,12860,950,12217,0,12217,0,0,9200,2800,12000,0,0,0,0,0,0,22,0,24217,floor100,-17,0,950,0,0,24217,-17,,
2211-053,2022-11-24,1067,佐藤,ACM,clean,,69900,69900,69900,税別,excl,survey,0,19600,18560,0,18560,2400,2000,42560,1000,42560,0,42560,0,0,22400,0,22400,0,0,0,0,0,5000,1,0,69960,floor100,-60,0,1000,0,0,69960,-60,,
2211-054,2022-11-24,1089,佐藤,ACM,clean,,15000,15000,15000,税別,excl,,0,5200,7480,0,7480,1200,2000,15880,950,15086,0,15086,0,0,0,0,0,0,0,0,0,0,0,0,0,15086,floor100,-86,0,950,0,0,15086,-86,,
2211-055,2022-11-24,9999,佐藤,CALP,clean,,86900,86900,86900,税別,excl,removal;disposal,0,0,28920,0,28920,0,3000,31920,1000,31920,0,31920,0,6000,4200,7800,12000,0,8000,0,15000,5000,0,26,9000,86920,floor100,-20,0,1000,0,9000,86920,-20,,
2211-056,2022-11-24,1041,佐藤,CALP,clean,,35500,35500,35500,税別,excl,,0,0,4320,0,4320,0,3000,7320,900,6588,0,6588,0,0,2100,9900,12000,0,8000,0,0,0,0,33,9000,35588,floor100,-88,0,900,0,9000,35588,-88,,
2211-057,2022-11-24,1045,渡辺,SODE,clean,,298500,298500,298500,,excl,survey,0,152000,0,0,0,54500,0,206500,1000,206500,0,206500,0,3000,38000,0,38000,0,28000,18000,0,0,5000,8,0,298500,halfup100,0,0,1000,0,0,298500,0,,
2211-058,2022-11-25,9999,佐藤,SODE,clean,,165000,165000,181500,税込,incl,,0,118000,0,0,0,47000,0,165000,1000,165000,0,165000,0,0,0,0,0,0,0,0,0,0,0,0,0,165000,floor100,0,0,1000,0,0,165000,0,,
2211-059,2022-11-26,1055,田中,IJ,clean,,15000,15000,15000,税別,excl,,0,0,5040,0,5040,0,2000,7040,1000,7040,0,7040,0,8000,0,0,0,0,0,0,0,0,0,0,0,15040,floor100,-40,0,1000,0,0,15040,-40,,
2211-060,2022-11-28,1023,田中,ACM,clean,,55000,55000,55000,税別,excl,removal;disposal;holes,0,5200,1320,0,1320,1500,2000,10020,880,8817,0,8817,0,3000,5600,6400,12000,0,8000,0,15000,5000,0,11,4000,55817,floor1000,-817,0,880,0,4000,55817,-817,,
2211-061,2022-11-28,9999,渡辺,IJ,clean,,5000,5000,5500,税込,incl,,0,0,1200,0,1200,0,2000,3200,1000,3200,1800,5000,0,0,0,0,0,0,0,0,0,0,0,0,0,5000,halfup100,0,0,1000,0,0,5000,0,,
2211-062,2022-11-29,1075,田中,IJ,clean,,29100,29100,29100,税別,excl,,0,0,9900,0,9900,1200,2000,13100,1000,13100,0,13100,0,0,5940,6060,12000,0,0,0,0,0,0,13,4000,29100,floor100,0,0,1000,0,4000,29100,0,,
2211-063,2022-11-29,1082,佐藤,ACM,clean,,42700,42700,42700,税別,excl,holes,0,5200,3520,0,3520,3000,2000,13720,1000,13720,0,13720,0,0,7100,4900,12000,0,8000,0,0,0,0,48,9000,42720,floor100,-20,0,1000,0,9000,42720,-20,,
2211-064,2022-11-29,9999,佐藤,IJ,clean,,149500,149500,149500,税別,excl,rush,0,0,118800,11880,106920,0,2000,108920,1000,108920,0,108920,32676,8000,0,0,0,0,0,0,0,0,0,0,0,149596,floor100,-96,0,1000,32676,0,149596,-96,,
2211-065,2022-11-29,1067,佐藤,IJ,clean,,165400,165400,165400,税別,excl,,0,0,200600,40120,160480,0,2000,162480,1000,162480,0,162480,0,3000,0,0,0,0,0,0,0,0,0,0,0,165480,floor100,-80,0,1000,0,0,165480,-80,,
2211-066,2022-11-29,1023,田中,IJ,clean,,18200,18200,18200,税別,excl,,0,0,9600,0,9600,0,2000,11600,880,10208,0,10208,0,8000,0,0,0,0,0,0,0,0,0,0,0,18208,floor100,-8,0,880,0,0,18208,-8,,
2211-067,2022-11-30,1095,渡辺,ACM,clean,,32500,32500,32500,,excl,,0,10400,12320,0,12320,4800,2000,29520,1000,29520,0,29520,0,3000,0,0,0,0,0,0,0,0,0,0,0,32520,halfup100,-20,0,1000,0,0,32520,-20,,
2212-001,2022-12-01,1067,田中,SODE,clean,,228000,228000,228000,税別,excl,,0,118000,0,0,0,0,0,118000,1000,118000,0,118000,0,15000,38000,0,38000,0,48000,0,0,0,0,27,9000,228000,floor1000,0,0,1000,0,9000,228000,0,,
2212-002,2022-12-01,1067,佐藤,IJ,clean,,237800,237800,237800,税別,excl,,0,0,284800,56960,227840,0,2000,229840,1000,229840,0,229840,0,8000,0,0,0,0,0,0,0,0,0,0,0,237840,floor100,-40,0,1000,0,0,237840,-40,,
2212-003,2022-12-02,1041,田中,SODE,clean,,293000,293000,293000,税別,excl,,0,236000,0,0,0,0,0,236000,900,212400,0,212400,0,15000,38000,0,38000,0,28000,0,0,0,0,6,0,293400,floor1000,-400,0,900,0,0,293400,-400,,
2212-004,2022-12-02,1011,佐藤,IJ,clean,,29900,29900,29900,税別,excl,,0,0,27948,0,27948,0,2000,29948,1000,29948,0,29948,0,0,0,0,0,0,0,0,0,0,0,0,0,29948,floor100,-48,0,1000,0,0,29948,-48,,
2212-005,2022-12-02,1055,渡辺,ACM,clean,,64400,64400,64400,,excl,night,0,5200,960,0,960,1200,2000,9360,1000,9360,0,9360,0,0,5900,6100,12000,6000,28000,0,0,0,0,38,9000,64360,halfup100,40,0,1000,0,9000,64360,40,,
2212-006,2022-12-05,9999,田中,IJ,clean,,15200,15200,15200,税別,excl,,0,0,13200,0,13200,0,2000,15200,1000,15200,0,15200,0,0,0,0,0,0,0,0,0,0,0,0,0,15200,floor100,0,0,1000,0,0,15200,0,,
2212-007,2022-12-05,1077,佐藤,IJ,clean,,8700,8700,8700,税別,excl,,0,0,6000,0,6000,1200,2000,9200,950,8740,0,8740,0,0,0,0,0,0,0,0,0,0,0,0,0,8740,floor100,-40,0,950,0,0,8740,-40,,
2212-008,2022-12-05,1020,渡辺,ACM,clean,,14300,14300,14300,,excl,,0,5200,3520,0,3520,1200,2000,11920,950,11324,0,11324,0,3000,0,0,0,0,0,0,0,0,0,0,0,14324,halfup100,-24,0,950,0,0,14324,-24,,
2212-009,2022-12-05,1082,佐藤,IJ,clean,,16800,16800,16800,税別,excl,,0,0,6800,0,6800,0,2000,8800,1000,8800,0,8800,0,8000,0,0,0,0,0,0,0,0,0,0,0,16800,floor100,0,0,1000,0,0,16800,0,,
2212-010,2022-12-05,1041,佐藤,ACM,clean,,66200,66200,66200,税別,excl,,0,5200,7480,0,7480,1200,2000,15880,900,14292,0,14292,0,3000,10100,1900,12000,0,28000,0,0,0,0,38,9000,66292,floor100,-92,0,900,0,9000,66292,-92,,
2212-011,2022-12-06,1023,田中,ACM,clean,,65000,65000,65000,税別,excl,,0,5200,3520,0,3520,2400,2000,13120,880,11545,0,11545,0,10000,7400,4600,12000,0,28000,0,0,0,0,14,4000,65545,floor1000,-545,0,880,0,4000,65545,-545,,
2212-012,2022-12-07,1027,田中,SODE,clean,,243000,243000,243000,税別,excl,repeat,0,118000,0,0,0,50000,0,168000,950,159600,0,159600,0,0,38000,0,38000,0,28000,18000,0,0,0,6,0,243600,floor1000,-600,0,950,0,0,243600,-600,,
2212-013,2022-12-07,1022,佐藤,SODE,clean,,308700,308700,308700,税別,excl,survey,0,178000,0,0,0,57500,0,235500,950,223725,0,223725,0,0,38000,0,38000,0,8000,18000,0,0,5000,66,16000,308725,floor100,-25,0,950,0,16000,308725,-25,,
2212-014,2022-12-07,1053,渡辺,ACM,clean,,49000,49000,49000,,excl,,0,19600,10120,0,10120,7200,2000,38920,950,36974,0,36974,0,0,11900,100,12000,0,0,0,0,0,0,1,0,48974,halfup100,26,0,950,0,0,48974,26,,
2212-015,2022-12-08,1027,佐藤,SODE,clean,,252600,252600,252600,税別,excl,,0,118000,0,0,0,50000,0,168000,950,159600,0,159600,0,0,38000,0,38000,0,28000,18000,0,0,0,42,9000,252600,floor100,0,0,950,0,9000,252600,0,,
2212-016,2022-12-08,1023,田中,IJ,clean,,26600,26600,26600,税別,excl,,0,0,19200,0,19200,0,2000,21200,880,18656,0,18656,0,8000,0,0,0,0,0,0,0,0,0,0,0,26656,floor100,-56,0,880,0,0,26656,-56,,
2212-017,2022-12-08,1023,田中,IJ,clean,,32000,32000,32000,税別,excl,,0,0,32000,0,32000,0,2000,34000,880,29920,0,29920,0,3000,0,0,0,0,0,0,0,0,0,0,0,32920,floor1000,-920,0,880,0,0,32920,-920,,
2212-018,2022-12-08,9999,渡辺,ACM,clean,,87600,87600,96300,税込,incl,,0,26000,48400,4840,43560,6000,2000,77560,1000,77560,0,77560,0,10000,0,0,0,0,0,0,0,0,0,0,0,87560,halfup100,40,0,1000,0,0,87560,40,,
2212-019,2022-12-08,9999,佐藤,ACM,clean,,25800,25800,25800,税別,excl,,0,5200,7480,0,7480,1200,2000,15880,1000,15880,0,15880,0,10000,0,0,0,0,0,0,0,0,0,0,0,25880,floor100,-80,0,1000,0,0,25880,-80,,
2212-020,2022-12-09,9999,渡辺,CALP,clean,,29500,29500,29500,,excl,,0,0,20460,0,20460,0,3000,23460,1000,23460,0,23460,0,6000,0,0,0,0,0,0,0,0,0,0,0,29460,halfup100,40,0,1000,0,0,29460,40,,
2212-021,2022-12-09,1002,佐藤,ACM,impossible,mode=round_unrelated; rule_net=43300; written amount implies net 100000,43300,100000,100000,税別,excl,,0,5200,960,0,960,1200,2000,9360,1000,9360,0,9360,0,10000,5600,6400,12000,0,8000,0,0,0,0,14,4000,43360,floor100,-60,0,1000,0,4000,43360,56640,,
2212-022,2022-12-09,9999,渡辺,IJ,clean,,57600,57600,63300,税込,incl,,0,0,47600,0,47600,0,2000,49600,1000,49600,0,49600,0,8000,0,0,0,0,0,0,0,0,0,0,0,57600,halfup100,0,0,1000,0,0,57600,0,,
2212-023,2022-12-12,1042,佐藤,CALP,clean,,41800,41800,41800,税別,excl,,0,0,37920,0,37920,0,3000,40920,950,38874,0,38874,0,3000,0,0,0,0,0,0,0,0,0,0,0,41874,floor100,-74,0,950,0,0,41874,-74,,
2212-024,2022-12-12,1054,佐藤,CALP,clean,,57600,57600,57600,税別,excl,,0,0,25600,0,25600,0,3000,28600,1000,28600,0,28600,0,0,11200,800,12000,0,8000,0,0,0,0,33,9000,57600,floor100,0,0,1000,0,9000,57600,0,,
2212-025,2022-12-12,1026,渡辺,ACM,clean,,26900,26900,26900,,excl,,0,10400,7920,0,7920,3600,2000,23920,1000,23920,0,23920,0,3000,0,0,0,0,0,0,0,0,0,0,0,26920,halfup100,-20,0,1000,0,0,26920,-20,,
2212-026,2022-12-12,9999,渡辺,ACM,clean,,22800,22800,25000,税込,incl,corner_r,0,5200,3960,0,3960,1600,2000,12760,1000,12760,0,12760,0,10000,0,0,0,0,0,0,0,0,0,0,0,22760,halfup100,40,0,1000,0,0,22760,40,,
2212-027,2022-12-12,1023,田中,ACM,clean,,120000,120000,120000,税別,excl,night;corner_r,0,26000,37400,0,37400,8000,2000,73400,880,64592,0,64592,0,0,29300,0,29300,14650,8000,0,0,0,0,22,4000,120542,floor1000,-542,0,880,0,4000,120542,-542,,
2212-028,2022-12-12,1005,佐藤,IJ,clean,,64300,64300,64300,税別,excl,,0,0,87120,8712,78408,0,2000,80408,800,64326,0,64326,0,0,0,0,0,0,0,0,0,0,0,0,0,64326,floor100,-26,0,800,0,0,64326,-26,,
2212-029,2022-12-12,9999,田中,ACM,clean,,21900,21900,24000,税込,incl,,0,5200,3520,0,3520,1200,2000,11920,1000,11920,0,11920,0,10000,0,0,0,0,0,0,0,0,0,0,0,21920,floor100,-20,0,1000,0,0,21920,-20,,
2212-030,2022-12-13,1088,渡辺,ACM,clean,,140300,140300,154300,税込,incl,,0,58800,58960,5896,53064,26400,2000,140264,1000,140264,0,140264,0,0,0,0,0,0,0,0,0,0,0,0,0,140264,halfup100,36,0,1000,0,0,140264,36,,
2212-031,2022-12-13,9999,田中,IJ,clean,,46000,46000,50600,税込,incl,,0,0,16440,0,16440,0,2000,18440,1000,18440,0,18440,0,8000,5400,6600,12000,0,8000,0,0,0,0,5,0,46440,floor1000,-440,0,1000,0,0,46440,-440,,
2212-032,2022-12-13,1084,田中,IJ,clean,,279000,279000,279000,税別,excl,rush,0,0,333200,66640,266560,0,2000,268560,800,214848,0,214848,64454,0,0,0,0,0,0,0,0,0,0,0,0,279302,floor1000,-302,0,800,64454,0,279302,-302,,
2212-033,2022-12-14,1068,渡辺,ACM,clean,,164800,164800,164800,,excl,survey,0,29400,58960,5896,53064,13200,2000,97664,1000,97664,0,97664,0,0,25100,0,25100,0,28000,0,0,0,5000,33,9000,164764,halfup100,36,0,1000,0,9000,164764,36,,
2212-034,2022-12-14,1041,佐藤,SODE,travel_omitted,travel fee 9000 not charged,287400,278400,278400,税別,excl,,0,236000,0,0,0,0,0,236000,900,212400,0,212400,0,0,38000,0,38000,0,28000,0,0,0,0,27,9000,287400,floor100,0,0,900,0,0,278400,0,,
2212-035,2022-12-14,9999,佐藤,ACM,clean,,172700,172700,189900,税込,incl,survey,0,52000,48400,4840,43560,12000,2000,109560,1000,109560,0,109560,0,10000,36200,0,36200,0,8000,0,0,0,5000,22,4000,172760,floor100,-60,0,1000,0,4000,172760,-60,,
2212-036,2022-12-15,9999,佐藤,CALP,clean,,43200,43200,47500,税込,incl,,0,0,17280,0,17280,0,3000,20280,1000,20280,0,20280,0,3000,5600,6400,12000,0,8000,0,0,0,0,8,0,43280,floor100,-80,0,1000,0,0,43280,-80,,
2212-037,2022-12-16,9999,渡辺,IJ,clean,,52600,52600,57800,税込,incl,,0,0,47600,0,47600,0,2000,49600,1000,49600,0,49600,0,3000,0,0,0,0,0,0,0,0,0,0,0,52600,halfup100,0,0,1000,0,0,52600,0,,
2212-038,2022-12-16,1067,佐藤,CALP,clean,,82600,82600,82600,税別,excl,,0,0,39600,0,39600,0,3000,42600,1000,42600,0,42600,0,0,7700,4300,12000,0,28000,0,0,0,0,5,0,82600,floor100,0,0,1000,0,0,82600,0,,
2212-039,2022-12-16,1082,佐藤,ACM,clean,,216000,216000,216000,税別,excl,,0,83200,82720,8272,74448,56400,2000,216048,1000,216048,0,216048,0,0,0,0,0,0,0,0,0,0,0,0,0,216048,floor100,-48,0,1000,0,0,216048,-48,,
2212-040,2022-12-16,1082,佐藤,ACM,clean,,32700,32700,32700,税別,excl,,0,10400,14960,0,14960,2400,2000,29760,1000,29760,0,29760,0,3000,0,0,0,0,0,0,0,0,0,0,0,32760,floor100,-60,0,1000,0,0,32760,-60,,
2212-041,2022-12-17,1053,田中,IJ,clean,,204000,204000,204000,税別,excl,,0,0,255477,51095,204382,0,2000,206382,950,196062,0,196062,0,8000,0,0,0,0,0,0,0,0,0,0,0,204062,floor1000,-62,0,950,0,0,204062,-62,,
2212-042,2022-12-19,9999,渡辺,CALP,clean,,42500,42500,42500,,excl,,0,0,19500,0,19500,0,3000,22500,1000,22500,0,22500,0,0,7000,5000,12000,0,8000,0,0,0,0,10,0,42500,halfup100,0,0,1000,0,0,42500,0,,
2212-043,2022-12-20,9999,渡辺,IJ,clean,,33000,33000,36300,税込,incl,,0,0,6987,0,6987,0,2000,8987,1000,8987,0,8987,0,0,2700,9300,12000,0,8000,0,0,0,0,24,4000,32987,halfup100,13,0,1000,0,4000,32987,13,,
2212-044,2022-12-20,1054,佐藤,ACM,clean,,46700,46700,46700,税別,excl,,0,5200,3960,0,3960,3600,2000,14760,1000,14760,0,14760,0,3000,7700,4300,12000,0,8000,0,0,0,0,27,9000,46760,floor100,-60,0,1000,0,9000,46760,-60,,
2212-045,2022-12-20,9999,佐藤,CALP,clean,,71800,71800,78900,税込,incl,removal;disposal,0,0,28800,0,28800,0,3000,31800,1000,31800,0,31800,0,0,5600,6400,12000,0,8000,0,15000,5000,0,1,0,71800,floor100,0,0,1000,0,0,71800,0,,
2212-046,2022-12-20,1096,佐藤,ACM,clean,,58100,58100,58100,税別,excl,corner_r,0,10400,11880,0,11880,4800,2000,29080,950,27626,0,27626,0,10000,12500,0,12500,0,8000,0,0,0,0,8,0,58126,floor100,-26,0,950,0,0,58126,-26,,
2212-047,2022-12-21,1045,渡辺,CALP,clean,,49100,49100,49100,,excl,,0,0,15120,0,15120,0,3000,18120,1000,18120,0,18120,0,3000,4200,7800,12000,0,0,0,0,0,0,58,16000,49120,halfup100,-20,0,1000,0,16000,49120,-20,,
2212-048,2022-12-21,1023,渡辺,ACM,clean,,144300,144300,144300,,excl,removal;disposal;survey;corner_r;holes,0,39200,23760,0,23760,15800,2000,80760,880,71068,0,71068,0,3000,21200,0,21200,0,8000,0,15000,5000,5000,58,16000,144268,halfup100,32,0,880,0,16000,144268,32,,
2212-049,2022-12-21,1088,渡辺,ACM,clean,,57300,57300,63000,税込,incl,repeat,0,10400,15840,0,15840,7200,0,33440,1000,33440,0,33440,0,0,14900,0,14900,0,0,0,0,0,0,27,9000,57340,halfup100,-40,0,1000,0,9000,57340,-40,,
2212-050,2022-12-22,1012,佐藤,IJ,clean,,25500,25500,25500,税別,excl,,0,0,29920,0,29920,0,2000,31920,800,25536,0,25536,0,0,0,0,0,0,0,0,0,0,0,0,0,25536,floor100,-36,0,800,0,0,25536,-36,,
2212-051,2022-12-23,1045,渡辺,SODE,clean,,130500,130500,130500,,excl,,0,85000,0,0,0,45500,0,130500,1000,130500,0,130500,0,0,0,0,0,0,0,0,0,0,0,0,0,130500,halfup100,0,0,1000,0,0,130500,0,,
2212-052,2022-12-23,1041,佐藤,CALP,clean,,13500,13500,13500,税別,excl,,0,0,12000,0,12000,0,3000,15000,900,13500,0,13500,0,0,0,0,0,0,0,0,0,0,0,0,0,13500,floor100,0,0,900,0,0,13500,0,,
2212-053,2022-12-26,1080,田中,ACM,clean,,47000,47000,47000,税別,excl,,0,9800,12760,0,12760,1200,2000,25760,950,24472,0,24472,0,0,13700,0,13700,0,0,0,0,0,0,33,9000,47172,floor1000,-172,0,950,0,9000,47172,-172,,
2212-054,2022-12-27,1023,田中,IJ,clean,,5200,5200,5200,税別,excl,,0,0,3918,0,3918,0,2000,5918,880,5207,0,5207,0,0,0,0,0,0,0,0,0,0,0,0,0,5207,floor100,-7,0,880,0,0,5207,-7,,
2212-055,2022-12-27,1045,渡辺,ACM,clean,,14300,14300,14300,,excl,holes,0,5200,2640,0,2640,1500,2000,11340,1000,11340,0,11340,0,3000,0,0,0,0,0,0,0,0,0,0,0,14340,halfup100,-40,0,1000,0,0,14340,-40,,
2212-056,2022-12-27,1023,田中,IJ,clean,,265000,265000,265000,税別,excl,,0,0,370447,74089,296358,0,2000,298358,880,262555,0,262555,0,3000,0,0,0,0,0,0,0,0,0,0,0,265555,floor1000,-555,0,880,0,0,265555,-555,,
2212-057,2022-12-28,1095,渡辺,ACM,clean,,10300,10300,10300,,excl,holes,0,5200,1600,0,1600,1500,2000,10300,1000,10300,0,10300,0,0,0,0,0,0,0,0,0,0,0,0,0,10300,halfup100,0,0,1000,0,0,10300,0,,
2212-058,2022-12-28,1096,佐藤,ACM,clean,,10000,10000,10000,税別,excl,,0,5200,2200,0,2200,1200,2000,10600,950,10070,0,10070,0,0,0,0,0,0,0,0,0,0,0,0,0,10070,floor100,-70,0,950,0,0,10070,-70,,
2212-059,2022-12-28,9999,田中,ACM,revision_v1,superseded by re-issued quote (quantity change); v1 priced by rules,32000,32000,32000,税別,excl,,0,5200,3960,0,3960,1200,2000,12360,1000,12360,0,12360,0,0,7700,4300,12000,0,8000,0,0,0,0,8,0,32360,floor1000,-360,0,1000,0,0,32360,-360,v2=2212-059-2,
2212-059-2,2023-01-19,9999,田中,ACM,revision_v2,quantity 1->2; priced by rules,42000,42000,42000,税別,excl,,0,10400,7920,0,7920,2400,2000,22720,1000,22720,0,22720,0,0,10400,1600,12000,0,8000,0,0,0,0,8,0,42720,floor1000,-720,0,1000,0,0,42720,-720,v1=2212-059,
2212-060,2022-12-28,1041,佐藤,CALP,clean,,112100,112100,112100,税別,excl,,0,0,66000,0,66000,0,3000,69000,900,62100,0,62100,0,6000,5600,6400,12000,0,28000,0,0,0,0,13,4000,112100,floor100,0,0,900,0,4000,112100,0,,
2301-001,2023-01-05,9999,渡辺,IJ,clean,,8000,8000,8000,,excl,,0,0,1200,0,1200,0,2000,3200,1000,3200,1800,5000,0,3000,0,0,0,0,0,0,0,0,0,0,0,8000,halfup100,0,0,1000,0,0,8000,0,,
2301-002,2023-01-05,1075,田中,ACM,clean,,98000,98000,98000,税別,excl,holes,0,19600,15400,0,15400,7500,2000,44500,1000,44500,0,44500,0,10000,15500,0,15500,0,28000,0,0,0,0,10,0,98000,floor1000,0,0,1000,0,0,98000,0,,
2301-003,2023-01-05,9999,田中,IJ,clean,,22600,22600,24800,税込,incl,,0,0,9000,0,9000,3600,2000,14600,1000,14600,0,14600,0,8000,0,0,0,0,0,0,0,0,0,0,0,22600,floor100,0,0,1000,0,0,22600,0,,
2301-004,2023-01-06,9999,佐藤,ACM,clean,,111200,111200,122300,税込,incl,,0,52000,35200,0,35200,12000,2000,101200,1000,101200,0,101200,0,10000,0,0,0,0,0,0,0,0,0,0,0,111200,floor100,0,0,1000,0,0,111200,0,,
2301-005,2023-01-06,1041,佐藤,ACM,clean,,45900,45900,45900,税別,excl,,0,5200,2640,0,2640,1200,2000,11040,900,9936,0,9936,0,0,6800,5200,12000,0,8000,0,0,0,0,80,16000,45936,floor100,-36,0,900,0,16000,45936,-36,,
2301-006,2023-01-10,9999,佐藤,ACM,clean,,53800,53800,59100,税込,incl,holes,0,5200,9600,0,9600,15000,2000,31800,1000,31800,0,31800,0,10000,9200,2800,12000,0,0,0,0,0,0,1,0,53800,floor100,0,0,1000,0,0,53800,0,,
2301-007,2023-01-10,1022,佐藤,IJ,clean,,49800,49800,49800,税別,excl,rush;repeat,0,0,22880,0,22880,0,0,22880,950,21736,0,21736,6520,0,17640,0,17640,0,0,0,0,0,0,13,4000,49896,floor100,-96,0,950,6520,4000,49896,-96,,
2301-008,2023-01-11,1092,田中,ACM,clean,,93000,93000,93000,税別,excl,repeat,0,15600,52800,5280,47520,14400,0,77520,950,73644,0,73644,0,0,19700,0,19700,0,0,0,0,0,0,1,0,93344,floor1000,-344,0,950,0,0,93344,-344,,
2301-009,2023-01-11,1026,渡辺,IJ,clean,,175600,175600,175600,,excl,,0,0,184000,18400,165600,0,2000,167600,1000,167600,0,167600,0,8000,0,0,0,0,0,0,0,0,0,0,0,175600,halfup100,0,0,1000,0,0,175600,0,,
2301-010,2023-01-11,1084,田中,IJ,clean,,5100,5100,5100,税別,excl,,0,0,4400,0,4400,0,2000,6400,800,5120,0,5120,0,0,0,0,0,0,0,0,0,0,0,0,0,5120,floor100,-20,0,800,0,0,5120,-20,,
2301-011,2023-01-12,9999,佐藤,IJ,clean,,98700,98700,108500,税込,incl,,0,0,88776,0,88776,0,2000,90776,1000,90776,0,90776,0,8000,0,0,0,0,0,0,0,0,0,0,0,98776,floor100,-76,0,1000,0,0,98776,-76,,
2301-012,2023-01-12,1022,佐藤,IJ,clean,,20500,20500,20500,税別,excl,,0,0,16440,0,16440,0,2000,18440,950,17518,0,17518,0,3000,0,0,0,0,0,0,0,0,0,0,0,20518,floor100,-18,0,950,0,0,20518,-18,,
2301-013,2023-01-12,1022,佐藤,ACM,clean,,42500,42500,42500,税別,excl,corner_r,0,15600,22440,0,22440,4800,2000,44840,950,42598,0,42598,0,0,0,0,0,0,0,0,0,0,0,0,0,42598,floor100,-98,0,950,0,0,42598,-98,,
2301-014,2023-01-16,1068,渡辺,ACM,clean,,13000,13000,13000,,excl,holes,0,5200,1320,0,1320,1500,2000,10020,1000,10020,0,10020,0,3000,0,0,0,0,0,0,0,0,0,0,0,13020,halfup100,-20,0,1000,0,0,13020,-20,,
2301-015,2023-01-16,1048,田中,ACM,clean,,15800,15800,15800,税別,excl,,0,5200,4400,0,4400,1200,2000,12800,1000,12800,0,12800,0,3000,0,0,0,0,0,0,0,0,0,0,0,15800,floor100,0,0,1000,0,0,15800,0,,
2301-016,2023-01-17,1039,渡辺,CALP,clean,,48000,48000,48000,,excl,,0,0,21000,0,21000,0,3000,24000,1000,24000,0,24000,0,0,7000,5000,12000,0,8000,0,0,0,0,18,4000,48000,halfup100,0,0,1000,0,4000,48000,0,,
2301-017,2023-01-17,1074,渡辺,ACM,rounding_inconsistent,rounded 'floor10' instead of 'halfup100' (pre-round 151992); diff=-10,152000,151990,151990,,excl,survey;holes;repeat,0,31200,44880,4488,40392,9000,0,80592,1000,80592,0,80592,0,0,34400,0,34400,0,28000,0,0,0,5000,11,4000,151992,halfup100,8,0,1000,0,4000,151992,-2,,
2301-018,2023-01-17,9999,佐藤,ACM,clean,,20400,20400,20400,税別,excl,corner_r,0,9800,7040,0,7040,1600,2000,20440,1000,20440,0,20440,0,0,0,0,0,0,0,0,0,0,0,0,0,20440,floor100,-40,0,1000,0,0,20440,-40,,
2301-019,2023-01-18,1049,田中,ACM,clean,,14800,14800,14800,税別,excl,holes,0,5200,6160,0,6160,1500,2000,14860,1000,14860,0,14860,0,0,0,0,0,0,0,0,0,0,0,0,0,14860,floor100,-60,0,1000,0,0,14860,-60,,
2301-020,2023-01-19,1067,佐藤,SODE,clean,,234400,234400,234400,税別,excl,rush,0,118000,0,0,0,0,0,118000,1000,118000,0,118000,35400,15000,38000,0,38000,0,28000,0,0,0,0,1,0,234400,floor100,0,0,1000,35400,0,234400,0,,
2301-021,2023-01-20,9999,佐藤,ACM,clean,,55700,55700,61200,税込,incl,rush;holes,0,10400,13200,0,13200,15000,2000,40600,1000,40600,0,40600,12180,3000,0,0,0,0,0,0,0,0,0,0,0,55780,floor100,-80,0,1000,12180,0,55780,-80,,
2301-022,2023-01-20,9999,佐藤,ACM,clean,,24000,24000,26400,税込,incl,survey;holes,0,5200,1320,0,1320,1500,2000,10020,1000,10020,0,10020,0,0,0,0,0,0,0,0,0,0,5000,27,9000,24020,floor100,-20,0,1000,0,9000,24020,-20,,
2301-023,2023-01-20,1048,田中,CALP,clean,,66000,66000,66000,税別,excl,,0,0,20400,0,20400,0,3000,23400,1000,23400,0,23400,0,3000,5600,6400,12000,0,28000,0,0,0,0,6,0,66400,floor1000,-400,0,1000,0,0,66400,-400,,
2301-024,2023-01-20,1096,佐藤,ACM,clean,,46100,46100,46100,税別,excl,repeat,0,9800,7040,0,7040,1200,0,18040,950,17138,0,17138,0,0,9800,2200,12000,0,8000,0,0,0,0,35,9000,46138,floor100,-38,0,950,0,9000,46138,-38,,
2301-025,2023-01-23,1060,渡辺,SODE,clean,,217000,217000,217000,,excl,,0,85000,0,0,0,45500,0,130500,950,123975,0,123975,0,0,38000,0,38000,0,28000,18000,0,0,0,48,9000,216975,halfup100,25,0,950,0,9000,216975,25,,
2301-026,2023-01-23,1055,渡辺,SODE,clean,,88000,88000,88000,,excl,,0,85000,0,0,0,0,0,85000,1000,85000,0,85000,0,3000,0,0,0,0,0,0,0,0,0,0,0,88000,halfup100,0,0,1000,0,0,88000,0,,
2301-027,2023-01-24,9999,佐藤,IJ,clean,,24000,24000,24000,税別,excl,,0,0,840,0,840,0,2000,2840,1000,2840,2160,5000,0,3000,540,11460,12000,0,0,0,0,0,0,11,4000,24000,floor100,0,0,1000,0,4000,24000,0,,
2301-028,2023-01-24,1095,渡辺,ACM,clean,,22900,22900,22900,,excl,,0,5200,4480,0,4480,1200,2000,12880,1000,12880,0,12880,0,10000,0,0,0,0,0,0,0,0,0,0,0,22880,halfup100,20,0,1000,0,0,22880,20,,
2301-029,2023-01-24,9999,渡辺,IJ,clean,,8000,8000,8800,税込,incl,,0,0,2640,0,2640,0,2000,4640,1000,4640,360,5000,0,3000,0,0,0,0,0,0,0,0,0,0,0,8000,halfup100,0,0,1000,0,0,8000,0,,
2301-030,2023-01-25,1053,渡辺,IJ,clean,,21000,21000,21000,,excl,,0,0,1500,0,1500,600,2000,4100,950,3895,1105,5000,0,0,900,11100,12000,0,0,0,0,0,0,13,4000,21000,halfup100,0,0,950,0,4000,21000,0,,
2301-031,2023-01-26,1041,佐藤,CALP,clean,,123300,123300,123300,税別,excl,,0,0,111780,0,111780,0,3000,114780,900,103302,0,103302,0,0,4200,7800,12000,0,8000,0,0,0,0,6,0,123302,floor100,-2,0,900,0,0,123302,-2,,
2301-032,2023-01-27,1023,田中,IJ,clean,,109000,109000,109000,税別,excl,night;removal;disposal,0,0,63294,6329,56965,0,2000,58965,880,51889,0,51889,0,0,24840,0,24840,12420,0,0,15000,5000,0,1,0,109149,floor1000,-149,0,880,0,0,109149,-149,,
2301-033,2023-01-27,9999,田中,ACM,clean,,20000,20000,20000,税別,excl,,0,9800,7040,0,7040,1200,2000,20040,1000,20040,0,20040,0,0,0,0,0,0,0,0,0,0,0,0,0,20040,floor100,-40,0,1000,0,0,20040,-40,,
2301-034,2023-01-30,1023,田中,IJ,clean,,53000,53000,53000,税別,excl,removal;disposal,0,0,8384,0,8384,0,2000,10384,880,9137,0,9137,0,8000,3960,8040,12000,0,0,0,15000,5000,0,19,4000,53137,floor1000,-137,0,880,0,4000,53137,-137,,
2301-035,2023-01-30,1060,佐藤,ACM,clean,,48200,48200,48200,税別,excl,,0,19600,11440,0,11440,7200,2000,40240,950,38228,0,38228,0,10000,0,0,0,0,0,0,0,0,0,0,0,48228,floor100,-28,0,950,0,0,48228,-28,,
2302-001,2023-02-01,1041,佐藤,CALP,clean,,35100,35100,35100,税別,excl,,0,0,7140,0,7140,0,3000,10140,900,9126,0,9126,0,6000,4900,7100,12000,0,8000,0,0,0,0,5,0,35126,floor100,-26,0,900,0,0,35126,-26,,
2302-002,2023-02-01,9999,佐藤,IJ,clean,,6000,6000,6600,税込,incl,,0,0,4000,0,4000,0,2000,6000,1000,6000,0,6000,0,0,0,0,0,0,0,0,0,0,0,0,0,6000,floor100,0,0,1000,0,0,6000,0,,
2302-003,2023-02-01,1027,佐藤,ACM,clean,,10400,10400,10400,税別,excl,,0,5200,2640,0,2640,1200,2000,11040,950,10488,0,10488,0,0,0,0,0,0,0,0,0,0,0,0,0,10488,floor100,-88,0,950,0,0,10488,-88,,
2302-004,2023-02-01,9999,渡辺,IJ,clean,,19900,19900,19900,,excl,,0,0,9863,0,9863,0,2000,11863,1000,11863,0,11863,0,8000,0,0,0,0,0,0,0,0,0,0,0,19863,halfup100,37,0,1000,0,0,19863,37,,
2302-005,2023-02-02,9999,田中,IJ,clean,,8000,8000,8800,税込,incl,,0,0,1360,0,1360,0,2000,3360,1000,3360,1640,5000,0,3000,0,0,0,0,0,0,0,0,0,0,0,8000,floor100,0,0,1000,0,0,8000,0,,
2302-006,2023-02-02,1047,田中,IJ,clean,,54000,54000,54000,税別,excl,,0,0,60000,6000,54000,12000,2000,68000,800,54400,0,54400,0,0,0,0,0,0,0,0,0,0,0,0,0,54400,floor1000,-400,0,800,0,0,54400,-400,,
2302-007,2023-02-02,1086,渡辺,ACM,clean,,298600,298600,298600,,excl,holes;repeat,0,93600,97920,19584,78336,27000,0,198936,950,188989,0,188989,0,0,92600,0,92600,0,8000,0,0,0,0,33,9000,298589,halfup100,11,0,950,0,9000,298589,11,,
2302-008,2023-02-02,1053,渡辺,IJ,clean,,37300,37300,37300,,excl,,0,0,28800,0,28800,0,2000,30800,950,29260,0,29260,0,8000,0,0,0,0,0,0,0,0,0,0,0,37260,halfup100,40,0,950,0,0,37260,40,,
2302-009,2023-02-02,1088,渡辺,ACM,clean,,10600,10600,11600,税込,incl,,0,5200,2200,0,2200,1200,2000,10600,1000,10600,0,10600,0,0,0,0,0,0,0,0,0,0,0,0,0,10600,halfup100,0,0,1000,0,0,10600,0,,
2302-010,2023-02-03,1023,田中,SODE,clean,,273000,273000,273000,税別,excl,night,0,118000,0,0,0,50000,0,168000,880,147840,0,147840,0,3000,38000,0,38000,19000,48000,18000,0,0,0,5,0,273840,floor1000,-840,0,880,0,0,273840,-840,,
2302-011,2023-02-03,9999,佐藤,ACM,tax_label_error,pre-tax amount written under the 税込 label,19700,19700,19700,税込,incl,,0,5200,1320,0,1320,1200,2000,9720,1000,9720,0,9720,0,10000,0,0,0,0,0,0,0,0,0,0,0,19720,floor100,-20,0,1000,0,0,19720,-20,,
2302-012,2023-02-03,1054,佐藤,ACM,clean,,17500,17500,17500,税別,excl,,0,5200,6160,0,6160,1200,2000,14560,1000,14560,0,14560,0,3000,0,0,0,0,0,0,0,0,0,0,0,17560,floor100,-60,0,1000,0,0,17560,-60,,
2302-013,2023-02-03,1075,田中,CALP,clean,,105000,105000,105000,税別,excl,,0,0,102000,0,102000,0,3000,105000,1000,105000,0,105000,0,0,0,0,0,0,0,0,0,0,0,0,0,105000,floor1000,0,0,1000,0,0,105000,0,,
2302-014,2023-02-04,1096,田中,ACM,clean,,20700,20700,20700,税別,excl,,0,9800,8800,0,8800,1200,2000,21800,950,20710,0,20710,0,0,0,0,0,0,0,0,0,0,0,0,0,20710,floor100,-10,0,950,0,0,20710,-10,,
2302-015,2023-02-06,9999,佐藤,ACM,clean,,42100,42100,46300,税込,incl,holes,0,5200,7480,0,7480,1500,2000,16180,1000,16180,0,16180,0,10000,10100,1900,12000,0,0,0,0,0,0,19,4000,42180,floor100,-80,0,1000,0,4000,42180,-80,,
2302-016,2023-02-06,1095,渡辺,ACM,clean,,91900,91900,91900,,excl,,0,39200,51040,5104,45936,4800,2000,91936,1000,91936,0,91936,0,0,0,0,0,0,0,0,0,0,0,0,0,91936,halfup100,-36,0,1000,0,0,91936,-36,,
2302-017,2023-02-06,1046,佐藤,IJ,clean,,52000,52000,52000,税別,excl,removal;disposal,0,0,1200,0,1200,0,2000,3200,1000,3200,1800,5000,0,3000,540,11460,12000,0,8000,0,15000,5000,0,11,4000,52000,floor100,0,0,1000,0,4000,52000,0,,
2302-018,2023-02-06,1068,渡辺,IJ,clean,,34500,34500,34500,,excl,survey,0,0,6480,0,6480,0,2000,8480,1000,8480,0,8480,0,0,2160,9840,12000,0,0,0,0,0,5000,42,9000,34480,halfup100,20,0,1000,0,9000,34480,20,,
2302-019,2023-02-07,9999,田中,SODE,clean,,85000,85000,93500,税込,incl,,0,85000,0,0,0,0,0,85000,1000,85000,0,85000,0,0,0,0,0,0,0,0,0,0,0,0,0,85000,floor1000,0,0,1000,0,0,85000,0,,
2302-020,2023-02-07,1047,田中,IJ,clean,,54000,54000,54000,税別,excl,,0,0,13600,0,13600,0,2000,15600,800,12480,0,12480,0,0,5940,6060,12000,0,8000,0,0,0,0,108,22000,54480,floor1000,-480,0,800,0,22000,54480,-480,,
2302-021,2023-02-07,1072,田中,CALP,clean,,37000,37000,37000,税別,excl,repeat,0,0,37800,0,37800,0,0,37800,1000,37800,0,37800,0,0,0,0,0,0,0,0,0,0,0,0,0,37800,floor1000,-800,0,1000,0,0,37800,-800,,
2302-022,2023-02-07,9999,佐藤,SODE,multiplier_copy,multiplier 950 per mille used instead of 1000; diff=-4300,85000,80700,80700,税別,excl,,0,85000,0,0,0,0,0,85000,1000,85000,0,85000,0,0,0,0,0,0,0,0,0,0,0,0,0,85000,floor100,0,0,950,0,0,80750,-50,,
2302-023,2023-02-07,1045,渡辺,CALP,clean,,41500,41500,41500,,excl,,0,0,6480,0,6480,0,3000,9480,1000,9480,0,9480,0,3000,2800,9200,12000,0,8000,0,0,0,0,35,9000,41480,halfup100,20,0,1000,0,9000,41480,20,,
2302-024,2023-02-07,1032,渡辺,IJ,clean,,81100,81100,81100,,excl,removal,0,0,41428,0,41428,0,2000,43428,1000,43428,0,43428,0,3000,15660,0,15660,0,0,0,15000,0,0,19,4000,81088,halfup100,12,0,1000,0,4000,81088,12,,
2302-025,2023-02-08,9999,佐藤,CALP,clean,,35400,35400,35400,税別,excl,,0,0,32400,0,32400,0,3000,35400,1000,35400,0,35400,0,0,0,0,0,0,0,0,0,0,0,0,0,35400,floor100,0,0,1000,0,0,35400,0,,
2302-026,2023-02-08,9999,田中,SODE,clean,,214000,214000,235400,税込,incl,,0,85000,0,0,0,45500,0,130500,1000,130500,0,130500,0,0,38000,0,38000,0,28000,18000,0,0,0,8,0,214500,floor1000,-500,0,1000,0,0,214500,-500,,
2302-027,2023-02-10,9999,渡辺,IJ,clean,,42200,42200,46400,税込,incl,,0,0,11220,0,11220,0,2000,13220,1000,13220,0,13220,0,8000,5940,6060,12000,0,0,0,0,0,0,26,9000,42220,halfup100,-20,0,1000,0,9000,42220,-20,,
2302-028,2023-02-10,1064,佐藤,IJ,clean,,43000,43000,43000,税別,excl,,0,0,1680,0,1680,0,2000,3680,1000,3680,1320,5000,0,8000,900,11100,12000,0,0,0,0,0,0,84,18000,43000,floor100,0,0,1000,0,18000,43000,0,,
2302-029,2023-02-11,1023,田中,ACM,travel_omitted,travel fee 16000 not charged,485000,469000,469000,税別,excl,,0,215600,130680,13068,117612,79200,2000,414412,880,364682,0,364682,0,3000,94100,0,94100,0,8000,0,0,0,0,75,16000,485782,floor1000,-782,0,880,0,0,469782,-782,,
2302-030,2023-02-13,1071,佐藤,IJ,clean,,136700,136700,136700,税別,excl,,0,0,158400,31680,126720,42240,2000,170960,800,136768,0,136768,0,0,0,0,0,0,0,0,0,0,0,0,0,136768,floor100,-68,0,800,0,0,136768,-68,,
2302-031,2023-02-13,1026,渡辺,IJ,clean,,5000,5000,5000,,excl,repeat,0,0,2400,0,2400,960,0,3360,1000,3360,1640,5000,0,0,0,0,0,0,0,0,0,0,0,0,0,5000,halfup100,0,0,1000,0,0,5000,0,,
2302-032,2023-02-14,9999,渡辺,ACM,clean,,171600,171600,188700,税込,incl,,0,58800,82720,8272,74448,26400,2000,161648,1000,161648,0,161648,0,10000,0,0,0,0,0,0,0,0,0,0,0,171648,halfup100,-48,0,1000,0,0,171648,-48,,
2302-033,2023-02-14,9999,田中,CALP,clean,,175000,175000,192500,税込,incl,night;survey,0,0,135000,0,135000,0,3000,138000,1000,138000,0,138000,0,6000,7000,5000,12000,6000,8000,0,0,0,5000,1,0,175000,floor1000,0,0,1000,0,0,175000,0,,
2302-034,2023-02-15,1072,田中,IJ,clean,,58000,58000,58000,税別,excl,removal;disposal,0,0,9600,0,9600,2400,2000,14000,1000,14000,0,14000,0,0,5400,6600,12000,0,8000,0,15000,5000,0,11,4000,58000,floor1000,0,0,1000,0,4000,58000,0,,
2302-035,2023-02-15,1075,佐藤,ACM,clean,,40700,40700,40700,税別,excl,rush,0,5200,5280,0,5280,1200,2000,13680,1000,13680,0,13680,4104,3000,6800,5200,12000,0,8000,0,0,0,0,1,0,40784,floor100,-84,0,1000,4104,0,40784,-84,,
2302-036,2023-02-15,1045,渡辺,SODE,clean,,359000,359000,359000,,excl,,0,236000,0,0,0,0,0,236000,1000,236000,0,236000,0,15000,76000,0,76000,0,28000,0,0,0,0,18,4000,359000,halfup100,0,0,1000,0,4000,359000,0,,
2302-037,2023-02-16,9999,田中,IJ,clean,,60000,60000,66000,税込,incl,,0,0,51000,0,51000,7200,2000,60200,1000,60200,0,60200,0,0,0,0,0,0,0,0,0,0,0,0,0,60200,floor1000,-200,0,1000,0,0,60200,-200,,
2302-038,2023-02-16,1060,佐藤,ACM,clean,,248400,248400,248400,税別,excl,,0,98000,52800,5280,47520,36000,2000,183520,950,174344,0,174344,0,10000,40100,0,40100,0,8000,0,0,0,0,52,16000,248444,floor100,-44,0,950,0,16000,248444,-44,,
2302-039,2023-02-17,1053,渡辺,IJ,clean,,52800,52800,52800,,excl,,0,0,50400,0,50400,0,2000,52400,950,49780,0,49780,0,3000,0,0,0,0,0,0,0,0,0,0,0,52780,halfup100,20,0,950,0,0,52780,20,,
2302-040,2023-02-17,1027,佐藤,CALP,clean,,87700,87700,87700,税別,excl,removal;disposal,0,0,31500,0,31500,0,3000,34500,950,32775,0,32775,0,6000,7000,5000,12000,0,8000,0,15000,5000,0,27,9000,87775,floor100,-75,0,950,0,9000,87775,-75,,
2302-041,2023-02-17,1068,渡辺,ACM,clean,,17300,17300,17300,,excl,,0,5200,5280,0,5280,4800,2000,17280,1000,17280,0,17280,0,0,0,0,0,0,0,0,0,0,0,0,0,17280,halfup100,20,0,1000,0,0,17280,20,,
2302-042,2023-02-20,1080,渡辺,ACM,manager_discount,undocumented discount 6300 (11.0%) from rule_net 57300,57300,51000,51000,,excl,,0,5200,4400,0,4400,2400,2000,14000,950,13300,0,13300,0,0,7700,4300,12000,0,28000,0,0,0,0,14,4000,57300,halfup100,0,0,950,0,4000,57300,-6300,,
2302-043,2023-02-21,1013,佐藤,IJ,clean,,66600,66600,66600,税別,excl,removal,0,0,27948,0,27948,3360,2000,33308,1000,33308,0,33308,0,3000,15300,0,15300,0,0,0,15000,0,0,6,0,66608,floor100,-8,0,1000,0,0,66608,-8,,
2302-044,2023-02-21,9999,佐藤,CALP,clean,,28000,28000,30800,税込,incl,,0,0,22000,0,22000,0,3000,25000,1000,25000,0,25000,0,3000,0,0,0,0,0,0,0,0,0,0,0,28000,floor100,0,0,1000,0,0,28000,0,,
2302-045,2023-02-22,1022,佐藤,IJ,clean,,14400,14400,14400,税別,excl,,0,0,10080,0,10080,0,2000,12080,950,11476,0,11476,0,3000,0,0,0,0,0,0,0,0,0,0,0,14476,floor100,-76,0,950,0,0,14476,-76,,
2302-046,2023-02-22,1023,田中,IJ,clean,,156000,156000,156000,税別,excl,,0,0,219200,43840,175360,0,2000,177360,880,156076,0,156076,0,0,0,0,0,0,0,0,0,0,0,0,0,156076,floor1000,-76,0,880,0,0,156076,-76,,
2302-047,2023-02-22,9999,佐藤,CALP,clean,,28200,28200,28200,税別,excl,,0,0,19200,0,19200,0,3000,22200,1000,22200,0,22200,0,6000,0,0,0,0,0,0,0,0,0,0,0,28200,floor100,0,0,1000,0,0,28200,0,,
2302-048,2023-02-22,1053,渡辺,CALP,clean,,84800,84800,84800,,excl,removal,0,0,33600,0,33600,0,3000,36600,950,34770,0,34770,0,6000,5600,6400,12000,0,8000,0,15000,0,0,33,9000,84770,halfup100,30,0,950,0,9000,84770,30,,
2302-049,2023-02-22,1053,渡辺,IJ,clean,,273800,273800,273800,,excl,repeat,0,0,198000,19800,178200,0,0,178200,950,169290,0,169290,0,0,87480,0,87480,0,8000,0,0,0,0,35,9000,273770,halfup100,30,0,950,0,9000,273770,30,,
2302-050,2023-02-24,1045,渡辺,ACM,clean,,14000,14000,14000,,excl,,0,5200,2640,0,2640,1200,2000,11040,1000,11040,0,11040,0,3000,0,0,0,0,0,0,0,0,0,0,0,14040,halfup100,-40,0,1000,0,0,14040,-40,,
2302-051,2023-02-24,1092,田中,IJ,clean,,508000,508000,508000,税別,excl,rush,0,0,512380,102476,409904,0,2000,411904,950,391308,0,391308,117392,0,0,0,0,0,0,0,0,0,0,0,0,508700,floor1000,-700,0,950,117392,0,508700,-700,,
2302-052,2023-02-24,1058,佐藤,IJ,clean,,275300,275300,275300,税別,excl,,0,0,427680,85536,342144,0,2000,344144,800,275315,0,275315,0,0,0,0,0,0,0,0,0,0,0,0,0,275315,floor100,-15,0,800,0,0,275315,-15,,
2302-053,2023-02-24,1045,渡辺,IJ,clean,,233200,233200,233200,,excl,repeat,0,0,241200,48240,192960,40200,0,233160,1000,233160,0,233160,0,0,0,0,0,0,0,0,0,0,0,0,0,233160,halfup100,40,0,1000,0,0,233160,40,,
2302-054,2023-02-24,1049,田中,IJ,clean,,117000,117000,117000,税別,excl,repeat,0,0,130423,13042,117381,0,0,117381,1000,117381,0,117381,0,0,0,0,0,0,0,0,0,0,0,0,0,117381,floor1000,-381,0,1000,0,0,117381,-381,,
2302-055,2023-02-27,9999,田中,IJ,tax_label_error,tax-inclusive amount written under a tax-exclusive or blank label,14800,14800,16280,税別,excl,,0,0,4800,0,4800,0,2000,6800,1000,6800,0,6800,0,8000,0,0,0,0,0,0,0,0,0,0,0,14800,floor100,0,0,1000,0,0,14800,0,,
2302-056,2023-02-27,1083,佐藤,SODE,clean,,475000,475000,475000,税別,excl,,0,292000,0,0,0,83000,0,375000,1000,375000,0,375000,0,0,38000,0,38000,0,28000,18000,0,0,0,58,16000,475000,floor100,0,0,1000,0,16000,475000,0,,
2302-057,2023-02-27,1022,佐藤,IJ,clean,,5000,5000,5000,税別,excl,,0,0,2240,0,2240,0,2000,4240,950,4028,972,5000,0,0,0,0,0,0,0,0,0,0,0,0,0,5000,floor100,0,0,950,0,0,5000,0,,
2302-058,2023-02-28,1023,田中,IJ,clean,,11600,11600,11600,税別,excl,,0,0,11220,0,11220,0,2000,13220,880,11633,0,11633,0,0,0,0,0,0,0,0,0,0,0,0,0,11633,floor100,-33,0,880,0,0,11633,-33,,
2302-059,2023-02-28,1045,渡辺,SODE,clean,,253000,253000,253000,,excl,,0,118000,0,0,0,47000,0,165000,1000,165000,0,165000,0,15000,38000,0,38000,0,8000,18000,0,0,0,35,9000,253000,halfup100,0,0,1000,0,9000,253000,0,,
2302-060,2023-02-28,1053,渡辺,ACM,clean,,62700,62700,62700,,excl,removal;disposal,0,10400,7040,0,7040,2400,2000,21840,950,20748,0,20748,0,10000,9800,2200,12000,0,0,0,15000,5000,0,5,0,62748,halfup100,-48,0,950,0,0,62748,-48,,
2303-001,2023-03-01,1023,田中,IJ,clean,,17200,17200,17200,税別,excl,,0,0,3300,0,3300,720,2000,6020,880,5297,0,5297,0,0,1980,10020,12000,0,0,0,0,0,0,1,0,17297,floor100,-97,0,880,0,0,17297,-97,,
2303-002,2023-03-01,9999,渡辺,IJ,clean,,56600,56600,56600,,excl,survey,0,0,25600,0,25600,0,2000,27600,1000,27600,0,27600,0,8000,11520,480,12000,0,0,0,0,0,5000,24,4000,56600,halfup100,0,0,1000,0,4000,56600,0,,
2303-003,2023-03-01,1041,田中,ACM,clean,,62000,62000,62000,税別,excl,removal;disposal,0,9800,8800,0,8800,1200,2000,21800,900,19620,0,19620,0,3000,11000,1000,12000,0,8000,0,15000,5000,0,6,0,62620,floor1000,-620,0,900,0,0,62620,-620,,
2303-004,2023-03-01,1024,渡辺,ACM,clean,,36400,36400,36400,,excl,,0,5200,13200,0,13200,6000,2000,26400,1000,26400,0,26400,0,10000,0,0,0,0,0,0,0,0,0,0,0,36400,halfup100,0,0,1000,0,0,36400,0,,
2303-005,2023-03-02,9999,田中,IJ,clean,,13400,13400,13400,税別,excl,,0,0,3400,0,3400,0,2000,5400,1000,5400,0,5400,0,8000,0,0,0,0,0,0,0,0,0,0,0,13400,floor100,0,0,1000,0,0,13400,0,,
2303-006,2023-03-02,1022,佐藤,CALP,clean,,110600,110600,110600,税別,excl,rush,0,0,67200,0,67200,0,3000,70200,950,66690,0,66690,20007,0,5600,6400,12000,0,8000,0,0,0,0,13,4000,110697,floor100,-97,0,950,20007,4000,110697,-97,,
2303-007,2023-03-02,1053,渡辺,CALP,clean,,45600,45600,45600,,excl,,0,0,45360,324,45036,0,3000,48036,950,45634,0,45634,0,0,0,0,0,0,0,0,0,0,0,0,0,45634,halfup100,-34,0,950,0,0,45634,-34,,
2303-008,2023-03-02,9999,渡辺,ACM,clean,,32800,32800,36000,税込,incl,,0,10400,14960,0,14960,2400,2000,29760,1000,29760,0,29760,0,3000,0,0,0,0,0,0,0,0,0,0,0,32760,halfup100,40,0,1000,0,0,32760,40,,
2303-009,2023-03-02,1082,佐藤,ACM,clean,,22300,22300,22300,税別,excl,,0,5200,3960,0,3960,1200,2000,12360,1000,12360,0,12360,0,10000,0,0,0,0,0,0,0,0,0,0,0,22360,floor100,-60,0,1000,0,0,22360,-60,,
2303-010,2023-03-02,1012,佐藤,IJ,clean,,23300,23300,23300,税別,excl,,0,0,27200,0,27200,0,2000,29200,800,23360,0,23360,0,0,0,0,0,0,0,0,0,0,0,0,0,23360,floor100,-60,0,800,0,0,23360,-60,,
2303-011,2023-03-02,1042,佐藤,ACM,clean,,394200,394200,394200,税別,excl,removal;disposal;corner_r,0,78000,224400,44880,179520,24000,2000,283520,950,269344,0,269344,0,3000,77900,0,77900,0,8000,0,15000,5000,0,75,16000,394244,floor100,-44,0,950,0,16000,394244,-44,,
2303-012,2023-03-03,1055,渡辺,ACM,clean,,73200,73200,73200,,excl,corner_r,0,26000,27200,0,27200,8000,2000,63200,1000,63200,0,63200,0,10000,0,0,0,0,0,0,0,0,0,0,0,73200,halfup100,0,0,1000,0,0,73200,0,,
2303-013,2023-03-03,1074,渡辺,ACM,clean,,268300,268300,268300,,excl,,0,127400,125840,12584,113256,15600,2000,258256,1000,258256,0,258256,0,10000,0,0,0,0,0,0,0,0,0,0,0,268256,halfup100,44,0,1000,0,0,268256,44,,
2303-014,2023-03-03,9999,佐藤,ACM,clean,,52800,52800,58000,税込,incl,,0,19600,14080,0,14080,7200,2000,42880,1000,42880,0,42880,0,10000,0,0,0,0,0,0,0,0,0,0,0,52880,floor100,-80,0,1000,0,0,52880,-80,,
2303-015,2023-03-03,1023,田中,ACM,clean,,113000,113000,113000,税別,excl,,0,31200,44880,4488,40392,7200,2000,80792,880,71096,0,71096,0,0,34400,0,34400,0,8000,0,0,0,0,6,0,113496,floor1000,-496,0,880,0,0,113496,-496,,
2303-016,2023-03-06,9999,田中,IJ,clean,,8000,8000,8800,税込,incl,,0,0,2400,0,2400,0,2000,4400,1000,4400,600,5000,0,3000,0,0,0,0,0,0,0,0,0,0,0,8000,floor100,0,0,1000,0,0,8000,0,,
2303-017,2023-03-06,1082,佐藤,IJ,clean,,7000,7000,7000,税別,excl,,0,0,5040,0,5040,0,2000,7040,1000,7040,0,7040,0,0,0,0,0,0,0,0,0,0,0,0,0,7040,floor100,-40,0,1000,0,0,7040,-40,,
2303-018,2023-03-06,1055,渡辺,IJ,clean,,18000,18000,18000,,excl,survey,0,0,2100,0,2100,0,2000,4100,1000,4100,900,5000,0,8000,0,0,0,0,0,0,0,0,5000,5,0,18000,halfup100,0,0,1000,0,0,18000,0,,
2303-019,2023-03-06,9999,佐藤,ACM,clean,,46300,46300,50900,税込,incl,,0,19600,19360,0,19360,2400,2000,43360,1000,43360,0,43360,0,3000,0,0,0,0,0,0,0,0,0,0,0,46360,floor100,-60,0,1000,0,0,46360,-60,,
2303-020,2023-03-06,1080,渡辺,ACM,clean,,81900,81900,81900,,excl,removal;disposal,0,9800,2640,0,2640,1200,2000,15640,950,14858,0,14858,0,3000,6800,5200,12000,0,28000,0,15000,5000,0,18,4000,81858,halfup100,42,0,950,0,4000,81858,42,,
2303-021,2023-03-07,1060,佐藤,ACM,clean,,22200,22200,22200,税別,excl,rush,0,5200,1320,0,1320,1200,2000,9720,950,9234,0,9234,3000,10000,0,0,0,0,0,0,0,0,0,0,0,22234,floor100,-34,0,950,3000,0,22234,-34,,
2303-022,2023-03-07,1055,渡辺,IJ,clean,,28400,28400,28400,,excl,,0,0,26400,0,26400,0,2000,28400,1000,28400,0,28400,0,0,0,0,0,0,0,0,0,0,0,0,0,28400,halfup100,0,0,1000,0,0,28400,0,,
2303-023,2023-03-07,1048,田中,IJ,clean,,15500,15500,15500,税別,excl,,0,0,5500,0,5500,0,2000,7500,1000,7500,0,7500,0,8000,0,0,0,0,0,0,0,0,0,0,0,15500,floor100,0,0,1000,0,0,15500,0,,
2303-024,2023-03-07,1075,田中,IJ,clean,,21200,21200,21200,税別,excl,,0,0,11200,0,11200,0,2000,13200,1000,13200,0,13200,0,8000,0,0,0,0,0,0,0,0,0,0,0,21200,floor100,0,0,1000,0,0,21200,0,,
2303-025,2023-03-07,1074,渡辺,IJ,clean,,14000,14000,14000,,excl,,0,0,3300,0,3300,720,2000,6020,1000,6020,0,6020,0,8000,0,0,0,0,0,0,0,0,0,0,0,14020,halfup100,-20,0,1000,0,0,14020,-20,,
2303-026,2023-03-08,1041,佐藤,CALP,clean,,50900,50900,50900,税別,excl,survey,0,0,18000,0,18000,0,3000,21000,900,18900,0,18900,0,3000,4200,7800,12000,0,8000,0,0,0,5000,24,4000,50900,floor100,0,0,900,0,4000,50900,0,,
2303-027,2023-03-08,1080,渡辺,IJ,clean,,32000,32000,32000,,excl,,0,0,31674,0,31674,0,2000,33674,950,31990,0,31990,0,0,0,0,0,0,0,0,0,0,0,0,0,31990,halfup100,10,0,950,0,0,31990,10,,
2303-028,2023-03-08,1054,佐藤,CALP,clean,,117900,117900,117900,税別,excl,,0,0,113400,4410,108990,0,3000,111990,1000,111990,0,111990,0,6000,0,0,0,0,0,0,0,0,0,0,0,117990,floor100,-90,0,1000,0,0,117990,-90,,
2303-029,2023-03-08,1022,佐藤,ACM,clean,,44400,44400,44400,税別,excl,rush;corner_r,0,10400,12320,0,12320,3200,2000,27920,950,26524,0,26524,7957,10000,0,0,0,0,0,0,0,0,0,0,0,44481,floor100,-81,0,950,7957,0,44481,-81,,
2303-030,2023-03-09,1023,田中,IJ,clean,,66000,66000,66000,税別,excl,repeat,0,0,76000,0,76000,0,0,76000,880,66880,0,66880,0,0,0,0,0,0,0,0,0,0,0,0,0,66880,floor1000,-880,0,880,0,0,66880,-880,,
2303-031,2023-03-09,9999,渡辺,CALP,clean,,43000,43000,47300,税込,incl,,0,0,21000,0,21000,0,3000,24000,1000,24000,0,24000,0,3000,7000,5000,12000,0,0,0,0,0,0,13,4000,43000,halfup100,0,0,1000,0,4000,43000,0,,
2303-032,2023-03-09,1053,田中,ACM,clean,,38000,38000,38000,税別,excl,,0,10400,14960,0,14960,2400,2000,29760,950,28272,0,28272,0,10000,0,0,0,0,0,0,0,0,0,0,0,38272,floor1000,-272,0,950,0,0,38272,-272,,
2303-033,2023-03-09,1010,佐藤,SODE,clean,,282900,282900,282900,税別,excl,,0,152000,0,0,0,50000,0,202000,950,191900,0,191900,0,3000,38000,0,38000,0,28000,18000,0,0,0,11,4000,282900,floor100,0,0,950,0,4000,282900,0,,
2303-034,2023-03-10,1085,佐藤,CALP,clean,,76900,76900,76900,税別,excl,,0,0,50400,1260,49140,0,3000,52140,1000,52140,0,52140,0,0,16800,0,16800,0,8000,0,0,0,0,5,0,76940,floor100,-40,0,1000,0,0,76940,-40,,
2303-035,2023-03-10,1075,田中,CALP,clean,,127000,127000,127000,税別,excl,,0,0,72000,1800,70200,0,3000,73200,1000,73200,0,73200,0,0,16800,0,16800,0,28000,0,0,0,0,35,9000,127000,floor1000,0,0,1000,0,9000,127000,0,,
2303-036,2023-03-10,1047,佐藤,IJ,clean,,62100,62100,62100,税別,excl,repeat,0,0,86310,8631,77679,0,0,77679,800,62143,0,62143,0,0,0,0,0,0,0,0,0,0,0,0,0,62143,floor100,-43,0,800,0,0,62143,-43,,
2303-037,2023-03-13,1055,渡辺,CALP,clean,,77300,77300,77300,,excl,,0,0,74300,0,74300,0,3000,77300,1000,77300,0,77300,0,0,0,0,0,0,0,0,0,0,0,0,0,77300,halfup100,0,0,1000,0,0,77300,0,,
2303-038,2023-03-13,1075,田中,IJ,clean,,61000,61000,61000,税別,excl,,0,0,27200,0,27200,0,2000,29200,1000,29200,0,29200,0,8000,11700,300,12000,0,8000,0,0,0,0,13,4000,61200,floor1000,-200,0,1000,0,4000,61200,-200,,
2303-039,2023-03-13,1011,佐藤,SODE,clean,,140000,140000,140000,税別,excl,,0,85000,0,0,0,0,0,85000,1000,85000,0,85000,0,0,38000,0,38000,0,8000,0,0,0,0,48,9000,140000,floor100,0,0,1000,0,9000,140000,0,,
2303-040,2023-03-14,1054,佐藤,CALP,clean,,61500,61500,61500,税別,excl,rush,0,0,25920,0,25920,0,3000,28920,1000,28920,0,28920,8676,0,11200,800,12000,0,8000,0,0,0,0,24,4000,61596,floor100,-96,0,1000,8676,4000,61596,-96,,
2303-041,2023-03-15,1055,渡辺,ACM,clean,,51700,51700,51700,,excl,rush,0,19600,11000,0,11000,7200,2000,39800,1000,39800,0,39800,11940,0,0,0,0,0,0,0,0,0,0,0,0,51740,halfup100,-40,0,1000,11940,0,51740,-40,,
2303-042,2023-03-15,1012,佐藤,IJ,clean,,33600,33600,33600,税別,excl,,0,0,40000,0,40000,0,2000,42000,800,33600,0,33600,0,0,0,0,0,0,0,0,0,0,0,0,0,33600,floor100,0,0,800,0,0,33600,0,,
2303-043,2023-03-15,1024,渡辺,IJ,clean,,60700,60700,60700,,excl,,0,0,26715,0,26715,3000,2000,31715,1000,31715,0,31715,0,8000,10800,1200,12000,0,0,0,0,0,0,26,9000,60715,halfup100,-15,0,1000,0,9000,60715,-15,,
2303-044,2023-03-15,1053,渡辺,ACM,clean,,16800,16800,16800,,excl,,0,5200,6160,0,6160,1200,2000,14560,950,13832,0,13832,0,3000,0,0,0,0,0,0,0,0,0,0,0,16832,halfup100,-32,0,950,0,0,16832,-32,,
2303-045,2023-03-16,1055,渡辺,ACM,multiplier_copy,multiplier 900 per mille used instead of 1000; diff=-39900,498200,458300,458300,,excl,repeat,0,137200,264880,52976,211904,50400,0,399504,1000,399504,0,399504,0,0,94700,0,94700,0,0,0,0,0,0,22,4000,498204,halfup100,-4,0,900,0,4000,458253,47,,
2303-046,2023-03-16,9999,佐藤,ACM,clean,,46500,46500,51100,税込,incl,,0,10400,21760,0,21760,2400,2000,36560,1000,36560,0,36560,0,10000,0,0,0,0,0,0,0,0,0,0,0,46560,floor100,-60,0,1000,0,0,46560,-60,,
2303-047,2023-03-16,1023,田中,ACM,clean,,36000,36000,36000,税別,excl,corner_r;repeat,0,5200,1760,0,1760,1600,0,8560,880,7532,0,7532,0,0,6200,5800,12000,0,8000,0,0,0,0,38,9000,36532,floor1000,-532,0,880,0,9000,36532,-532,,
2303-048,2023-03-17,1045,渡辺,ACM,clean,,79700,79700,79700,,excl,,0,29400,25080,0,25080,13200,2000,69680,1000,69680,0,69680,0,10000,0,0,0,0,0,0,0,0,0,0,0,79680,halfup100,20,0,1000,0,0,79680,20,,
2303-049,2023-03-17,1042,佐藤,SODE,clean,,243700,243700,243700,税別,excl,,0,118000,0,0,0,47000,0,165000,950,156750,0,156750,0,3000,38000,0,38000,0,28000,18000,0,0,0,5,0,243750,floor100,-50,0,950,0,0,243750,-50,,
2303-050,2023-03-17,1091,渡辺,IJ,clean,,21500,21500,21500,,excl,,0,0,11508,0,11508,0,2000,13508,1000,13508,0,13508,0,8000,0,0,0,0,0,0,0,0,0,0,0,21508,halfup100,-8,0,1000,0,0,21508,-8,,
2303-051,2023-03-18,1023,田中,IJ,clean,,5000,5000,5000,税別,excl,,0,0,1100,0,1100,0,2000,3100,880,2728,2272,5000,0,0,0,0,0,0,0,0,0,0,0,0,0,5000,floor100,0,0,880,0,0,5000,0,,
2303-052,2023-03-18,9999,田中,ACM,clean,,42000,42000,42000,税別,excl,,0,5200,3960,0,3960,1200,2000,12360,1000,12360,0,12360,0,10000,7700,4300,12000,0,8000,0,0,0,0,8,0,42360,floor1000,-360,0,1000,0,0,42360,-360,,
2303-053,2023-03-20,1042,佐藤,SODE,clean,,319700,319700,319700,税別,excl,,0,178000,0,0,0,57500,0,235500,950,223725,0,223725,0,3000,38000,0,38000,0,28000,18000,0,0,0,33,9000,319725,floor100,-25,0,950,0,9000,319725,-25,,
2303-054,2023-03-20,1079,佐藤,SODE,clean,,261600,261600,261600,税別,excl,removal,0,118000,0,0,0,50000,0,168000,950,159600,0,159600,0,3000,38000,0,38000,0,28000,18000,15000,0,0,1,0,261600,floor100,0,0,950,0,0,261600,0,,
2303-055,2023-03-20,9999,田中,ACM,clean,,38000,38000,41800,税込,incl,,0,5200,5280,0,5280,2400,2000,14880,1000,14880,0,14880,0,0,8600,3400,12000,0,8000,0,0,0,0,11,4000,38880,floor1000,-880,0,1000,0,4000,38880,-880,,
2303-056,2023-03-22,1022,佐藤,ACM,clean,,69500,69500,69500,税別,excl,survey,0,19600,17600,0,17600,2400,2000,41600,950,39520,0,39520,0,0,17000,0,17000,0,8000,0,0,0,5000,5,0,69520,floor100,-20,0,950,0,0,69520,-20,,
2303-057,2023-03-22,1064,田中,IJ,clean,,28700,28700,28700,税別,excl,,0,0,18700,0,18700,0,2000,20700,1000,20700,0,20700,0,8000,0,0,0,0,0,0,0,0,0,0,0,28700,floor100,0,0,1000,0,0,28700,0,,
2303-058,2023-03-22,9999,渡辺,ACM,clean,,188700,188700,207500,税込,incl,,0,52000,149600,29920,119680,12000,2000,185680,1000,185680,0,185680,0,3000,0,0,0,0,0,0,0,0,0,0,0,188680,halfup100,20,0,1000,0,0,188680,20,,
2303-059,2023-03-22,9999,佐藤,CALP,clean,,77800,77800,85500,税込,incl,,0,0,28800,0,28800,0,3000,31800,1000,31800,0,31800,0,6000,5600,6400,12000,0,28000,0,0,0,0,1,0,77800,floor100,0,0,1000,0,0,77800,0,,
2303-060,2023-03-22,1056,渡辺,IJ,clean,,32100,32100,32100,,excl,rush,0,0,3060,0,3060,0,2000,5060,1000,5060,0,5060,3000,0,1440,10560,12000,0,8000,0,0,0,0,18,4000,32060,halfup100,40,0,1000,3000,4000,32060,40,,
2303-061,2023-03-23,1088,渡辺,ACM,clean,,65000,65000,71500,税込,incl,,0,5200,2640,0,2640,1200,2000,11040,1000,11040,0,11040,0,10000,6800,5200,12000,0,28000,0,0,0,0,19,4000,65040,halfup100,-40,0,1000,0,4000,65040,-40,,
2303-062,2023-03-23,1068,渡辺,SODE,clean,,196000,196000,196000,,excl,,0,118000,0,0,0,0,0,118000,1000,118000,0,118000,0,3000,38000,0,38000,0,28000,0,0,0,0,42,9000,196000,halfup100,0,0,1000,0,9000,196000,0,,
2303-063,2023-03-23,1091,渡辺,CALP,clean,,55800,55800,55800,,excl,,0,0,13800,0,13800,0,3000,16800,1000,16800,0,16800,0,3000,2800,9200,12000,0,8000,0,0,0,0,52,16000,55800,halfup100,0,0,1000,0,16000,55800,0,,
2303-064,2023-03-23,1055,渡辺,IJ,clean,,6900,6900,6900,,excl,,0,0,4860,0,4860,0,2000,6860,1000,6860,0,6860,0,0,0,0,0,0,0,0,0,0,0,0,0,6860,halfup100,40,0,1000,0,0,6860,40,,
2303-065,2023-03-23,1096,田中,ACM,impossible,mode=bundle; rule_net=64000; written amount implies net 164000,64000,164000,164000,税別,excl,removal;disposal,0,5200,5280,0,5280,1200,2000,13680,950,12996,0,12996,0,3000,8600,3400,12000,0,8000,0,15000,5000,0,35,9000,64996,floor1000,-996,0,950,0,9000,64996,99004,,
2303-066,2023-03-24,1055,佐藤,CALP,clean,,24900,24900,24900,税別,excl,,0,0,18900,0,18900,0,3000,21900,1000,21900,0,21900,0,3000,0,0,0,0,0,0,0,0,0,0,0,24900,floor100,0,0,1000,0,0,24900,0,,
2303-067,2023-03-24,1089,佐藤,ACM,clean,,66700,66700,66700,税別,excl,holes,0,19600,15400,0,15400,7500,2000,44500,950,42275,0,42275,0,0,15500,0,15500,0,0,0,0,0,0,27,9000,66775,floor100,-75,0,950,0,9000,66775,-75,,
2303-068,2023-03-25,1082,田中,ACM,clean,,24300,24300,24300,税別,excl,,0,5200,3960,0,3960,1200,2000,12360,1000,12360,0,12360,0,0,7700,4300,12000,0,0,0,0,0,0,6,0,24360,floor100,-60,0,1000,0,0,24360,-60,,
2303-069,2023-03-27,1042,佐藤,ACM,clean,,21900,21900,21900,税別,excl,,0,10400,5120,0,5120,2400,2000,19920,950,18924,0,18924,0,3000,0,0,0,0,0,0,0,0,0,0,0,21924,floor100,-24,0,950,0,0,21924,-24,,
2303-070,2023-03-27,1075,田中,ACM,clean,,57000,57000,57000,税別,excl,,0,10400,23760,0,23760,21600,2000,57760,1000,57760,0,57760,0,0,0,0,0,0,0,0,0,0,0,0,0,57760,floor1000,-760,0,1000,0,0,57760,-760,,
2303-071,2023-03-27,1068,渡辺,IJ,clean,,22100,22100,22100,,excl,,0,0,12100,0,12100,0,2000,14100,1000,14100,0,14100,0,8000,0,0,0,0,0,0,0,0,0,0,0,22100,halfup100,0,0,1000,0,0,22100,0,,
2303-072,2023-03-27,1075,田中,IJ,clean,,16000,16000,16000,税別,excl,,0,0,6000,0,6000,0,2000,8000,1000,8000,0,8000,0,8000,0,0,0,0,0,0,0,0,0,0,0,16000,floor100,0,0,1000,0,0,16000,0,,
2303-073,2023-03-28,1082,佐藤,IJ,clean,,28000,28000,28000,税別,excl,,0,0,18000,0,18000,0,2000,20000,1000,20000,0,20000,0,8000,0,0,0,0,0,0,0,0,0,0,0,28000,floor100,0,0,1000,0,0,28000,0,,
2303-074,2023-03-28,9999,佐藤,IJ,multiplier_copy,multiplier 850 per mille used instead of 1000; diff=-1300,11600,10300,11300,税込,incl,,0,0,6600,0,6600,0,2000,8600,1000,8600,0,8600,0,3000,0,0,0,0,0,0,0,0,0,0,0,11600,floor100,0,0,850,0,0,10310,-10,,
2303-075,2023-03-28,9999,田中,ACM,clean,,56000,56000,56000,税別,excl,,0,19600,31680,0,31680,3600,2000,56880,1000,56880,0,56880,0,0,0,0,0,0,0,0,0,0,0,0,0,56880,floor1000,-880,0,1000,0,0,56880,-880,,
2303-076,2023-03-29,9999,渡辺,ACM,clean,,454500,454500,454500,,excl,,0,176400,97920,19584,78336,64800,2000,321536,1000,321536,0,321536,0,10000,95000,0,95000,0,28000,0,0,0,0,1,0,454536,halfup100,-36,0,1000,0,0,454536,-36,,
2303-077,2023-03-29,1027,佐藤,IJ,clean,,19900,19900,19900,税別,excl,,0,0,15840,0,15840,0,2000,17840,950,16948,0,16948,0,3000,0,0,0,0,0,0,0,0,0,0,0,19948,floor100,-48,0,950,0,0,19948,-48,,
2303-078,2023-03-30,1077,佐藤,SODE,clean,,146700,146700,146700,税別,excl,removal;disposal,0,85000,0,0,0,0,0,85000,950,80750,0,80750,0,0,38000,0,38000,0,8000,0,15000,5000,0,6,0,146750,floor100,-50,0,950,0,0,146750,-50,,
2303-079,2023-03-30,1077,佐藤,IJ,clean,,26200,26200,26200,税別,excl,,0,0,4620,0,4620,0,2000,6620,950,6289,0,6289,0,0,1980,10020,12000,0,8000,0,0,0,0,1,0,26289,floor100,-89,0,950,0,0,26289,-89,,
2303-080,2023-03-30,1023,田中,SODE,clean,,175000,175000,175000,税別,excl,removal,0,85000,0,0,0,0,0,85000,880,74800,0,74800,0,0,38000,0,38000,0,48000,0,15000,0,0,5,0,175800,floor1000,-800,0,880,0,0,175800,-800,,
2303-081,2023-03-30,1010,佐藤,IJ,clean,,46800,46800,46800,税別,excl,,0,0,25200,0,25200,0,2000,27200,950,25840,0,25840,0,0,10260,1740,12000,0,0,0,0,0,0,42,9000,46840,floor100,-40,0,950,0,9000,46840,-40,,
2304-001,2023-04-03,1080,渡辺,SODE,clean,,169800,169800,169800,,excl,removal;survey,0,85000,0,0,0,0,0,85000,950,80750,0,80750,0,3000,38000,0,38000,0,28000,0,15000,0,5000,1,0,169750,halfup100,50,0,950,0,0,169750,50,,M1:R5年4月!5
2304-002,2023-04-03,1020,渡辺,CALP,clean,,146900,146900,146900,,excl,,0,0,148500,0,148500,0,3000,151500,950,143925,0,143925,0,3000,0,0,0,0,0,0,0,0,0,0,0,146925,halfup100,-25,0,950,0,0,146925,-25,,M1:R5年4月!6
2304-003,2023-04-03,1091,鈴木,ACM,clean,,91200,91200,91200,税抜,excl,,0,46800,31680,0,31680,10800,2000,91280,1000,91280,0,91280,0,0,0,0,0,0,0,0,0,0,0,0,0,91280,floor100,-80,0,1000,0,0,91280,-80,,M1:R5年4月!7
2304-004,2023-04-04,1048,田中,ACM,clean,,65000,65000,65000,税別,excl,corner_r;repeat,0,26000,11000,0,11000,8000,0,45000,1000,45000,0,45000,0,0,12500,0,12500,0,8000,0,0,0,0,1,0,65500,floor1000,-500,0,1000,0,0,65500,-500,,M1:R5年4月!8
2304-005,2023-04-04,9999,田中,IJ,clean,,29700,29700,32600,税込,incl,,0,0,19727,0,19727,0,2000,21727,1000,21727,0,21727,0,8000,0,0,0,0,0,0,0,0,0,0,0,29727,floor100,-27,0,1000,0,0,29727,-27,,M1:R5年4月!9
2304-006,2023-04-04,1023,田中,ACM,clean,,205000,205000,205000,税別,excl,,0,52000,63360,6336,57024,57600,2000,168624,880,148389,0,148389,0,0,45500,0,45500,0,8000,0,0,0,0,11,4000,205889,floor1000,-889,0,880,0,4000,205889,-889,,M1:R5年4月!10
2304-007,2023-04-04,1041,佐藤,ACM,clean,,91700,91700,91700,税別,excl,,0,19600,11880,0,11880,7200,2000,40680,900,36612,0,36612,0,10000,13100,0,13100,0,28000,0,0,0,0,24,4000,91712,floor100,-12,0,900,0,4000,91712,-12,,M1:R5年4月!11
2304-008,2023-04-04,1022,佐藤,ACM,clean,,19600,19600,19600,税別,excl,,0,5200,7920,0,7920,2400,2000,17520,950,16644,0,16644,0,3000,0,0,0,0,0,0,0,0,0,0,0,19644,floor100,-44,0,950,0,0,19644,-44,,M1:R5年4月!12
2304-009,2023-04-06,1054,佐藤,CALP,manager_discount,undocumented discount 8800 (7.1%) from rule_net 123800,123800,115000,115000,税別,excl,,0,0,85800,0,85800,0,3000,88800,1000,88800,0,88800,0,6000,9100,2900,12000,0,8000,0,0,0,0,33,9000,123800,floor100,0,0,1000,0,9000,123800,-8800,,M1:R5年4月!13
2304-010,2023-04-06,1033,田中,IJ,manager_discount,undocumented discount 5000 (10.9%) from rule_net 46000,46000,41000,41000,税別,excl,no_grommet,0,0,24300,0,24300,0,2000,26300,1000,26300,0,26300,0,8000,12240,0,12240,0,0,0,0,0,0,5,0,46540,floor1000,-540,0,1000,0,0,46540,-5540,,M1:R5年4月!14
2304-011,2023-04-06,9999,鈴木,IJ,clean,,7400,7400,8100,税込,incl,,0,0,5400,0,5400,0,2000,7400,1000,7400,0,7400,0,0,0,0,0,0,0,0,0,0,0,0,0,7400,floor100,0,0,1000,0,0,7400,0,,M1:R5年4月!15
2304-012,2023-04-06,1023,田中,ACM,clean,,15000,15000,15000,税別,excl,,0,5200,5280,0,5280,1200,2000,13680,880,12038,0,12038,0,3000,0,0,0,0,0,0,0,0,0,0,0,15038,floor100,-38,0,880,0,0,15038,-38,,M1:R5年4月!16
2304-013,2023-04-06,9999,渡辺,IJ,clean,,25300,25300,27800,税込,incl,,0,0,15300,0,15300,0,2000,17300,1000,17300,0,17300,0,8000,0,0,0,0,0,0,0,0,0,0,0,25300,halfup100,0,0,1000,0,0,25300,0,,M1:R5年4月!17
2304-014,2023-04-07,1045,渡辺,IJ,clean,,79000,79000,79000,,excl,,0,0,82200,8220,73980,0,2000,75980,1000,75980,0,75980,0,3000,0,0,0,0,0,0,0,0,0,0,0,78980,halfup100,20,0,1000,0,0,78980,20,,M1:R5年4月!18
2304-015,2023-04-07,1023,田中,IJ,clean,,6400,6400,6400,税別,excl,,0,0,4620,0,4620,720,2000,7340,880,6459,0,6459,0,0,0,0,0,0,0,0,0,0,0,0,0,6459,floor100,-59,0,880,0,0,6459,-59,,M1:R5年4月!19
2304-016,2023-04-07,1041,佐藤,CALP,clean,,71200,71200,71200,税別,excl,,0,0,50610,0,50610,0,3000,53610,900,48249,0,48249,0,3000,4900,7100,12000,0,8000,0,0,0,0,1,0,71249,floor100,-49,0,900,0,0,71249,-49,,M1:R5年4月!20
2304-017,2023-04-10,1039,渡辺,IJ,clean,,8000,8000,8000,,excl,,0,0,2720,0,2720,0,2000,4720,1000,4720,280,5000,0,3000,0,0,0,0,0,0,0,0,0,0,0,8000,halfup100,0,0,1000,0,0,8000,0,,M1:R5年4月!21
2304-018,2023-04-10,1032,渡辺,CALP,clean,,63900,63900,63900,,excl,,0,0,16870,0,16870,0,3000,19870,1000,19870,0,19870,0,0,4900,7100,12000,0,28000,0,0,0,0,11,4000,63870,halfup100,30,0,1000,0,4000,63870,30,,M1:R5年4月!22
2304-019,2023-04-10,1094,渡辺,CALP,clean,,99400,99400,99400,,excl,removal;disposal,0,0,32400,0,32400,0,3000,35400,1000,35400,0,35400,0,0,5600,6400,12000,0,28000,0,15000,5000,0,11,4000,99400,halfup100,0,0,1000,0,4000,99400,0,,M1:R5年4月!23
2304-020,2023-04-11,1023,田中,ACM,clean,,61000,61000,61000,税別,excl,corner_r,0,5200,1760,0,1760,1600,2000,10560,880,9292,0,9292,0,3000,6200,5800,12000,0,28000,0,0,0,0,38,9000,61292,floor1000,-292,0,880,0,9000,61292,-292,,M1:R5年4月!24
2304-021,2023-04-11,1060,佐藤,ACM,clean,,230500,230500,230500,税別,excl,corner_r,0,93600,134640,26928,107712,28800,2000,232112,950,220506,0,220506,0,10000,0,0,0,0,0,0,0,0,0,0,0,230506,floor100,-6,0,950,0,0,230506,-6,,M1:R5年4月!25
2304-022,2023-04-11,1021,田中,ACM,clean,,30000,30000,30000,税別,excl,,0,5200,1760,0,1760,1200,2000,10160,1000,10160,0,10160,0,0,6200,5800,12000,0,8000,0,0,0,0,1,0,30160,floor1000,-160,0,1000,0,0,30160,-160,,M1:R5年4月!26
2304-023,2023-04-11,1071,佐藤,IJ,clean,,191900,191900,191900,税別,excl,,0,0,258519,51703,206816,31080,2000,239896,800,191916,0,191916,0,0,0,0,0,0,0,0,0,0,0,0,0,191916,floor100,-16,0,800,0,0,191916,-16,,M1:R5年4月!27
2304-024,2023-04-11,9999,鈴木,CALP,clean,,43000,43000,47300,税込,incl,,0,0,10080,0,10080,0,3000,13080,1000,13080,0,13080,0,6000,2800,9200,12000,0,8000,0,0,0,0,13,4000,43080,floor100,-80,0,1000,0,4000,43080,-80,,M1:R5年4月!28
2304-025,2023-04-11,1053,渡辺,ACM,clean,,53100,53100,53100,,excl,rush;night;removal;disposal;holes,0,5200,3520,0,3520,1500,2000,12220,950,11609,0,11609,3482,0,7400,4600,12000,6000,0,0,15000,5000,0,6,0,53091,halfup100,9,0,950,3482,0,53091,9,,M1:R5年4月!29
2304-026,2023-04-11,1012,佐藤,IJ,clean,,44600,44600,44600,税別,excl,,0,0,59840,5984,53856,0,2000,55856,800,44684,0,44684,0,0,0,0,0,0,0,0,0,0,0,0,0,44684,floor100,-84,0,800,0,0,44684,-84,,M1:R5年4月!30
2304-027,2023-04-12,9999,鈴木,ACM,clean,,53300,53300,58600,税込,incl,,0,19600,19360,0,19360,2400,2000,43360,1000,43360,0,43360,0,10000,0,0,0,0,0,0,0,0,0,0,0,53360,floor100,-60,0,1000,0,0,53360,-60,,M1:R5年4月!31
2304-028,2023-04-12,1022,佐藤,SODE,clean,,138900,138900,138900,税別,excl,,0,85000,0,0,0,45500,0,130500,950,123975,0,123975,0,15000,0,0,0,0,0,0,0,0,0,0,0,138975,floor100,-75,0,950,0,0,138975,-75,,M1:R5年4月!32
2304-029,2023-04-13,1010,佐藤,IJ,clean,,5000,5000,5000,税別,excl,repeat,0,0,3000,0,3000,960,0,3960,950,3762,1238,5000,0,0,0,0,0,0,0,0,0,0,0,0,0,5000,floor100,0,0,950,0,0,5000,0,,M1:R5年4月!33
2304-030,2023-04-13,9999,佐藤,ACM,clean,,31300,31300,34400,税込,incl,corner_r,0,9800,7920,0,7920,1600,2000,21320,1000,21320,0,21320,0,10000,0,0,0,0,0,0,0,0,0,0,0,31320,floor100,-20,0,1000,0,0,31320,-20,,M1:R5年4月!34
2304-031,2023-04-13,1047,田中,IJ,clean,,5000,5000,5000,税別,excl,,0,0,2720,0,2720,0,2000,4720,800,3776,1224,5000,0,0,0,0,0,0,0,0,0,0,0,0,0,5000,floor100,0,0,800,0,0,5000,0,,M1:R5年4月!35
2304-032,2023-04-13,1089,佐藤,ACM,clean,,126900,126900,126900,税別,excl,,0,46800,59840,5984,53856,20400,2000,123056,950,116903,0,116903,0,10000,0,0,0,0,0,0,0,0,0,0,0,126903,floor100,-3,0,950,0,0,126903,-3,,M1:R5年4月!36
2304-033,2023-04-14,1055,渡辺,ACM,clean,,89900,89900,89900,,excl,removal;disposal,0,19600,10120,0,10120,7200,2000,38920,1000,38920,0,38920,0,10000,11900,100,12000,0,0,0,15000,5000,0,33,9000,89920,halfup100,-20,0,1000,0,9000,89920,-20,,M1:R5年4月!37
2304-034,2023-04-14,1012,佐藤,IJ,clean,,5000,5000,5000,税別,excl,repeat,0,0,2000,0,2000,0,0,2000,800,1600,3400,5000,0,0,0,0,0,0,0,0,0,0,0,0,0,5000,floor100,0,0,800,0,0,5000,0,,M1:R5年4月!38
2304-035,2023-04-14,1086,鈴木,IJ,clean,,17800,17800,17800,税抜,excl,,0,0,16800,0,16800,0,2000,18800,950,17860,0,17860,0,0,0,0,0,0,0,0,0,0,0,0,0,17860,floor100,-60,0,950,0,0,17860,-60,,M1:R5年4月!39
2304-036,2023-04-14,1023,田中,ACM,clean,,65000,65000,65000,税別,excl,,0,29400,29480,0,29480,13200,2000,74080,880,65190,0,65190,0,0,0,0,0,0,0,0,0,0,0,0,0,65190,floor1000,-190,0,880,0,0,65190,-190,,M1:R5年4月!40
2304-037,2023-04-14,1020,渡辺,ACM,clean,,23300,23300,23300,,excl,,0,10400,9680,0,9680,2400,2000,24480,950,23256,0,23256,0,0,0,0,0,0,0,0,0,0,0,0,0,23256,halfup100,44,0,950,0,0,23256,44,,M1:R5年4月!41
2304-038,2023-04-18,1053,渡辺,ACM,clean,,66600,66600,66600,,excl,corner_r,0,5200,14960,0,14960,1600,2000,23760,950,22572,0,22572,0,0,10100,1900,12000,0,28000,0,0,0,0,13,4000,66572,halfup100,28,0,950,0,4000,66572,28,,M1:R5年4月!42
2304-039,2023-04-18,1041,鈴木,CALP,clean,,76800,76800,76800,税抜,excl,,0,0,35700,0,35700,0,3000,38700,900,34830,0,34830,0,6000,11900,100,12000,0,8000,0,0,0,0,75,16000,76830,floor100,-30,0,900,0,16000,76830,-30,,M1:R5年4月!43
2304-040,2023-04-18,1019,田中,IJ,clean,,73000,73000,73000,税別,excl,,0,0,112640,22528,90112,0,2000,92112,800,73689,0,73689,0,0,0,0,0,0,0,0,0,0,0,0,0,73689,floor1000,-689,0,800,0,0,73689,-689,,M1:R5年4月!44
2304-041,2023-04-18,9999,佐藤,CALP,clean,,67100,67100,73800,税込,incl,night,0,0,12150,0,12150,0,3000,15150,1000,15150,0,15150,0,6000,3500,8500,12000,6000,28000,0,0,0,0,1,0,67150,floor100,-50,0,1000,0,0,67150,-50,,M1:R5年4月!45
2304-042,2023-04-18,1025,佐藤,ACM,clean,,45200,45200,45200,税別,excl,rush,0,10400,12320,0,12320,2400,2000,27120,1000,27120,0,27120,8136,10000,0,0,0,0,0,0,0,0,0,0,0,45256,floor100,-56,0,1000,8136,0,45256,-56,,M1:R5年4月!46
2304-043,2023-04-18,1086,渡辺,CALP,clean,,18100,18100,18100,,excl,,0,0,16000,0,16000,0,3000,19000,950,18050,0,18050,0,0,0,0,0,0,0,0,0,0,0,0,0,18050,halfup100,50,0,950,0,0,18050,50,,M1:R5年4月!47
2304-044,2023-04-18,1032,渡辺,ACM,clean,,50200,50200,50200,,excl,,0,10400,4800,0,4800,6000,2000,23200,1000,23200,0,23200,0,3000,9500,2500,12000,0,8000,0,0,0,0,22,4000,50200,halfup100,0,0,1000,0,4000,50200,0,,M1:R5年4月!48
2304-045,2023-04-19,1042,佐藤,CALP,clean,,34700,34700,34700,税別,excl,,0,0,33600,0,33600,0,3000,36600,950,34770,0,34770,0,0,0,0,0,0,0,0,0,0,0,0,0,34770,floor100,-70,0,950,0,0,34770,-70,,M1:R5年4月!49
2304-046,2023-04-19,1074,鈴木,CALP,clean,,52600,52600,52600,税抜,excl,removal;disposal,0,0,9600,0,9600,0,3000,12600,1000,12600,0,12600,0,0,4200,7800,12000,0,8000,0,15000,5000,0,6,0,52600,floor100,0,0,1000,0,0,52600,0,,M1:R5年4月!50
2304-047,2023-04-19,1054,田中,CALP,clean,,38000,38000,38000,税別,excl,,0,0,12960,0,12960,0,3000,15960,1000,15960,0,15960,0,3000,5600,6400,12000,0,8000,0,0,0,0,6,0,38960,floor1000,-960,0,1000,0,0,38960,-960,,M1:R5年4月!51
2304-048,2023-04-20,9999,佐藤,IJ,clean,,51300,51300,51300,税別,excl,,0,0,49320,0,49320,0,2000,51320,1000,51320,0,51320,0,0,0,0,0,0,0,0,0,0,0,0,0,51320,floor100,-20,0,1000,0,0,51320,-20,,M1:R5年4月!52
2304-049,2023-04-20,1027,佐藤,ACM,clean,,63100,63100,63100,税別,excl,,0,5200,10560,0,10560,2400,2000,20160,950,19152,0,19152,0,0,8300,3700,12000,0,28000,0,0,0,0,18,4000,63152,floor100,-52,0,950,0,4000,63152,-52,,M1:R5年4月!53
2304-050,2023-04-20,1053,渡辺,CALP,clean,,172600,172600,172600,,excl,,0,0,151200,11880,139320,0,3000,142320,950,135204,0,135204,0,0,29400,0,29400,0,8000,0,0,0,0,10,0,172604,halfup100,-4,0,950,0,0,172604,-4,,M1:R5年4月!54
2304-051,2023-04-20,9999,田中,SODE,clean,,208000,208000,228800,税込,incl,,0,118000,0,0,0,0,0,118000,1000,118000,0,118000,0,15000,38000,0,38000,0,28000,0,0,0,0,27,9000,208000,floor1000,0,0,1000,0,9000,208000,0,,M1:R5年4月!55
2304-052,2023-04-21,1046,田中,ACM,clean,,41000,41000,41000,税別,excl,,0,19600,17600,0,17600,2400,2000,41600,1000,41600,0,41600,0,0,0,0,0,0,0,0,0,0,0,0,0,41600,floor1000,-600,0,1000,0,0,41600,-600,,M1:R5年4月!56
2304-053,2023-04-21,1065,渡辺,IJ,clean,,172500,172500,172500,,excl,,0,0,155358,15535,139823,0,2000,141823,950,134731,0,134731,0,0,37800,0,37800,0,0,0,0,0,0,6,0,172531,halfup100,-31,0,950,0,0,172531,-31,,M1:R5年4月!57
2304-054,2023-04-21,9999,田中,ACM,clean,,72000,72000,79200,税込,incl,survey,0,9800,25520,0,25520,1200,2000,38520,1000,38520,0,38520,0,3000,13700,0,13700,0,8000,0,0,0,5000,13,4000,72220,floor1000,-220,0,1000,0,4000,72220,-220,,M1:R5年4月!58
2304-055,2023-04-24,1022,佐藤,SODE,clean,,380600,380600,380600,税別,excl,survey,0,236000,0,0,0,71000,0,307000,950,291650,0,291650,0,0,38000,0,38000,0,28000,18000,0,0,5000,6,0,380650,floor100,-50,0,950,0,0,380650,-50,,M1:R5年4月!59
2304-056,2023-04-24,1083,佐藤,IJ,clean,,96500,96500,96500,税別,excl,rush,0,0,73440,7344,66096,0,2000,68096,1000,68096,0,68096,20428,8000,0,0,0,0,0,0,0,0,0,0,0,96524,floor100,-24,0,1000,20428,0,96524,-24,,M1:R5年4月!60
2304-057,2023-04-25,9999,田中,IJ,clean,,39000,39000,42900,税込,incl,,0,0,25500,0,25500,3600,2000,31100,1000,31100,0,31100,0,8000,0,0,0,0,0,0,0,0,0,0,0,39100,floor1000,-100,0,1000,0,0,39100,-100,,M1:R5年4月!61
2304-058,2023-04-25,9999,渡辺,CALP,clean,,147500,147500,162200,税込,incl,,0,0,94500,0,94500,0,3000,97500,1000,97500,0,97500,0,6000,7000,5000,12000,0,28000,0,0,0,0,14,4000,147500,halfup100,0,0,1000,0,4000,147500,0,,M1:R5年4月!62
2304-059,2023-04-25,1055,渡辺,SODE,clean,,199000,199000,199000,,excl,night;survey,0,85000,0,0,0,0,0,85000,1000,85000,0,85000,0,15000,38000,0,38000,19000,28000,0,0,0,5000,26,9000,199000,halfup100,0,0,1000,0,9000,199000,0,,M1:R5年4月!63
2304-060,2023-04-26,9999,田中,IJ,clean,,14400,14400,15800,税込,incl,,0,0,4400,0,4400,0,2000,6400,1000,6400,0,6400,0,8000,0,0,0,0,0,0,0,0,0,0,0,14400,floor100,0,0,1000,0,0,14400,0,,M1:R5年4月!64
2304-061,2023-04-26,1010,佐藤,ACM,clean,,38700,38700,38700,税別,excl,holes;repeat,0,19600,13640,0,13640,7500,0,40740,950,38703,0,38703,0,0,0,0,0,0,0,0,0,0,0,0,0,38703,floor100,-3,0,950,0,0,38703,-3,,M1:R5年4月!65
2304-062,2023-04-26,1008,鈴木,IJ,clean,,11700,11700,11700,税抜,excl,rush,0,0,3740,0,3740,0,2000,5740,1000,5740,0,5740,3000,3000,0,0,0,0,0,0,0,0,0,0,0,11740,floor100,-40,0,1000,3000,0,11740,-40,,M1:R5年4月!66
2304-063,2023-04-27,1038,田中,IJ,clean,,227000,227000,227000,税別,excl,,0,0,272160,54432,217728,0,2000,219728,1000,219728,0,219728,0,8000,0,0,0,0,0,0,0,0,0,0,0,227728,floor1000,-728,0,1000,0,0,227728,-728,,M1:R5年4月!67
2304-064,2023-04-27,1047,田中,ACM,clean,,8800,8800,8800,税別,excl,,0,5200,2640,0,2640,1200,2000,11040,800,8832,0,8832,0,0,0,0,0,0,0,0,0,0,0,0,0,8832,floor100,-32,0,800,0,0,8832,-32,,M1:R5年4月!68
2304-065,2023-04-28,1023,田中,ACM,clean,,33000,33000,33000,税別,excl,,0,5200,7480,0,7480,1200,2000,15880,880,13974,0,13974,0,0,10100,1900,12000,0,8000,0,0,0,0,1,0,33974,floor1000,-974,0,880,0,0,33974,-974,,M1:R5年4月!69
2304-066,2023-04-28,9999,鈴木,SODE,clean,,293500,293500,322800,税込,incl,,0,152000,0,0,0,54500,0,206500,1000,206500,0,206500,0,3000,38000,0,38000,0,28000,18000,0,0,0,6,0,293500,floor100,0,0,1000,0,0,293500,0,,M1:R5年4月!70
2304-067,2023-04-28,9999,佐藤,CALP,clean,,53300,53300,58600,税込,incl,rush;removal,0,0,8000,0,8000,0,3000,11000,1000,11000,0,11000,3300,0,3500,8500,12000,0,8000,0,15000,0,0,11,4000,53300,floor100,0,0,1000,3300,4000,53300,0,,M1:R5年4月!71
2304-068,2023-04-28,1012,佐藤,ACM,clean,,15700,15700,15700,税別,excl,corner_r,0,5200,10880,0,10880,1600,2000,19680,800,15744,0,15744,0,0,0,0,0,0,0,0,0,0,0,0,0,15744,floor100,-44,0,800,0,0,15744,-44,,M1:R5年4月!72
2305-001,2023-05-01,1022,佐藤,IJ,clean,,70700,70700,70700,税別,excl,,1,0,64000,0,64000,0,2000,66000,950,62700,0,62700,0,8000,0,0,0,0,0,0,0,0,0,0,0,70700,floor100,0,1,950,0,0,70700,0,,M1:R5年5月!5
2305-002,2023-05-01,1023,田中,SODE,clean,,348000,348000,348000,税別,excl,,1,264000,0,0,0,0,0,264000,880,232320,0,232320,0,3000,76000,0,76000,0,28000,0,0,0,0,38,9000,348320,floor1000,-320,1,880,0,9000,348320,-320,,M1:R5年5月!6
2305-003,2023-05-08,1019,渡辺,ACM,stale_table,priced with table v0 instead of v1; diff=-3500,95800,92300,92300,,excl,removal;survey,1,24000,13640,0,13640,7200,2000,46840,800,37472,0,37472,0,0,14300,0,14300,0,8000,0,15000,0,5000,52,16000,95772,halfup100,28,0,800,0,16000,92252,48,,M1:R5年5月!7
2305-004,2023-05-08,9999,田中,IJ,clean,,8000,8000,8800,税込,incl,,1,0,1200,0,1200,0,2000,3200,1000,3200,1800,5000,0,3000,0,0,0,0,0,0,0,0,0,0,0,8000,floor100,0,1,1000,0,0,8000,0,,M1:R5年5月!8
2305-005,2023-05-08,1011,佐藤,IJ,digit_typo,"sub: intended 23600, written 28600",23600,23600,28600,税別,excl,,1,0,13600,0,13600,0,2000,15600,1000,15600,0,15600,0,8000,0,0,0,0,0,0,0,0,0,0,0,23600,floor100,0,1,1000,0,0,23600,0,,M1:R5年5月!9
2305-006,2023-05-09,1079,佐藤,CALP,clean,,172100,172100,172100,税別,excl,,1,0,178200,0,178200,0,3000,181200,950,172140,0,172140,0,0,0,0,0,0,0,0,0,0,0,0,0,172140,floor100,-40,1,950,0,0,172140,-40,,M1:R5年5月!10
2305-007,2023-05-09,1080,渡辺,CALP,clean,,137600,137600,137600,,excl,rush,1,0,85500,0,85500,0,3000,88500,950,84075,0,84075,25222,3000,13300,0,13300,0,8000,0,0,0,0,14,4000,137597,halfup100,3,1,950,25222,4000,137597,3,,M1:R5年5月!11
2305-008,2023-05-09,1023,田中,SODE,clean,,352000,352000,352000,税別,excl,survey,1,199000,0,0,0,61200,0,260200,880,228976,0,228976,0,15000,38000,0,38000,0,48000,18000,0,0,5000,8,0,352976,floor1000,-976,1,880,0,0,352976,-976,,M1:R5年5月!12
2305-009,2023-05-10,1072,田中,CALP,clean,,36000,36000,36000,税別,excl,,1,0,9600,0,9600,0,3000,12600,1000,12600,0,12600,0,0,3500,8500,12000,0,8000,0,0,0,0,22,4000,36600,floor1000,-600,1,1000,0,4000,36600,-600,,M1:R5年5月!13
2305-010,2023-05-10,1096,佐藤,ACM,clean,,57800,57800,57800,税別,excl,,1,12800,7920,0,7920,2400,2000,25120,950,23864,0,23864,0,10000,10100,1900,12000,0,8000,0,0,0,0,24,4000,57864,floor100,-64,1,950,0,4000,57864,-64,,M1:R5年5月!14
2305-011,2023-05-10,1002,佐藤,IJ,clean,,22800,22800,22800,税別,excl,rush;repeat,1,0,17600,0,17600,0,0,17600,1000,17600,0,17600,5280,0,0,0,0,0,0,0,0,0,0,0,0,22880,floor100,-80,1,1000,5280,0,22880,-80,,M1:R5年5月!15
2305-012,2023-05-11,9999,田中,ACM,clean,,236000,236000,259600,税込,incl,survey;corner_r;holes,1,64000,74800,7480,67320,19000,2000,152320,1000,152320,0,152320,0,10000,53600,0,53600,0,0,0,0,0,5000,52,16000,236920,floor1000,-920,1,1000,0,16000,236920,-920,,M1:R5年5月!16
2305-013,2023-05-11,9999,佐藤,CALP,clean,,102300,102300,112500,税込,incl,,1,0,72300,0,72300,0,3000,75300,1000,75300,0,75300,0,3000,7000,5000,12000,0,8000,0,0,0,0,13,4000,102300,floor100,0,1,1000,0,4000,102300,0,,M1:R5年5月!17
2305-014,2023-05-11,1084,田中,IJ,clean,,13100,13100,13100,税別,excl,no_grommet,1,0,14400,0,14400,0,2000,16400,800,13120,0,13120,0,0,0,0,0,0,0,0,0,0,0,0,0,13120,floor100,-20,1,800,0,0,13120,-20,,M1:R5年5月!18
2305-015,2023-05-12,9999,佐藤,ACM,clean,,63000,63000,63000,税別,excl,,1,12000,8800,0,8800,1200,2000,24000,1000,24000,0,24000,0,10000,11000,1000,12000,0,8000,0,0,0,0,33,9000,63000,floor100,0,1,1000,0,9000,63000,0,,M1:R5年5月!19
2305-016,2023-05-15,1012,佐藤,IJ,clean,,5000,5000,5000,税別,excl,repeat,1,0,4760,0,4760,0,0,4760,800,3808,1192,5000,0,0,0,0,0,0,0,0,0,0,0,0,0,5000,floor100,0,1,800,0,0,5000,0,,M1:R5年5月!20
2305-017,2023-05-15,1048,田中,ACM,clean,,10100,10100,10100,税別,excl,holes;repeat,1,6400,2200,0,2200,1500,0,10100,1000,10100,0,10100,0,0,0,0,0,0,0,0,0,0,0,0,0,10100,floor100,0,1,1000,0,0,10100,0,,M1:R5年5月!21
2305-018,2023-05-15,1067,佐藤,ACM,clean,,71200,71200,71200,税別,excl,removal;disposal,1,6400,2640,0,2640,1200,2000,12240,1000,12240,0,12240,0,10000,5900,6100,12000,0,8000,0,15000,5000,0,42,9000,71240,floor100,-40,1,1000,0,9000,71240,-40,,M1:R5年5月!22
2305-019,2023-05-15,9999,佐藤,CALP,clean,,59000,59000,59000,税別,excl,,1,0,30000,0,30000,0,3000,33000,1000,33000,0,33000,0,6000,7000,5000,12000,0,8000,0,0,0,0,1,0,59000,floor100,0,1,1000,0,0,59000,0,,M1:R5年5月!23
2305-020,2023-05-15,1023,田中,ACM,clean,,45000,45000,45000,税別,excl,night,1,6400,7480,0,7480,1200,2000,17080,880,15030,0,15030,0,0,10100,1900,12000,6000,8000,0,0,0,0,19,4000,45030,floor1000,-30,1,880,0,4000,45030,-30,,M1:R5年5月!24
2305-021,2023-05-15,9999,鈴木,IJ,clean,,215200,215200,236700,税込,incl,removal;disposal,1,0,147960,14796,133164,8400,2000,143564,1000,143564,0,143564,0,0,42660,0,42660,0,0,0,15000,5000,0,33,9000,215224,floor100,-24,1,1000,0,9000,215224,-24,,M1:R5年5月!25
2305-022,2023-05-17,1055,田中,CALP,clean,,72000,72000,72000,税別,excl,removal;disposal,1,0,22680,0,22680,0,3000,25680,1000,25680,0,25680,0,3000,6300,5700,12000,0,8000,0,15000,5000,0,18,4000,72680,floor1000,-680,1,1000,0,4000,72680,-680,,M1:R5年5月!26
2305-023,2023-05-18,1040,佐藤,CALP,clean,,46100,46100,46100,税別,excl,,1,0,7160,0,7160,0,3000,10160,1000,10160,0,10160,0,0,2800,9200,12000,0,8000,0,0,0,0,66,16000,46160,floor100,-60,1,1000,0,16000,46160,-60,,M1:R5年5月!27
2305-024,2023-05-19,1046,佐藤,IJ,clean,,26000,26000,26000,税別,excl,,1,0,16000,0,16000,0,2000,18000,1000,18000,0,18000,0,8000,0,0,0,0,0,0,0,0,0,0,0,26000,floor100,0,1,1000,0,0,26000,0,,M1:R5年5月!28
2305-025,2023-05-19,1033,田中,IJ,clean,,44000,44000,44000,税別,excl,rush,1,0,1700,0,1700,0,2000,3700,1000,3700,1300,5000,3000,8000,900,11100,12000,0,0,0,0,0,0,75,16000,44000,floor1000,0,1,1000,3000,16000,44000,0,,M1:R5年5月!29
2305-026,2023-05-20,1042,田中,CALP,clean,,81000,81000,81000,税別,excl,,1,0,31240,0,31240,0,3000,34240,950,32528,0,32528,0,0,7700,4300,12000,0,28000,0,0,0,0,38,9000,81528,floor1000,-528,1,950,0,9000,81528,-528,,M1:R5年5月!30
2305-027,2023-05-22,1042,佐藤,ACM,clean,,156600,156600,156600,税別,excl,rush,1,36000,26400,0,26400,6000,2000,70400,950,66880,0,66880,20064,10000,22700,0,22700,0,28000,0,0,0,0,33,9000,156644,floor100,-44,1,950,20064,9000,156644,-44,,M1:R5年5月!31
2305-028,2023-05-22,9999,鈴木,IJ,clean,,37900,37900,41600,税込,incl,,1,0,29592,0,29592,3360,2000,34952,1000,34952,0,34952,0,3000,0,0,0,0,0,0,0,0,0,0,0,37952,floor100,-52,1,1000,0,0,37952,-52,,M1:R5年5月!32
2305-029,2023-05-22,1045,渡辺,CALP,clean,,74000,74000,74000,,excl,,1,0,24960,0,24960,0,3000,27960,1000,27960,0,27960,0,6000,9100,2900,12000,0,28000,0,0,0,0,8,0,73960,halfup100,40,1,1000,0,0,73960,40,,M1:R5年5月!33
2305-030,2023-05-22,1048,田中,CALP,clean,,118000,118000,118000,税別,excl,,1,0,62650,4035,58615,0,3000,61615,1000,61615,0,61615,0,0,24500,0,24500,0,28000,0,0,0,0,14,4000,118115,floor1000,-115,1,1000,0,4000,118115,-115,,M1:R5年5月!34
2305-031,2023-05-23,1068,渡辺,ACM,clean,,59900,59900,59900,,excl,rush;removal;disposal,1,6400,5280,0,5280,2400,2000,16080,1000,16080,0,16080,4824,3000,8300,3700,12000,0,0,0,15000,5000,0,14,4000,59904,halfup100,-4,1,1000,4824,4000,59904,-4,,M1:R5年5月!35
2305-032,2023-05-23,1080,渡辺,ACM,digit_typo,"sub: intended 120600, written 129600",120600,120600,129600,,excl,holes,1,60000,63800,6380,57420,7500,2000,126920,950,120574,0,120574,0,0,0,0,0,0,0,0,0,0,0,0,0,120574,halfup100,26,1,950,0,0,120574,26,,M1:R5年5月!36
2305-033,2023-05-23,1092,田中,ACM,clean,,46000,46000,46000,税別,excl,,1,6400,14960,0,14960,1200,2000,24560,950,23332,0,23332,0,3000,10100,1900,12000,0,8000,0,0,0,0,1,0,46332,floor1000,-332,1,950,0,0,46332,-332,,M1:R5年5月!37
2305-034,2023-05-24,1091,渡辺,CALP,clean,,76600,76600,76600,,excl,,1,0,70560,0,70560,0,3000,73560,1000,73560,0,73560,0,3000,0,0,0,0,0,0,0,0,0,0,0,76560,halfup100,40,1,1000,0,0,76560,40,,M1:R5年5月!38
2305-035,2023-05-24,1085,佐藤,SODE,clean,,505200,505200,505200,税別,excl,,1,264000,0,0,0,103200,0,367200,1000,367200,0,367200,0,0,76000,0,76000,0,28000,18000,0,0,0,66,16000,505200,floor100,0,1,1000,0,16000,505200,0,,M1:R5年5月!39
2305-036,2023-05-24,9999,佐藤,ACM,clean,,17000,17000,18700,税込,incl,,1,6400,7480,0,7480,1200,2000,17080,1000,17080,0,17080,0,0,0,0,0,0,0,0,0,0,0,0,0,17080,floor100,-80,1,1000,0,0,17080,-80,,M1:R5年5月!40
2305-037,2023-05-24,1023,田中,SODE,clean,,242000,242000,242000,税別,excl,,1,95000,0,0,0,50000,0,145000,880,127600,0,127600,0,15000,38000,0,38000,0,28000,18000,0,0,0,66,16000,242600,floor1000,-600,1,880,0,16000,242600,-600,,M1:R5年5月!41
2305-038,2023-05-25,1012,田中,ACM,clean,,26200,26200,26200,税別,excl,holes,1,12800,14960,0,14960,3000,2000,32760,800,26208,0,26208,0,0,0,0,0,0,0,0,0,0,0,0,0,26208,floor100,-8,1,800,0,0,26208,-8,,M1:R5年5月!42
2305-039,2023-05-25,1042,佐藤,ACM,clean,,20300,20300,20300,税別,excl,holes,1,6400,960,0,960,1500,2000,10860,950,10317,0,10317,0,10000,0,0,0,0,0,0,0,0,0,0,0,20317,floor100,-17,1,950,0,0,20317,-17,,M1:R5年5月!43
2305-040,2023-05-25,9999,鈴木,ACM,clean,,65900,65900,72400,税込,incl,survey,1,19200,12320,0,12320,8400,2000,41920,1000,41920,0,41920,0,10000,0,0,0,0,0,0,0,0,5000,48,9000,65920,floor100,-20,1,1000,0,9000,65920,-20,,M1:R5年5月!44
2305-041,2023-05-25,9999,佐藤,ACM,clean,,15700,15700,17200,税込,incl,,1,6400,6160,0,6160,1200,2000,15760,1000,15760,0,15760,0,0,0,0,0,0,0,0,0,0,0,0,0,15760,floor100,-60,1,1000,0,0,15760,-60,,M1:R5年5月!45
2305-042,2023-05-25,1022,佐藤,CALP,clean,,68400,68400,68400,税別,excl,,1,0,31200,0,31200,0,3000,34200,950,32490,0,32490,0,0,9100,2900,12000,0,8000,0,0,0,0,75,16000,68490,floor100,-90,1,950,0,16000,68490,-90,,M1:R5年5月!46
2305-043,2023-05-26,9999,鈴木,ACM,clean,,26800,26800,26800,税抜,excl,,1,12800,9680,0,9680,2400,2000,26880,1000,26880,0,26880,0,0,0,0,0,0,0,0,0,0,0,0,0,26880,floor100,-80,1,1000,0,0,26880,-80,,M1:R5年5月!47
2305-044,2023-05-29,1023,田中,ACM,stale_table,priced with table v0 instead of v1; diff=-1000,70000,69000,69000,税別,excl,night;removal,1,6400,1320,0,1320,1200,2000,10920,880,9609,0,9609,0,0,5900,6100,12000,6000,28000,0,15000,0,0,5,0,70609,floor1000,-609,0,880,0,0,69553,-553,,M1:R5年5月!48
2305-045,2023-05-29,9999,田中,ACM,stale_table,priced with table v0 instead of v1; diff=-9000,144000,135000,148500,税込,incl,,1,48000,51040,5104,45936,14400,2000,110336,1000,110336,0,110336,0,0,22100,0,22100,0,8000,0,0,0,0,24,4000,144436,floor1000,-436,0,1000,0,4000,135636,-636,,M1:R5年5月!49
2305-046,2023-05-29,9999,田中,ACM,clean,,420000,420000,420000,税別,excl,,1,240000,118800,11880,106920,72000,2000,420920,1000,420920,0,420920,0,0,0,0,0,0,0,0,0,0,0,0,0,420920,floor1000,-920,1,1000,0,0,420920,-920,,M1:R5年5月!50
2305-047,2023-05-30,1088,渡辺,ACM,clean,,56000,56000,61600,税込,incl,removal;disposal,1,6400,5440,0,5440,1200,2000,15040,1000,15040,0,15040,0,0,10100,1900,12000,0,0,0,15000,5000,0,48,9000,56040,halfup100,-40,1,1000,0,9000,56040,-40,,M1:R5年5月!51
2305-048,2023-05-30,1082,佐藤,IJ,clean,,16000,16000,16000,税別,excl,rush,1,0,840,0,840,0,2000,2840,1000,2840,2160,5000,3000,8000,0,0,0,0,0,0,0,0,0,0,0,16000,floor100,0,1,1000,3000,0,16000,0,,M1:R5年5月!52
2305-049,2023-05-30,1041,佐藤,CALP,multiplier_copy,multiplier 850 per mille used instead of 900; diff=-1400,73300,71900,71900,税別,excl,removal;disposal,1,0,24000,0,24000,0,3000,27000,900,24300,0,24300,0,0,10500,1500,12000,0,8000,0,15000,5000,0,35,9000,73300,floor100,0,1,850,0,9000,71950,-50,,M1:R5年5月!53
2305-050,2023-05-31,1049,田中,ACM,clean,,57000,57000,57000,税別,excl,,1,12800,7040,0,7040,4800,2000,26640,1000,26640,0,26640,0,10000,9500,2500,12000,0,0,0,0,0,0,35,9000,57640,floor1000,-640,1,1000,0,9000,57640,-640,,M1:R5年5月!54
2305-051,2023-05-31,1085,佐藤,CALP,clean,,62600,62600,62600,税別,excl,,1,0,7680,0,7680,0,3000,10680,1000,10680,0,10680,0,3000,2800,9200,12000,0,28000,0,0,0,0,42,9000,62680,floor100,-80,1,1000,0,9000,62680,-80,,M1:R5年5月!55
2306-001,2023-06-01,9999,渡辺,ACM,clean,,11400,11400,11400,,excl,,1,6400,1760,0,1760,1200,2000,11360,1000,11360,0,11360,0,0,0,0,0,0,0,0,0,0,0,0,0,11360,halfup100,40,1,1000,0,0,11360,40,,M1:R5年6月!5
2306-002,2023-06-02,1068,渡辺,SODE,clean,,649400,649400,649400,,excl,,1,398000,0,0,0,122400,0,520400,1000,520400,0,520400,0,3000,76000,0,76000,0,28000,18000,0,0,0,11,4000,649400,halfup100,0,1,1000,0,4000,649400,0,,M1:R5年6月!6
2306-003,2023-06-02,1033,田中,IJ,clean,,5000,5000,5000,税別,excl,,1,0,1200,0,1200,0,2000,3200,1000,3200,1800,5000,0,0,0,0,0,0,0,0,0,0,0,0,0,5000,floor100,0,1,1000,0,0,5000,0,,M1:R5年6月!7
2306-004,2023-06-02,9999,田中,CALP,clean,,75000,75000,82500,税込,incl,,1,0,30690,0,30690,0,3000,33690,1000,33690,0,33690,0,6000,6300,5700,12000,0,8000,0,0,0,0,80,16000,75690,floor1000,-690,1,1000,0,16000,75690,-690,,M1:R5年6月!8
2306-005,2023-06-02,9999,鈴木,IJ,clean,,42000,42000,46200,税込,incl,,1,0,20000,0,20000,0,2000,22000,1000,22000,0,22000,0,8000,9000,3000,12000,0,0,0,0,0,0,1,0,42000,floor100,0,1,1000,0,0,42000,0,,M1:R5年6月!9
2306-006,2023-06-02,1053,鈴木,IJ,clean,,5000,5000,5000,税抜,excl,no_grommet,1,0,1500,0,1500,0,2000,3500,950,3325,1675,5000,0,0,0,0,0,0,0,0,0,0,0,0,0,5000,floor100,0,1,950,0,0,5000,0,,M1:R5年6月!10
2306-007,2023-06-06,1023,佐藤,IJ,clean,,412000,412000,412000,税別,excl,removal;disposal;survey;repeat,1,0,334400,66880,267520,0,0,267520,880,235417,0,235417,0,0,143640,0,143640,0,8000,0,15000,5000,5000,6,0,412057,floor100,-57,1,880,0,0,412057,-57,,M1:R5年6月!11
2306-008,2023-06-06,1060,佐藤,IJ,clean,,49300,49300,49300,税別,excl,removal;disposal,1,0,12000,0,12000,0,2000,14000,950,13300,0,13300,0,0,4860,7140,12000,0,0,0,15000,5000,0,18,4000,49300,floor100,0,1,950,0,4000,49300,0,,M1:R5年6月!12
2306-009,2023-06-06,1004,佐藤,CALP,clean,,92000,92000,92000,税別,excl,removal;disposal,1,0,34040,0,34040,0,3000,37040,1000,37040,0,37040,0,6000,2800,9200,12000,0,8000,0,15000,5000,0,33,9000,92040,floor100,-40,1,1000,0,9000,92040,-40,,M1:R5年6月!13
2306-010,2023-06-07,1077,佐藤,ACM,clean,,35000,35000,35000,税別,excl,,1,6400,3080,0,3080,1200,2000,12680,950,12046,0,12046,0,3000,7100,4900,12000,0,8000,0,0,0,0,5,0,35046,floor100,-46,1,950,0,0,35046,-46,,M1:R5年6月!14
2306-011,2023-06-08,1079,佐藤,CALP,clean,,87100,87100,87100,税別,excl,night,1,0,34000,0,34000,0,3000,37000,950,35150,0,35150,0,6000,2800,9200,12000,6000,28000,0,0,0,0,8,0,87150,floor100,-50,1,950,0,0,87150,-50,,M1:R5年6月!15
2306-012,2023-06-08,1022,佐藤,ACM,clean,,51200,51200,51200,税別,excl,,1,12000,12760,0,12760,1200,2000,27960,950,26562,0,26562,0,3000,13700,0,13700,0,8000,0,0,0,0,8,0,51262,floor100,-62,1,950,0,0,51262,-62,,M1:R5年6月!16
2306-013,2023-06-08,1025,佐藤,SODE,clean,,198600,198600,198600,税別,excl,,1,132000,0,0,0,51600,0,183600,1000,183600,0,183600,0,15000,0,0,0,0,0,0,0,0,0,0,0,198600,floor100,0,1,1000,0,0,198600,0,,M1:R5年6月!17
2306-014,2023-06-09,9999,鈴木,SODE,clean,,337800,337800,337800,税抜,excl,,1,199000,0,0,0,62800,0,261800,1000,261800,0,261800,0,3000,38000,0,38000,0,8000,18000,0,0,0,27,9000,337800,floor100,0,1,1000,0,9000,337800,0,,M1:R5年6月!18
2306-015,2023-06-09,1025,佐藤,ACM,clean,,58200,58200,58200,税別,excl,,1,6400,2640,0,2640,1200,2000,12240,1000,12240,0,12240,0,10000,5600,6400,12000,0,8000,0,0,0,0,66,16000,58240,floor100,-40,1,1000,0,16000,58240,-40,,M1:R5年6月!19
2306-016,2023-06-09,1053,渡辺,ACM,stale_table,priced with table v0 instead of v1; diff=-2100,29600,27500,27500,,excl,,1,12000,12760,0,12760,1200,2000,27960,950,26562,0,26562,0,3000,0,0,0,0,0,0,0,0,0,0,0,29562,halfup100,38,0,950,0,0,27472,28,,M1:R5年6月!20
2306-017,2023-06-09,9999,鈴木,IJ,clean,,68500,68500,75300,税込,incl,no_grommet,1,0,73980,7398,66582,0,2000,68582,1000,68582,0,68582,0,0,0,0,0,0,0,0,0,0,0,0,0,68582,floor100,-82,1,1000,0,0,68582,-82,,M1:R5年6月!21
2306-018,2023-06-09,9999,渡辺,SODE,clean,,290000,290000,290000,,excl,rush,1,170000,0,0,0,0,0,170000,1000,170000,0,170000,51000,3000,38000,0,38000,0,28000,0,0,0,0,10,0,290000,halfup100,0,1,1000,51000,0,290000,0,,M1:R5年6月!22
2306-019,2023-06-12,9999,佐藤,ACM,clean,,26400,26400,29000,税込,incl,rush,1,6400,3080,0,3080,1200,2000,12680,1000,12680,0,12680,3804,10000,0,0,0,0,0,0,0,0,0,0,0,26484,floor100,-84,1,1000,3804,0,26484,-84,,M1:R5年6月!23
2306-020,2023-06-12,1019,田中,ACM,clean,,43000,43000,43000,税別,excl,rush,1,12800,24640,0,24640,2400,2000,41840,800,33472,0,33472,10041,0,0,0,0,0,0,0,0,0,0,0,0,43513,floor1000,-513,1,800,10041,0,43513,-513,,M1:R5年6月!24
2306-021,2023-06-13,1089,佐藤,ACM,clean,,22800,22800,22800,税別,excl,,1,6400,3960,0,3960,1200,2000,13560,950,12882,0,12882,0,10000,0,0,0,0,0,0,0,0,0,0,0,22882,floor100,-82,1,950,0,0,22882,-82,,M1:R5年6月!25
2306-022,2023-06-14,1048,田中,CALP,clean,,74000,74000,74000,税別,excl,,1,0,31200,0,31200,0,3000,34200,1000,34200,0,34200,0,0,11200,800,12000,0,28000,0,0,0,0,1,0,74200,floor1000,-200,1,1000,0,0,74200,-200,,M1:R5年6月!26
2306-023,2023-06-15,9999,田中,IJ,clean,,56000,56000,61600,税込,incl,,1,0,22000,0,22000,0,2000,24000,1000,24000,0,24000,0,8000,9720,2280,12000,0,8000,0,0,0,0,18,4000,56000,floor1000,0,1,1000,0,4000,56000,0,,M1:R5年6月!27
2306-024,2023-06-15,9999,鈴木,ACM,clean,,117300,117300,117300,税抜,excl,,1,32000,74800,7480,67320,6000,2000,107320,1000,107320,0,107320,0,10000,0,0,0,0,0,0,0,0,0,0,0,117320,floor100,-20,1,1000,0,0,117320,-20,,M1:R5年6月!28
2306-025,2023-06-15,9999,渡辺,SODE,clean,,379200,379200,379200,,excl,removal;disposal,1,199000,0,0,0,61200,0,260200,1000,260200,0,260200,0,15000,38000,0,38000,0,28000,18000,15000,5000,0,5,0,379200,halfup100,0,1,1000,0,0,379200,0,,M1:R5年6月!29
2306-026,2023-06-15,1077,渡辺,IJ,rush_unrecorded,rush surcharge 3000 applied without rush wording in remarks,15100,18100,18100,,excl,,1,0,5425,0,5425,0,2000,7425,950,7053,0,7053,0,8000,0,0,0,0,0,0,0,0,0,0,0,15053,halfup100,47,1,950,3000,0,18053,47,,M1:R5年6月!30
2306-027,2023-06-15,1010,佐藤,IJ,clean,,11200,11200,11200,税別,excl,,1,0,9863,0,9863,0,2000,11863,950,11269,0,11269,0,0,0,0,0,0,0,0,0,0,0,0,0,11269,floor100,-69,1,950,0,0,11269,-69,,M1:R5年6月!31
2306-028,2023-06-15,9999,田中,ACM,clean,,35000,35000,35000,税別,excl,,1,12800,7920,0,7920,2400,2000,25120,1000,25120,0,25120,0,10000,0,0,0,0,0,0,0,0,0,0,0,35120,floor1000,-120,1,1000,0,0,35120,-120,,M1:R5年6月!32
2306-029,2023-06-15,1056,渡辺,ACM,clean,,28100,28100,28100,,excl,,1,6400,3520,0,3520,1200,2000,13120,1000,13120,0,13120,0,3000,7400,4600,12000,0,0,0,0,0,0,1,0,28120,halfup100,-20,1,1000,0,0,28120,-20,,M1:R5年6月!33
2306-030,2023-06-16,1035,田中,IJ,clean,,18800,18800,18800,税別,excl,,1,0,16800,0,16800,0,2000,18800,1000,18800,0,18800,0,0,0,0,0,0,0,0,0,0,0,0,0,18800,floor100,0,1,1000,0,0,18800,0,,M1:R5年6月!34
2306-031,2023-06-16,1077,佐藤,CALP,clean,,64100,64100,64100,税別,excl,removal;disposal,1,0,22400,0,22400,0,3000,25400,950,24130,0,24130,0,0,9800,2200,12000,0,8000,0,15000,5000,0,8,0,64130,floor100,-30,1,950,0,0,64130,-30,,M1:R5年6月!35
2306-032,2023-06-16,1041,佐藤,SODE,clean,,334600,334600,334600,税別,excl,removal;disposal;survey,1,170000,0,0,0,59600,0,229600,900,206640,0,206640,0,15000,38000,0,38000,0,28000,18000,15000,5000,5000,11,4000,334640,floor100,-40,1,900,0,4000,334640,-40,,M1:R5年6月!36
2306-033,2023-06-16,1041,佐藤,CALP,clean,,78600,78600,78600,税別,excl,,1,0,58800,0,58800,0,3000,61800,900,55620,0,55620,0,3000,9800,2200,12000,0,8000,0,0,0,0,8,0,78620,floor100,-20,1,900,0,0,78620,-20,,M1:R5年6月!37
2306-034,2023-06-20,9999,田中,SODE,clean,,201000,201000,221100,税込,incl,,1,132000,0,0,0,0,0,132000,1000,132000,0,132000,0,3000,38000,0,38000,0,28000,0,0,0,0,5,0,201000,floor1000,0,1,1000,0,0,201000,0,,M1:R5年6月!38
2306-035,2023-06-21,1012,佐藤,IJ,clean,,16000,16000,16000,税別,excl,,1,0,18000,0,18000,0,2000,20000,800,16000,0,16000,0,0,0,0,0,0,0,0,0,0,0,0,0,16000,floor100,0,1,800,0,0,16000,0,,M1:R5年6月!39
2306-036,2023-06-21,1053,鈴木,ACM,clean,,59100,59100,59100,税抜,excl,,1,6400,3960,0,3960,3600,2000,15960,950,15162,0,15162,0,0,7700,4300,12000,0,28000,0,0,0,0,13,4000,59162,floor100,-62,1,950,0,4000,59162,-62,,M1:R5年6月!40
2306-037,2023-06-21,1085,佐藤,IJ,clean,,5600,5600,5600,税別,excl,,1,0,3000,0,3000,600,2000,5600,1000,5600,0,5600,0,0,0,0,0,0,0,0,0,0,0,0,0,5600,floor100,0,1,1000,0,0,5600,0,,M1:R5年6月!41
2306-038,2023-06-21,1029,田中,IJ,clean,,44000,44000,44000,税別,excl,,1,0,39948,0,39948,0,2000,41948,1000,41948,0,41948,0,3000,0,0,0,0,0,0,0,0,0,0,0,44948,floor1000,-948,1,1000,0,0,44948,-948,,M1:R5年6月!42
2306-039,2023-06-21,1085,佐藤,CALP,clean,,57600,57600,57600,税別,excl,,1,0,48600,0,48600,0,3000,51600,1000,51600,0,51600,0,6000,0,0,0,0,0,0,0,0,0,0,0,57600,floor100,0,1,1000,0,0,57600,0,,M1:R5年6月!43
2306-040,2023-06-21,9999,田中,ACM,clean,,64000,64000,70400,税込,incl,rush;removal;disposal,1,6400,7480,0,7480,1200,2000,17080,1000,17080,0,17080,5124,10000,10100,1900,12000,0,0,0,15000,5000,0,5,0,64204,floor1000,-204,1,1000,5124,0,64204,-204,,M1:R5年6月!44
2306-041,2023-06-21,1092,田中,SODE,revision_v1,travel fee 4000 omitted in v1; corrected in re-issued quote,200000,196000,196000,税別,excl,survey,1,95000,0,0,0,0,0,95000,950,90250,0,90250,0,15000,38000,0,38000,0,48000,0,0,0,5000,11,4000,200250,floor1000,-250,1,950,0,0,196250,-250,v2=2306-041-2,M1:R5年6月!45
2306-041-2,2023-06-23,1092,田中,SODE,revision_v2,correction of v1 (travel fee added); priced by rules,200000,200000,200000,税別,excl,survey,1,95000,0,0,0,0,0,95000,950,90250,0,90250,0,15000,38000,0,38000,0,48000,0,0,0,5000,11,4000,200250,floor1000,-250,1,950,0,4000,200250,-250,v1=2306-041,M1:R5年6月!49
2306-042,2023-06-21,1009,佐藤,IJ,clean,,97100,97100,97100,税別,excl,,1,0,78000,7800,70200,24960,2000,97160,1000,97160,0,97160,0,0,0,0,0,0,0,0,0,0,0,0,0,97160,floor100,-60,1,1000,0,0,97160,-60,,M1:R5年6月!46
2306-043,2023-06-21,9999,田中,ACM,manager_discount,undocumented discount 8000 (8.2%) from rule_net 98000,98000,90000,99000,税込,incl,,1,36000,23320,0,23320,13200,2000,74520,1000,74520,0,74520,0,3000,20900,0,20900,0,0,0,0,0,0,10,0,98420,floor1000,-420,1,1000,0,0,98420,-8420,,M1:R5年6月!47
2306-044,2023-06-23,9999,鈴木,ACM,clean,,41300,41300,45400,税込,incl,corner_r,1,6400,1320,0,1320,1600,2000,11320,1000,11320,0,11320,0,10000,5900,6100,12000,0,8000,0,0,0,0,10,0,41320,floor100,-20,1,1000,0,0,41320,-20,,M1:R5年6月!48
2306-045,2023-06-23,1022,渡辺,CALP,clean,,54400,54400,54400,,excl,night,1,0,25920,0,25920,0,3000,28920,950,27474,0,27474,0,0,12600,0,12600,6300,8000,0,0,0,0,1,0,54374,halfup100,26,1,950,0,0,54374,26,,M1:R5年6月!50
2306-046,2023-06-24,1056,田中,ACM,stale_table,priced with table v0 instead of v1; diff=-1000,50000,49000,49000,税別,excl,,1,6400,1760,0,1760,1200,2000,11360,1000,11360,0,11360,0,10000,6200,5800,12000,0,8000,0,0,0,0,42,9000,50360,floor1000,-360,0,1000,0,9000,49160,-160,,M1:R5年6月!51
2306-047,2023-06-26,1042,佐藤,ACM,clean,,35500,35500,35500,税別,excl,,1,6400,2560,0,2560,1200,2000,12160,950,11552,0,11552,0,0,7400,4600,12000,0,8000,0,0,0,0,13,4000,35552,floor100,-52,1,950,0,4000,35552,-52,,M1:R5年6月!52
2306-048,2023-06-26,1053,渡辺,SODE,clean,,262400,262400,262400,,excl,removal;disposal,1,132000,0,0,0,0,0,132000,950,125400,0,125400,0,15000,38000,0,38000,0,48000,0,15000,5000,0,52,16000,262400,halfup100,0,1,950,0,16000,262400,0,,M1:R5年6月!53
2306-049,2023-06-26,1035,田中,CALP,clean,,47000,47000,47000,税別,excl,,1,0,38880,0,38880,0,3000,41880,1000,41880,0,41880,0,6000,0,0,0,0,0,0,0,0,0,0,0,47880,floor1000,-880,1,1000,0,0,47880,-880,,M1:R5年6月!54
2306-050,2023-06-26,1074,渡辺,SODE,clean,,193500,193500,193500,,excl,rush,1,95000,0,0,0,0,0,95000,1000,95000,0,95000,28500,0,38000,0,38000,0,28000,0,0,0,0,22,4000,193500,halfup100,0,1,1000,28500,4000,193500,0,,M1:R5年6月!55
2306-051,2023-06-27,1053,渡辺,ACM,stale_table,priced with table v0 instead of v1; diff=-1200,12800,11600,11600,,excl,,1,6400,2640,0,2640,2400,2000,13440,950,12768,0,12768,0,0,0,0,0,0,0,0,0,0,0,0,0,12768,halfup100,32,0,950,0,0,11628,-28,,M1:R5年6月!56
2306-052,2023-06-28,1096,佐藤,CALP,clean,,371100,371100,371100,税別,excl,,1,0,347490,25403,322087,0,3000,325087,950,308832,0,308832,0,3000,27300,0,27300,0,28000,0,0,0,0,19,4000,371132,floor100,-32,1,950,0,4000,371132,-32,,M1:R5年6月!57
2306-053,2023-06-28,1026,渡辺,IJ,clean,,23400,23400,23400,,excl,,1,0,6400,0,6400,0,2000,8400,1000,8400,0,8400,0,3000,2700,9300,12000,0,0,0,0,0,0,5,0,23400,halfup100,0,1,1000,0,0,23400,0,,M1:R5年6月!58
2306-054,2023-06-29,1088,渡辺,IJ,clean,,14900,14900,16300,税込,incl,,1,0,9863,0,9863,0,2000,11863,1000,11863,0,11863,0,3000,0,0,0,0,0,0,0,0,0,0,0,14863,halfup100,37,1,1000,0,0,14863,37,,M1:R5年6月!59
2306-055,2023-06-29,1048,佐藤,ACM,clean,,65200,65200,65200,税別,excl,,1,12800,26400,0,26400,24000,2000,65200,1000,65200,0,65200,0,0,0,0,0,0,0,0,0,0,0,0,0,65200,floor100,0,1,1000,0,0,65200,0,,M1:R5年6月!60
2306-056,2023-06-29,9999,田中,IJ,clean,,48000,48000,48000,税別,excl,,1,0,46580,0,46580,0,2000,48580,1000,48580,0,48580,0,0,0,0,0,0,0,0,0,0,0,0,0,48580,floor1000,-580,1,1000,0,0,48580,-580,,M1:R5年6月!61
2306-057,2023-06-29,1072,田中,IJ,clean,,8000,8000,8000,税別,excl,,1,0,2100,0,2100,480,2000,4580,1000,4580,420,5000,0,3000,0,0,0,0,0,0,0,0,0,0,0,8000,floor100,0,1,1000,0,0,8000,0,,M1:R5年6月!62
2306-058,2023-06-29,9999,渡辺,IJ,clean,,20000,20000,20000,,excl,,1,0,2720,0,2720,0,2000,4720,1000,4720,280,5000,0,3000,1440,10560,12000,0,0,0,0,0,0,6,0,20000,halfup100,0,1,1000,0,0,20000,0,,M1:R5年6月!63
2306-059,2023-06-30,9999,田中,IJ,clean,,18200,18200,18200,税別,excl,,1,0,8220,0,8220,0,2000,10220,1000,10220,0,10220,0,8000,0,0,0,0,0,0,0,0,0,0,0,18220,floor100,-20,1,1000,0,0,18220,-20,,M1:R5年6月!64
2306-060,2023-06-30,1041,佐藤,ACM,clean,,49300,49300,49300,税別,excl,removal,1,6400,1920,0,1920,1200,2000,11520,900,10368,0,10368,0,0,6800,5200,12000,0,8000,0,15000,0,0,18,4000,49368,floor100,-68,1,900,0,4000,49368,-68,,M1:R5年6月!65
2307-001,2023-07-01,1008,田中,ACM,clean,,32000,32000,32000,税別,excl,,1,6400,2640,0,2640,1200,2000,12240,1000,12240,0,12240,0,0,5900,6100,12000,0,8000,0,0,0,0,1,0,32240,floor1000,-240,1,1000,0,0,32240,-240,,M1:R5年7月!5
2307-002,2023-07-01,1095,田中,IJ,clean,,80000,80000,80000,税別,excl,,1,0,69300,6930,62370,8400,2000,72770,1000,72770,0,72770,0,8000,0,0,0,0,0,0,0,0,0,0,0,80770,floor1000,-770,1,1000,0,0,80770,-770,,M1:R5年7月!6
2307-003,2023-07-03,9999,田中,ACM,manager_discount,undocumented discount 4000 (9.1%) from rule_net 44000,44000,40000,40000,税別,excl,survey,1,12800,10560,0,10560,2400,2000,27760,1000,27760,0,27760,0,0,11900,100,12000,0,0,0,0,0,5000,5,0,44760,floor1000,-760,1,1000,0,0,44760,-4760,,M1:R5年7月!7
2307-004,2023-07-03,1023,田中,IJ,clean,,119000,119000,119000,税別,excl,repeat,1,0,150918,15091,135827,0,0,135827,880,119527,0,119527,0,0,0,0,0,0,0,0,0,0,0,0,0,119527,floor1000,-527,1,880,0,0,119527,-527,,M1:R5年7月!8
2307-005,2023-07-03,9999,鈴木,IJ,clean,,80400,80400,80400,税抜,excl,,1,0,83844,8384,75460,0,2000,77460,1000,77460,0,77460,0,3000,0,0,0,0,0,0,0,0,0,0,0,80460,floor100,-60,1,1000,0,0,80460,-60,,M1:R5年7月!9
2307-006,2023-07-04,1074,渡辺,CALP,clean,,70800,70800,70800,,excl,survey,1,0,52800,0,52800,0,3000,55800,1000,55800,0,55800,0,6000,0,0,0,0,0,0,0,0,5000,22,4000,70800,halfup100,0,1,1000,0,4000,70800,0,,M1:R5年7月!10
2307-007,2023-07-04,1042,鈴木,SODE,clean,,292400,292400,292400,税抜,excl,,1,132000,0,0,0,54800,0,186800,950,177460,0,177460,0,15000,38000,0,38000,0,28000,18000,0,0,0,55,16000,292460,floor100,-60,1,950,0,16000,292460,-60,,M1:R5年7月!11
2307-008,2023-07-04,1023,田中,IJ,clean,,43000,43000,43000,税別,excl,night;repeat,1,0,18480,0,18480,0,0,18480,880,16262,0,16262,0,0,10980,1020,12000,6000,0,0,0,0,0,48,9000,43262,floor1000,-262,1,880,0,9000,43262,-262,,M1:R5年7月!12
2307-009,2023-07-04,9999,渡辺,IJ,clean,,64700,64700,71100,税込,incl,,1,0,61650,6165,55485,7200,2000,64685,1000,64685,0,64685,0,0,0,0,0,0,0,0,0,0,0,0,0,64685,halfup100,15,1,1000,0,0,64685,15,,M1:R5年7月!13
2307-010,2023-07-04,1022,佐藤,CALP,clean,,65500,65500,65500,税別,excl,,1,0,14400,0,14400,0,3000,17400,950,16530,0,16530,0,0,4200,7800,12000,0,28000,0,0,0,0,27,9000,65530,floor100,-30,1,950,0,9000,65530,-30,,M1:R5年7月!14
2307-011,2023-07-05,9999,田中,ACM,clean,,48000,48000,52800,税込,incl,,1,12800,8800,0,8800,6000,2000,29600,1000,29600,0,29600,0,3000,10400,1600,12000,0,0,0,0,0,0,13,4000,48600,floor1000,-600,1,1000,0,4000,48600,-600,,M1:R5年7月!15
2307-012,2023-07-05,9999,佐藤,IJ,clean,,34600,34600,38000,税込,incl,,1,0,13600,0,13600,0,2000,15600,1000,15600,0,15600,0,3000,7200,4800,12000,0,0,0,0,0,0,13,4000,34600,floor100,0,1,1000,0,4000,34600,0,,M1:R5年7月!16
2307-013,2023-07-06,9999,渡辺,ACM,multiplier_copy,multiplier 800 per mille used instead of 1000; diff=-2800,48400,45600,50100,税込,incl,,1,6400,4840,0,4840,1200,2000,14440,1000,14440,0,14440,0,10000,8300,3700,12000,0,8000,0,0,0,0,11,4000,48440,halfup100,-40,1,800,0,4000,45552,48,,M1:R5年7月!17
2307-014,2023-07-06,1006,佐藤,IJ,clean,,5000,5000,5000,税別,excl,,1,0,2000,0,2000,0,2000,4000,1000,4000,1000,5000,0,0,0,0,0,0,0,0,0,0,0,0,0,5000,floor100,0,1,1000,0,0,5000,0,,M1:R5年7月!18
2307-015,2023-07-06,9999,渡辺,IJ,clean,,24900,24900,27300,税込,incl,,1,0,10880,0,10880,0,2000,12880,1000,12880,0,12880,0,0,5220,6780,12000,0,0,0,0,0,0,1,0,24880,halfup100,20,1,1000,0,0,24880,20,,M1:R5年7月!19
2307-016,2023-07-06,1085,佐藤,IJ,clean,,5000,5000,5000,税別,excl,,1,0,1200,0,1200,0,2000,3200,1000,3200,1800,5000,0,0,0,0,0,0,0,0,0,0,0,0,0,5000,floor100,0,1,1000,0,0,5000,0,,M1:R5年7月!20
2307-017,2023-07-07,1022,佐藤,ACM,clean,,10300,10300,10300,税別,excl,,1,6400,1320,0,1320,1200,2000,10920,950,10374,0,10374,0,0,0,0,0,0,0,0,0,0,0,0,0,10374,floor100,-74,1,950,0,0,10374,-74,,M1:R5年7月!21
2307-018,2023-07-10,1049,田中,IJ,clean,,5000,5000,5000,税別,excl,repeat,1,0,1800,0,1800,480,0,2280,1000,2280,2720,5000,0,0,0,0,0,0,0,0,0,0,0,0,0,5000,floor100,0,1,1000,0,0,5000,0,,M1:R5年7月!22
2307-019,2023-07-10,9999,佐藤,IJ,clean,,45200,45200,49700,税込,incl,removal,1,0,4219,0,4219,0,2000,6219,1000,6219,0,6219,0,8000,2160,9840,12000,0,0,0,15000,0,0,11,4000,45219,floor100,-19,1,1000,0,4000,45219,-19,,M1:R5年7月!23
2307-020,2023-07-11,1022,佐藤,SODE,clean,,280400,280400,280400,税別,excl,removal,1,132000,0,0,0,54800,0,186800,950,177460,0,177460,0,0,38000,0,38000,0,28000,18000,15000,0,0,22,4000,280460,floor100,-60,1,950,0,4000,280460,-60,,M1:R5年7月!24
2307-021,2023-07-11,9999,田中,IJ,clean,,72000,72000,72000,税別,excl,,1,0,69048,6904,62144,0,2000,64144,1000,64144,0,64144,0,8000,0,0,0,0,0,0,0,0,0,0,0,72144,floor1000,-144,1,1000,0,0,72144,-144,,M1:R5年7月!25
2307-022,2023-07-11,1023,田中,CALP,clean,,75000,75000,75000,税別,excl,night;removal;disposal,1,0,26520,918,25602,0,3000,28602,880,25169,0,25169,0,3000,18200,0,18200,9100,0,0,15000,5000,0,1,0,75469,floor1000,-469,1,880,0,0,75469,-469,,M1:R5年7月!26
2307-023,2023-07-11,1021,田中,IJ,clean,,48000,48000,48000,税別,excl,removal;survey,1,0,6800,0,6800,0,2000,8800,1000,8800,0,8800,0,8000,3060,8940,12000,0,0,0,15000,0,5000,5,0,48800,floor1000,-800,1,1000,0,0,48800,-800,,M1:R5年7月!27
2307-024,2023-07-12,9999,佐藤,CALP,clean,,27000,27000,29700,税込,incl,,1,0,24000,0,24000,0,3000,27000,1000,27000,0,27000,0,0,0,0,0,0,0,0,0,0,0,0,0,27000,floor100,0,1,1000,0,0,27000,0,,M1:R5年7月!28
2307-025,2023-07-12,1053,渡辺,ACM,clean,,52000,52000,52000,,excl,,1,24000,11000,0,11000,7200,2000,44200,950,41990,0,41990,0,10000,0,0,0,0,0,0,0,0,0,0,0,51990,halfup100,10,1,950,0,0,51990,10,,M1:R5年7月!29
2307-026,2023-07-12,9999,渡辺,IJ,clean,,53200,53200,58500,税込,incl,survey,1,0,30240,0,30240,0,2000,32240,1000,32240,0,32240,0,0,11880,120,12000,0,0,0,0,0,5000,13,4000,53240,halfup100,-40,1,1000,0,4000,53240,-40,,M1:R5年7月!30
2307-027,2023-07-12,1012,佐藤,ACM,clean,,198000,198000,198000,税別,excl,rush,1,70400,87120,8712,78408,39600,2000,190408,800,152326,0,152326,45697,0,0,0,0,0,0,0,0,0,0,0,0,198023,floor100,-23,1,800,45697,0,198023,-23,,M1:R5年7月!31
2307-028,2023-07-12,9999,田中,ACM,clean,,17000,17000,18700,税込,incl,,1,6400,7480,0,7480,1200,2000,17080,1000,17080,0,17080,0,0,0,0,0,0,0,0,0,0,0,0,0,17080,floor100,-80,1,1000,0,0,17080,-80,,M1:R5年7月!32
2307-029,2023-07-13,1047,田中,IJ,clean,,36000,36000,36000,税別,excl,,1,0,43840,0,43840,0,2000,45840,800,36672,0,36672,0,0,0,0,0,0,0,0,0,0,0,0,0,36672,floor1000,-672,1,800,0,0,36672,-672,,M1:R5年7月!33
2307-030,2023-07-13,1048,田中,IJ,clean,,161000,161000,161000,税別,excl,,1,0,176800,17680,159120,0,2000,161120,1000,161120,0,161120,0,0,0,0,0,0,0,0,0,0,0,0,0,161120,floor1000,-120,1,1000,0,0,161120,-120,,M1:R5年7月!34
2307-031,2023-07-13,9999,渡辺,IJ,clean,,28300,28300,31100,税込,incl,rush,1,0,13600,0,13600,0,2000,15600,1000,15600,0,15600,4680,8000,0,0,0,0,0,0,0,0,0,0,0,28280,halfup100,20,1,1000,4680,0,28280,20,,M1:R5年7月!35
2307-032,2023-07-13,1041,佐藤,SODE,clean,,256000,256000,256000,税別,excl,survey,1,170000,0,0,0,0,0,170000,900,153000,0,153000,0,3000,38000,0,38000,0,48000,0,0,0,5000,38,9000,256000,floor100,0,1,900,0,9000,256000,0,,M1:R5年7月!36
2307-033,2023-07-14,9999,佐藤,CALP,clean,,22600,22600,24800,税込,incl,,1,0,13640,0,13640,0,3000,16640,1000,16640,0,16640,0,6000,0,0,0,0,0,0,0,0,0,0,0,22640,floor100,-40,1,1000,0,0,22640,-40,,M1:R5年7月!37
2307-034,2023-07-14,1074,渡辺,ACM,stale_table,priced with table v0 instead of v1; diff=-1200,53100,51900,51900,,excl,,1,6400,3520,0,3520,1200,2000,13120,1000,13120,0,13120,0,0,7400,4600,12000,0,28000,0,0,0,0,1,0,53120,halfup100,-20,0,1000,0,0,51920,-20,,M1:R5年7月!38
2307-035,2023-07-14,1045,渡辺,CALP,clean,,106600,106600,106600,,excl,,1,0,72450,518,71932,0,3000,74932,1000,74932,0,74932,0,0,14700,0,14700,0,8000,0,0,0,0,27,9000,106632,halfup100,-32,1,1000,0,9000,106632,-32,,M1:R5年7月!39
2307-036,2023-07-14,1023,田中,ACM,clean,,75000,75000,75000,税別,excl,survey;corner_r,1,24000,11880,0,11880,7600,2000,45480,880,40022,0,40022,0,0,13100,0,13100,0,8000,0,0,0,5000,48,9000,75122,floor1000,-122,1,880,0,9000,75122,-122,,M1:R5年7月!40
2307-037,2023-07-14,1067,佐藤,SODE,clean,,236000,236000,236000,税別,excl,survey,1,170000,0,0,0,0,0,170000,1000,170000,0,170000,0,15000,38000,0,38000,0,8000,0,0,0,5000,6,0,236000,floor100,0,1,1000,0,0,236000,0,,M1:R5年7月!41
2307-038,2023-07-18,1023,田中,ACM,clean,,56000,56000,56000,税別,excl,removal;disposal,1,6400,5280,0,5280,2400,2000,16080,880,14150,0,14150,0,10000,8300,3700,12000,0,0,0,15000,5000,0,1,0,56150,floor1000,-150,1,880,0,0,56150,-150,,M1:R5年7月!42
2307-039,2023-07-19,9999,鈴木,IJ,clean,,21000,21000,21000,税抜,excl,,1,0,16000,0,16000,0,2000,18000,1000,18000,0,18000,0,3000,0,0,0,0,0,0,0,0,0,0,0,21000,floor100,0,1,1000,0,0,21000,0,,M1:R5年7月!43
2307-040,2023-07-19,1041,佐藤,ACM,clean,,90600,90600,90600,税別,excl,,1,48000,51040,5104,45936,4800,2000,100736,900,90662,0,90662,0,0,0,0,0,0,0,0,0,0,0,0,0,90662,floor100,-62,1,900,0,0,90662,-62,,M1:R5年7月!44
2307-041,2023-07-19,1049,田中,ACM,clean,,96000,96000,96000,税別,excl,,1,12000,25520,0,25520,1200,2000,40720,1000,40720,0,40720,0,10000,13700,0,13700,0,28000,0,0,0,0,22,4000,96420,floor1000,-420,1,1000,0,4000,96420,-420,,M1:R5年7月!45
2307-042,2023-07-20,1027,佐藤,ACM,clean,,25200,25200,25200,税別,excl,,1,6400,5280,0,5280,2400,2000,16080,950,15276,0,15276,0,10000,0,0,0,0,0,0,0,0,0,0,0,25276,floor100,-76,1,950,0,0,25276,-76,,M1:R5年7月!46
2307-043,2023-07-20,9999,田中,CALP,clean,,52000,52000,57200,税込,incl,,1,0,5760,0,5760,0,3000,8760,1000,8760,0,8760,0,0,2100,9900,12000,0,28000,0,0,0,0,24,4000,52760,floor1000,-760,1,1000,0,4000,52760,-760,,M1:R5年7月!47
2307-044,2023-07-20,9999,田中,SODE,clean,,214000,214000,235400,税込,incl,,1,199000,0,0,0,0,0,199000,1000,199000,0,199000,0,15000,0,0,0,0,0,0,0,0,0,0,0,214000,floor1000,0,1,1000,0,0,214000,0,,M1:R5年7月!48
2307-045,2023-07-21,1074,渡辺,ACM,clean,,28000,28000,28000,,excl,,1,12000,12760,0,12760,1200,2000,27960,1000,27960,0,27960,0,0,0,0,0,0,0,0,0,0,0,0,0,27960,halfup100,40,1,1000,0,0,27960,40,,M1:R5年7月!49
2307-046,2023-07-24,1012,佐藤,IJ,clean,,12700,12700,12700,税別,excl,,1,0,13152,0,13152,840,2000,15992,800,12793,0,12793,0,0,0,0,0,0,0,0,0,0,0,0,0,12793,floor100,-93,1,800,0,0,12793,-93,,M1:R5年7月!50
2307-047,2023-07-24,1012,佐藤,IJ,clean,,9900,9900,9900,税別,excl,,1,0,10400,0,10400,0,2000,12400,800,9920,0,9920,0,0,0,0,0,0,0,0,0,0,0,0,0,9920,floor100,-20,1,800,0,0,9920,-20,,M1:R5年7月!51
2307-048,2023-07-24,1012,佐藤,IJ,clean,,182800,182800,182800,税別,excl,,1,0,283220,56644,226576,0,2000,228576,800,182860,0,182860,0,0,0,0,0,0,0,0,0,0,0,0,0,182860,floor100,-60,1,800,0,0,182860,-60,,M1:R5年7月!52
2307-049,2023-07-24,1047,田中,CALP,clean,,42000,42000,42000,税別,excl,repeat,1,0,52800,0,52800,0,0,52800,800,42240,0,42240,0,0,0,0,0,0,0,0,0,0,0,0,0,42240,floor1000,-240,1,800,0,0,42240,-240,,M1:R5年7月!53
2307-050,2023-07-24,1023,田中,ACM,clean,,54000,54000,54000,税別,excl,survey,1,6400,1760,0,1760,1200,2000,11360,880,9996,0,9996,0,0,6200,5800,12000,0,28000,0,0,0,5000,5,0,54996,floor1000,-996,1,880,0,0,54996,-996,,M1:R5年7月!54
2307-051,2023-07-24,1041,佐藤,SODE,clean,,315600,315600,315600,税別,excl,,1,264000,0,0,0,0,0,264000,900,237600,0,237600,0,3000,38000,0,38000,0,28000,0,0,0,0,33,9000,315600,floor100,0,1,900,0,9000,315600,0,,M1:R5年7月!55
2307-052,2023-07-25,9999,田中,IJ,clean,,5000,5000,5500,税込,incl,,1,0,1680,0,1680,0,2000,3680,1000,3680,1320,5000,0,0,0,0,0,0,0,0,0,0,0,0,0,5000,floor100,0,1,1000,0,0,5000,0,,M1:R5年7月!56
2307-053,2023-07-25,1005,佐藤,IJ,clean,,7100,7100,7100,税別,excl,,1,0,6987,0,6987,0,2000,8987,800,7189,0,7189,0,0,0,0,0,0,0,0,0,0,0,0,0,7189,floor100,-89,1,800,0,0,7189,-89,,M1:R5年7月!57
2307-054,2023-07-25,1045,鈴木,SODE,clean,,253000,253000,253000,税抜,excl,,1,95000,0,0,0,50000,0,145000,1000,145000,0,145000,0,15000,38000,0,38000,0,28000,18000,0,0,0,35,9000,253000,floor100,0,1,1000,0,9000,253000,0,,M1:R5年7月!58
2307-055,2023-07-25,1023,田中,SODE,clean,,203000,203000,203000,税別,excl,survey,1,132000,0,0,0,0,0,132000,880,116160,0,116160,0,0,38000,0,38000,0,28000,0,0,0,5000,58,16000,203160,floor1000,-160,1,880,0,16000,203160,-160,,M1:R5年7月!59
2307-056,2023-07-25,1077,佐藤,ACM,clean,,50300,50300,50300,税別,excl,removal,1,6400,14960,0,14960,1200,2000,24560,950,23332,0,23332,0,0,10100,1900,12000,0,0,0,15000,0,0,19,0,50332,floor100,-32,1,950,0,0,50332,-32,,M1:R5年7月!60
2307-057,2023-07-25,1091,鈴木,ACM,clean,,21200,21200,21200,税抜,excl,holes,1,6400,1320,0,1320,1500,2000,11220,1000,11220,0,11220,0,10000,0,0,0,0,0,0,0,0,0,0,0,21220,floor100,-20,1,1000,0,0,21220,-20,,M1:R5年7月!61
2307-058,2023-07-25,1080,渡辺,SODE,clean,,447100,447100,447100,,excl,removal;disposal,1,264000,0,0,0,77200,0,341200,950,324140,0,324140,0,15000,38000,0,38000,0,28000,18000,15000,5000,0,14,4000,447140,halfup100,-40,1,950,0,4000,447140,-40,,M1:R5年7月!62
2307-059,2023-07-26,9999,佐藤,ACM,clean,,69400,69400,76300,税込,incl,rush;removal;disposal,1,6400,6160,0,6160,1200,2000,15760,1000,15760,0,15760,4728,0,9200,2800,12000,0,8000,0,15000,5000,0,35,9000,69488,floor100,-88,1,1000,4728,9000,69488,-88,,M1:R5年7月!63
2307-060,2023-07-26,1041,佐藤,IJ,clean,,75000,75000,75000,税別,excl,,1,0,90420,9042,81378,0,2000,83378,900,75040,0,75040,0,0,0,0,0,0,0,0,0,0,0,0,0,75040,floor100,-40,1,900,0,0,75040,-40,,M1:R5年7月!64
2307-061,2023-07-26,1091,渡辺,CALP,clean,,181000,181000,181000,,excl,rush,1,0,136200,0,136200,0,3000,139200,1000,139200,0,139200,41760,0,0,0,0,0,0,0,0,0,0,0,0,180960,halfup100,40,1,1000,41760,0,180960,40,,M1:R5年7月!65
2307-062,2023-07-26,1090,佐藤,CALP,clean,,48600,48600,48600,税別,excl,,1,0,39690,0,39690,0,3000,42690,1000,42690,0,42690,0,6000,0,0,0,0,0,0,0,0,0,0,0,48690,floor100,-90,1,1000,0,0,48690,-90,,M1:R5年7月!66
2307-063,2023-07-26,1089,田中,SODE,clean,,558000,558000,558000,税別,excl,,1,340000,0,0,0,119200,0,459200,950,436240,0,436240,0,0,76000,0,76000,0,28000,18000,0,0,0,1,0,558240,floor1000,-240,1,950,0,0,558240,-240,,M1:R5年7月!67
2307-064,2023-07-27,9999,田中,IJ,clean,,73000,73000,73000,税別,excl,,1,0,71400,0,71400,0,2000,73400,1000,73400,0,73400,0,0,0,0,0,0,0,0,0,0,0,0,0,73400,floor1000,-400,1,1000,0,0,73400,-400,,M1:R5年7月!68
2307-065,2023-07-27,1072,田中,CALP,clean,,92000,92000,92000,税別,excl,,1,0,66880,0,66880,0,3000,69880,1000,69880,0,69880,0,3000,7700,4300,12000,0,8000,0,0,0,0,5,0,92880,floor1000,-880,1,1000,0,0,92880,-880,,M1:R5年7月!69
2307-066,2023-07-27,1006,佐藤,CALP,clean,,19800,19800,19800,税別,excl,,1,0,10800,0,10800,0,3000,13800,1000,13800,0,13800,0,6000,0,0,0,0,0,0,0,0,0,0,0,19800,floor100,0,1,1000,0,0,19800,0,,M1:R5年7月!70
2307-067,2023-07-27,1048,田中,ACM,clean,,24200,24200,24200,税別,excl,,1,6400,2640,0,2640,1200,2000,12240,1000,12240,0,12240,0,0,6800,5200,12000,0,0,0,0,0,0,6,0,24240,floor100,-40,1,1000,0,0,24240,-40,,M1:R5年7月!71
2307-068,2023-07-28,9999,佐藤,IJ,clean,,16500,16500,18100,税込,incl,,1,0,14520,0,14520,0,2000,16520,1000,16520,0,16520,0,0,0,0,0,0,0,0,0,0,0,0,0,16520,floor100,-20,1,1000,0,0,16520,-20,,M1:R5年7月!72
2307-069,2023-07-31,1020,渡辺,IJ,clean,,11500,11500,11500,,excl,,1,0,10080,0,10080,0,2000,12080,950,11476,0,11476,0,0,0,0,0,0,0,0,0,0,0,0,0,11476,halfup100,24,1,950,0,0,11476,24,,M1:R5年7月!73
2307-070,2023-07-31,9999,佐藤,ACM,clean,,21300,21300,23400,税込,incl,,1,6400,10560,0,10560,2400,2000,21360,1000,21360,0,21360,0,0,0,0,0,0,0,0,0,0,0,0,0,21360,floor100,-60,1,1000,0,0,21360,-60,,M1:R5年7月!74
2307-071,2023-07-31,1088,渡辺,ACM,clean,,73300,73300,80600,税込,incl,removal;disposal,1,12800,12320,0,12320,4800,2000,31920,1000,31920,0,31920,0,0,13400,0,13400,0,8000,0,15000,5000,0,5,0,73320,halfup100,-20,1,1000,0,0,73320,-20,,M1:R5年7月!75
2307-072,2023-07-31,9999,渡辺,ACM,clean,,107200,107200,117900,税込,incl,holes,1,25600,26400,0,26400,15000,2000,69000,1000,69000,0,69000,0,0,21200,0,21200,0,8000,0,0,0,0,26,9000,107200,halfup100,0,1,1000,0,9000,107200,0,,M1:R5年7月!76
2308-001,2023-08-01,1091,渡辺,CALP,clean,,72100,72100,72100,,excl,removal,1,0,25840,0,25840,0,3000,28840,1000,28840,0,28840,0,3000,13300,0,13300,0,8000,0,15000,0,0,11,4000,72140,halfup100,-40,1,1000,0,4000,72140,-40,,M1:R5年8月!5
2308-002,2023-08-02,1023,鈴木,ACM,clean,,25000,25000,25000,税抜,excl,,1,6400,5280,0,5280,1200,2000,14880,880,13094,0,13094,0,0,8600,3400,12000,0,0,0,0,0,0,6,0,25094,floor100,-94,1,880,0,0,25094,-94,,M1:R5年8月!6
2308-003,2023-08-02,1013,佐藤,IJ,clean,,8000,8000,8000,税別,excl,,1,0,900,0,900,360,2000,3260,1000,3260,1740,5000,0,3000,0,0,0,0,0,0,0,0,0,0,0,8000,floor100,0,1,1000,0,0,8000,0,,M1:R5年8月!7
2308-004,2023-08-03,9999,田中,ACM,clean,,121000,121000,133100,税込,incl,rush,1,24000,13200,0,13200,7200,2000,46400,1000,46400,0,46400,13920,10000,14000,0,14000,0,28000,0,0,0,0,26,9000,121320,floor1000,-320,1,1000,13920,9000,121320,-320,,M1:R5年8月!8
2308-005,2023-08-03,1023,田中,ACM,clean,,63000,63000,63000,税別,excl,,1,12800,14960,0,14960,2400,2000,32160,880,28300,0,28300,0,3000,14900,0,14900,0,8000,0,0,0,0,26,9000,63200,floor1000,-200,1,880,0,9000,63200,-200,,M1:R5年8月!9
2308-006,2023-08-03,9999,佐藤,ACM,clean,,113900,113900,125200,税込,incl,,1,19200,22440,0,22440,3600,2000,47240,1000,47240,0,47240,0,10000,19700,0,19700,0,28000,0,0,0,0,27,9000,113940,floor100,-40,1,1000,0,9000,113940,-40,,M1:R5年8月!10
2308-007,2023-08-03,1023,佐藤,IJ,clean,,5000,5000,5000,税別,excl,,1,0,1980,0,1980,0,2000,3980,880,3502,1498,5000,0,0,0,0,0,0,0,0,0,0,0,0,0,5000,floor100,0,1,880,0,0,5000,0,,M1:R5年8月!11
2308-008,2023-08-04,1081,田中,IJ,clean,,77000,77000,77000,税別,excl,,1,0,79200,0,79200,0,2000,81200,950,77140,0,77140,0,0,0,0,0,0,0,0,0,0,0,0,0,77140,floor1000,-140,1,950,0,0,77140,-140,,M1:R5年8月!12
2308-009,2023-08-04,9999,鈴木,IJ,clean,,50800,50800,50800,税抜,excl,,1,0,54252,5425,48827,0,2000,50827,1000,50827,0,50827,0,0,0,0,0,0,0,0,0,0,0,0,0,50827,floor100,-27,1,1000,0,0,50827,-27,,M1:R5年8月!13
2308-010,2023-08-07,1009,佐藤,CALP,clean,,101600,101600,101600,税別,excl,,1,0,69600,3240,66360,0,3000,69360,1000,69360,0,69360,0,0,20300,0,20300,0,8000,0,0,0,0,11,4000,101660,floor100,-60,1,1000,0,4000,101660,-60,,M1:R5年8月!14
2308-011,2023-08-07,1035,田中,IJ,clean,,57000,57000,57000,税別,excl,removal;disposal;repeat,1,0,7200,0,7200,1920,0,9120,1000,9120,0,9120,0,0,4140,7860,12000,0,0,0,15000,5000,0,80,16000,57120,floor1000,-120,1,1000,0,16000,57120,-120,,M1:R5年8月!15
2308-012,2023-08-07,1053,渡辺,SODE,clean,,324700,324700,324700,,excl,,1,326000,0,0,0,0,0,326000,950,309700,0,309700,0,15000,0,0,0,0,0,0,0,0,0,0,0,324700,halfup100,0,1,950,0,0,324700,0,,M1:R5年8月!16
2308-013,2023-08-08,1092,田中,ACM,clean,,17700,17700,17700,税別,excl,,1,6400,7920,0,7920,2400,2000,18720,950,17784,0,17784,0,0,0,0,0,0,0,0,0,0,0,0,0,17784,floor100,-84,1,950,0,0,17784,-84,,M1:R5年8月!17
2308-014,2023-08-08,1027,佐藤,ACM,clean,,128300,128300,128300,税別,excl,,1,32000,39600,0,39600,21600,2000,95200,950,90440,0,90440,0,3000,26900,0,26900,0,8000,0,0,0,0,1,0,128340,floor100,-40,1,950,0,0,128340,-40,,M1:R5年8月!18
2308-015,2023-08-08,1023,田中,ACM,clean,,81000,81000,81000,税別,excl,,1,12800,24640,0,24640,2400,2000,41840,880,36819,0,36819,0,0,13100,0,13100,0,28000,0,0,0,0,18,4000,81919,floor1000,-919,1,880,0,4000,81919,-919,,M1:R5年8月!19
2308-016,2023-08-08,1010,佐藤,ACM,clean,,239000,239000,239000,税別,excl,,1,128000,96800,9680,87120,24000,2000,241120,950,229064,0,229064,0,10000,0,0,0,0,0,0,0,0,0,0,0,239064,floor100,-64,1,950,0,0,239064,-64,,M1:R5年8月!20
2308-017,2023-08-08,1060,佐藤,IJ,clean,,5000,5000,5000,税別,excl,,1,0,3240,0,3240,0,2000,5240,950,4978,22,5000,0,0,0,0,0,0,0,0,0,0,0,0,0,5000,floor100,0,1,950,0,0,5000,0,,M1:R5年8月!21
2308-018,2023-08-09,1046,佐藤,CALP,clean,,34400,34400,34400,税別,excl,,1,0,8400,0,8400,0,3000,11400,1000,11400,0,11400,0,3000,2800,9200,12000,0,8000,0,0,0,0,8,0,34400,floor100,0,1,1000,0,0,34400,0,,M1:R5年8月!22
2308-019,2023-08-09,1068,渡辺,SODE,clean,,233000,233000,233000,,excl,,1,95000,0,0,0,50000,0,145000,1000,145000,0,145000,0,0,38000,0,38000,0,28000,18000,0,0,0,18,4000,233000,halfup100,0,1,1000,0,4000,233000,0,,M1:R5年8月!23
2308-020,2023-08-09,1008,鈴木,IJ,clean,,177400,177400,177400,税抜,excl,repeat,1,0,126000,12600,113400,0,0,113400,1000,113400,0,113400,0,0,55080,0,55080,0,0,0,0,0,0,38,9000,177480,floor100,-80,1,1000,0,9000,177480,-80,,M1:R5年8月!24
2308-021,2023-08-09,1025,佐藤,IJ,digit_typo,"swap: intended 126200, written 122600",126200,126200,122600,税別,excl,,1,0,138095,13809,124286,0,2000,126286,1000,126286,0,126286,0,0,0,0,0,0,0,0,0,0,0,0,0,126286,floor100,-86,1,1000,0,0,126286,-86,,M1:R5年8月!25
2308-022,2023-08-10,9999,佐藤,IJ,clean,,36700,36700,40300,税込,incl,,1,0,5780,0,5780,0,2000,7780,1000,7780,0,7780,0,8000,3060,8940,12000,0,0,0,0,0,0,35,9000,36780,floor100,-80,1,1000,0,9000,36780,-80,,M1:R5年8月!26
2308-023,2023-08-10,9999,渡辺,IJ,clean,,69000,69000,75900,税込,incl,removal;disposal,1,0,27000,0,27000,0,2000,29000,1000,29000,0,29000,0,8000,9000,3000,12000,0,0,0,15000,5000,0,6,0,69000,halfup100,0,1,1000,0,0,69000,0,,M1:R5年8月!27
2308-024,2023-08-10,1075,田中,CALP,clean,,63000,63000,63000,税別,excl,,1,0,54000,0,54000,0,3000,57000,1000,57000,0,57000,0,6000,0,0,0,0,0,0,0,0,0,0,0,63000,floor1000,0,1,1000,0,0,63000,0,,M1:R5年8月!28
2308-025,2023-08-17,1022,佐藤,IJ,clean,,440800,440800,440800,税別,excl,,1,0,577591,115518,462073,0,2000,464073,950,440869,0,440869,0,0,0,0,0,0,0,0,0,0,0,0,0,440869,floor100,-69,1,950,0,0,440869,-69,,M1:R5年8月!29
2308-026,2023-08-17,1075,田中,CALP,clean,,79000,79000,79000,税別,excl,,1,0,44000,0,44000,0,3000,47000,1000,47000,0,47000,0,3000,5600,6400,12000,0,8000,0,0,0,0,35,9000,79000,floor1000,0,1,1000,0,9000,79000,0,,M1:R5年8月!30
2308-027,2023-08-18,1019,田中,IJ,clean,,5800,5800,5800,税別,excl,,1,0,5370,0,5370,0,2000,7370,800,5896,0,5896,0,0,0,0,0,0,0,0,0,0,0,0,0,5896,floor100,-96,1,800,0,0,5896,-96,,M1:R5年8月!31
2308-028,2023-08-18,1024,渡辺,IJ,clean,,42900,42900,42900,,excl,,1,0,32880,0,32880,0,2000,34880,1000,34880,0,34880,0,8000,0,0,0,0,0,0,0,0,0,0,0,42880,halfup100,20,1,1000,0,0,42880,20,,M1:R5年8月!32
2308-029,2023-08-18,1002,佐藤,ACM,clean,,72200,72200,72200,税別,excl,,1,25600,40320,4032,36288,8400,2000,72288,1000,72288,0,72288,0,0,0,0,0,0,0,0,0,0,0,0,0,72288,floor100,-88,1,1000,0,0,72288,-88,,M1:R5年8月!33
2308-030,2023-08-21,9999,鈴木,IJ,tax_label_error,pre-tax amount written under the 税込 label,5000,5000,5000,税込,incl,,1,0,1020,0,1020,0,2000,3020,1000,3020,1980,5000,0,0,0,0,0,0,0,0,0,0,0,0,0,5000,floor100,0,1,1000,0,0,5000,0,,M1:R5年8月!34
2308-031,2023-08-21,1012,鈴木,CALP,clean,,93300,93300,93300,税抜,excl,survey,1,0,46200,0,46200,0,3000,49200,800,39360,0,39360,0,0,4900,7100,12000,0,28000,0,0,0,5000,35,9000,93360,floor100,-60,1,800,0,9000,93360,-60,,M1:R5年8月!35
2308-032,2023-08-21,1025,佐藤,IJ,clean,,40000,40000,40000,税別,excl,,1,0,18000,0,18000,0,2000,20000,1000,20000,0,20000,0,0,6840,5160,12000,0,8000,0,0,0,0,6,0,40000,floor100,0,1,1000,0,0,40000,0,,M1:R5年8月!36
2308-033,2023-08-21,1012,佐藤,IJ,clean,,5100,5100,5100,税別,excl,,1,0,4400,0,4400,0,2000,6400,800,5120,0,5120,0,0,0,0,0,0,0,0,0,0,0,0,0,5120,floor100,-20,1,800,0,0,5120,-20,,M1:R5年8月!37
2308-034,2023-08-22,9999,鈴木,ACM,clean,,54500,54500,54500,税抜,excl,,1,6400,14960,0,14960,1200,2000,24560,1000,24560,0,24560,0,10000,10100,1900,12000,0,8000,0,0,0,0,1,0,54560,floor100,-60,1,1000,0,0,54560,-60,,M1:R5年8月!38
2308-035,2023-08-22,1008,佐藤,CALP,clean,,141000,141000,141000,税別,excl,rush,1,0,106920,1458,105462,0,3000,108462,1000,108462,0,108462,32538,0,0,0,0,0,0,0,0,0,0,0,0,141000,floor100,0,1,1000,32538,0,141000,0,,M1:R5年8月!39
2308-036,2023-08-23,1048,田中,ACM,clean,,52000,52000,52000,税別,excl,,1,25600,10560,0,10560,4800,2000,42960,1000,42960,0,42960,0,10000,0,0,0,0,0,0,0,0,0,0,0,52960,floor1000,-960,1,1000,0,0,52960,-960,,M1:R5年8月!40
2308-037,2023-08-23,1056,渡辺,IJ,clean,,27000,27000,27000,,excl,rush,1,0,2400,0,2400,600,2000,5000,1000,5000,0,5000,3000,3000,1440,10560,12000,0,0,0,0,0,0,22,4000,27000,halfup100,0,1,1000,3000,4000,27000,0,,M1:R5年8月!41
2308-038,2023-08-23,1023,田中,IJ,clean,,43000,43000,43000,税別,excl,night;removal;disposal,1,0,2000,0,2000,0,2000,4000,880,3520,1480,5000,0,0,900,11100,12000,6000,0,0,15000,5000,0,1,0,43000,floor1000,0,1,880,0,0,43000,0,,M1:R5年8月!42
2308-039,2023-08-23,1068,渡辺,IJ,clean,,25400,25400,25400,,excl,,1,0,3400,0,3400,0,2000,5400,1000,5400,0,5400,0,8000,1800,10200,12000,0,0,0,0,0,0,1,0,25400,halfup100,0,1,1000,0,0,25400,0,,M1:R5年8月!43
2308-040,2023-08-24,1012,佐藤,IJ,clean,,11200,11200,11200,税別,excl,,1,0,12000,0,12000,0,2000,14000,800,11200,0,11200,0,0,0,0,0,0,0,0,0,0,0,0,0,11200,floor100,0,1,800,0,0,11200,0,,M1:R5年8月!44
2308-041,2023-08-25,9999,鈴木,IJ,clean,,13000,13000,13000,税抜,excl,,1,0,1500,0,1500,480,2000,3980,1000,3980,1020,5000,0,8000,0,0,0,0,0,0,0,0,0,0,0,13000,floor100,0,1,1000,0,0,13000,0,,M1:R5年8月!45
2308-042,2023-08-25,1047,田中,ACM,clean,,10700,10700,10700,税別,excl,,1,6400,2640,0,2640,2400,2000,13440,800,10752,0,10752,0,0,0,0,0,0,0,0,0,0,0,0,0,10752,floor100,-52,1,800,0,0,10752,-52,,M1:R5年8月!46
2308-043,2023-08-25,9999,鈴木,IJ,clean,,13000,13000,14300,税込,incl,,1,0,1700,0,1700,0,2000,3700,1000,3700,1300,5000,0,8000,0,0,0,0,0,0,0,0,0,0,0,13000,floor100,0,1,1000,0,0,13000,0,,M1:R5年8月!47
2308-044,2023-08-28,1012,佐藤,IJ,clean,,245100,245100,245100,税別,excl,,1,0,375927,75185,300742,0,2000,302742,800,242193,0,242193,0,3000,0,0,0,0,0,0,0,0,0,0,0,245193,floor100,-93,1,800,0,0,245193,-93,,M1:R5年8月!48
2308-045,2023-08-28,1041,佐藤,CALP,clean,,109100,109100,109100,税別,excl,rush,1,0,51000,0,51000,0,3000,54000,900,48600,0,48600,14580,6000,11900,100,12000,0,28000,0,0,0,0,5,0,109180,floor100,-80,1,900,14580,0,109180,-80,,M1:R5年8月!49
2308-046,2023-08-28,1009,渡辺,ACM,clean,,13300,13300,13300,,excl,rush;repeat,1,6400,2640,0,2640,1200,0,10240,1000,10240,0,10240,3072,0,0,0,0,0,0,0,0,0,0,0,0,13312,halfup100,-12,1,1000,3072,0,13312,-12,,M1:R5年8月!50
2308-047,2023-08-28,9999,鈴木,CALP,clean,,88400,88400,97200,税込,incl,,1,0,50400,0,50400,0,3000,53400,1000,53400,0,53400,0,6000,5600,6400,12000,0,8000,0,0,0,0,48,9000,88400,floor100,0,1,1000,0,9000,88400,0,,M1:R5年8月!51
2308-048,2023-08-28,1064,佐藤,SODE,clean,,321600,321600,321600,税別,excl,night,1,170000,0,0,0,59600,0,229600,1000,229600,0,229600,0,0,38000,0,38000,19000,8000,18000,0,0,0,27,9000,321600,floor100,0,1,1000,0,9000,321600,0,,M1:R5年8月!52
2308-049,2023-08-30,1053,渡辺,ACM,clean,,55000,55000,55000,,excl,,1,25600,12320,0,12320,4800,2000,44720,950,42484,0,42484,0,0,12500,0,12500,0,0,0,0,0,0,1,0,54984,halfup100,16,1,950,0,0,54984,16,,M1:R5年8月!53
2308-050,2023-08-30,1092,田中,CALP,clean,,67000,67000,67000,税別,excl,,1,0,26400,0,26400,0,3000,29400,950,27930,0,27930,0,0,2800,9200,12000,0,28000,0,0,0,0,1,0,67930,floor1000,-930,1,950,0,0,67930,-930,,M1:R5年8月!54
2308-051,2023-08-30,1009,佐藤,IJ,clean,,31200,31200,31200,税別,excl,,1,0,17262,0,17262,0,2000,19262,1000,19262,0,19262,0,0,5400,6600,12000,0,0,0,0,0,0,5,0,31262,floor100,-62,1,1000,0,0,31262,-62,,M1:R5年8月!55
2308-052,2023-08-30,9999,佐藤,IJ,clean,,42400,42400,46600,税込,incl,,1,0,32400,0,32400,0,2000,34400,1000,34400,0,34400,0,8000,0,0,0,0,0,0,0,0,0,0,0,42400,floor100,0,1,1000,0,0,42400,0,,M1:R5年8月!56
2308-053,2023-08-31,1085,佐藤,ACM,clean,,73700,73700,73700,税別,excl,removal;disposal,1,6400,10560,0,10560,4800,2000,23760,1000,23760,0,23760,0,10000,6800,5200,12000,0,8000,0,15000,5000,0,10,0,73760,floor100,-60,1,1000,0,0,73760,-60,,M1:R5年8月!57
2308-054,2023-08-31,9999,渡辺,CALP,clean,,53600,53600,58900,税込,incl,,1,0,7560,0,7560,0,3000,10560,1000,10560,0,10560,0,3000,2100,9900,12000,0,28000,0,0,0,0,1,0,53560,halfup100,40,1,1000,0,0,53560,40,,M1:R5年8月!58
2308-055,2023-08-31,1060,佐藤,CALP,clean,,88300,88300,88300,税別,excl,,1,0,86250,2590,83660,0,3000,86660,950,82327,0,82327,0,6000,0,0,0,0,0,0,0,0,0,0,0,88327,floor100,-27,1,950,0,0,88327,-27,,M1:R5年8月!59
2308-056,2023-08-31,1082,佐藤,IJ,clean,,36800,36800,36800,税別,excl,,1,0,9000,0,9000,1800,2000,12800,1000,12800,0,12800,0,3000,5400,6600,12000,0,0,0,0,0,0,42,9000,36800,floor100,0,1,1000,0,9000,36800,0,,M1:R5年8月!60
2309-001,2023-09-01,1056,渡辺,SODE,clean,,185000,185000,185000,,excl,,1,95000,0,0,0,0,0,95000,1000,95000,0,95000,0,15000,38000,0,38000,0,28000,0,0,0,0,26,9000,185000,halfup100,0,1,1000,0,9000,185000,0,,M1:R5年9月!5
2309-002,2023-09-01,1047,田中,IJ,clean,,271000,271000,271000,税別,excl,,1,0,421960,84392,337568,0,2000,339568,800,271654,0,271654,0,0,0,0,0,0,0,0,0,0,0,0,0,271654,floor1000,-654,1,800,0,0,271654,-654,,M1:R5年9月!6
2309-003,2023-09-01,1067,佐藤,ACM,clean,,21800,21800,21800,税別,excl,,1,6400,2200,0,2200,1200,2000,11800,1000,11800,0,11800,0,10000,0,0,0,0,0,0,0,0,0,0,0,21800,floor100,0,1,1000,0,0,21800,0,,M1:R5年9月!7
2309-004,2023-09-01,1053,渡辺,CALP,clean,,45100,45100,45100,,excl,repeat,1,0,9600,0,9600,0,0,9600,950,9120,0,9120,0,0,4200,7800,12000,0,8000,0,0,0,0,80,16000,45120,halfup100,-20,1,950,0,16000,45120,-20,,M1:R5年9月!8
2309-005,2023-09-02,1074,田中,CALP,clean,,65000,65000,65000,税別,excl,removal,1,0,24990,0,24990,0,3000,27990,1000,27990,0,27990,0,3000,4900,7100,12000,0,8000,0,15000,0,0,6,0,65990,floor1000,-990,1,1000,0,0,65990,-990,,M1:R5年9月!9
2309-006,2023-09-04,1053,渡辺,IJ,clean,,25400,25400,25400,,excl,,1,0,22194,0,22194,2520,2000,26714,950,25378,0,25378,0,0,0,0,0,0,0,0,0,0,0,0,0,25378,halfup100,22,1,950,0,0,25378,22,,M1:R5年9月!10
2309-007,2023-09-04,1074,渡辺,CALP,clean,,82800,82800,82800,,excl,,1,0,37800,0,37800,0,3000,40800,1000,40800,0,40800,0,6000,6300,5700,12000,0,8000,0,0,0,0,80,16000,82800,halfup100,0,1,1000,0,16000,82800,0,,M1:R5年9月!11
2309-008,2023-09-04,9999,鈴木,IJ,clean,,111100,111100,111100,税抜,excl,,1,0,99000,9900,89100,12000,2000,103100,1000,103100,0,103100,0,8000,0,0,0,0,0,0,0,0,0,0,0,111100,floor100,0,1,1000,0,0,111100,0,,M1:R5年9月!12
2309-009,2023-09-04,1054,佐藤,ACM,clean,,15700,15700,15700,税別,excl,,1,6400,6160,0,6160,1200,2000,15760,1000,15760,0,15760,0,0,0,0,0,0,0,0,0,0,0,0,0,15760,floor100,-60,1,1000,0,0,15760,-60,,M1:R5年9月!13
2309-010,2023-09-04,1015,佐藤,IJ,clean,,27600,27600,27600,税別,excl,,1,0,5600,0,5600,0,2000,7600,1000,7600,0,7600,0,0,3600,8400,12000,0,8000,0,0,0,0,1,0,27600,floor100,0,1,1000,0,0,27600,0,,M1:R5年9月!14
2309-011,2023-09-04,1033,田中,IJ,clean,,43000,43000,43000,税別,excl,,1,0,41100,0,41100,0,2000,43100,1000,43100,0,43100,0,0,0,0,0,0,0,0,0,0,0,0,0,43100,floor1000,-100,1,1000,0,0,43100,-100,,M1:R5年9月!15
2309-012,2023-09-04,1075,田中,ACM,clean,,91000,91000,91000,税別,excl,survey,1,12800,19360,0,19360,2400,2000,36560,1000,36560,0,36560,0,10000,11600,400,12000,0,28000,0,0,0,5000,10,0,91560,floor1000,-560,1,1000,0,0,91560,-560,,M1:R5年9月!16
2309-013,2023-09-05,1002,佐藤,ACM,clean,,14600,14600,14600,税別,excl,,1,6400,3840,0,3840,2400,2000,14640,1000,14640,0,14640,0,0,0,0,0,0,0,0,0,0,0,0,0,14640,floor100,-40,1,1000,0,0,14640,-40,,M1:R5年9月!17
2309-014,2023-09-05,1006,佐藤,IJ,clean,,341400,341400,341400,税別,excl,,1,0,264000,52800,211200,0,2000,213200,1000,213200,0,213200,0,0,111240,0,111240,0,8000,0,0,0,0,38,9000,341440,floor100,-40,1,1000,0,9000,341440,-40,,M1:R5年9月!18
2309-015,2023-09-05,1023,田中,IJ,clean,,12100,12100,12100,税別,excl,,1,0,8400,0,8400,0,2000,10400,880,9152,0,9152,0,3000,0,0,0,0,0,0,0,0,0,0,0,12152,floor100,-52,1,880,0,0,12152,-52,,M1:R5年9月!19
2309-016,2023-09-05,1069,鈴木,CALP,clean,,47400,47400,47400,税抜,excl,,1,0,14400,0,14400,0,3000,17400,1000,17400,0,17400,0,6000,7000,5000,12000,0,8000,0,0,0,0,13,4000,47400,floor100,0,1,1000,0,4000,47400,0,,M1:R5年9月!20
2309-017,2023-09-05,1082,佐藤,ACM,clean,,37300,37300,37300,税別,excl,,1,12000,10120,0,10120,1200,2000,25320,1000,25320,0,25320,0,0,11900,100,12000,0,0,0,0,0,0,10,0,37320,floor100,-20,1,1000,0,0,37320,-20,,M1:R5年9月!21
2309-018,2023-09-05,1077,佐藤,ACM,clean,,31600,31600,31600,税別,excl,,1,6400,2640,0,2640,1200,2000,12240,950,11628,0,11628,0,0,6800,5200,12000,0,8000,0,0,0,0,35,0,31628,floor100,-28,1,950,0,0,31628,-28,,M1:R5年9月!22
2309-019,2023-09-05,1011,佐藤,IJ,clean,,13300,13300,13300,税別,excl,,1,0,2700,0,2700,600,2000,5300,1000,5300,0,5300,0,8000,0,0,0,0,0,0,0,0,0,0,0,13300,floor100,0,1,1000,0,0,13300,0,,M1:R5年9月!23
2309-020,2023-09-05,1042,佐藤,CALP,clean,,51300,51300,51300,税別,excl,,1,0,51030,0,51030,0,3000,54030,950,51328,0,51328,0,0,0,0,0,0,0,0,0,0,0,0,0,51328,floor100,-28,1,950,0,0,51328,-28,,M1:R5年9月!24
2309-021,2023-09-05,1010,佐藤,CALP,clean,,13400,13400,13400,税別,excl,,1,0,8000,0,8000,0,3000,11000,950,10450,0,10450,0,3000,0,0,0,0,0,0,0,0,0,0,0,13450,floor100,-50,1,950,0,0,13450,-50,,M1:R5年9月!25
2309-022,2023-09-06,9999,鈴木,IJ,clean,,155100,155100,170600,税込,incl,removal;disposal,1,0,98640,9864,88776,0,2000,90776,1000,90776,0,90776,0,8000,32400,0,32400,0,0,0,15000,5000,0,19,4000,155176,floor100,-76,1,1000,0,4000,155176,-76,,M1:R5年9月!26
2309-023,2023-09-06,1008,鈴木,CALP,travel_omitted,travel fee 4000 not charged,53800,49800,49800,税抜,excl,,1,0,20800,0,20800,0,3000,23800,1000,23800,0,23800,0,6000,5600,6400,12000,0,8000,0,0,0,0,22,4000,53800,floor100,0,1,1000,0,0,49800,0,,M1:R5年9月!27
2309-024,2023-09-07,9999,渡辺,ACM,clean,,46700,46700,51300,税込,incl,,1,6400,3080,0,3080,1200,2000,12680,1000,12680,0,12680,0,10000,7100,4900,12000,0,8000,0,0,0,0,14,4000,46680,halfup100,20,1,1000,0,4000,46680,20,,M1:R5年9月!28
2309-025,2023-09-07,9999,渡辺,ACM,clean,,41000,41000,41000,,excl,,1,6400,4400,0,4400,1200,2000,14000,1000,14000,0,14000,0,3000,8000,4000,12000,0,8000,0,0,0,0,18,4000,41000,halfup100,0,1,1000,0,4000,41000,0,,M1:R5年9月!29
2309-026,2023-09-07,9999,田中,ACM,clean,,248000,248000,272800,税込,incl,,1,120000,127600,12760,114840,12000,2000,248840,1000,248840,0,248840,0,0,0,0,0,0,0,0,0,0,0,0,0,248840,floor1000,-840,1,1000,0,0,248840,-840,,M1:R5年9月!30
2309-027,2023-09-07,1091,渡辺,ACM,clean,,181500,181500,181500,,excl,,1,72000,38720,0,38720,26400,2000,139120,1000,139120,0,139120,0,3000,31400,0,31400,0,8000,0,0,0,0,1,0,181520,halfup100,-20,1,1000,0,0,181520,-20,,M1:R5年9月!31
2309-028,2023-09-08,1060,佐藤,IJ,clean,,41900,41900,41900,税別,excl,,1,0,42195,0,42195,0,2000,44195,950,41985,0,41985,0,0,0,0,0,0,0,0,0,0,0,0,0,41985,floor100,-85,1,950,0,0,41985,-85,,M1:R5年9月!32
2309-029,2023-09-08,1047,田中,IJ,clean,,35000,35000,35000,税別,excl,,1,0,42840,0,42840,0,2000,44840,800,35872,0,35872,0,0,0,0,0,0,0,0,0,0,0,0,0,35872,floor1000,-872,1,800,0,0,35872,-872,,M1:R5年9月!33
2309-030,2023-09-09,1053,田中,SODE,clean,,264000,264000,264000,税別,excl,repeat,1,199000,0,0,0,0,0,199000,950,189050,0,189050,0,0,38000,0,38000,0,28000,0,0,0,0,48,9000,264050,floor1000,-50,1,950,0,9000,264050,-50,,M1:R5年9月!34
2309-031,2023-09-11,1053,渡辺,ACM,clean,,12900,12900,12900,,excl,,1,6400,3960,0,3960,1200,2000,13560,950,12882,0,12882,0,0,0,0,0,0,0,0,0,0,0,0,0,12882,halfup100,18,1,950,0,0,12882,18,,M1:R5年9月!35
2309-032,2023-09-11,1072,田中,SODE,clean,,148000,148000,148000,税別,excl,,1,95000,0,0,0,50000,0,145000,1000,145000,0,145000,0,3000,0,0,0,0,0,0,0,0,0,0,0,148000,floor1000,0,1,1000,0,0,148000,0,,M1:R5年9月!36
2309-033,2023-09-12,1023,田中,IJ,clean,,28900,28900,28900,税別,excl,,1,0,13860,0,13860,0,2000,15860,880,13956,0,13956,0,3000,5940,6060,12000,0,0,0,0,0,0,1,0,28956,floor100,-56,1,880,0,0,28956,-56,,M1:R5年9月!37
2309-034,2023-09-12,1011,佐藤,IJ,clean,,34000,34000,34000,税別,excl,,1,0,1020,0,1020,0,2000,3020,1000,3020,1980,5000,0,0,540,11460,12000,0,8000,0,0,0,0,35,9000,34000,floor100,0,1,1000,0,9000,34000,0,,M1:R5年9月!38
2309-035,2023-09-12,9999,渡辺,IJ,clean,,52900,52900,58100,税込,incl,night,1,0,32880,0,32880,0,2000,34880,1000,34880,0,34880,0,0,10800,1200,12000,6000,0,0,0,0,0,1,0,52880,halfup100,20,1,1000,0,0,52880,20,,M1:R5年9月!39
2309-036,2023-09-12,1053,渡辺,ACM,clean,,349900,349900,349900,,excl,,1,204800,140800,28160,112640,38400,2000,357840,950,339948,0,339948,0,10000,0,0,0,0,0,0,0,0,0,0,0,349948,halfup100,-48,1,950,0,0,349948,-48,,M1:R5年9月!40
2309-037,2023-09-12,1023,田中,IJ,clean,,8000,8000,8000,税別,excl,,1,0,1200,0,1200,0,2000,3200,880,2816,2184,5000,0,3000,0,0,0,0,0,0,0,0,0,0,0,8000,floor100,0,1,880,0,0,8000,0,,M1:R5年9月!41
2309-038,2023-09-12,1096,佐藤,ACM,clean,,45300,45300,45300,税別,excl,removal,1,6400,1320,0,1320,1200,2000,10920,950,10374,0,10374,0,0,5600,6400,12000,0,8000,0,15000,0,0,1,0,45374,floor100,-74,1,950,0,0,45374,-74,,M1:R5年9月!42
2309-039,2023-09-13,1042,佐藤,CALP,clean,,25800,25800,25800,税別,excl,repeat,1,0,27240,0,27240,0,0,27240,950,25878,0,25878,0,0,0,0,0,0,0,0,0,0,0,0,0,25878,floor100,-78,1,950,0,0,25878,-78,,M1:R5年9月!43
2309-040,2023-09-13,1010,佐藤,ACM,clean,,17500,17500,17500,税別,excl,repeat,1,12000,5280,0,5280,1200,0,18480,950,17556,0,17556,0,0,0,0,0,0,0,0,0,0,0,0,0,17556,floor100,-56,1,950,0,0,17556,-56,,M1:R5年9月!44
2309-041,2023-09-13,1041,佐藤,ACM,clean,,231800,231800,231800,税別,excl,,1,115200,134640,26928,107712,21600,2000,246512,900,221860,0,221860,0,10000,0,0,0,0,0,0,0,0,0,0,0,231860,floor100,-60,1,900,0,0,231860,-60,,M1:R5年9月!45
2309-042,2023-09-13,9999,佐藤,SODE,clean,,289800,289800,318700,税込,incl,removal;disposal,1,132000,0,0,0,54800,0,186800,1000,186800,0,186800,0,15000,38000,0,38000,0,8000,18000,15000,5000,0,18,4000,289800,floor100,0,1,1000,0,4000,289800,0,,M1:R5年9月!46
2309-043,2023-09-14,1011,佐藤,SODE,clean,,168000,168000,168000,税別,excl,,1,95000,0,0,0,0,0,95000,1000,95000,0,95000,0,3000,38000,0,38000,0,28000,0,0,0,0,11,4000,168000,floor100,0,1,1000,0,4000,168000,0,,M1:R5年9月!47
2309-044,2023-09-14,1085,佐藤,IJ,clean,,39200,39200,39200,税別,excl,,1,0,37263,0,37263,0,2000,39263,1000,39263,0,39263,0,0,0,0,0,0,0,0,0,0,0,0,0,39263,floor100,-63,1,1000,0,0,39263,-63,,M1:R5年9月!48
2309-045,2023-09-14,9999,田中,IJ,clean,,37000,37000,37000,税別,excl,rush,1,0,22194,0,22194,2520,2000,26714,1000,26714,0,26714,8014,3000,0,0,0,0,0,0,0,0,0,0,0,37728,floor1000,-728,1,1000,8014,0,37728,-728,,M1:R5年9月!49
2309-046,2023-09-15,1065,渡辺,ACM,clean,,48300,48300,48300,,excl,,1,12000,12760,0,12760,1200,2000,27960,950,26562,0,26562,0,0,13700,0,13700,0,8000,0,0,0,0,6,0,48262,halfup100,38,1,950,0,0,48262,38,,M1:R5年9月!50
2309-047,2023-09-15,1078,佐藤,CALP,clean,,52000,52000,52000,税別,excl,,1,0,49000,0,49000,0,3000,52000,1000,52000,0,52000,0,0,0,0,0,0,0,0,0,0,0,0,0,52000,floor100,0,1,1000,0,0,52000,0,,M1:R5年9月!51
2309-048,2023-09-19,1014,渡辺,CALP,revision_v1,superseded by re-issued quote (negotiated price); v1 priced by rules,171400,171400,171400,,excl,removal;disposal,1,0,113400,0,113400,0,3000,116400,1000,116400,0,116400,0,6000,8400,3600,12000,0,8000,0,15000,5000,0,35,9000,171400,halfup100,0,1,1000,0,9000,171400,0,v2=2309-048-2,M1:R5年9月!52
2309-048-2,2023-09-27,1014,渡辺,CALP,revision_v2,"negotiated price, undocumented reduction 7400 from rule_net 171400",171400,164000,164000,,excl,removal;disposal,1,0,113400,0,113400,0,3000,116400,1000,116400,0,116400,0,6000,8400,3600,12000,0,8000,0,15000,5000,0,35,9000,171400,halfup100,0,1,1000,0,9000,171400,-7400,v1=2309-048,M1:R5年9月!78
2309-049,2023-09-19,1022,佐藤,ACM,clean,,104200,104200,104200,税別,excl,,1,32000,35200,0,35200,6000,2000,75200,950,71440,0,71440,0,0,15800,0,15800,0,8000,0,0,0,0,35,9000,104240,floor100,-40,1,950,0,9000,104240,-40,,M1:R5年9月!53
2309-050,2023-09-19,1047,田中,IJ,clean,,62000,62000,62000,税別,excl,,1,0,57600,0,57600,15360,2000,74960,800,59968,0,59968,0,3000,0,0,0,0,0,0,0,0,0,0,0,62968,floor1000,-968,1,800,0,0,62968,-968,,M1:R5年9月!54
2309-051,2023-09-19,1090,佐藤,ACM,clean,,445300,445300,445300,税別,excl,night;holes,1,140800,135520,27104,108416,33000,2000,284216,1000,284216,0,284216,0,3000,94100,0,94100,47050,8000,0,0,0,0,42,9000,445366,floor100,-66,1,1000,0,9000,445366,-66,,M1:R5年9月!55
2309-052,2023-09-19,9999,渡辺,ACM,clean,,51100,51100,56200,税込,incl,,1,6400,7480,0,7480,1200,2000,17080,1000,17080,0,17080,0,10000,10100,1900,12000,0,8000,0,0,0,0,22,4000,51080,halfup100,20,1,1000,0,4000,51080,20,,M1:R5年9月!56
2309-053,2023-09-19,9999,渡辺,IJ,clean,,69600,69600,76500,税込,incl,,1,0,33000,0,33000,7200,2000,42200,1000,42200,0,42200,0,8000,19440,0,19440,0,0,0,0,0,0,5,0,69640,halfup100,-40,1,1000,0,0,69640,-40,,M1:R5年9月!57
2309-054,2023-09-19,9999,佐藤,ACM,clean,,20000,20000,20000,税別,excl,,1,6400,7480,0,7480,1200,2000,17080,1000,17080,0,17080,0,3000,0,0,0,0,0,0,0,0,0,0,0,20080,floor100,-80,1,1000,0,0,20080,-80,,M1:R5年9月!58
2309-055,2023-09-20,1048,田中,ACM,clean,,32000,32000,32000,税別,excl,,1,6400,1320,0,1320,1200,2000,10920,1000,10920,0,10920,0,10000,5600,6400,12000,0,0,0,0,0,0,8,0,32920,floor1000,-920,1,1000,0,0,32920,-920,,M1:R5年9月!59
2309-056,2023-09-20,1094,田中,CALP,clean,,62000,62000,62000,税別,excl,repeat,1,0,38340,0,38340,0,0,38340,1000,38340,0,38340,0,0,6300,5700,12000,0,8000,0,0,0,0,18,4000,62340,floor1000,-340,1,1000,0,4000,62340,-340,,M1:R5年9月!60
2309-057,2023-09-20,1068,渡辺,CALP,clean,,30100,30100,30100,,excl,,1,0,21120,0,21120,0,3000,24120,1000,24120,0,24120,0,6000,0,0,0,0,0,0,0,0,0,0,0,30120,halfup100,-20,1,1000,0,0,30120,-20,,M1:R5年9月!61
2309-058,2023-09-20,9999,田中,ACM,clean,,32000,32000,32000,税別,excl,,1,12800,14960,0,14960,2400,2000,32160,1000,32160,0,32160,0,0,0,0,0,0,0,0,0,0,0,0,0,32160,floor1000,-160,1,1000,0,0,32160,-160,,M1:R5年9月!62
2309-059,2023-09-21,9999,佐藤,CALP,clean,,39000,39000,42900,税込,incl,,1,0,30000,0,30000,0,3000,33000,1000,33000,0,33000,0,6000,0,0,0,0,0,0,0,0,0,0,0,39000,floor100,0,1,1000,0,0,39000,0,,M1:R5年9月!63
2309-060,2023-09-21,1074,渡辺,CALP,clean,,117800,117800,117800,,excl,night,1,0,58800,0,58800,0,3000,61800,1000,61800,0,61800,0,6000,4900,7100,12000,6000,28000,0,0,0,0,19,4000,117800,halfup100,0,1,1000,0,4000,117800,0,,M1:R5年9月!64
2309-061,2023-09-21,1081,田中,ACM,clean,,46000,46000,46000,税別,excl,night,1,6400,2200,0,2200,1200,2000,11800,950,11210,0,11210,0,0,6500,5500,12000,6000,8000,0,0,0,0,42,9000,46210,floor1000,-210,1,950,0,9000,46210,-210,,M1:R5年9月!65
2309-062,2023-09-21,1058,佐藤,IJ,clean,,5700,5700,5700,税別,excl,,1,0,5200,0,5200,0,2000,7200,800,5760,0,5760,0,0,0,0,0,0,0,0,0,0,0,0,0,5760,floor100,-60,1,800,0,0,5760,-60,,M1:R5年9月!66
2309-063,2023-09-22,1023,田中,ACM,clean,,34000,34000,34000,税別,excl,,1,6400,2640,0,2640,1200,2000,12240,880,10771,0,10771,0,3000,6800,5200,12000,0,0,0,0,0,0,35,9000,34771,floor1000,-771,1,880,0,9000,34771,-771,,M1:R5年9月!67
2309-064,2023-09-22,1074,渡辺,CALP,clean,,44300,44300,44300,,excl,repeat,1,0,24300,0,24300,0,0,24300,1000,24300,0,24300,0,0,4200,7800,12000,0,8000,0,0,0,0,8,0,44300,halfup100,0,1,1000,0,0,44300,0,,M1:R5年9月!68
2309-065,2023-09-22,1090,佐藤,ACM,clean,,44300,44300,44300,税別,excl,holes,1,12000,8800,0,8800,1500,2000,24300,1000,24300,0,24300,0,0,11000,1000,12000,0,8000,0,0,0,0,1,0,44300,floor100,0,1,1000,0,0,44300,0,,M1:R5年9月!69
2309-066,2023-09-22,9999,佐藤,ACM,clean,,67300,67300,67300,税別,excl,removal,1,6400,11520,0,11520,2400,2000,22320,1000,22320,0,22320,0,10000,10100,1900,12000,0,8000,0,15000,0,0,1,0,67320,floor100,-20,1,1000,0,0,67320,-20,,M1:R5年9月!70
2309-067,2023-09-22,1023,田中,ACM,clean,,56000,56000,56000,税別,excl,night;removal;disposal,1,6400,3960,0,3960,1200,2000,13560,880,11932,0,11932,0,3000,7700,4300,12000,6000,0,0,15000,5000,0,22,4000,56932,floor1000,-932,1,880,0,4000,56932,-932,,M1:R5年9月!71
2309-068,2023-09-22,1053,鈴木,SODE,clean,,282400,282400,282400,税抜,excl,,1,132000,0,0,0,51600,0,183600,950,174420,0,174420,0,0,38000,0,38000,0,48000,18000,0,0,0,22,4000,282420,floor100,-20,1,950,0,4000,282420,-20,,M1:R5年9月!72
2309-069,2023-09-25,1032,渡辺,IJ,clean,,57600,57600,57600,,excl,,1,0,34000,0,34000,0,2000,36000,1000,36000,0,36000,0,3000,14580,0,14580,0,0,0,0,0,0,22,4000,57580,halfup100,20,1,1000,0,4000,57580,20,,M1:R5年9月!73
2309-070,2023-09-26,1091,渡辺,CALP,clean,,103300,103300,103300,,excl,repeat,1,0,103320,0,103320,0,0,103320,1000,103320,0,103320,0,0,0,0,0,0,0,0,0,0,0,0,0,103320,halfup100,-20,1,1000,0,0,103320,-20,,M1:R5年9月!74
2309-071,2023-09-26,1022,佐藤,ACM,clean,,59700,59700,59700,税別,excl,,1,24000,12320,0,12320,2400,2000,40720,950,38684,0,38684,0,0,13100,0,13100,0,8000,0,0,0,0,6,0,59784,floor100,-84,1,950,0,0,59784,-84,,M1:R5年9月!75
2309-072,2023-09-27,1021,田中,SODE,clean,,384000,384000,384000,税別,excl,repeat,1,264000,0,0,0,0,0,264000,1000,264000,0,264000,0,0,76000,0,76000,0,28000,0,0,0,0,80,16000,384000,floor1000,0,1,1000,0,16000,384000,0,,M1:R5年9月!76
2309-073,2023-09-27,9999,渡辺,IJ,clean,,5000,5000,5000,,excl,,1,0,2000,0,2000,0,2000,4000,1000,4000,1000,5000,0,0,0,0,0,0,0,0,0,0,0,0,0,5000,halfup100,0,1,1000,0,0,5000,0,,M1:R5年9月!77
2309-074,2023-09-27,9999,田中,ACM,clean,,40000,40000,40000,税別,excl,rush,1,6400,1320,0,1320,1200,2000,10920,1000,10920,0,10920,3276,10000,5900,6100,12000,0,0,0,0,0,0,13,4000,40196,floor1000,-196,1,1000,3276,4000,40196,-196,,M1:R5年9月!79
2309-075,2023-09-27,1089,佐藤,CALP,clean,,77600,77600,77600,税別,excl,,1,0,48200,0,48200,0,3000,51200,950,48640,0,48640,0,0,7000,5000,12000,0,8000,0,0,0,0,35,9000,77640,floor100,-40,1,950,0,9000,77640,-40,,M1:R5年9月!80
2309-076,2023-09-28,9999,渡辺,IJ,clean,,13000,13000,14300,税込,incl,,1,0,1800,0,1800,720,2000,4520,1000,4520,480,5000,0,8000,0,0,0,0,0,0,0,0,0,0,0,13000,halfup100,0,1,1000,0,0,13000,0,,M1:R5年9月!81
2309-077,2023-09-28,1045,渡辺,IJ,clean,,15700,15700,15700,,excl,,1,0,4500,0,4500,1200,2000,7700,1000,7700,0,7700,0,8000,0,0,0,0,0,0,0,0,0,0,0,15700,halfup100,0,1,1000,0,0,15700,0,,M1:R5年9月!82
2309-078,2023-09-29,1095,渡辺,CALP,clean,,139100,139100,139100,,excl,rush,1,0,84000,0,84000,0,3000,87000,1000,87000,0,87000,26100,6000,8400,3600,12000,0,8000,0,0,0,0,8,0,139100,halfup100,0,1,1000,26100,0,139100,0,,M1:R5年9月!83
2309-079,2023-09-29,1096,佐藤,IJ,clean,,8000,8000,8000,税別,excl,,1,0,2040,0,2040,0,2000,4040,950,3838,1162,5000,0,3000,0,0,0,0,0,0,0,0,0,0,0,8000,floor100,0,1,950,0,0,8000,0,,M1:R5年9月!84
2309-080,2023-09-29,1008,鈴木,ACM,clean,,124300,124300,124300,税抜,excl,survey,1,32000,37400,0,37400,6000,2000,77400,1000,77400,0,77400,0,0,29900,0,29900,0,8000,0,0,0,5000,18,4000,124300,floor100,0,1,1000,0,4000,124300,0,,M1:R5年9月!85
2309-081,2023-09-29,9999,佐藤,ACM,clean,,27700,27700,30400,税込,incl,,1,12800,10560,0,10560,2400,2000,27760,1000,27760,0,27760,0,0,0,0,0,0,0,0,0,0,0,0,0,27760,floor100,-60,1,1000,0,0,27760,-60,,M1:R5年9月!86
2310-001,2023-10-02,1015,佐藤,SODE,clean,,238000,238000,238000,税抜,excl,repeat,1,95000,0,0,0,50000,0,145000,1000,145000,0,145000,0,0,38000,0,38000,0,28000,18000,0,0,0,27,9000,238000,floor100,0,1,1000,0,9000,238000,0,,M1:R5年10月!5
2310-002,2023-10-02,1006,佐藤,ACM,clean,,13900,13900,13900,税抜,excl,,1,6400,1320,0,1320,1200,2000,10920,1000,10920,0,10920,0,3000,0,0,0,0,0,0,0,0,0,0,0,13920,floor100,-20,1,1000,0,0,13920,-20,,M1:R5年10月!6
2310-003,2023-10-02,1074,渡辺,CALP,clean,,111500,111500,111500,,excl,rush,1,0,52800,0,52800,0,3000,55800,1000,55800,0,55800,16740,3000,5600,6400,12000,0,8000,0,0,0,0,80,16000,111540,halfup100,-40,1,1000,16740,16000,111540,-40,,M1:R5年10月!7
2310-004,2023-10-02,9999,佐藤,IJ,clean,,5000,5000,5500,税込,incl,,1,0,3080,0,3080,0,2000,5080,1000,5080,0,5080,0,0,0,0,0,0,0,0,0,0,0,0,0,5080,floor100,-80,1,1000,0,0,5080,-80,,M1:R5年10月!8
2310-005,2023-10-02,9999,鈴木,ACM,clean,,129600,129600,142560,税込,incl,survey,1,25600,35200,0,35200,12000,2000,74800,1000,74800,0,74800,0,10000,15800,0,15800,0,8000,0,0,0,5000,80,16000,129600,floor100,0,1,1000,0,16000,129600,0,,M1:R5年10月!9
2310-006,2023-10-02,1023,田中,SODE,multiplier_copy,multiplier 950 per mille used instead of 880; diff=13000,164000,177000,177000,税抜,excl,,1,132000,0,0,0,54800,0,186800,880,164384,0,164384,0,0,0,0,0,0,0,0,0,0,0,0,0,164384,floor1000,-384,1,950,0,0,177460,-460,,M1:R5年10月!10
2310-007,2023-10-03,1023,田中,ACM,clean,,31000,31000,31000,税抜,excl,,1,12800,7040,0,7040,2400,2000,24240,880,21331,0,21331,0,10000,0,0,0,0,0,0,0,0,0,0,0,31331,floor1000,-331,1,880,0,0,31331,-331,,M1:R5年10月!11
2310-008,2023-10-04,1041,佐藤,CALP,digit_typo,"swap: intended 53700, written 53070",53700,53700,53070,税抜,excl,removal,1,0,10080,0,10080,0,3000,13080,900,11772,0,11772,0,3000,4900,7100,12000,0,8000,0,15000,0,0,18,4000,53772,floor100,-72,1,900,0,4000,53772,-72,,M1:R5年10月!12
2310-009,2023-10-05,1048,田中,ACM,clean,,125000,125000,125000,税抜,excl,,1,36000,29480,0,29480,13200,2000,80680,1000,80680,0,80680,0,3000,25100,0,25100,0,8000,0,0,0,0,35,9000,125780,floor1000,-780,1,1000,0,9000,125780,-780,,M1:R5年10月!13
2310-010,2023-10-06,1064,佐藤,ACM,clean,,14300,14300,14300,税抜,excl,,1,6400,3520,0,3520,2400,2000,14320,1000,14320,0,14320,0,0,0,0,0,0,0,0,0,0,0,0,0,14320,floor100,-20,1,1000,0,0,14320,-20,,M1:R5年10月!14
2310-011,2023-10-06,1045,渡辺,SODE,clean,,236000,236000,236000,,excl,,1,170000,0,0,0,0,0,170000,1000,170000,0,170000,0,0,38000,0,38000,0,28000,0,0,0,0,6,0,236000,halfup100,0,1,1000,0,0,236000,0,,M1:R5年10月!15
2310-012,2023-10-06,1045,渡辺,IJ,clean,,16000,16000,16000,,excl,,1,0,6000,0,6000,0,2000,8000,1000,8000,0,8000,0,8000,0,0,0,0,0,0,0,0,0,0,0,16000,halfup100,0,1,1000,0,0,16000,0,,M1:R5年10月!16
2310-013,2023-10-06,9999,鈴木,CALP,clean,,114800,114800,126280,税込,incl,rush,1,0,63000,0,63000,0,3000,66000,1000,66000,0,66000,19800,0,7000,5000,12000,0,8000,0,0,0,0,27,9000,114800,floor100,0,1,1000,19800,9000,114800,0,,M1:R5年10月!17
2310-014,2023-10-06,1009,鈴木,CALP,clean,,92300,92300,92300,税抜,excl,rush,1,0,51150,0,51150,0,3000,54150,1000,54150,0,54150,16245,6000,10500,1500,12000,0,0,0,0,0,0,14,4000,92395,floor100,-95,1,1000,16245,4000,92395,-95,,M1:R5年10月!18
2310-015,2023-10-06,1080,佐藤,IJ,clean,,154400,154400,154400,税抜,excl,,1,0,200732,40146,160586,0,2000,162586,950,154456,0,154456,0,0,0,0,0,0,0,0,0,0,0,0,0,154456,floor100,-56,1,950,0,0,154456,-56,,M1:R5年10月!19
2310-016,2023-10-07,9999,田中,ACM,clean,,44000,44000,44000,税抜,excl,,1,6400,960,0,960,1200,2000,10560,1000,10560,0,10560,0,10000,5900,6100,12000,0,8000,0,0,0,0,24,4000,44560,floor1000,-560,1,1000,0,4000,44560,-560,,M1:R5年10月!20
2310-017,2023-10-10,1020,渡辺,CALP,clean,,70700,70700,70700,,excl,,1,0,47250,0,47250,0,3000,50250,950,47737,0,47737,0,3000,10500,1500,12000,0,8000,0,0,0,0,6,0,70737,halfup100,-37,1,950,0,0,70737,-37,,M1:R5年10月!21
2310-018,2023-10-10,1023,田中,ACM,clean,,37000,37000,37000,税抜,excl,rush;night;corner_r,1,6400,5280,0,5280,3200,2000,16880,880,14854,0,14854,4456,0,8600,3400,12000,6000,0,0,0,0,0,8,0,37310,floor1000,-310,1,880,4456,0,37310,-310,,M1:R5年10月!22
2310-019,2023-10-10,1006,渡辺,IJ,revision_v1,superseded by re-issued quote (quantity change); v1 priced by rules,21400,21400,21400,,excl,,1,0,9000,0,9000,2400,2000,13400,1000,13400,0,13400,0,8000,0,0,0,0,0,0,0,0,0,0,0,21400,halfup100,0,1,1000,0,0,21400,0,v2=2310-019-2,M1:R5年10月!23
2310-019-2,2023-10-26,1006,渡辺,IJ,revision_v2,quantity 5->8; priced by rules,28200,28200,28200,,excl,,1,0,14400,0,14400,3840,2000,20240,1000,20240,0,20240,0,8000,0,0,0,0,0,0,0,0,0,0,0,28240,halfup100,-40,1,1000,0,0,28240,-40,v1=2310-019,M1:R5年10月!69
2310-020,2023-10-10,1045,渡辺,CALP,clean,,55600,55600,55600,,excl,,1,0,12600,0,12600,0,3000,15600,1000,15600,0,15600,0,0,4200,7800,12000,0,28000,0,0,0,0,1,0,55600,halfup100,0,1,1000,0,0,55600,0,,M1:R5年10月!24
2310-021,2023-10-10,1012,佐藤,ACM,clean,,22200,22200,22200,税抜,excl,,1,12800,10560,0,10560,2400,2000,27760,800,22208,0,22208,0,0,0,0,0,0,0,0,0,0,0,0,0,22208,floor100,-8,1,800,0,0,22208,-8,,M1:R5年10月!25
2310-022,2023-10-11,1054,佐藤,IJ,clean,,26000,26000,26000,税抜,excl,,1,0,24000,0,24000,0,2000,26000,1000,26000,0,26000,0,0,0,0,0,0,0,0,0,0,0,0,0,26000,floor100,0,1,1000,0,0,26000,0,,M1:R5年10月!26
2310-023,2023-10-11,1042,佐藤,ACM,clean,,91600,91600,91600,税抜,excl,,1,19200,44880,4488,40392,3600,2000,65192,950,61932,0,61932,0,10000,19700,0,19700,0,0,0,0,0,0,8,0,91632,floor100,-32,1,950,0,0,91632,-32,,M1:R5年10月!27
2310-024,2023-10-11,1085,佐藤,IJ,clean,,8400,8400,8400,税抜,excl,rush,1,0,3400,0,3400,0,2000,5400,1000,5400,0,5400,3000,0,0,0,0,0,0,0,0,0,0,0,0,8400,floor100,0,1,1000,3000,0,8400,0,,M1:R5年10月!28
2310-025,2023-10-11,9999,佐藤,CALP,clean,,50000,50000,55000,税込,incl,,1,0,12000,0,12000,0,3000,15000,1000,15000,0,15000,0,6000,7000,5000,12000,0,8000,0,0,0,0,48,9000,50000,floor100,0,1,1000,0,9000,50000,0,,M1:R5年10月!29
2310-026,2023-10-12,1074,渡辺,CALP,clean,,85900,85900,85900,,excl,,1,0,54600,1890,52710,0,3000,55710,1000,55710,0,55710,0,0,18200,0,18200,0,8000,0,0,0,0,18,4000,85910,halfup100,-10,1,1000,0,4000,85910,-10,,M1:R5年10月!30
2310-027,2023-10-12,1064,佐藤,CALP,clean,,49000,49000,49000,税抜,excl,,1,0,22050,0,22050,0,3000,25050,1000,25050,0,25050,0,0,4900,7100,12000,0,8000,0,0,0,0,18,4000,49050,floor100,-50,1,1000,0,4000,49050,-50,,M1:R5年10月!31
2310-028,2023-10-12,1078,佐藤,ACM,clean,,40800,40800,40800,税抜,excl,holes,1,6400,3960,0,3960,4500,2000,16860,1000,16860,0,16860,0,0,7700,4300,12000,0,8000,0,0,0,0,24,4000,40860,floor100,-60,1,1000,0,4000,40860,-60,,M1:R5年10月!32
2310-029,2023-10-12,1085,佐藤,IJ,clean,,8200,8200,8200,税抜,excl,,1,0,3200,0,3200,0,2000,5200,1000,5200,0,5200,0,3000,0,0,0,0,0,0,0,0,0,0,0,8200,floor100,0,1,1000,0,0,8200,0,,M1:R5年10月!33
2310-030,2023-10-12,1012,佐藤,CALP,clean,,26200,26200,26200,税抜,excl,,1,0,29820,0,29820,0,3000,32820,800,26256,0,26256,0,0,0,0,0,0,0,0,0,0,0,0,0,26256,floor100,-56,1,800,0,0,26256,-56,,M1:R5年10月!34
2310-031,2023-10-13,1023,田中,ACM,clean,,50000,50000,50000,税抜,excl,,1,6400,2640,0,2640,1200,2000,12240,880,10771,0,10771,0,10000,6800,5200,12000,0,0,0,0,0,0,84,18000,50771,floor1000,-771,1,880,0,18000,50771,-771,,M1:R5年10月!35
2310-032,2023-10-16,1012,佐藤,IJ,clean,,13400,13400,13400,税抜,excl,,1,0,13974,0,13974,840,2000,16814,800,13451,0,13451,0,0,0,0,0,0,0,0,0,0,0,0,0,13451,floor100,-51,1,800,0,0,13451,-51,,M1:R5年10月!36
2310-033,2023-10-16,1023,田中,ACM,clean,,40000,40000,40000,税抜,excl,,1,6400,7920,0,7920,3600,2000,19920,880,17529,0,17529,0,3000,10100,1900,12000,0,8000,0,0,0,0,5,0,40529,floor1000,-529,1,880,0,0,40529,-529,,M1:R5年10月!37
2310-034,2023-10-16,9999,渡辺,IJ,clean,,17000,17000,18700,税込,incl,survey,1,0,900,0,900,360,2000,3260,1000,3260,1740,5000,0,3000,0,0,0,0,0,0,0,0,5000,13,4000,17000,halfup100,0,1,1000,0,4000,17000,0,,M1:R5年10月!38
2310-035,2023-10-17,9999,佐藤,CALP,clean,,25800,25800,28380,税込,incl,,1,0,16870,0,16870,0,3000,19870,1000,19870,0,19870,0,6000,0,0,0,0,0,0,0,0,0,0,0,25870,floor100,-70,1,1000,0,0,25870,-70,,M1:R5年10月!39
2310-036,2023-10-17,1086,渡辺,CALP,clean,,87000,87000,87000,,excl,,1,0,88530,0,88530,0,3000,91530,950,86953,0,86953,0,0,0,0,0,0,0,0,0,0,0,0,0,86953,halfup100,47,1,950,0,0,86953,47,,M1:R5年10月!40
2310-037,2023-10-17,1009,佐藤,ACM,clean,,13000,13000,13000,税抜,excl,repeat,1,6400,5440,0,5440,1200,0,13040,1000,13040,0,13040,0,0,0,0,0,0,0,0,0,0,0,0,0,13040,floor100,-40,1,1000,0,0,13040,-40,,M1:R5年10月!41
2310-038,2023-10-17,1023,田中,IJ,clean,,28000,28000,28000,税抜,excl,no_grommet,1,0,900,0,900,0,2000,2900,880,2552,2448,5000,0,3000,540,11460,12000,0,8000,0,0,0,0,6,0,28000,floor100,0,1,880,0,0,28000,0,,M1:R5年10月!42
2310-039,2023-10-17,1095,佐藤,SODE,clean,,225000,225000,225000,税抜,excl,,1,170000,0,0,0,0,0,170000,1000,170000,0,170000,0,0,38000,0,38000,0,8000,0,0,0,0,27,9000,225000,floor100,0,1,1000,0,9000,225000,0,,M1:R5年10月!43
2310-040,2023-10-18,1069,鈴木,CALP,clean,,267800,267800,267800,税抜,excl,removal;disposal,1,0,220500,14175,206325,0,3000,209325,1000,209325,0,209325,0,6000,24500,0,24500,0,8000,0,15000,5000,0,1,0,267825,floor100,-25,1,1000,0,0,267825,-25,,M1:R5年10月!44
2310-041,2023-10-18,1048,田中,CALP,rush_unrecorded,rush surcharge 7200 applied without rush wording in remarks,56000,63000,63000,税抜,excl,,1,0,21000,0,21000,0,3000,24000,1000,24000,0,24000,0,3000,4900,7100,12000,0,8000,0,0,0,0,35,9000,56000,floor1000,0,1,1000,7200,9000,63200,-200,,M1:R5年10月!45
2310-042,2023-10-18,1045,渡辺,SODE,clean,,165000,165000,165000,,excl,,1,95000,0,0,0,0,0,95000,1000,95000,0,95000,0,0,38000,0,38000,0,28000,0,0,0,0,19,4000,165000,halfup100,0,1,1000,0,4000,165000,0,,M1:R5年10月!46
2310-043,2023-10-18,9999,佐藤,IJ,clean,,50000,50000,55000,税込,incl,,1,0,40000,0,40000,0,2000,42000,1000,42000,0,42000,0,8000,0,0,0,0,0,0,0,0,0,0,0,50000,floor100,0,1,1000,0,0,50000,0,,M1:R5年10月!47
2310-044,2023-10-19,1023,田中,ACM,clean,,230000,230000,230000,税抜,excl,,1,76800,89760,8976,80784,14400,2000,173984,880,153105,0,153105,0,10000,63500,0,63500,0,0,0,0,0,0,19,4000,230605,floor1000,-605,1,880,0,4000,230605,-605,,M1:R5年10月!48
2310-045,2023-10-19,1041,佐藤,SODE,clean,,188800,188800,188800,税抜,excl,,1,132000,0,0,0,0,0,132000,900,118800,0,118800,0,0,38000,0,38000,0,28000,0,0,0,0,19,4000,188800,floor100,0,1,900,0,4000,188800,0,,M1:R5年10月!49
2310-046,2023-10-20,1085,佐藤,CALP,clean,,19000,19000,19000,税抜,excl,,1,0,16000,0,16000,0,3000,19000,1000,19000,0,19000,0,0,0,0,0,0,0,0,0,0,0,0,0,19000,floor100,0,1,1000,0,0,19000,0,,M1:R5年10月!50
2310-047,2023-10-20,9999,佐藤,SODE,clean,,440200,440200,484220,税込,incl,,1,264000,0,0,0,77200,0,341200,1000,341200,0,341200,0,15000,38000,0,38000,0,28000,18000,0,0,0,6,0,440200,floor100,0,1,1000,0,0,440200,0,,M1:R5年10月!51
2310-048,2023-10-20,9999,佐藤,IJ,digit_typo,"add0: intended 5000, written 50000",5000,5000,50000,税抜,excl,,1,0,1700,0,1700,0,2000,3700,1000,3700,1300,5000,0,0,0,0,0,0,0,0,0,0,0,0,0,5000,floor100,0,1,1000,0,0,5000,0,,M1:R5年10月!52
2310-049,2023-10-20,1096,佐藤,IJ,clean,,86700,86700,86700,税抜,excl,,1,0,47600,0,47600,0,2000,49600,950,47120,0,47120,0,0,30600,0,30600,0,0,0,0,0,0,35,9000,86720,floor100,-20,1,950,0,9000,86720,-20,,M1:R5年10月!53
2310-050,2023-10-21,1023,田中,IJ,clean,,5000,5000,5000,税抜,excl,,1,0,2040,0,2040,0,2000,4040,880,3555,1445,5000,0,0,0,0,0,0,0,0,0,0,0,0,0,5000,floor100,0,1,880,0,0,5000,0,,M1:R5年10月!54
2310-051,2023-10-21,9999,田中,IJ,clean,,125000,125000,125000,税抜,excl,,1,0,71400,0,71400,7200,2000,80600,1000,80600,0,80600,0,8000,29160,0,29160,0,8000,0,0,0,0,6,0,125760,floor1000,-760,1,1000,0,0,125760,-760,,M1:R5年10月!55
2310-052,2023-10-21,9999,田中,ACM,clean,,92000,92000,92000,税抜,excl,removal;disposal;corner_r,1,12000,6600,0,6600,1600,2000,22200,1000,22200,0,22200,0,10000,9500,2500,12000,0,28000,0,15000,5000,0,10,0,92200,floor1000,-200,1,1000,0,0,92200,-200,,M1:R5年10月!56
2310-053,2023-10-23,1088,渡辺,ACM,clean,,66400,66400,73040,税込,incl,night;repeat,1,6400,2640,0,2640,2400,0,11440,1000,11440,0,11440,0,0,5900,6100,12000,6000,28000,0,0,0,0,27,9000,66440,halfup100,-40,1,1000,0,9000,66440,-40,,M1:R5年10月!57
2310-054,2023-10-23,1074,渡辺,ACM,clean,,450100,450100,450100,,excl,survey,1,216000,134640,26928,107712,64800,2000,390512,1000,390512,0,390512,0,0,50600,0,50600,0,0,0,0,0,5000,18,4000,450112,halfup100,-12,1,1000,0,4000,450112,-12,,M1:R5年10月!58
2310-055,2023-10-23,9999,田中,ACM,clean,,63000,63000,63000,税抜,excl,corner_r,1,12800,19360,0,19360,3200,2000,37360,1000,37360,0,37360,0,10000,11600,400,12000,0,0,0,0,0,0,13,4000,63360,floor1000,-360,1,1000,0,4000,63360,-360,,M1:R5年10月!59
2310-056,2023-10-23,9999,渡辺,IJ,clean,,21100,21100,23210,税込,incl,,1,0,13200,0,13200,2880,2000,18080,1000,18080,0,18080,0,3000,0,0,0,0,0,0,0,0,0,0,0,21080,halfup100,20,1,1000,0,0,21080,20,,M1:R5年10月!60
2310-057,2023-10-24,9999,鈴木,CALP,clean,,40100,40100,44110,税込,incl,,1,0,34100,0,34100,0,3000,37100,1000,37100,0,37100,0,3000,0,0,0,0,0,0,0,0,0,0,0,40100,floor100,0,1,1000,0,0,40100,0,,M1:R5年10月!61
2310-058,2023-10-24,9999,渡辺,ACM,clean,,25500,25500,28050,税込,incl,rush,1,12000,3200,0,3200,2400,2000,19600,1000,19600,0,19600,5880,0,0,0,0,0,0,0,0,0,0,0,0,25480,halfup100,20,1,1000,5880,0,25480,20,,M1:R5年10月!62
2310-059,2023-10-24,1053,渡辺,ACM,clean,,58300,58300,58300,,excl,,1,24000,17600,0,17600,7200,2000,50800,950,48260,0,48260,0,10000,0,0,0,0,0,0,0,0,0,0,0,58260,halfup100,40,1,950,0,0,58260,40,,M1:R5年10月!63
2310-060,2023-10-24,1032,渡辺,SODE,clean,,359200,359200,359200,,excl,,1,199000,0,0,0,61200,0,260200,1000,260200,0,260200,0,15000,38000,0,38000,0,28000,18000,0,0,0,8,0,359200,halfup100,0,1,1000,0,0,359200,0,,M1:R5年10月!64
2310-061,2023-10-24,1023,田中,IJ,clean,,13000,13000,13000,税抜,excl,,1,0,3000,0,3000,600,2000,5600,880,4928,72,5000,0,8000,0,0,0,0,0,0,0,0,0,0,0,13000,floor100,0,1,880,0,0,13000,0,,M1:R5年10月!65
2310-062,2023-10-25,9999,佐藤,CALP,clean,,249000,249000,273900,税込,incl,rush,1,0,186300,0,186300,0,3000,189300,1000,189300,0,189300,56790,3000,0,0,0,0,0,0,0,0,0,0,0,249090,floor100,-90,1,1000,56790,0,249090,-90,,M1:R5年10月!66
2310-063,2023-10-25,1077,佐藤,CALP,clean,,77800,77800,77800,税抜,excl,removal;disposal,1,0,15750,0,15750,0,3000,18750,950,17812,0,17812,0,0,3500,8500,12000,0,28000,0,15000,5000,0,48,0,77812,floor100,-12,1,950,0,0,77812,-12,,M1:R5年10月!67
2310-064,2023-10-26,1071,佐藤,ACM,clean,,13300,13300,13300,税抜,excl,holes,1,6400,5280,0,5280,3000,2000,16680,800,13344,0,13344,0,0,0,0,0,0,0,0,0,0,0,0,0,13344,floor100,-44,1,800,0,0,13344,-44,,M1:R5年10月!68
2310-065,2023-10-26,1023,田中,ACM,clean,,39000,39000,39000,税抜,excl,,1,6400,7920,0,7920,2400,2000,18720,880,16473,0,16473,0,3000,10100,1900,12000,0,8000,0,0,0,0,1,0,39473,floor1000,-473,1,880,0,0,39473,-473,,M1:R5年10月!70
2310-066,2023-10-26,9999,佐藤,CALP,clean,,9800,9800,10780,税込,incl,,1,0,6800,0,6800,0,3000,9800,1000,9800,0,9800,0,0,0,0,0,0,0,0,0,0,0,0,0,9800,floor100,0,1,1000,0,0,9800,0,,M1:R5年10月!71
2310-067,2023-10-27,1074,渡辺,IJ,clean,,19400,19400,19400,,excl,,1,0,12000,0,12000,2400,2000,16400,1000,16400,0,16400,0,3000,0,0,0,0,0,0,0,0,0,0,0,19400,halfup100,0,1,1000,0,0,19400,0,,M1:R5年10月!72
2310-068,2023-10-30,1022,佐藤,ACM,clean,,22800,22800,22800,税抜,excl,,1,12000,8800,0,8800,1200,2000,24000,950,22800,0,22800,0,0,0,0,0,0,0,0,0,0,0,0,0,22800,floor100,0,1,950,0,0,22800,0,,M1:R5年10月!73
2310-069,2023-10-30,1008,佐藤,IJ,clean,,9700,9700,9700,税抜,excl,,1,0,4760,0,4760,0,2000,6760,1000,6760,0,6760,0,3000,0,0,0,0,0,0,0,0,0,0,0,9760,floor100,-60,1,1000,0,0,9760,-60,,M1:R5年10月!74
2310-070,2023-10-31,9999,渡辺,CALP,clean,,131000,131000,144100,税込,incl,removal;disposal,1,0,85000,0,85000,0,3000,88000,1000,88000,0,88000,0,3000,7000,5000,12000,0,8000,0,15000,5000,0,10,0,131000,halfup100,0,1,1000,0,0,131000,0,,M1:R5年10月!75
2310-071,2023-10-31,1008,鈴木,IJ,clean,,410500,410500,410500,税抜,excl,removal;disposal,1,0,307428,61485,245943,0,2000,247943,1000,247943,0,247943,0,0,142560,0,142560,0,0,0,15000,5000,0,5,0,410503,floor100,-3,1,1000,0,0,410503,-3,,M1:R5年10月!76
2311-001,2023-11-01,9999,渡辺,ACM,clean,,61500,61500,61500,,excl,holes,1,12800,9680,0,9680,3000,2000,27480,1000,27480,0,27480,0,10000,11600,400,12000,0,8000,0,0,0,0,13,4000,61480,halfup100,20,1,1000,0,4000,61480,20,,M1:R5年11月!5
2311-002,2023-11-01,9999,鈴木,ACM,clean,,22200,22200,24420,税込,incl,,1,6400,2640,0,2640,1200,2000,12240,1000,12240,0,12240,0,10000,0,0,0,0,0,0,0,0,0,0,0,22240,floor100,-40,1,1000,0,0,22240,-40,,M1:R5年11月!6
2311-003,2023-11-01,9999,田中,CALP,clean,,79000,79000,86900,税込,incl,removal;disposal,1,0,32400,0,32400,0,3000,35400,1000,35400,0,35400,0,0,7000,5000,12000,0,8000,0,15000,5000,0,18,4000,79400,floor1000,-400,1,1000,0,4000,79400,-400,,M1:R5年11月!7
2311-004,2023-11-01,1049,田中,IJ,clean,,8400,8400,8400,税抜,excl,,1,0,6480,0,6480,0,2000,8480,1000,8480,0,8480,0,0,0,0,0,0,0,0,0,0,0,0,0,8480,floor100,-80,1,1000,0,0,8480,-80,,M1:R5年11月!8
2311-005,2023-11-02,1079,佐藤,CALP,clean,,46500,46500,46500,税抜,excl,survey,1,0,23870,0,23870,0,3000,26870,950,25526,0,25526,0,0,4900,7100,12000,0,0,0,0,0,5000,19,4000,46526,floor100,-26,1,950,0,4000,46526,-26,,M1:R5年11月!9
2311-006,2023-11-02,1048,田中,SODE,manager_discount,undocumented discount 48000 (15.3%) from rule_net 313000,313000,265000,265000,税抜,excl,survey,1,170000,0,0,0,54800,0,224800,1000,224800,0,224800,0,0,38000,0,38000,0,28000,18000,0,0,5000,6,0,313800,floor1000,-800,1,1000,0,0,313800,-48800,,M1:R5年11月!10
2311-007,2023-11-02,1023,田中,IJ,clean,,32000,32000,32000,税抜,excl,removal,1,0,4760,0,4760,0,2000,6760,880,5948,0,5948,0,0,3060,8940,12000,0,0,0,15000,0,0,5,0,32948,floor1000,-948,1,880,0,0,32948,-948,,M1:R5年11月!11
2311-008,2023-11-02,1072,鈴木,ACM,clean,,27500,27500,27500,税抜,excl,survey,1,6400,3960,0,3960,1200,2000,13560,1000,13560,0,13560,0,0,0,0,0,0,0,0,0,0,5000,35,9000,27560,floor100,-60,1,1000,0,9000,27560,-60,,M1:R5年11月!12
2311-009,2023-11-02,1025,佐藤,IJ,clean,,23600,23600,23600,税抜,excl,,1,0,13600,0,13600,0,2000,15600,1000,15600,0,15600,0,8000,0,0,0,0,0,0,0,0,0,0,0,23600,floor100,0,1,1000,0,0,23600,0,,M1:R5年11月!13
2311-010,2023-11-04,9999,田中,IJ,clean,,110000,110000,110000,税抜,excl,,1,0,112200,11220,100980,0,2000,102980,1000,102980,0,102980,0,8000,0,0,0,0,0,0,0,0,0,0,0,110980,floor1000,-980,1,1000,0,0,110980,-980,,M1:R5年11月!14
2311-011,2023-11-06,1042,佐藤,ACM,clean,,47400,47400,47400,税抜,excl,corner_r,1,12000,10120,0,10120,1600,2000,25720,950,24434,0,24434,0,3000,11900,100,12000,0,8000,0,0,0,0,1,0,47434,floor100,-34,1,950,0,0,47434,-34,,M1:R5年11月!15
2311-012,2023-11-07,1042,佐藤,ACM,clean,,117900,117900,117900,税抜,excl,night;corner_r,1,36000,25080,0,25080,13600,2000,76680,950,72846,0,72846,0,0,22100,0,22100,11050,8000,0,0,0,0,22,4000,117996,floor100,-96,1,950,0,4000,117996,-96,,M1:R5年11月!16
2311-013,2023-11-07,1012,佐藤,IJ,clean,,26000,26000,26000,税抜,excl,survey,1,0,900,0,900,360,2000,3260,800,2608,2392,5000,0,0,540,11460,12000,0,0,0,0,0,5000,14,4000,26000,floor100,0,1,800,0,4000,26000,0,,M1:R5年11月!17
2311-014,2023-11-07,1056,渡辺,ACM,revision_v1,superseded by re-issued quote (negotiated price); v1 priced by rules,70200,70200,70200,,excl,,1,32000,27200,0,27200,6000,2000,67200,1000,67200,0,67200,0,3000,0,0,0,0,0,0,0,0,0,0,0,70200,halfup100,0,1,1000,0,0,70200,0,v2=2311-014-2,M1:R5年11月!18
2311-014-2,2023-11-17,1056,渡辺,ACM,revision_v2,"negotiated price, undocumented reduction 6200 from rule_net 70200",70200,64000,64000,,excl,,1,32000,27200,0,27200,6000,2000,67200,1000,67200,0,67200,0,3000,0,0,0,0,0,0,0,0,0,0,0,70200,halfup100,0,1,1000,0,0,70200,-6200,v1=2311-014,M1:R5年11月!34
2311-015,2023-11-07,9999,渡辺,IJ,clean,,23600,23600,23600,,excl,,1,0,13600,0,13600,0,2000,15600,1000,15600,0,15600,0,8000,0,0,0,0,0,0,0,0,0,0,0,23600,halfup100,0,1,1000,0,0,23600,0,,M1:R5年11月!19
2311-016,2023-11-07,1047,田中,ACM,clean,,9700,9700,9700,税抜,excl,,1,6400,2640,0,2640,1200,2000,12240,800,9792,0,9792,0,0,0,0,0,0,0,0,0,0,0,0,0,9792,floor100,-92,1,800,0,0,9792,-92,,M1:R5年11月!20
2311-017,2023-11-07,9999,鈴木,IJ,clean,,32800,32800,36080,税込,incl,,1,0,6800,0,6800,0,2000,8800,1000,8800,0,8800,0,8000,3060,8940,12000,0,0,0,0,0,0,11,4000,32800,floor100,0,1,1000,0,4000,32800,0,,M1:R5年11月!21
2311-018,2023-11-07,9999,渡辺,ACM,rounding_inconsistent,rounded 'floor10' instead of 'halfup100' (pre-round 42560); diff=-40,42600,42560,42560,,excl,removal;disposal,1,6400,960,0,960,1200,2000,10560,1000,10560,0,10560,0,0,5600,6400,12000,0,0,0,15000,5000,0,6,0,42560,halfup100,40,1,1000,0,0,42560,0,,M1:R5年11月!22
2311-019,2023-11-09,1010,佐藤,ACM,clean,,103900,103900,103900,税抜,excl,rush;removal,1,24000,25520,0,25520,2400,2000,53920,950,51224,0,51224,15367,0,22400,0,22400,0,0,0,15000,0,0,1,0,103991,floor100,-91,1,950,15367,0,103991,-91,,M1:R5年11月!23
2311-020,2023-11-09,9999,佐藤,ACM,clean,,60800,60800,66880,税込,incl,rush,1,6400,26400,0,26400,12000,2000,46800,1000,46800,0,46800,14040,0,0,0,0,0,0,0,0,0,0,0,0,60840,floor100,-40,1,1000,14040,0,60840,-40,,M1:R5年11月!24
2311-021,2023-11-10,9999,田中,IJ,clean,,34000,34000,37400,税込,incl,,1,0,32000,0,32000,0,2000,34000,1000,34000,0,34000,0,0,0,0,0,0,0,0,0,0,0,0,0,34000,floor1000,0,1,1000,0,0,34000,0,,M1:R5年11月!25
2311-022,2023-11-13,9999,渡辺,CALP,clean,,33000,33000,36300,税込,incl,,1,0,30000,0,30000,0,3000,33000,1000,33000,0,33000,0,0,0,0,0,0,0,0,0,0,0,0,0,33000,halfup100,0,1,1000,0,0,33000,0,,M1:R5年11月!26
2311-023,2023-11-13,1094,田中,IJ,clean,,13400,13400,13400,税抜,excl,,1,0,3400,0,3400,0,2000,5400,1000,5400,0,5400,0,8000,0,0,0,0,0,0,0,0,0,0,0,13400,floor100,0,1,1000,0,0,13400,0,,M1:R5年11月!27
2311-024,2023-11-14,1053,渡辺,SODE,clean,,245400,245400,245400,,excl,,1,132000,0,0,0,51600,0,183600,950,174420,0,174420,0,3000,38000,0,38000,0,8000,18000,0,0,0,14,4000,245420,halfup100,-20,1,950,0,4000,245420,-20,,M1:R5年11月!28
2311-025,2023-11-14,9999,渡辺,CALP,clean,,54300,54300,54300,,excl,,1,0,21300,0,21300,0,3000,24300,1000,24300,0,24300,0,6000,3500,8500,12000,0,8000,0,0,0,0,19,4000,54300,halfup100,0,1,1000,0,4000,54300,0,,M1:R5年11月!29
2311-026,2023-11-14,1025,佐藤,CALP,clean,,118400,118400,118400,税抜,excl,,1,0,109440,0,109440,0,3000,112440,1000,112440,0,112440,0,6000,0,0,0,0,0,0,0,0,0,0,0,118440,floor100,-40,1,1000,0,0,118440,-40,,M1:R5年11月!30
2311-027,2023-11-15,9999,渡辺,ACM,clean,,25700,25700,25700,,excl,rush;survey,1,6400,3960,0,3960,3600,2000,15960,1000,15960,0,15960,4788,0,0,0,0,0,0,0,0,0,5000,10,0,25748,halfup100,-48,1,1000,4788,0,25748,-48,,M1:R5年11月!31
2311-028,2023-11-15,1023,田中,IJ,clean,,8000,8000,8000,税抜,excl,,1,0,3080,0,3080,0,2000,5080,880,4470,530,5000,0,3000,0,0,0,0,0,0,0,0,0,0,0,8000,floor100,0,1,880,0,0,8000,0,,M1:R5年11月!32
2311-029,2023-11-15,9999,佐藤,ACM,clean,,599900,599900,599900,税抜,excl,,1,216000,261360,52272,209088,64800,2000,491888,1000,491888,0,491888,0,10000,94100,0,94100,0,0,0,0,0,0,19,4000,599988,floor100,-88,1,1000,0,4000,599988,-88,,M1:R5年11月!33
2311-030,2023-11-17,1022,佐藤,CALP,clean,,14600,14600,14600,税抜,excl,,1,0,12420,0,12420,0,3000,15420,950,14649,0,14649,0,0,0,0,0,0,0,0,0,0,0,0,0,14649,floor100,-49,1,950,0,0,14649,-49,,M1:R5年11月!35
2311-031,2023-11-17,1080,渡辺,CALP,clean,,69800,69800,69800,,excl,,1,0,21000,0,21000,0,3000,24000,950,22800,0,22800,0,3000,7000,5000,12000,0,28000,0,0,0,0,18,4000,69800,halfup100,0,1,950,0,4000,69800,0,,M1:R5年11月!36
2311-032,2023-11-17,1023,田中,ACM,clean,,86000,86000,86000,税抜,excl,removal;holes,1,12000,6160,0,6160,1500,2000,21660,880,19060,0,19060,0,3000,9200,2800,12000,0,28000,0,15000,0,0,48,9000,86060,floor1000,-60,1,880,0,9000,86060,-60,,M1:R5年11月!37
2311-033,2023-11-20,9999,渡辺,ACM,clean,,20500,20500,20500,,excl,corner_r,1,6400,7480,0,7480,1600,2000,17480,1000,17480,0,17480,0,3000,0,0,0,0,0,0,0,0,0,0,0,20480,halfup100,20,1,1000,0,0,20480,20,,M1:R5年11月!38
2311-034,2023-11-20,1077,佐藤,ACM,clean,,101900,101900,101900,税抜,excl,corner_r;repeat,1,32000,74800,7480,67320,8000,0,107320,950,101954,0,101954,0,0,0,0,0,0,0,0,0,0,0,0,0,101954,floor100,-54,1,950,0,0,101954,-54,,M1:R5年11月!39
2311-035,2023-11-20,1089,佐藤,CALP,clean,,42900,42900,42900,税抜,excl,,1,0,18000,0,18000,0,3000,21000,950,19950,0,19950,0,3000,3500,8500,12000,0,8000,0,0,0,0,1,0,42950,floor100,-50,1,950,0,0,42950,-50,,M1:R5年11月!40
2311-036,2023-11-20,1082,佐藤,CALP,clean,,19200,19200,19200,税抜,excl,,1,0,16200,0,16200,0,3000,19200,1000,19200,0,19200,0,0,0,0,0,0,0,0,0,0,0,0,0,19200,floor100,0,1,1000,0,0,19200,0,,M1:R5年11月!41
2311-037,2023-11-20,1085,佐藤,ACM,clean,,62700,62700,62700,税抜,excl,removal;disposal,1,6400,6160,0,6160,1200,2000,15760,1000,15760,0,15760,0,3000,9200,2800,12000,0,8000,0,15000,5000,0,14,4000,62760,floor100,-60,1,1000,0,4000,62760,-60,,M1:R5年11月!42
2311-038,2023-11-21,9999,鈴木,IJ,clean,,21400,21400,21400,税抜,excl,,1,0,16440,0,16440,0,2000,18440,1000,18440,0,18440,0,3000,0,0,0,0,0,0,0,0,0,0,0,21440,floor100,-40,1,1000,0,0,21440,-40,,M1:R5年11月!43
2311-039,2023-11-22,1023,田中,ACM,clean,,72000,72000,72000,税抜,excl,,1,24000,18480,0,18480,7200,2000,51680,880,45478,0,45478,0,3000,11300,700,12000,0,8000,0,0,0,0,18,4000,72478,floor1000,-478,1,880,0,4000,72478,-478,,M1:R5年11月!44
2311-040,2023-11-25,9999,田中,IJ,clean,,24000,24000,26400,税込,incl,,1,0,6000,0,6000,0,2000,8000,1000,8000,0,8000,0,0,2160,9840,12000,0,0,0,0,0,0,22,4000,24000,floor100,0,1,1000,0,4000,24000,0,,M1:R5年11月!45
2311-041,2023-11-27,1042,佐藤,ACM,clean,,62500,62500,62500,税抜,excl,holes,1,12000,12760,0,12760,1500,2000,28260,950,26847,0,26847,0,10000,13700,0,13700,0,8000,0,0,0,0,14,4000,62547,floor100,-47,1,950,0,4000,62547,-47,,M1:R5年11月!46
2311-042,2023-11-27,9999,鈴木,SODE,clean,,293600,293600,322960,税込,incl,night,1,132000,0,0,0,51600,0,183600,1000,183600,0,183600,0,3000,38000,0,38000,19000,28000,18000,0,0,0,13,4000,293600,floor100,0,1,1000,0,4000,293600,0,,M1:R5年11月!47
2311-043,2023-11-27,1053,渡辺,ACM,clean,,41300,41300,41300,,excl,removal;repeat,1,6400,7480,0,7480,1200,0,15080,950,14326,0,14326,0,0,10100,1900,12000,0,0,0,15000,0,0,10,0,41326,halfup100,-26,1,950,0,0,41326,-26,,M1:R5年11月!48
2311-044,2023-11-28,1085,佐藤,ACM,clean,,31900,31900,31900,税抜,excl,holes,1,6400,10560,0,10560,3000,2000,21960,1000,21960,0,21960,0,10000,0,0,0,0,0,0,0,0,0,0,0,31960,floor100,-60,1,1000,0,0,31960,-60,,M1:R5年11月!49
2311-045,2023-11-28,1053,渡辺,ACM,clean,,53800,53800,53800,,excl,,1,12800,14960,0,14960,2400,2000,32160,950,30552,0,30552,0,0,15200,0,15200,0,8000,0,0,0,0,8,0,53752,halfup100,48,1,950,0,0,53752,48,,M1:R5年11月!50
2311-046,2023-11-28,9999,渡辺,IJ,clean,,16900,16900,16900,,excl,,1,0,6904,0,6904,0,2000,8904,1000,8904,0,8904,0,8000,0,0,0,0,0,0,0,0,0,0,0,16904,halfup100,-4,1,1000,0,0,16904,-4,,M1:R5年11月!51
2311-047,2023-11-28,1002,佐藤,CALP,clean,,65400,65400,65400,税抜,excl,,1,0,36450,0,36450,0,3000,39450,1000,39450,0,39450,0,6000,6300,5700,12000,0,8000,0,0,0,0,6,0,65450,floor100,-50,1,1000,0,0,65450,-50,,M1:R5年11月!52
2311-048,2023-11-28,1089,佐藤,IJ,clean,,10200,10200,10200,税抜,excl,,1,0,5588,0,5588,0,2000,7588,950,7208,0,7208,0,3000,0,0,0,0,0,0,0,0,0,0,0,10208,floor100,-8,1,950,0,0,10208,-8,,M1:R5年11月!53
2311-049,2023-11-29,1067,田中,SODE,clean,,357000,357000,357000,税抜,excl,survey,1,170000,0,0,0,59600,0,229600,1000,229600,0,229600,0,15000,38000,0,38000,0,48000,18000,0,0,5000,24,4000,357600,floor1000,-600,1,1000,0,4000,357600,-600,,M1:R5年11月!54
2311-050,2023-11-29,9999,佐藤,ACM,clean,,76500,76500,84150,税込,incl,night,1,19200,13200,0,13200,3600,2000,38000,1000,38000,0,38000,0,10000,13700,0,13700,6850,8000,0,0,0,0,6,0,76550,floor100,-50,1,1000,0,0,76550,-50,,M1:R5年11月!55
2311-051,2023-11-29,1048,田中,IJ,clean,,409000,409000,409000,税抜,excl,,1,0,325600,65120,260480,0,2000,262480,1000,262480,0,262480,0,3000,144000,0,144000,0,0,0,0,0,0,10,0,409480,floor1000,-480,1,1000,0,0,409480,-480,,M1:R5年11月!56
2311-052,2023-11-30,1053,渡辺,CALP,clean,,48800,48800,48800,,excl,,1,0,21000,0,21000,0,3000,24000,950,22800,0,22800,0,6000,3500,8500,12000,0,8000,0,0,0,0,10,0,48800,halfup100,0,1,950,0,0,48800,0,,M1:R5年11月!57
2311-053,2023-11-30,1050,鈴木,CALP,clean,,46500,46500,46500,税抜,excl,,1,0,19500,0,19500,0,3000,22500,1000,22500,0,22500,0,0,7000,5000,12000,0,8000,0,0,0,0,13,4000,46500,floor100,0,1,1000,0,4000,46500,0,,M1:R5年11月!58
2312-001,2023-12-01,1075,田中,IJ,clean,,13900,13900,13900,税抜,excl,,1,0,3300,0,3300,600,2000,5900,1000,5900,0,5900,0,8000,0,0,0,0,0,0,0,0,0,0,0,13900,floor100,0,1,1000,0,0,13900,0,,M1:R5年12月!5
2312-002,2023-12-01,1059,佐藤,SODE,clean,,251000,251000,251000,税抜,excl,,1,170000,0,0,0,0,0,170000,1000,170000,0,170000,0,15000,38000,0,38000,0,28000,0,0,0,0,1,0,251000,floor100,0,1,1000,0,0,251000,0,,M1:R5年12月!6
2312-003,2023-12-04,1025,佐藤,CALP,clean,,118200,118200,118200,税抜,excl,,1,0,88200,0,88200,0,3000,91200,1000,91200,0,91200,0,3000,9800,2200,12000,0,8000,0,0,0,0,13,4000,118200,floor100,0,1,1000,0,4000,118200,0,,M1:R5年12月!7
2312-004,2023-12-04,9999,鈴木,ACM,clean,,70700,70700,70700,税抜,excl,,1,24000,17600,0,17600,2400,2000,46000,1000,46000,0,46000,0,0,16700,0,16700,0,8000,0,0,0,0,10,0,70700,floor100,0,1,1000,0,0,70700,0,,M1:R5年12月!8
2312-005,2023-12-04,1089,佐藤,CALP,clean,,72100,72100,72100,税抜,excl,night,1,0,15000,0,15000,0,3000,18000,950,17100,0,17100,0,0,3500,8500,12000,6000,28000,0,0,0,0,38,9000,72100,floor100,0,1,950,0,9000,72100,0,,M1:R5年12月!9
2312-006,2023-12-04,9999,田中,ACM,clean,,41000,41000,41000,税抜,excl,,1,6400,2640,0,2640,1200,2000,12240,1000,12240,0,12240,0,0,6800,5200,12000,0,8000,0,0,0,0,26,9000,41240,floor1000,-240,1,1000,0,9000,41240,-240,,M1:R5年12月!10
2312-007,2023-12-05,1054,佐藤,ACM,clean,,248300,248300,248300,税抜,excl,,1,84000,89320,8932,80388,8400,2000,174788,1000,174788,0,174788,0,0,65600,0,65600,0,8000,0,0,0,0,1,0,248388,floor100,-88,1,1000,0,0,248388,-88,,M1:R5年12月!11
2312-008,2023-12-06,1023,田中,IJ,clean,,8000,8000,8000,税抜,excl,,1,0,3780,0,3780,0,2000,5780,880,5086,0,5086,0,3000,0,0,0,0,0,0,0,0,0,0,0,8086,floor100,-86,1,880,0,0,8086,-86,,M1:R5年12月!12
2312-009,2023-12-06,1085,渡辺,IJ,clean,,19400,19400,19400,,excl,,1,0,5400,0,5400,0,2000,7400,1000,7400,0,7400,0,0,1800,10200,12000,0,0,0,0,0,0,6,0,19400,halfup100,0,1,1000,0,0,19400,0,,M1:R5年12月!13
2312-010,2023-12-06,1050,渡辺,ACM,clean,,43400,43400,43400,,excl,,1,6400,4840,0,4840,1200,2000,14440,1000,14440,0,14440,0,0,8300,3700,12000,0,8000,0,0,0,0,38,9000,43440,halfup100,-40,1,1000,0,9000,43440,-40,,M1:R5年12月!14
2312-011,2023-12-06,9999,佐藤,SODE,clean,,300000,300000,330000,税込,incl,,1,199000,0,0,0,0,0,199000,1000,199000,0,199000,0,15000,38000,0,38000,0,48000,0,0,0,0,1,0,300000,floor100,0,1,1000,0,0,300000,0,,M1:R5年12月!15
2312-012,2023-12-06,1074,渡辺,IJ,clean,,15400,15400,15400,,excl,,1,0,10357,0,10357,0,2000,12357,1000,12357,0,12357,0,3000,0,0,0,0,0,0,0,0,0,0,0,15357,halfup100,43,1,1000,0,0,15357,43,,M1:R5年12月!16
2312-013,2023-12-06,1023,田中,IJ,clean,,33000,33000,33000,税抜,excl,,1,0,13600,0,13600,0,2000,15600,880,13728,0,13728,0,8000,5940,6060,12000,0,0,0,0,0,0,8,0,33728,floor1000,-728,1,880,0,0,33728,-728,,M1:R5年12月!17
2312-014,2023-12-07,9999,渡辺,IJ,clean,,13400,13400,13400,,excl,,1,0,8400,0,8400,0,2000,10400,1000,10400,0,10400,0,3000,0,0,0,0,0,0,0,0,0,0,0,13400,halfup100,0,1,1000,0,0,13400,0,,M1:R5年12月!18
2312-015,2023-12-07,1089,佐藤,ACM,clean,,17900,17900,17900,税抜,excl,,1,6400,6160,0,6160,1200,2000,15760,950,14972,0,14972,0,3000,0,0,0,0,0,0,0,0,0,0,0,17972,floor100,-72,1,950,0,0,17972,-72,,M1:R5年12月!19
2312-016,2023-12-07,1012,佐藤,ACM,clean,,7100,7100,7100,税抜,excl,repeat,1,6400,1320,0,1320,1200,0,8920,800,7136,0,7136,0,0,0,0,0,0,0,0,0,0,0,0,0,7136,floor100,-36,1,800,0,0,7136,-36,,M1:R5年12月!20
2312-017,2023-12-07,1010,佐藤,ACM,clean,,106100,106100,106100,税抜,excl,rush,1,25600,14080,0,14080,4800,2000,46480,950,44156,0,44156,13246,3000,13700,0,13700,0,28000,0,0,0,0,19,4000,106102,floor100,-2,1,950,13246,4000,106102,-2,,M1:R5年12月!21
2312-018,2023-12-07,1053,渡辺,IJ,clean,,33100,33100,33100,,excl,,1,0,22500,0,22500,7200,2000,31700,950,30115,0,30115,0,3000,0,0,0,0,0,0,0,0,0,0,0,33115,halfup100,-15,1,950,0,0,33115,-15,,M1:R5年12月!22
2312-019,2023-12-08,1022,佐藤,ACM,clean,,12800,12800,12800,税抜,excl,,1,6400,3960,0,3960,1200,2000,13560,950,12882,0,12882,0,0,0,0,0,0,0,0,0,0,0,0,0,12882,floor100,-82,1,950,0,0,12882,-82,,M1:R5年12月!23
2312-020,2023-12-11,1023,田中,SODE,clean,,247000,247000,247000,税抜,excl,removal;disposal,1,170000,0,0,0,0,0,170000,880,149600,0,149600,0,3000,38000,0,38000,0,28000,0,15000,5000,0,42,9000,247600,floor1000,-600,1,880,0,9000,247600,-600,,M1:R5年12月!24
2312-021,2023-12-11,1072,田中,SODE,clean,,169000,169000,169000,税抜,excl,survey,1,95000,0,0,0,0,0,95000,1000,95000,0,95000,0,3000,38000,0,38000,0,28000,0,0,0,5000,1,0,169000,floor1000,0,1,1000,0,0,169000,0,,M1:R5年12月!25
2312-022,2023-12-11,1075,田中,ACM,clean,,38000,38000,38000,税抜,excl,,1,6400,6160,0,6160,1200,2000,15760,1000,15760,0,15760,0,3000,9200,2800,12000,0,8000,0,0,0,0,8,0,38760,floor1000,-760,1,1000,0,0,38760,-760,,M1:R5年12月!26
2312-023,2023-12-11,9999,佐藤,IJ,clean,,13300,13300,13300,税抜,excl,no_grommet,1,0,3360,0,3360,0,2000,5360,1000,5360,0,5360,0,8000,0,0,0,0,0,0,0,0,0,0,0,13360,floor100,-60,1,1000,0,0,13360,-60,,M1:R5年12月!27
2312-024,2023-12-12,9999,田中,ACM,clean,,64000,64000,64000,税抜,excl,corner_r,1,24000,13640,0,13640,7600,2000,47240,1000,47240,0,47240,0,3000,14300,0,14300,0,0,0,0,0,0,5,0,64540,floor1000,-540,1,1000,0,0,64540,-540,,M1:R5年12月!28
2312-025,2023-12-12,9999,田中,IJ,clean,,18900,18900,20790,税込,incl,rush,1,0,4500,0,4500,1440,2000,7940,1000,7940,0,7940,3000,8000,0,0,0,0,0,0,0,0,0,0,0,18940,floor100,-40,1,1000,3000,0,18940,-40,,M1:R5年12月!29
2312-026,2023-12-12,1023,田中,SODE,clean,,381000,381000,381000,税抜,excl,rush,1,199000,0,0,0,61200,0,260200,880,228976,0,228976,68692,0,38000,0,38000,0,28000,18000,0,0,0,1,0,381668,floor1000,-668,1,880,68692,0,381668,-668,,M1:R5年12月!30
2312-027,2023-12-13,1096,佐藤,ACM,clean,,15100,15100,15100,税抜,excl,,1,6400,3960,0,3960,3600,2000,15960,950,15162,0,15162,0,0,0,0,0,0,0,0,0,0,0,0,0,15162,floor100,-62,1,950,0,0,15162,-62,,M1:R5年12月!31
2312-028,2023-12-13,1046,佐藤,ACM,clean,,17800,17800,17800,税抜,excl,holes,1,6400,7920,0,7920,1500,2000,17820,1000,17820,0,17820,0,0,0,0,0,0,0,0,0,0,0,0,0,17820,floor100,-20,1,1000,0,0,17820,-20,,M1:R5年12月!32
2312-029,2023-12-13,1011,佐藤,CALP,clean,,55900,55900,55900,税抜,excl,removal;disposal,1,0,6900,0,6900,0,3000,9900,1000,9900,0,9900,0,6000,3500,8500,12000,0,8000,0,15000,5000,0,1,0,55900,floor100,0,1,1000,0,0,55900,0,,M1:R5年12月!33
2312-030,2023-12-13,1039,渡辺,CALP,clean,,94000,94000,94000,,excl,,1,0,55000,0,55000,0,3000,58000,1000,58000,0,58000,0,0,7000,5000,12000,0,8000,0,0,0,0,58,16000,94000,halfup100,0,1,1000,0,16000,94000,0,,M1:R5年12月!34
2312-031,2023-12-14,1011,佐藤,CALP,rounding_inconsistent,rounded 'floor1000' instead of 'floor100' (pre-round 51200); diff=-200,51200,51000,51000,税抜,excl,,1,0,25200,0,25200,0,3000,28200,1000,28200,0,28200,0,3000,4200,7800,12000,0,8000,0,0,0,0,6,0,51200,floor100,0,1,1000,0,0,51200,-200,,M1:R5年12月!35
2312-032,2023-12-14,1074,渡辺,IJ,clean,,68800,68800,68800,,excl,,1,0,58800,0,58800,0,2000,60800,1000,60800,0,60800,0,8000,0,0,0,0,0,0,0,0,0,0,0,68800,halfup100,0,1,1000,0,0,68800,0,,M1:R5年12月!36
2312-033,2023-12-14,1050,鈴木,IJ,clean,,30300,30300,30300,税抜,excl,,1,0,4320,0,4320,0,2000,6320,1000,6320,0,6320,0,8000,1440,10560,12000,0,0,0,0,0,0,11,4000,30320,floor100,-20,1,1000,0,4000,30320,-20,,M1:R5年12月!37
2312-034,2023-12-14,1019,田中,ACM,clean,,12100,12100,12100,税抜,excl,,1,6400,4400,0,4400,2400,2000,15200,800,12160,0,12160,0,0,0,0,0,0,0,0,0,0,0,0,0,12160,floor100,-60,1,800,0,0,12160,-60,,M1:R5年12月!38
2312-035,2023-12-15,1033,田中,SODE,clean,,216000,216000,216000,税抜,excl,repeat,1,170000,0,0,0,0,0,170000,1000,170000,0,170000,0,0,38000,0,38000,0,8000,0,0,0,0,1,0,216000,floor1000,0,1,1000,0,0,216000,0,,M1:R5年12月!39
2312-036,2023-12-15,9999,田中,CALP,clean,,55000,55000,60500,税込,incl,,1,0,32400,0,32400,0,3000,35400,1000,35400,0,35400,0,0,6300,5700,12000,0,8000,0,0,0,0,8,0,55400,floor1000,-400,1,1000,0,0,55400,-400,,M1:R5年12月!40
2312-037,2023-12-15,1074,渡辺,ACM,manager_discount,undocumented discount 3900 (11.5%) from rule_net 33900,33900,30000,30000,,excl,,1,6400,5280,0,5280,1200,2000,14880,1000,14880,0,14880,0,3000,6800,5200,12000,0,0,0,0,0,0,19,4000,33880,halfup100,20,1,1000,0,4000,33880,-3880,,M1:R5年12月!41
2312-038,2023-12-18,9999,鈴木,SODE,clean,,98000,98000,107800,税込,incl,,1,95000,0,0,0,0,0,95000,1000,95000,0,95000,0,3000,0,0,0,0,0,0,0,0,0,0,0,98000,floor100,0,1,1000,0,0,98000,0,,M1:R5年12月!42
2312-039,2023-12-18,1023,田中,ACM,clean,,57000,57000,57000,税抜,excl,,1,6400,3960,0,3960,3600,2000,15960,880,14044,0,14044,0,3000,7700,4300,12000,0,28000,0,0,0,0,5,0,57044,floor1000,-44,1,880,0,0,57044,-44,,M1:R5年12月!43
2312-040,2023-12-19,1083,佐藤,IJ,clean,,13000,13000,13000,税抜,excl,,1,0,3080,0,3080,0,2000,5080,1000,5080,0,5080,0,8000,0,0,0,0,0,0,0,0,0,0,0,13080,floor100,-80,1,1000,0,0,13080,-80,,M1:R5年12月!44
2312-041,2023-12-19,9999,佐藤,IJ,clean,,188400,188400,207240,税込,incl,,1,0,207144,20714,186430,0,2000,188430,1000,188430,0,188430,0,0,0,0,0,0,0,0,0,0,0,0,0,188430,floor100,-30,1,1000,0,0,188430,-30,,M1:R5年12月!45
2312-042,2023-12-19,1072,田中,IJ,clean,,16400,16400,16400,税抜,excl,,1,0,6480,0,6480,0,2000,8480,1000,8480,0,8480,0,8000,0,0,0,0,0,0,0,0,0,0,0,16480,floor100,-80,1,1000,0,0,16480,-80,,M1:R5年12月!46
2312-043,2023-12-19,1023,田中,ACM,clean,,137000,137000,137000,税抜,excl,rush;survey,1,36000,26400,0,26400,3600,2000,68000,880,59840,0,59840,17952,0,23000,0,23000,0,28000,0,0,0,5000,11,4000,137792,floor1000,-792,1,880,17952,4000,137792,-792,,M1:R5年12月!47
2312-044,2023-12-20,1050,鈴木,IJ,clean,,58400,58400,58400,税抜,excl,removal;disposal,1,0,20400,0,20400,0,2000,22400,1000,22400,0,22400,0,0,8820,3180,12000,0,0,0,15000,5000,0,22,4000,58400,floor100,0,1,1000,0,4000,58400,0,,M1:R5年12月!48
2312-045,2023-12-20,9999,佐藤,IJ,clean,,39400,39400,43340,税込,incl,,1,0,37400,0,37400,0,2000,39400,1000,39400,0,39400,0,0,0,0,0,0,0,0,0,0,0,0,0,39400,floor100,0,1,1000,0,0,39400,0,,M1:R5年12月!49
2312-046,2023-12-20,9999,佐藤,SODE,clean,,369800,369800,406780,税込,incl,survey,1,199000,0,0,0,62800,0,261800,1000,261800,0,261800,0,15000,38000,0,38000,0,28000,18000,0,0,5000,14,4000,369800,floor100,0,1,1000,0,4000,369800,0,,M1:R5年12月!50
2312-047,2023-12-21,1096,佐藤,IJ,clean,,31300,31300,31300,税抜,excl,repeat,1,0,20400,0,20400,0,0,20400,950,19380,0,19380,0,0,10260,1740,12000,0,0,0,0,0,0,1,0,31380,floor100,-80,1,950,0,0,31380,-80,,M1:R5年12月!51
2312-048,2023-12-21,9999,鈴木,ACM,clean,,44800,44800,49280,税込,incl,,1,12800,24640,0,24640,2400,2000,41840,1000,41840,0,41840,0,3000,0,0,0,0,0,0,0,0,0,0,0,44840,floor100,-40,1,1000,0,0,44840,-40,,M1:R5年12月!52
2312-049,2023-12-22,1042,佐藤,CALP,clean,,117600,117600,117600,税抜,excl,removal,1,0,84000,0,84000,0,3000,87000,950,82650,0,82650,0,0,8400,3600,12000,0,8000,0,15000,0,0,5,0,117650,floor100,-50,1,950,0,0,117650,-50,,M1:R5年12月!53
2312-050,2023-12-22,1025,佐藤,CALP,clean,,40000,40000,40000,税抜,excl,,1,0,13000,0,13000,0,3000,16000,1000,16000,0,16000,0,0,3500,8500,12000,0,8000,0,0,0,0,22,4000,40000,floor100,0,1,1000,0,4000,40000,0,,M1:R5年12月!54
2312-051,2023-12-22,1065,渡辺,CALP,clean,,44700,44700,44700,,excl,,1,0,27200,0,27200,0,3000,30200,950,28690,0,28690,0,0,11900,100,12000,0,0,0,0,0,0,13,4000,44690,halfup100,10,1,950,0,4000,44690,10,,M1:R5年12月!55
2312-052,2023-12-25,1089,佐藤,CALP,clean,,74000,74000,74000,税抜,excl,removal,1,0,27600,0,27600,0,3000,30600,950,29070,0,29070,0,6000,5600,6400,12000,0,8000,0,15000,0,0,22,4000,74070,floor100,-70,1,950,0,4000,74070,-70,,M1:R5年12月!56
2312-053,2023-12-25,9999,田中,ACM,clean,,37000,37000,40700,税込,incl,,1,6400,1760,0,1760,1200,2000,11360,1000,11360,0,11360,0,10000,6200,5800,12000,0,0,0,0,0,0,22,4000,37360,floor1000,-360,1,1000,0,4000,37360,-360,,M1:R5年12月!57
2312-054,2023-12-25,1095,渡辺,ACM,clean,,64600,64600,64600,,excl,,1,6400,8960,0,8960,1200,2000,18560,1000,18560,0,18560,0,10000,9200,2800,12000,0,8000,0,0,0,0,66,16000,64560,halfup100,40,1,1000,0,16000,64560,40,,M1:R5年12月!58
2312-055,2023-12-25,9999,佐藤,CALP,clean,,57200,57200,57200,税抜,excl,,1,0,48200,0,48200,0,3000,51200,1000,51200,0,51200,0,6000,0,0,0,0,0,0,0,0,0,0,0,57200,floor100,0,1,1000,0,0,57200,0,,M1:R5年12月!59
2312-056,2023-12-25,1042,佐藤,ACM,clean,,27700,27700,27700,税抜,excl,,1,6400,3840,0,3840,1200,2000,13440,950,12768,0,12768,0,3000,8600,3400,12000,0,0,0,0,0,0,6,0,27768,floor100,-68,1,950,0,0,27768,-68,,M1:R5年12月!60
2312-057,2023-12-25,1023,田中,IJ,clean,,155000,155000,155000,税抜,excl,,1,0,214200,42840,171360,0,2000,173360,880,152556,0,152556,0,3000,0,0,0,0,0,0,0,0,0,0,0,155556,floor1000,-556,1,880,0,0,155556,-556,,M1:R5年12月!61
2312-058,2023-12-26,1058,佐藤,ACM,clean,,36800,36800,36800,税抜,excl,,1,6400,5280,0,5280,2400,2000,16080,800,12864,0,12864,0,0,8300,3700,12000,0,8000,0,0,0,0,19,4000,36864,floor100,-64,1,800,0,4000,36864,-64,,M1:R5年12月!62
2312-059,2023-12-26,1089,佐藤,ACM,clean,,39500,39500,39500,税抜,excl,repeat,1,6400,3520,0,3520,1200,0,11120,950,10564,0,10564,0,0,7400,4600,12000,0,8000,0,0,0,0,38,9000,39564,floor100,-64,1,950,0,9000,39564,-64,,M1:R5年12月!63
2312-060,2023-12-26,1041,佐藤,ACM,clean,,60000,60000,60000,税抜,excl,survey,1,6400,2640,0,2640,1200,2000,12240,900,11016,0,11016,0,0,6800,5200,12000,0,28000,0,0,0,5000,11,4000,60016,floor100,-16,1,900,0,4000,60016,-16,,M1:R5年12月!64
2312-061,2023-12-26,1023,田中,ACM,clean,,33000,33000,33000,税抜,excl,holes,1,6400,6160,0,6160,1500,2000,16060,880,14132,0,14132,0,3000,9200,2800,12000,0,0,0,0,0,0,18,4000,33132,floor1000,-132,1,880,0,4000,33132,-132,,M1:R5年12月!65
2312-062,2023-12-26,9999,佐藤,SODE,clean,,392000,392000,392000,税抜,excl,removal;disposal,1,326000,0,0,0,0,0,326000,1000,326000,0,326000,0,0,38000,0,38000,0,8000,0,15000,5000,0,6,0,392000,floor100,0,1,1000,0,0,392000,0,,M1:R5年12月!66
2312-063,2023-12-27,9999,鈴木,ACM,clean,,52000,52000,52000,税抜,excl,,1,24000,15840,0,15840,7200,2000,49040,1000,49040,0,49040,0,3000,0,0,0,0,0,0,0,0,0,0,0,52040,floor100,-40,1,1000,0,0,52040,-40,,M1:R5年12月!67
2312-064,2023-12-27,1085,佐藤,IJ,clean,,26600,26600,26600,税抜,excl,,1,0,16800,0,16800,4800,2000,23600,1000,23600,0,23600,0,3000,0,0,0,0,0,0,0,0,0,0,0,26600,floor100,0,1,1000,0,0,26600,0,,M1:R5年12月!68
2312-065,2023-12-28,1023,田中,SODE,clean,,335000,335000,335000,税抜,excl,removal,1,264000,0,0,0,0,0,264000,880,232320,0,232320,0,0,76000,0,76000,0,8000,0,15000,0,0,13,4000,335320,floor1000,-320,1,880,0,4000,335320,-320,,M1:R5年12月!69
2312-066,2023-12-28,9999,佐藤,ACM,clean,,95400,95400,95400,税抜,excl,removal;disposal,1,24000,11440,0,11440,7200,2000,44640,1000,44640,0,44640,0,10000,12800,0,12800,0,8000,0,15000,5000,0,1,0,95440,floor100,-40,1,1000,0,0,95440,-40,,M1:R5年12月!70
2312-067,2023-12-28,1023,田中,ACM,clean,,32000,32000,32000,税抜,excl,holes,1,6400,1760,0,1760,1500,2000,11660,880,10260,0,10260,0,10000,6200,5800,12000,0,0,0,0,0,0,5,0,32260,floor1000,-260,1,880,0,0,32260,-260,,M1:R5年12月!71
2312-068,2023-12-28,1053,渡辺,IJ,clean,,64600,64600,64600,,excl,removal;disposal,1,0,7040,0,7040,0,2000,9040,950,8588,0,8588,0,0,5400,6600,12000,0,8000,0,15000,5000,0,58,16000,64588,halfup100,12,1,950,0,16000,64588,12,,M1:R5年12月!72
2401-001,2024-01-05,9999,佐藤,ACM,clean,,25300,25300,27830,税込,incl,,1,6400,5720,0,5720,1200,2000,15320,1000,15320,0,15320,0,10000,0,0,0,0,0,0,0,0,0,0,0,25320,floor100,-20,1,1000,0,0,25320,-20,,M1:R6年1月!5
2401-002,2024-01-05,1042,佐藤,IJ,clean,,5000,5000,5000,税抜,excl,,1,0,2400,0,2400,0,2000,4400,950,4180,820,5000,0,0,0,0,0,0,0,0,0,0,0,0,0,5000,floor100,0,1,950,0,0,5000,0,,M1:R6年1月!6
2401-003,2024-01-09,1041,佐藤,SODE,clean,,155500,155500,155500,税抜,excl,,1,95000,0,0,0,0,0,95000,900,85500,0,85500,0,0,38000,0,38000,0,28000,0,0,0,0,24,4000,155500,floor100,0,1,900,0,4000,155500,0,,M1:R6年1月!7
2401-004,2024-01-09,1079,佐藤,IJ,clean,,91000,91000,91000,税抜,excl,,1,0,100800,10080,90720,0,2000,92720,950,88084,0,88084,0,3000,0,0,0,0,0,0,0,0,0,0,0,91084,floor100,-84,1,950,0,0,91084,-84,,M1:R6年1月!8
2401-005,2024-01-09,1002,佐藤,CALP,rounding_inconsistent,rounded 'floor1000' instead of 'floor100' (pre-round 46150); diff=-100,46100,46000,46000,税抜,excl,,1,0,37150,0,37150,0,3000,40150,1000,40150,0,40150,0,6000,0,0,0,0,0,0,0,0,0,0,0,46150,floor100,-50,1,1000,0,0,46150,-150,,M1:R6年1月!9
2401-006,2024-01-09,9999,高橋,ACM,clean,,35320,35320,35320,税抜,excl,corner_r,1,6400,1320,0,1320,1600,2000,11320,1000,11320,0,11320,0,0,5600,6400,12000,0,8000,0,0,0,0,18,4000,35320,floor10,0,1,1000,0,4000,35320,0,,M1:R6年1月!10
2401-007,2024-01-09,1091,高橋,IJ,clean,,13000,13000,13000,税抜,excl,,1,0,2520,0,2520,0,2000,4520,1000,4520,480,5000,0,8000,0,0,0,0,0,0,0,0,0,0,0,13000,floor10,0,1,1000,0,0,13000,0,,M1:R6年1月!11
2401-008,2024-01-10,1042,高橋,IJ,clean,,36450,36450,36450,税抜,excl,no_grommet,1,0,27948,0,27948,0,2000,29948,950,28450,0,28450,0,8000,0,0,0,0,0,0,0,0,0,0,0,36450,floor10,0,1,950,0,0,36450,0,,M1:R6年1月!12
2401-009,2024-01-10,1077,高橋,CALP,clean,,165550,165550,165550,税抜,excl,removal;disposal,1,0,126000,0,126000,0,3000,129000,950,122550,0,122550,0,3000,8400,3600,12000,0,8000,0,15000,5000,0,5,0,165550,floor10,0,1,950,0,0,165550,0,,M1:R6年1月!13
2401-010,2024-01-10,1067,佐藤,CALP,manager_discount,undocumented discount 38400 (16.1%) from rule_net 238400,238400,200000,200000,税抜,excl,,1,0,187110,1337,185773,0,3000,188773,1000,188773,0,188773,0,3000,14700,0,14700,0,28000,0,0,0,0,19,4000,238473,floor100,-73,1,1000,0,4000,238473,-38473,,M1:R6年1月!14
2401-011,2024-01-11,1020,高橋,IJ,clean,,17780,17780,17780,税抜,excl,,1,0,16720,0,16720,0,2000,18720,950,17784,0,17784,0,0,0,0,0,0,0,0,0,0,0,0,0,17784,floor10,-4,1,950,0,0,17784,-4,,M1:R6年1月!15
2401-012,2024-01-12,1045,高橋,ACM,clean,,37960,37960,37960,税抜,excl,,1,12000,12760,0,12760,1200,2000,27960,1000,27960,0,27960,0,10000,0,0,0,0,0,0,0,0,0,0,0,37960,floor10,0,1,1000,0,0,37960,0,,M1:R6年1月!16
2401-013,2024-01-12,1067,佐藤,ACM,clean,,15000,15000,15000,税抜,excl,repeat,1,6400,7480,0,7480,1200,0,15080,1000,15080,0,15080,0,0,0,0,0,0,0,0,0,0,0,0,0,15080,floor100,-80,1,1000,0,0,15080,-80,,M1:R6年1月!17
2401-014,2024-01-15,1048,田中,ACM,clean,,13900,13900,13900,税抜,excl,,1,6400,1320,0,1320,1200,2000,10920,1000,10920,0,10920,0,3000,0,0,0,0,0,0,0,0,0,0,0,13920,floor100,-20,1,1000,0,0,13920,-20,,M1:R6年1月!18
2401-015,2024-01-15,1001,佐藤,IJ,clean,,14800,14800,14800,税抜,excl,,1,0,13600,0,13600,0,2000,15600,950,14820,0,14820,0,0,0,0,0,0,0,0,0,0,0,0,0,14820,floor100,-20,1,950,0,0,14820,-20,,M1:R6年1月!19
2401-016,2024-01-17,1041,田中,CALP,clean,,39000,39000,39000,税抜,excl,,1,0,14700,0,14700,0,3000,17700,900,15930,0,15930,0,0,4900,7100,12000,0,8000,0,0,0,0,18,4000,39930,floor1000,-930,1,900,0,4000,39930,-930,,M1:R6年1月!20
2401-017,2024-01-17,1038,田中,ACM,clean,,56000,56000,56000,税抜,excl,rush,1,6400,7480,0,7480,1200,2000,17080,1000,17080,0,17080,5124,10000,10100,1900,12000,0,8000,0,0,0,0,18,4000,56204,floor1000,-204,1,1000,5124,4000,56204,-204,,M1:R6年1月!21
2401-018,2024-01-17,1045,高橋,CALP,clean,,84000,84000,84000,税抜,excl,,1,0,51000,0,51000,0,3000,54000,1000,54000,0,54000,0,6000,4200,7800,12000,0,8000,0,0,0,0,14,4000,84000,floor10,0,1,1000,0,4000,84000,0,,M1:R6年1月!22
2401-019,2024-01-17,9999,鈴木,IJ,clean,,13000,13000,13000,税抜,excl,,1,0,1020,0,1020,0,2000,3020,1000,3020,1980,5000,0,8000,0,0,0,0,0,0,0,0,0,0,0,13000,floor100,0,1,1000,0,0,13000,0,,M1:R6年1月!23
2401-020,2024-01-17,1033,佐藤,CALP,clean,,54000,54000,54000,税抜,excl,,1,0,12000,0,12000,0,3000,15000,1000,15000,0,15000,0,3000,3500,8500,12000,0,8000,0,0,0,0,55,16000,54000,floor100,0,1,1000,0,16000,54000,0,,M1:R6年1月!24
2401-021,2024-01-17,1077,高橋,ACM,clean,,62120,62120,62120,税抜,excl,corner_r,1,12800,17160,0,17160,20800,2000,52760,950,50122,0,50122,0,0,10400,1600,12000,0,0,0,0,0,0,1,0,62122,floor10,-2,1,950,0,0,62122,-2,,M1:R6年1月!25
2401-022,2024-01-18,1032,高橋,ACM,rush_unrecorded,rush surcharge 13560 applied without rush wording in remarks,48200,61760,61760,税抜,excl,corner_r,1,12800,17600,0,17600,12800,2000,45200,1000,45200,0,45200,0,3000,0,0,0,0,0,0,0,0,0,0,0,48200,floor10,0,1,1000,13560,0,61760,0,,M1:R6年1月!26
2401-023,2024-01-18,9999,佐藤,IJ,clean,,28200,28200,31020,税込,incl,,1,0,14280,0,14280,0,2000,16280,1000,16280,0,16280,0,0,5940,6060,12000,0,0,0,0,0,0,6,0,28280,floor100,-80,1,1000,0,0,28280,-80,,M1:R6年1月!27
2401-024,2024-01-18,9999,田中,ACM,clean,,27200,27200,29920,税込,incl,,1,12800,7040,0,7040,2400,2000,24240,1000,24240,0,24240,0,3000,0,0,0,0,0,0,0,0,0,0,0,27240,floor100,-40,1,1000,0,0,27240,-40,,M1:R6年1月!28
2401-025,2024-01-18,1020,高橋,SODE,clean,,200250,200250,200250,税抜,excl,removal;survey,1,95000,0,0,0,0,0,95000,950,90250,0,90250,0,0,38000,0,38000,0,48000,0,15000,0,5000,22,4000,200250,floor10,0,1,950,0,4000,200250,0,,M1:R6年1月!29
2401-026,2024-01-19,1077,高橋,CALP,clean,,64320,64320,64320,税抜,excl,,1,0,40500,0,40500,0,3000,43500,950,41325,0,41325,0,3000,7000,5000,12000,0,8000,0,0,0,0,8,0,64325,floor10,-5,1,950,0,0,64325,-5,,M1:R6年1月!30
2401-027,2024-01-19,9999,鈴木,IJ,clean,,8000,8000,8000,税抜,excl,,1,0,2000,0,2000,0,2000,4000,1000,4000,1000,5000,0,3000,0,0,0,0,0,0,0,0,0,0,0,8000,floor100,0,1,1000,0,0,8000,0,,M1:R6年1月!31
2401-028,2024-01-19,1090,佐藤,ACM,clean,,20900,20900,20900,税抜,excl,,1,6400,1320,0,1320,1200,2000,10920,1000,10920,0,10920,0,10000,0,0,0,0,0,0,0,0,0,0,0,20920,floor100,-20,1,1000,0,0,20920,-20,,M1:R6年1月!32
2401-029,2024-01-22,1092,田中,CALP,clean,,78000,78000,78000,税抜,excl,,1,0,58800,0,58800,0,3000,61800,950,58710,0,58710,0,0,9800,2200,12000,0,8000,0,0,0,0,1,0,78710,floor1000,-710,1,950,0,0,78710,-710,,M1:R6年1月!33
2401-030,2024-01-22,9999,高橋,ACM,clean,,15640,15640,15640,税抜,excl,corner_r,1,6400,2640,0,2640,1600,2000,12640,1000,12640,0,12640,0,3000,0,0,0,0,0,0,0,0,0,0,0,15640,floor10,0,1,1000,0,0,15640,0,,M1:R6年1月!34
2401-031,2024-01-23,1023,田中,IJ,clean,,34000,34000,34000,税抜,excl,,1,0,37263,0,37263,0,2000,39263,880,34551,0,34551,0,0,0,0,0,0,0,0,0,0,0,0,0,34551,floor1000,-551,1,880,0,0,34551,-551,,M1:R6年1月!35
2401-032,2024-01-23,1091,田中,IJ,clean,,16400,16400,16400,税抜,excl,,1,0,6400,0,6400,0,2000,8400,1000,8400,0,8400,0,8000,0,0,0,0,0,0,0,0,0,0,0,16400,floor100,0,1,1000,0,0,16400,0,,M1:R6年1月!36
2401-033,2024-01-23,1023,田中,ACM,clean,,39000,39000,39000,税抜,excl,,1,6400,6600,0,6600,3600,2000,18600,880,16368,0,16368,0,3000,9500,2500,12000,0,8000,0,0,0,0,8,0,39368,floor1000,-368,1,880,0,0,39368,-368,,M1:R6年1月!37
2401-034,2024-01-23,9999,佐藤,ACM,clean,,60400,60400,60400,税抜,excl,rush,1,24000,11000,0,11000,7200,2000,44200,1000,44200,0,44200,13260,3000,0,0,0,0,0,0,0,0,0,0,0,60460,floor100,-60,1,1000,13260,0,60460,-60,,M1:R6年1月!38
2401-035,2024-01-23,1006,佐藤,ACM,clean,,48000,48000,48000,税抜,excl,,1,6400,4400,0,4400,1200,2000,14000,1000,14000,0,14000,0,10000,6500,5500,12000,0,8000,0,0,0,0,18,4000,48000,floor100,0,1,1000,0,4000,48000,0,,M1:R6年1月!39
2401-036,2024-01-23,1023,田中,ACM,clean,,73000,73000,73000,税抜,excl,removal;disposal,1,6400,1760,0,1760,1200,2000,11360,880,9996,0,9996,0,0,6200,5800,12000,0,28000,0,15000,5000,0,14,4000,73996,floor1000,-996,1,880,0,4000,73996,-996,,M1:R6年1月!40
2401-037,2024-01-24,1082,佐藤,ACM,clean,,10900,10900,10900,税抜,excl,,1,6400,1320,0,1320,1200,2000,10920,1000,10920,0,10920,0,0,0,0,0,0,0,0,0,0,0,0,0,10920,floor100,-20,1,1000,0,0,10920,-20,,M1:R6年1月!41
2401-038,2024-01-24,9999,佐藤,ACM,clean,,42100,42100,46310,税込,incl,,1,12800,14960,0,14960,2400,2000,32160,1000,32160,0,32160,0,10000,0,0,0,0,0,0,0,0,0,0,0,42160,floor100,-60,1,1000,0,0,42160,-60,,M1:R6年1月!42
2401-039,2024-01-25,9999,高橋,CALP,clean,,79400,79400,87340,税込,incl,,1,0,50400,0,50400,0,3000,53400,1000,53400,0,53400,0,6000,7000,5000,12000,0,8000,0,0,0,0,1,0,79400,floor10,0,1,1000,0,0,79400,0,,M1:R6年1月!43
2401-040,2024-01-25,1045,高橋,CALP,clean,,37800,37800,37800,税抜,excl,,1,0,28800,0,28800,0,3000,31800,1000,31800,0,31800,0,6000,0,0,0,0,0,0,0,0,0,0,0,37800,floor10,0,1,1000,0,0,37800,0,,M1:R6年1月!44
2401-041,2024-01-26,1054,佐藤,CALP,clean,,67700,67700,67700,税抜,excl,night;survey,1,0,33740,0,33740,0,3000,36740,1000,36740,0,36740,0,0,4900,7100,12000,6000,8000,0,0,0,5000,8,0,67740,floor100,-40,1,1000,0,0,67740,-40,,M1:R6年1月!45
2401-042,2024-01-29,9999,田中,IJ,clean,,16000,16000,16000,税抜,excl,,1,0,6000,0,6000,0,2000,8000,1000,8000,0,8000,0,8000,0,0,0,0,0,0,0,0,0,0,0,16000,floor100,0,1,1000,0,0,16000,0,,M1:R6年1月!46
2401-043,2024-01-29,1053,高橋,SODE,clean,,256020,256020,256020,税抜,excl,rush,1,132000,0,0,0,0,0,132000,950,125400,0,125400,37620,3000,38000,0,38000,0,48000,0,0,0,0,18,4000,256020,floor10,0,1,950,37620,4000,256020,0,,M1:R6年1月!47
2401-044,2024-01-30,1020,田中,ACM,clean,,115000,115000,115000,税抜,excl,holes,1,48000,23760,0,23760,15000,2000,88760,950,84322,0,84322,0,10000,21200,0,21200,0,0,0,0,0,0,8,0,115522,floor1000,-522,1,950,0,0,115522,-522,,M1:R6年1月!48
2401-045,2024-01-30,9999,佐藤,CALP,clean,,68600,68600,75460,税込,incl,,1,0,21600,0,21600,0,3000,24600,1000,24600,0,24600,0,0,7000,5000,12000,0,28000,0,0,0,0,22,4000,68600,floor100,0,1,1000,0,4000,68600,0,,M1:R6年1月!49
2401-046,2024-01-30,9999,鈴木,IJ,clean,,37900,37900,37900,税抜,excl,survey,1,0,6904,0,6904,0,2000,8904,1000,8904,0,8904,0,8000,3960,8040,12000,0,0,0,0,0,5000,18,4000,37904,floor100,-4,1,1000,0,4000,37904,-4,,M1:R6年1月!50
2401-047,2024-01-31,1085,佐藤,ACM,clean,,32500,32500,32500,税抜,excl,,1,6400,960,0,960,1200,2000,10560,1000,10560,0,10560,0,10000,5600,6400,12000,0,0,0,0,0,0,10,0,32560,floor100,-60,1,1000,0,0,32560,-60,,M1:R6年1月!51
2402-001,2024-02-01,1048,田中,CALP,clean,,83000,83000,83000,税抜,excl,,1,0,60500,0,60500,0,3000,63500,1000,63500,0,63500,0,0,7700,4300,12000,0,8000,0,0,0,0,1,0,83500,floor1000,-500,1,1000,0,0,83500,-500,,M1:R6年2月!5
2402-002,2024-02-01,1022,佐藤,ACM,clean,,35600,35600,35600,税抜,excl,,1,6400,2640,0,2640,1200,2000,12240,950,11628,0,11628,0,0,5600,6400,12000,0,8000,0,0,0,0,11,4000,35628,floor100,-28,1,950,0,4000,35628,-28,,M1:R6年2月!6
2402-003,2024-02-01,1045,高橋,CALP,multiplier_copy,multiplier 950 per mille used instead of 1000; diff=-480,29520,29040,29040,税抜,excl,repeat,1,0,9520,0,9520,0,0,9520,1000,9520,0,9520,0,0,4900,7100,12000,0,8000,0,0,0,0,1,0,29520,floor10,0,1,950,0,0,29044,-4,,M1:R6年2月!7
2402-004,2024-02-02,1082,佐藤,SODE,clean,,791000,791000,791000,税抜,excl,removal;disposal,1,652000,0,0,0,0,0,652000,1000,652000,0,652000,0,15000,76000,0,76000,0,28000,0,15000,5000,0,5,0,791000,floor100,0,1,1000,0,0,791000,0,,M1:R6年2月!8
2402-005,2024-02-02,1050,鈴木,IJ,digit_typo,"sub: intended 66700, written 66100",66700,66700,66100,税抜,excl,,1,0,28770,0,28770,0,2000,30770,1000,30770,0,30770,0,8000,8280,3720,12000,0,0,0,0,0,0,58,16000,66770,floor100,-70,1,1000,0,16000,66770,-70,,M1:R6年2月!9
2402-006,2024-02-02,9999,佐藤,ACM,clean,,364400,364400,364400,税抜,excl,corner_r,1,120000,158400,31680,126720,38000,2000,286720,1000,286720,0,286720,0,10000,58700,0,58700,0,0,0,0,0,0,48,9000,364420,floor100,-20,1,1000,0,9000,364420,-20,,M1:R6年2月!10
2402-007,2024-02-02,1041,佐藤,ACM,clean,,52900,52900,52900,税抜,excl,,1,12800,7040,0,7040,4800,2000,26640,900,23976,0,23976,0,0,8900,3100,12000,0,8000,0,0,0,0,27,9000,52976,floor100,-76,1,900,0,9000,52976,-76,,M1:R6年2月!11
2402-008,2024-02-05,1081,田中,SODE,clean,,240000,240000,240000,税抜,excl,,1,95000,0,0,0,50000,0,145000,950,137750,0,137750,0,15000,38000,0,38000,0,28000,18000,0,0,0,22,4000,240750,floor1000,-750,1,950,0,4000,240750,-750,,M1:R6年2月!12
2402-009,2024-02-05,9999,田中,IJ,clean,,17800,17800,19580,税込,incl,,1,0,15840,0,15840,0,2000,17840,1000,17840,0,17840,0,0,0,0,0,0,0,0,0,0,0,0,0,17840,floor100,-40,1,1000,0,0,17840,-40,,M1:R6年2月!13
2402-010,2024-02-06,1020,高橋,ACM,clean,,13900,13900,13900,税抜,excl,repeat,1,6400,7040,0,7040,1200,0,14640,950,13908,0,13908,0,0,0,0,0,0,0,0,0,0,0,0,0,13908,floor10,-8,1,950,0,0,13908,-8,,M1:R6年2月!14
2402-011,2024-02-06,1095,高橋,CALP,clean,,52960,52960,52960,税抜,excl,,1,0,14960,0,14960,0,3000,17960,1000,17960,0,17960,0,6000,7700,4300,12000,0,8000,0,0,0,0,35,9000,52960,floor10,0,1,1000,0,9000,52960,0,,M1:R6年2月!15
2402-012,2024-02-06,9999,高橋,CALP,clean,,81100,81100,89210,税込,incl,removal,1,0,34100,0,34100,0,3000,37100,1000,37100,0,37100,0,0,7000,5000,12000,0,8000,0,15000,0,0,35,9000,81100,floor10,0,1,1000,0,9000,81100,0,,M1:R6年2月!16
2402-013,2024-02-06,1050,鈴木,IJ,clean,,13000,13000,13000,税抜,excl,,1,0,1500,0,1500,480,2000,3980,1000,3980,1020,5000,0,8000,0,0,0,0,0,0,0,0,0,0,0,13000,floor100,0,1,1000,0,0,13000,0,,M1:R6年2月!17
2402-014,2024-02-07,1002,佐藤,ACM,clean,,9600,9600,9600,税抜,excl,holes;repeat,1,6400,1760,0,1760,1500,0,9660,1000,9660,0,9660,0,0,0,0,0,0,0,0,0,0,0,0,0,9660,floor100,-60,1,1000,0,0,9660,-60,,M1:R6年2月!18
2402-015,2024-02-07,9999,田中,ACM,rounding_inconsistent,rounded 'ceil100' instead of 'floor1000' (pre-round 34240); diff=300,34000,34300,37730,税込,incl,,1,12800,7040,0,7040,2400,2000,24240,1000,24240,0,24240,0,10000,0,0,0,0,0,0,0,0,0,0,0,34240,floor1000,-240,1,1000,0,0,34240,60,,M1:R6年2月!19
2402-016,2024-02-07,1072,田中,SODE,clean,,312000,312000,312000,税抜,excl,removal,1,170000,0,0,0,54800,0,224800,1000,224800,0,224800,0,0,38000,0,38000,0,8000,18000,15000,0,0,26,9000,312800,floor1000,-800,1,1000,0,9000,312800,-800,,M1:R6年2月!20
2402-017,2024-02-07,1019,田中,IJ,clean,,5000,5000,5000,税抜,excl,,1,0,3740,0,3740,0,2000,5740,800,4592,408,5000,0,0,0,0,0,0,0,0,0,0,0,0,0,5000,floor100,0,1,800,0,0,5000,0,,M1:R6年2月!21
2402-018,2024-02-07,9999,田中,ACM,clean,,128000,128000,140800,税込,incl,,1,64000,52800,5280,47520,12000,2000,125520,1000,125520,0,125520,0,3000,0,0,0,0,0,0,0,0,0,0,0,128520,floor1000,-520,1,1000,0,0,128520,-520,,M1:R6年2月!22
2402-019,2024-02-08,1053,高橋,CALP,clean,,49210,49210,49210,税抜,excl,,1,0,15120,0,15120,0,3000,18120,950,17214,0,17214,0,3000,4900,7100,12000,0,8000,0,0,0,0,26,9000,49214,floor10,-4,1,950,0,9000,49214,-4,,M1:R6年2月!23
2402-020,2024-02-08,1008,鈴木,CALP,clean,,68800,68800,68800,税抜,excl,,1,0,59850,0,59850,0,3000,62850,1000,62850,0,62850,0,6000,0,0,0,0,0,0,0,0,0,0,0,68850,floor100,-50,1,1000,0,0,68850,-50,,M1:R6年2月!24
2402-021,2024-02-08,1096,佐藤,ACM,clean,,30500,30500,30500,税抜,excl,,1,12800,14960,0,14960,2400,2000,32160,950,30552,0,30552,0,0,0,0,0,0,0,0,0,0,0,0,0,30552,floor100,-52,1,950,0,0,30552,-52,,M1:R6年2月!25
2402-022,2024-02-08,1077,高橋,IJ,rounding_inconsistent,rounded 'none' instead of 'floor10' (pre-round 286027); diff=7,286020,286027,286027,税抜,excl,,1,0,363324,72664,290660,0,2000,292660,950,278027,0,278027,0,8000,0,0,0,0,0,0,0,0,0,0,0,286027,floor10,-7,1,950,0,0,286027,0,,M1:R6年2月!26
2402-023,2024-02-09,1014,高橋,ACM,clean,,8920,8920,8920,税抜,excl,repeat,1,6400,1320,0,1320,1200,0,8920,1000,8920,0,8920,0,0,0,0,0,0,0,0,0,0,0,0,0,8920,floor10,0,1,1000,0,0,8920,0,,M1:R6年2月!27
2402-024,2024-02-09,1054,佐藤,CALP,clean,,44100,44100,44100,税抜,excl,night,1,0,8160,0,8160,0,3000,11160,1000,11160,0,11160,0,3000,5600,6400,12000,6000,8000,0,0,0,0,11,4000,44160,floor100,-60,1,1000,0,4000,44160,-60,,M1:R6年2月!28
2402-025,2024-02-09,1069,鈴木,CALP,clean,,39200,39200,39200,税抜,excl,repeat,1,0,19200,0,19200,0,0,19200,1000,19200,0,19200,0,0,8400,3600,12000,0,8000,0,0,0,0,8,0,39200,floor100,0,1,1000,0,0,39200,0,,M1:R6年2月!29
2402-026,2024-02-13,1026,高橋,CALP,clean,,13200,13200,13200,税抜,excl,,1,0,10200,0,10200,0,3000,13200,1000,13200,0,13200,0,0,0,0,0,0,0,0,0,0,0,0,0,13200,floor10,0,1,1000,0,0,13200,0,,M1:R6年2月!30
2402-027,2024-02-13,1054,佐藤,IJ,clean,,9600,9600,9600,税抜,excl,,1,0,7671,0,7671,0,2000,9671,1000,9671,0,9671,0,0,0,0,0,0,0,0,0,0,0,0,0,9671,floor100,-71,1,1000,0,0,9671,-71,,M1:R6年2月!31
2402-028,2024-02-13,1023,田中,IJ,clean,,5000,5000,5000,税抜,excl,repeat,1,0,2520,0,2520,0,0,2520,880,2217,2783,5000,0,0,0,0,0,0,0,0,0,0,0,0,0,5000,floor100,0,1,880,0,0,5000,0,,M1:R6年2月!32
2402-029,2024-02-13,9999,鈴木,ACM,clean,,524900,524900,524900,税抜,excl,holes,1,240000,118800,11880,106920,75000,2000,423920,1000,423920,0,423920,0,3000,86000,0,86000,0,8000,0,0,0,0,24,4000,524920,floor100,-20,1,1000,0,4000,524920,-20,,M1:R6年2月!33
2402-030,2024-02-14,9999,田中,ACM,clean,,255000,255000,280500,税込,incl,,1,72000,98560,9856,88704,26400,2000,189104,1000,189104,0,189104,0,0,38600,0,38600,0,28000,0,0,0,0,1,0,255704,floor1000,-704,1,1000,0,0,255704,-704,,M1:R6年2月!34
2402-031,2024-02-14,1065,高橋,SODE,clean,,254400,254400,254400,税抜,excl,night,1,132000,0,0,0,0,0,132000,950,125400,0,125400,0,15000,38000,0,38000,19000,48000,0,0,0,0,33,9000,254400,floor10,0,1,950,0,9000,254400,0,,M1:R6年2月!35
2402-032,2024-02-15,1081,田中,IJ,clean,,129000,129000,129000,税抜,excl,rush,1,0,82200,8220,73980,0,2000,75980,950,72181,0,72181,21654,0,27000,0,27000,0,0,0,0,0,0,33,9000,129835,floor1000,-835,1,950,21654,9000,129835,-835,,M1:R6年2月!36
2402-033,2024-02-16,1067,鈴木,SODE,clean,,257400,257400,257400,税抜,excl,rush,1,95000,0,0,0,48400,0,143400,1000,143400,0,143400,43020,3000,38000,0,38000,0,8000,18000,0,0,0,22,4000,257420,floor100,-20,1,1000,43020,4000,257420,-20,,M1:R6年2月!37
2402-034,2024-02-17,9999,田中,CALP,clean,,24400,24400,24400,税抜,excl,,1,0,18400,0,18400,0,3000,21400,1000,21400,0,21400,0,3000,0,0,0,0,0,0,0,0,0,0,0,24400,floor100,0,1,1000,0,0,24400,0,,M1:R6年2月!38
2402-035,2024-02-17,9999,田中,ACM,clean,,11200,11200,11200,税抜,excl,corner_r,1,6400,1280,0,1280,1600,2000,11280,1000,11280,0,11280,0,0,0,0,0,0,0,0,0,0,0,0,0,11280,floor100,-80,1,1000,0,0,11280,-80,,M1:R6年2月!39
2402-036,2024-02-19,1023,田中,IJ,clean,,6900,6900,6900,税抜,excl,,1,0,4500,0,4500,1440,2000,7940,880,6987,0,6987,0,0,0,0,0,0,0,0,0,0,0,0,0,6987,floor100,-87,1,880,0,0,6987,-87,,M1:R6年2月!40
2402-037,2024-02-19,1050,鈴木,ACM,clean,,39000,39000,39000,税抜,excl,,1,6400,5440,0,5440,1200,2000,15040,1000,15040,0,15040,0,0,10100,1900,12000,0,8000,0,0,0,0,18,4000,39040,floor100,-40,1,1000,0,4000,39040,-40,,M1:R6年2月!41
2402-038,2024-02-20,1023,田中,SODE,clean,,245000,245000,245000,税抜,excl,,1,132000,0,0,0,51600,0,183600,880,161568,0,161568,0,0,38000,0,38000,0,28000,18000,0,0,0,1,0,245568,floor1000,-568,1,880,0,0,245568,-568,,M1:R6年2月!42
2402-039,2024-02-20,1020,高橋,ACM,clean,,36370,36370,36370,税抜,excl,,1,6400,1320,0,1320,1200,2000,10920,950,10374,0,10374,0,10000,5300,6700,12000,0,0,0,0,0,0,14,4000,36374,floor10,-4,1,950,0,4000,36374,-4,,M1:R6年2月!43
2402-040,2024-02-20,1008,鈴木,ACM,clean,,45400,45400,45400,税抜,excl,,1,12800,15840,0,15840,4800,2000,35440,1000,35440,0,35440,0,10000,0,0,0,0,0,0,0,0,0,0,0,45440,floor100,-40,1,1000,0,0,45440,-40,,M1:R6年2月!44
2402-041,2024-02-21,1023,田中,IJ,manager_discount,undocumented discount 8000 (12.7%) from rule_net 63000,63000,55000,55000,税抜,excl,,1,0,70400,0,70400,0,2000,72400,880,63712,0,63712,0,0,0,0,0,0,0,0,0,0,0,0,0,63712,floor1000,-712,1,880,0,0,63712,-8712,,M1:R6年2月!45
2402-042,2024-02-21,1085,佐藤,IJ,clean,,17200,17200,17200,税抜,excl,repeat,1,0,4500,0,4500,720,0,5220,1000,5220,0,5220,0,0,2700,9300,12000,0,0,0,0,0,0,5,0,17220,floor100,-20,1,1000,0,0,17220,-20,,M1:R6年2月!46
2402-043,2024-02-21,9999,佐藤,IJ,clean,,22400,22400,24640,税込,incl,,1,0,15300,0,15300,2160,2000,19460,1000,19460,0,19460,0,3000,0,0,0,0,0,0,0,0,0,0,0,22460,floor100,-60,1,1000,0,0,22460,-60,,M1:R6年2月!47
2402-044,2024-02-21,1068,高橋,IJ,clean,,366600,366600,366600,税抜,excl,,1,0,272000,54400,217600,0,2000,219600,1000,219600,0,219600,0,3000,144000,0,144000,0,0,0,0,0,0,6,0,366600,floor10,0,1,1000,0,0,366600,0,,M1:R6年2月!48
2402-045,2024-02-21,1078,佐藤,SODE,clean,,489200,489200,489200,税抜,excl,,1,264000,0,0,0,103200,0,367200,1000,367200,0,367200,0,0,76000,0,76000,0,28000,18000,0,0,0,10,0,489200,floor100,0,1,1000,0,0,489200,0,,M1:R6年2月!49
2402-046,2024-02-21,1047,田中,IJ,clean,,7000,7000,7000,税抜,excl,,1,0,6800,0,6800,0,2000,8800,800,7040,0,7040,0,0,0,0,0,0,0,0,0,0,0,0,0,7040,floor100,-40,1,800,0,0,7040,-40,,M1:R6年2月!50
2402-047,2024-02-22,9999,佐藤,CALP,clean,,21000,21000,23100,税込,incl,,1,0,12000,0,12000,0,3000,15000,1000,15000,0,15000,0,6000,0,0,0,0,0,0,0,0,0,0,0,21000,floor100,0,1,1000,0,0,21000,0,,M1:R6年2月!51
2402-048,2024-02-22,1023,田中,SODE,clean,,161000,161000,161000,税抜,excl,,1,132000,0,0,0,51600,0,183600,880,161568,0,161568,0,0,0,0,0,0,0,0,0,0,0,0,0,161568,floor1000,-568,1,880,0,0,161568,-568,,M1:R6年2月!52
2402-049,2024-02-22,1050,高橋,ACM,clean,,57960,57960,57960,税抜,excl,removal;corner_r,1,6400,960,0,960,1600,2000,10960,1000,10960,0,10960,0,3000,5600,6400,12000,0,8000,0,15000,0,0,33,9000,57960,floor10,0,1,1000,0,9000,57960,0,,M1:R6年2月!53
2402-050,2024-02-26,9999,高橋,ACM,clean,,88980,88980,88980,税抜,excl,removal;disposal;survey,1,12800,11880,0,11880,10800,2000,37480,1000,37480,0,37480,0,10000,12500,0,12500,0,0,0,15000,5000,5000,24,4000,88980,floor10,0,1,1000,0,4000,88980,0,,M1:R6年2月!54
2402-051,2024-02-26,1023,田中,SODE,clean,,323000,323000,323000,税抜,excl,,1,199000,0,0,0,62800,0,261800,880,230384,0,230384,0,0,38000,0,38000,0,28000,18000,0,0,0,27,9000,323384,floor1000,-384,1,880,0,9000,323384,-384,,M1:R6年2月!55
2402-052,2024-02-26,1023,田中,ACM,clean,,55000,55000,55000,税抜,excl,,1,6400,2640,0,2640,2400,2000,13440,880,11827,0,11827,0,0,6800,5200,12000,0,28000,0,0,0,0,22,4000,55827,floor1000,-827,1,880,0,4000,55827,-827,,M1:R6年2月!56
2402-053,2024-02-26,1023,田中,ACM,clean,,42000,42000,42000,税抜,excl,,1,6400,4840,0,4840,1200,2000,14440,880,12707,0,12707,0,10000,8300,3700,12000,0,8000,0,0,0,0,1,0,42707,floor1000,-707,1,880,0,0,42707,-707,,M1:R6年2月!57
2402-054,2024-02-26,1074,高橋,CALP,revision_v1,travel fee 4000 omitted in v1; corrected in re-issued quote,57000,53000,53000,税抜,excl,night;repeat,1,0,27000,0,27000,0,0,27000,1000,27000,0,27000,0,0,6300,5700,12000,6000,8000,0,0,0,0,18,4000,57000,floor10,0,1,1000,0,0,53000,0,v2=2402-054-2,M1:R6年2月!58
2402-054-2,2024-03-06,1074,高橋,CALP,revision_v2,correction of v1 (travel fee added); priced by rules,57000,57000,57000,税抜,excl,night;repeat,1,0,27000,0,27000,0,0,27000,1000,27000,0,27000,0,0,6300,5700,12000,6000,8000,0,0,0,0,18,4000,57000,floor10,0,1,1000,0,4000,57000,0,v1=2402-054,M1:R6年3月!14
2402-055,2024-02-26,1091,高橋,ACM,clean,,99840,99840,99840,税抜,excl,corner_r,1,48000,24640,0,24640,15200,2000,89840,1000,89840,0,89840,0,10000,0,0,0,0,0,0,0,0,0,0,0,99840,floor10,0,1,1000,0,0,99840,0,,M1:R6年2月!59
2402-056,2024-02-27,1002,佐藤,IJ,rounding_inconsistent,rounded 'floor10' instead of 'floor100' (pre-round 43428); diff=20,43400,43420,43420,税抜,excl,,1,0,41428,0,41428,0,2000,43428,1000,43428,0,43428,0,0,0,0,0,0,0,0,0,0,0,0,0,43428,floor100,-28,1,1000,0,0,43428,-8,,M1:R6年2月!60
2402-057,2024-02-27,1033,田中,CALP,clean,,40000,40000,40000,税抜,excl,,1,0,17600,0,17600,0,3000,20600,1000,20600,0,20600,0,0,7700,4300,12000,0,8000,0,0,0,0,6,0,40600,floor1000,-600,1,1000,0,0,40600,-600,,M1:R6年2月!61
2402-058,2024-02-27,1002,佐藤,SODE,clean,,165000,165000,165000,税抜,excl,repeat,1,95000,0,0,0,0,0,95000,1000,95000,0,95000,0,0,38000,0,38000,0,28000,0,0,0,0,11,4000,165000,floor100,0,1,1000,0,4000,165000,0,,M1:R6年2月!62
2402-059,2024-02-27,1060,佐藤,CALP,clean,,61200,61200,61200,税抜,excl,,1,0,15120,0,15120,0,3000,18120,950,17214,0,17214,0,0,4200,7800,12000,0,28000,0,0,0,0,14,4000,61214,floor100,-14,1,950,0,4000,61214,-14,,M1:R6年2月!63
2402-060,2024-02-27,9999,鈴木,IJ,clean,,22000,22000,22000,税抜,excl,,1,0,12000,0,12000,0,2000,14000,1000,14000,0,14000,0,8000,0,0,0,0,0,0,0,0,0,0,0,22000,floor100,0,1,1000,0,0,22000,0,,M1:R6年2月!64
2402-061,2024-02-27,1080,高橋,IJ,clean,,25000,25000,25000,税抜,excl,,1,0,800,0,800,0,2000,2800,950,2660,2340,5000,0,0,360,11640,12000,0,8000,0,0,0,0,1,0,25000,floor10,0,1,950,0,0,25000,0,,M1:R6年2月!65
2402-062,2024-02-28,1041,佐藤,SODE,clean,,154500,154500,154500,税抜,excl,,1,95000,0,0,0,0,0,95000,900,85500,0,85500,0,3000,38000,0,38000,0,28000,0,0,0,0,8,0,154500,floor100,0,1,900,0,0,154500,0,,M1:R6年2月!66
2402-063,2024-02-28,1050,鈴木,ACM,clean,,10500,10500,10500,税抜,excl,,1,6400,960,0,960,1200,2000,10560,1000,10560,0,10560,0,0,0,0,0,0,0,0,0,0,0,0,0,10560,floor100,-60,1,1000,0,0,10560,-60,,M1:R6年2月!67
2402-064,2024-02-28,1004,佐藤,ACM,clean,,54400,54400,54400,税抜,excl,repeat,1,6400,4840,0,4840,1200,0,12440,1000,12440,0,12440,0,0,8300,3700,12000,0,8000,0,0,0,0,108,22000,54440,floor100,-40,1,1000,0,22000,54440,-40,,M1:R6年2月!68
2402-065,2024-02-28,1081,田中,SODE,clean,,168000,168000,168000,税抜,excl,survey,1,95000,0,0,0,0,0,95000,950,90250,0,90250,0,3000,38000,0,38000,0,28000,0,0,0,5000,18,4000,168250,floor1000,-250,1,950,0,4000,168250,-250,,M1:R6年2月!69
2402-066,2024-02-29,1077,高橋,IJ,clean,,281100,281100,281100,税抜,excl,,1,0,320580,64116,256464,37440,2000,295904,950,281108,0,281108,0,0,0,0,0,0,0,0,0,0,0,0,0,281108,floor10,-8,1,950,0,0,281108,-8,,M1:R6年2月!70
2402-067,2024-02-29,9999,鈴木,ACM,clean,,37900,37900,41690,税込,incl,,1,12000,12760,0,12760,1200,2000,27960,1000,27960,0,27960,0,10000,0,0,0,0,0,0,0,0,0,0,0,37960,floor100,-60,1,1000,0,0,37960,-60,,M1:R6年2月!71
2402-068,2024-02-29,1023,鈴木,IJ,clean,,25200,25200,25200,税抜,excl,no_grommet,1,0,5100,0,5100,0,2000,7100,880,6248,0,6248,0,3000,3060,8940,12000,0,0,0,0,0,0,19,4000,25248,floor100,-48,1,880,0,4000,25248,-48,,M1:R6年2月!72
2402-069,2024-02-29,1047,田中,IJ,clean,,26000,26000,26000,税抜,excl,survey,1,0,3200,0,3200,0,2000,5200,800,4160,840,5000,0,0,0,0,0,0,0,0,0,0,5000,55,16000,26000,floor100,0,1,800,0,16000,26000,0,,M1:R6年2月!73
2402-070,2024-02-29,1065,佐藤,IJ,clean,,5000,5000,5000,税抜,excl,repeat,1,0,1760,0,1760,0,0,1760,950,1672,3328,5000,0,0,0,0,0,0,0,0,0,0,0,0,0,5000,floor100,0,1,950,0,0,5000,0,,M1:R6年2月!74
2402-071,2024-02-29,9999,田中,ACM,manager_discount,undocumented discount 14000 (7.8%) from rule_net 179000,179000,165000,181500,税込,incl,,1,57600,55440,5544,49896,10800,2000,120296,1000,120296,0,120296,0,10000,41600,0,41600,0,8000,0,0,0,0,6,0,179896,floor1000,-896,1,1000,0,0,179896,-14896,,M1:R6年2月!75
2403-001,2024-03-01,1060,佐藤,SODE,clean,,316700,316700,316700,税抜,excl,,1,199000,0,0,0,62800,0,261800,950,248710,0,248710,0,0,38000,0,38000,0,8000,18000,0,0,0,14,4000,316710,floor100,-10,1,950,0,4000,316710,-10,,M1:R6年3月!5
2403-002,2024-03-04,1023,田中,ACM,clean,,70000,70000,70000,税抜,excl,night;holes,1,24000,17160,0,17160,4500,2000,47660,880,41940,0,41940,0,0,16400,0,16400,8200,0,0,0,0,0,22,4000,70540,floor1000,-540,1,880,0,4000,70540,-540,,M1:R6年3月!6
2403-003,2024-03-04,1050,鈴木,SODE,rush_unrecorded,rush surcharge 55080 applied without rush wording in remarks,287600,342600,342600,税抜,excl,removal;disposal,1,132000,0,0,0,51600,0,183600,1000,183600,0,183600,0,0,38000,0,38000,0,28000,18000,15000,5000,0,10,0,287600,floor100,0,1,1000,55080,0,342680,-80,,M1:R6年3月!7
2403-004,2024-03-05,1033,田中,ACM,clean,,65000,65000,65000,税抜,excl,,1,24000,22000,0,22000,7200,2000,55200,1000,55200,0,55200,0,10000,0,0,0,0,0,0,0,0,0,0,0,65200,floor1000,-200,1,1000,0,0,65200,-200,,M1:R6年3月!8
2403-005,2024-03-05,1074,高橋,CALP,clean,,103000,103000,103000,税抜,excl,repeat,1,0,52000,0,52000,0,0,52000,1000,52000,0,52000,0,0,14000,0,14000,0,28000,0,0,0,0,27,9000,103000,floor10,0,1,1000,0,9000,103000,0,,M1:R6年3月!9
2403-006,2024-03-05,1048,田中,ACM,clean,,331000,331000,331000,税抜,excl,corner_r,1,120000,118800,11880,106920,38000,2000,266920,1000,266920,0,266920,0,10000,45500,0,45500,0,0,0,0,0,0,27,9000,331420,floor1000,-420,1,1000,0,9000,331420,-420,,M1:R6年3月!10
2403-007,2024-03-06,1041,佐藤,ACM,clean,,38900,38900,38900,税抜,excl,,1,6400,11440,0,11440,1200,2000,21040,900,18936,0,18936,0,0,8900,3100,12000,0,8000,0,0,0,0,1,0,38936,floor100,-36,1,900,0,0,38936,-36,,M1:R6年3月!11
2403-008,2024-03-06,1022,佐藤,SODE,clean,,251000,251000,251000,税抜,excl,,1,199000,0,0,0,0,0,199000,950,189050,0,189050,0,0,38000,0,38000,0,8000,0,0,0,0,75,16000,251050,floor100,-50,1,950,0,16000,251050,-50,,M1:R6年3月!12
2403-009,2024-03-06,1047,田中,IJ,clean,,20000,20000,20000,税抜,excl,,1,0,23016,0,23016,0,2000,25016,800,20012,0,20012,0,0,0,0,0,0,0,0,0,0,0,0,0,20012,floor100,-12,1,800,0,0,20012,-12,,M1:R6年3月!13
2403-010,2024-03-06,1053,高橋,IJ,clean,,168490,168490,168490,税抜,excl,,1,0,219200,43840,175360,0,2000,177360,950,168492,0,168492,0,0,0,0,0,0,0,0,0,0,0,0,0,168492,floor10,-2,1,950,0,0,168492,-2,,M1:R6年3月!15
2403-011,2024-03-07,1053,高橋,ACM,clean,,21120,21120,21120,税抜,excl,repeat,1,12800,7040,0,7040,2400,0,22240,950,21128,0,21128,0,0,0,0,0,0,0,0,0,0,0,0,0,21128,floor10,-8,1,950,0,0,21128,-8,,M1:R6年3月!16
2403-012,2024-03-07,1096,佐藤,SODE,clean,,160200,160200,160200,税抜,excl,repeat,1,95000,0,0,0,0,0,95000,950,90250,0,90250,0,0,38000,0,38000,0,28000,0,0,0,0,18,4000,160250,floor100,-50,1,950,0,4000,160250,-50,,M1:R6年3月!17
2403-013,2024-03-08,9999,田中,CALP,clean,,80000,80000,88000,税込,incl,,1,0,25500,0,25500,0,3000,28500,1000,28500,0,28500,0,3000,7000,5000,12000,0,28000,0,0,0,0,35,9000,80500,floor1000,-500,1,1000,0,9000,80500,-500,,M1:R6年3月!18
2403-014,2024-03-08,1042,佐藤,CALP,clean,,56800,56800,56800,税抜,excl,removal;disposal,1,0,14700,0,14700,0,3000,17700,950,16815,0,16815,0,0,4900,7100,12000,0,8000,0,15000,5000,0,1,0,56815,floor100,-15,1,950,0,0,56815,-15,,M1:R6年3月!19
2403-015,2024-03-08,9999,田中,ACM,clean,,287000,287000,315700,税込,incl,holes,1,144000,85760,8576,77184,54000,2000,277184,1000,277184,0,277184,0,10000,0,0,0,0,0,0,0,0,0,0,0,287184,floor1000,-184,1,1000,0,0,287184,-184,,M1:R6年3月!20
2403-016,2024-03-08,1012,佐藤,ACM,clean,,36000,36000,36000,税抜,excl,repeat,1,6400,7480,0,7480,1200,0,15080,800,12064,0,12064,0,0,10100,1900,12000,0,8000,0,0,0,0,13,4000,36064,floor100,-64,1,800,0,4000,36064,-64,,M1:R6年3月!21
2403-017,2024-03-08,1015,佐藤,SODE,clean,,181000,181000,181000,税抜,excl,survey,1,95000,0,0,0,0,0,95000,1000,95000,0,95000,0,15000,38000,0,38000,0,28000,0,0,0,5000,1,0,181000,floor100,0,1,1000,0,0,181000,0,,M1:R6年3月!22
2403-018,2024-03-08,1008,鈴木,CALP,clean,,53500,53500,53500,税抜,excl,,1,0,44550,0,44550,0,3000,47550,1000,47550,0,47550,0,6000,0,0,0,0,0,0,0,0,0,0,0,53550,floor100,-50,1,1000,0,0,53550,-50,,M1:R6年3月!23
2403-019,2024-03-11,1022,佐藤,CALP,clean,,45300,45300,45300,税抜,excl,,1,0,11040,0,11040,0,3000,14040,950,13338,0,13338,0,3000,4200,7800,12000,0,8000,0,0,0,0,42,9000,45338,floor100,-38,1,950,0,9000,45338,-38,,M1:R6年3月!24
2403-020,2024-03-12,9999,鈴木,ACM,clean,,15200,15200,16720,税込,incl,,1,6400,2640,0,2640,1200,2000,12240,1000,12240,0,12240,0,3000,0,0,0,0,0,0,0,0,0,0,0,15240,floor100,-40,1,1000,0,0,15240,-40,,M1:R6年3月!25
2403-021,2024-03-12,1038,田中,IJ,clean,,248000,248000,248000,税抜,excl,,1,0,177551,17755,159796,0,2000,161796,1000,161796,0,161796,0,8000,70020,0,70020,0,0,0,0,0,0,42,9000,248816,floor1000,-816,1,1000,0,9000,248816,-816,,M1:R6年3月!26
2403-022,2024-03-12,1023,田中,CALP,clean,,90000,90000,90000,税抜,excl,,1,0,44100,0,44100,0,3000,47100,880,41448,0,41448,0,0,4900,7100,12000,0,28000,0,0,0,0,38,9000,90448,floor1000,-448,1,880,0,9000,90448,-448,,M1:R6年3月!27
2403-023,2024-03-13,1033,田中,ACM,clean,,132000,132000,132000,税抜,excl,,1,25600,49280,4928,44352,4800,2000,76752,1000,76752,0,76752,0,3000,21200,0,21200,0,28000,0,0,0,0,18,4000,132952,floor1000,-952,1,1000,0,4000,132952,-952,,M1:R6年3月!28
2403-024,2024-03-14,1085,佐藤,ACM,clean,,73400,73400,73400,税抜,excl,corner_r,1,24000,8800,0,8800,7600,2000,42400,1000,42400,0,42400,0,3000,11000,1000,12000,0,0,0,0,0,0,66,16000,73400,floor100,0,1,1000,0,16000,73400,0,,M1:R6年3月!29
2403-025,2024-03-14,1074,高橋,ACM,clean,,66060,66060,66060,税抜,excl,,1,12800,14960,0,14960,2400,2000,32160,1000,32160,0,32160,0,10000,14900,0,14900,0,0,0,0,0,0,27,9000,66060,floor10,0,1,1000,0,9000,66060,0,,M1:R6年3月!30
2403-026,2024-03-14,1053,高橋,IJ,clean,,135960,135960,135960,税抜,excl,,1,0,156800,15680,141120,0,2000,143120,950,135964,0,135964,0,0,0,0,0,0,0,0,0,0,0,0,0,135964,floor10,-4,1,950,0,0,135964,-4,,M1:R6年3月!31
2403-027,2024-03-14,1085,佐藤,CALP,clean,,44200,44200,44200,税抜,excl,,1,0,14200,0,14200,0,3000,17200,1000,17200,0,17200,0,3000,3500,8500,12000,0,8000,0,0,0,0,24,4000,44200,floor100,0,1,1000,0,4000,44200,0,,M1:R6年3月!32
2403-028,2024-03-14,1025,佐藤,IJ,clean,,20800,20800,20800,税抜,excl,,1,0,6800,0,6800,0,2000,8800,1000,8800,0,8800,0,0,3060,8940,12000,0,0,0,0,0,0,10,0,20800,floor100,0,1,1000,0,0,20800,0,,M1:R6年3月!33
2403-029,2024-03-15,9999,鈴木,CALP,clean,,99400,99400,109340,税込,incl,removal;disposal,1,0,50400,0,50400,0,3000,53400,1000,53400,0,53400,0,6000,7000,5000,12000,0,8000,0,15000,5000,0,6,0,99400,floor100,0,1,1000,0,0,99400,0,,M1:R6年3月!34
2403-030,2024-03-15,1068,高橋,ACM,clean,,128080,128080,128080,税抜,excl,,1,48000,31680,0,31680,4800,2000,86480,1000,86480,0,86480,0,3000,26600,0,26600,0,8000,0,0,0,0,13,4000,128080,floor10,0,1,1000,0,4000,128080,0,,M1:R6年3月!35
2403-031,2024-03-15,1053,高橋,CALP,clean,,63540,63540,63540,税抜,excl,,1,0,42840,0,42840,0,3000,45840,950,43548,0,43548,0,0,11900,100,12000,0,8000,0,0,0,0,10,0,63548,floor10,-8,1,950,0,0,63548,-8,,M1:R6年3月!36
2403-032,2024-03-15,1084,田中,IJ,manager_discount,undocumented discount 7000 (13.0%) from rule_net 54000,54000,47000,47000,税抜,excl,,1,0,66000,0,66000,0,2000,68000,800,54400,0,54400,0,0,0,0,0,0,0,0,0,0,0,0,0,54400,floor1000,-400,1,800,0,0,54400,-7400,,M1:R6年3月!37
2403-033,2024-03-15,1074,高橋,ACM,clean,,41200,41200,41200,税抜,excl,corner_r,1,6400,2200,0,2200,1600,2000,12200,1000,12200,0,12200,0,0,6500,5500,12000,0,8000,0,0,0,0,27,9000,41200,floor10,0,1,1000,0,9000,41200,0,,M1:R6年3月!38
2403-034,2024-03-15,1042,佐藤,IJ,clean,,17000,17000,17000,税抜,excl,,1,0,2640,0,2640,0,2000,4640,950,4408,592,5000,0,0,2160,9840,12000,0,0,0,0,0,0,5,0,17000,floor100,0,1,950,0,0,17000,0,,M1:R6年3月!39
2403-035,2024-03-18,1074,高橋,ACM,clean,,25280,25280,25280,税抜,excl,corner_r,1,6400,5280,0,5280,1600,2000,15280,1000,15280,0,15280,0,10000,0,0,0,0,0,0,0,0,0,0,0,25280,floor10,0,1,1000,0,0,25280,0,,M1:R6年3月!40
2403-036,2024-03-18,1020,高橋,ACM,clean,,16260,16260,16260,税抜,excl,corner_r,1,6400,3960,0,3960,1600,2000,13960,950,13262,0,13262,0,3000,0,0,0,0,0,0,0,0,0,0,0,16262,floor10,-2,1,950,0,0,16262,-2,,M1:R6年3月!41
2403-037,2024-03-19,1089,佐藤,CALP,clean,,54300,54300,54300,税抜,excl,survey,1,0,21600,0,21600,0,3000,24600,950,23370,0,23370,0,6000,4200,7800,12000,0,8000,0,0,0,5000,6,0,54370,floor100,-70,1,950,0,0,54370,-70,,M1:R6年3月!42
2403-038,2024-03-19,1023,田中,ACM,clean,,51000,51000,51000,税抜,excl,rush;repeat,1,12800,7920,0,7920,3600,0,24320,880,21401,0,21401,6420,0,10100,1900,12000,0,8000,0,0,0,0,11,4000,51821,floor1000,-821,1,880,6420,4000,51821,-821,,M1:R6年3月!43
2403-039,2024-03-19,9999,高橋,ACM,clean,,51960,51960,57156,税込,incl,night,1,6400,3960,0,3960,3600,2000,15960,1000,15960,0,15960,0,10000,7700,4300,12000,6000,8000,0,0,0,0,8,0,51960,floor10,0,1,1000,0,0,51960,0,,M1:R6年3月!44
2403-040,2024-03-21,9999,高橋,CALP,clean,,113000,113000,124300,税込,incl,,1,0,84000,0,84000,0,3000,87000,1000,87000,0,87000,0,6000,7000,5000,12000,0,8000,0,0,0,0,6,0,113000,floor10,0,1,1000,0,0,113000,0,,M1:R6年3月!45
2403-041,2024-03-21,9999,鈴木,IJ,clean,,39700,39700,43670,税込,incl,,1,0,29700,0,29700,0,2000,31700,1000,31700,0,31700,0,8000,0,0,0,0,0,0,0,0,0,0,0,39700,floor100,0,1,1000,0,0,39700,0,,M1:R6年3月!46
2403-042,2024-03-21,1067,佐藤,CALP,clean,,48800,48800,48800,税抜,excl,,1,0,42840,0,42840,0,3000,45840,1000,45840,0,45840,0,3000,0,0,0,0,0,0,0,0,0,0,0,48840,floor100,-40,1,1000,0,0,48840,-40,,M1:R6年3月!47
2403-043,2024-03-21,1088,田中,SODE,clean,,449000,449000,493900,税込,incl,,1,264000,0,0,0,77200,0,341200,1000,341200,0,341200,0,15000,38000,0,38000,0,28000,18000,0,0,0,35,9000,449200,floor1000,-200,1,1000,0,9000,449200,-200,,M1:R6年3月!48
2403-044,2024-03-21,9999,佐藤,IJ,clean,,8000,8000,8800,税込,incl,no_grommet,1,0,6000,0,6000,0,2000,8000,1000,8000,0,8000,0,0,0,0,0,0,0,0,0,0,0,0,0,8000,floor100,0,1,1000,0,0,8000,0,,M1:R6年3月!49
2403-045,2024-03-22,1091,高橋,CALP,clean,,57160,57160,57160,税抜,excl,rush,1,0,10200,0,10200,0,3000,13200,1000,13200,0,13200,3960,0,2800,9200,12000,0,28000,0,0,0,0,1,0,57160,floor10,0,1,1000,3960,0,57160,0,,M1:R6年3月!50
2403-046,2024-03-22,1091,田中,CALP,clean,,115000,115000,115000,税抜,excl,,1,0,85050,0,85050,0,3000,88050,1000,88050,0,88050,0,3000,10500,1500,12000,0,8000,0,0,0,0,18,4000,115050,floor1000,-50,1,1000,0,4000,115050,-50,,M1:R6年3月!51
2403-047,2024-03-22,9999,鈴木,CALP,clean,,50000,50000,55000,税込,incl,,1,0,27000,0,27000,0,3000,30000,1000,30000,0,30000,0,0,6300,5700,12000,0,8000,0,0,0,0,5,0,50000,floor100,0,1,1000,0,0,50000,0,,M1:R6年3月!52
2403-048,2024-03-22,1026,高橋,ACM,clean,,46320,46320,46320,税抜,excl,,1,24000,10120,0,10120,7200,2000,43320,1000,43320,0,43320,0,3000,0,0,0,0,0,0,0,0,0,0,0,46320,floor10,0,1,1000,0,0,46320,0,,M1:R6年3月!53
2403-049,2024-03-22,1047,田中,IJ,clean,,235000,235000,235000,税抜,excl,,1,0,364967,72993,291974,0,2000,293974,800,235179,0,235179,0,0,0,0,0,0,0,0,0,0,0,0,0,235179,floor1000,-179,1,800,0,0,235179,-179,,M1:R6年3月!54
2403-050,2024-03-22,9999,佐藤,CALP,clean,,69600,69600,76560,税込,incl,removal;disposal;survey,1,0,15600,0,15600,0,3000,18600,1000,18600,0,18600,0,6000,4200,7800,12000,0,8000,0,15000,5000,5000,10,0,69600,floor100,0,1,1000,0,0,69600,0,,M1:R6年3月!55
2403-051,2024-03-22,1060,佐藤,IJ,clean,,80900,80900,80900,税抜,excl,,1,0,74800,0,74800,0,2000,76800,950,72960,0,72960,0,8000,0,0,0,0,0,0,0,0,0,0,0,80960,floor100,-60,1,950,0,0,80960,-60,,M1:R6年3月!56
2403-052,2024-03-22,9999,佐藤,ACM,clean,,59500,59500,59500,税抜,excl,removal;disposal;corner_r,1,6400,3520,0,3520,1600,2000,13520,1000,13520,0,13520,0,10000,7400,4600,12000,0,0,0,15000,5000,0,14,4000,59520,floor100,-20,1,1000,0,4000,59520,-20,,M1:R6年3月!57
2403-053,2024-03-22,1063,佐藤,ACM,clean,,13600,13600,13600,税抜,excl,,1,6400,7480,0,7480,1200,2000,17080,800,13664,0,13664,0,0,0,0,0,0,0,0,0,0,0,0,0,13664,floor100,-64,1,800,0,0,13664,-64,,M1:R6年3月!58
2403-054,2024-03-25,9999,鈴木,ACM,clean,,27000,27000,29700,税込,incl,,1,6400,7480,0,7480,1200,2000,17080,1000,17080,0,17080,0,10000,0,0,0,0,0,0,0,0,0,0,0,27080,floor100,-80,1,1000,0,0,27080,-80,,M1:R6年3月!59
2403-055,2024-03-25,9999,鈴木,IJ,clean,,29000,29000,31900,税込,incl,,1,0,1400,0,1400,0,2000,3400,1000,3400,1600,5000,0,8000,900,11100,12000,0,0,0,0,0,0,22,4000,29000,floor100,0,1,1000,0,4000,29000,0,,M1:R6年3月!60
2403-056,2024-03-25,1091,高橋,IJ,clean,,8000,8000,8000,税抜,excl,,1,0,2200,0,2200,0,2000,4200,1000,4200,800,5000,0,3000,0,0,0,0,0,0,0,0,0,0,0,8000,floor10,0,1,1000,0,0,8000,0,,M1:R6年3月!61
2403-057,2024-03-26,1006,佐藤,ACM,clean,,10900,10900,10900,税抜,excl,,1,6400,1320,0,1320,1200,2000,10920,1000,10920,0,10920,0,0,0,0,0,0,0,0,0,0,0,0,0,10920,floor100,-20,1,1000,0,0,10920,-20,,M1:R6年3月!62
2403-058,2024-03-26,9999,鈴木,ACM,clean,,13100,13100,13100,税抜,excl,,1,6400,3520,0,3520,1200,2000,13120,1000,13120,0,13120,0,0,0,0,0,0,0,0,0,0,0,0,0,13120,floor100,-20,1,1000,0,0,13120,-20,,M1:R6年3月!63
2403-059,2024-03-26,1063,鈴木,IJ,clean,,291900,291900,291900,税抜,excl,,1,0,453600,90720,362880,0,2000,364880,800,291904,0,291904,0,0,0,0,0,0,0,0,0,0,0,0,0,291904,floor100,-4,1,800,0,0,291904,-4,,M1:R6年3月!64
2403-060,2024-03-27,9999,佐藤,IJ,clean,,45000,45000,45000,税抜,excl,,1,0,35071,0,35071,0,2000,37071,1000,37071,0,37071,0,8000,0,0,0,0,0,0,0,0,0,0,0,45071,floor100,-71,1,1000,0,0,45071,-71,,M1:R6年3月!65
2403-061,2024-03-27,1063,鈴木,ACM,clean,,9700,9700,9700,税抜,excl,,1,6400,2560,0,2560,1200,2000,12160,800,9728,0,9728,0,0,0,0,0,0,0,0,0,0,0,0,0,9728,floor100,-28,1,800,0,0,9728,-28,,M1:R6年3月!66
2403-062,2024-03-27,1053,鈴木,IJ,clean,,31000,31000,31000,税抜,excl,,1,0,27540,0,27540,0,2000,29540,950,28063,0,28063,0,3000,0,0,0,0,0,0,0,0,0,0,0,31063,floor100,-63,1,950,0,0,31063,-63,,M1:R6年3月!67
2403-063,2024-03-27,1053,高橋,CALP,clean,,64850,64850,64850,税抜,excl,survey,1,0,60000,0,60000,0,3000,63000,950,59850,0,59850,0,0,0,0,0,0,0,0,0,0,5000,1,0,64850,floor10,0,1,950,0,0,64850,0,,M1:R6年3月!68
2403-064,2024-03-28,9999,田中,IJ,clean,,14400,14400,15840,税込,incl,,1,0,4400,0,4400,0,2000,6400,1000,6400,0,6400,0,8000,0,0,0,0,0,0,0,0,0,0,0,14400,floor100,0,1,1000,0,0,14400,0,,M1:R6年3月!69
2403-065,2024-03-28,9999,高橋,IJ,clean,,101760,101760,101760,税抜,excl,removal;disposal,1,0,47600,0,47600,0,2000,49600,1000,49600,0,49600,0,3000,29160,0,29160,0,0,0,15000,5000,0,1,0,101760,floor10,0,1,1000,0,0,101760,0,,M1:R6年3月!70
2403-066,2024-03-28,1009,佐藤,SODE,clean,,304700,304700,304700,税抜,excl,rush,1,199000,0,0,0,0,0,199000,1000,199000,0,199000,59700,0,38000,0,38000,0,8000,0,0,0,0,5,0,304700,floor100,0,1,1000,59700,0,304700,0,,M1:R6年3月!71
2403-067,2024-03-28,9999,佐藤,IJ,clean,,10800,10800,11880,税込,incl,,1,0,5100,0,5100,720,2000,7820,1000,7820,0,7820,0,3000,0,0,0,0,0,0,0,0,0,0,0,10820,floor100,-20,1,1000,0,0,10820,-20,,M1:R6年3月!72
2403-068,2024-03-28,1074,高橋,ACM,clean,,72920,72920,72920,税抜,excl,survey,1,19200,14520,0,14520,3600,2000,39320,1000,39320,0,39320,0,10000,14600,0,14600,0,0,0,0,0,5000,11,4000,72920,floor10,0,1,1000,0,4000,72920,0,,M1:R6年3月!73
2403-069,2024-03-29,9999,高橋,ACM,clean,,188840,188840,207724,税込,incl,survey,1,60000,61600,6160,55440,12000,2000,129440,1000,129440,0,129440,0,0,46400,0,46400,0,8000,0,0,0,5000,1,0,188840,floor10,0,1,1000,0,0,188840,0,,M1:R6年3月!74
2403-070,2024-03-29,9999,鈴木,IJ,clean,,20000,20000,22000,税込,incl,,1,0,1800,0,1800,720,2000,4520,1000,4520,480,5000,0,3000,900,11100,12000,0,0,0,0,0,0,10,0,20000,floor100,0,1,1000,0,0,20000,0,,M1:R6年3月!75
2403-071,2024-03-29,1038,鈴木,CALP,clean,,147500,147500,147500,税抜,excl,removal;disposal,1,0,90000,4500,85500,0,3000,88500,1000,88500,0,88500,0,6000,21000,0,21000,0,8000,0,15000,5000,0,22,4000,147500,floor100,0,1,1000,0,4000,147500,0,,M1:R6年3月!76
2403-072,2024-03-29,9999,佐藤,IJ,clean,,78000,78000,85800,税込,incl,,1,0,68000,0,68000,0,2000,70000,1000,70000,0,70000,0,8000,0,0,0,0,0,0,0,0,0,0,0,78000,floor100,0,1,1000,0,0,78000,0,,M1:R6年3月!77
2404-001,2024-04-01,9999,佐藤,ACM,clean,,201900,201900,222090,税込,incl,night;survey,2,64000,44000,4400,39600,15000,2000,120600,1000,120600,0,120600,0,3000,38200,0,38200,19100,10000,0,0,0,6000,18,5000,201900,floor100,0,2,1000,0,5000,201900,0,,
2404-002,2024-04-01,1041,佐藤,CALP,clean,,67500,67500,67500,税抜,excl,removal;disposal,1,0,16500,0,16500,0,3000,19500,900,17550,0,17550,0,6000,2100,9900,12000,0,8000,0,15000,5000,0,24,4000,67550,floor100,-50,1,900,0,4000,67550,-50,,M3:1041!4
2404-003,2024-04-01,9999,佐藤,IJ,clean,,73200,73200,80520,税込,incl,,2,0,40460,0,40460,0,2000,42460,1000,42460,0,42460,0,8000,22800,0,22800,0,0,0,0,0,0,5,0,73260,floor100,-60,2,1000,0,0,73260,-60,,
2404-004,2024-04-01,1012,佐藤,IJ,clean,,184000,184000,184000,税抜,excl,,2,0,213600,42720,170880,53400,2000,226280,800,181024,0,181024,0,3000,0,0,0,0,0,0,0,0,0,0,0,184024,floor100,-24,2,800,0,0,184024,-24,,M3:1012!4
2404-005,2024-04-01,1089,佐藤,IJ,clean,,40700,40700,40700,税抜,excl,,1,0,7200,0,7200,0,2000,9200,950,8740,0,8740,0,8000,3240,8760,12000,0,8000,0,0,0,0,13,4000,40740,floor100,-40,1,950,0,4000,40740,-40,,
2404-006,2024-04-02,1054,高橋,CALP,clean,,113250,113250,113250,税抜,excl,,2,0,48300,945,47355,0,3500,50855,1000,50855,0,50855,0,6000,18400,0,18400,0,33000,0,0,0,0,19,5000,113255,floor10,-5,2,1000,0,5000,113255,-5,,
2404-007,2024-04-03,9999,高橋,IJ,clean,,37000,37000,37000,税抜,excl,,2,0,32000,0,32000,0,2000,34000,1000,34000,0,34000,0,3000,0,0,0,0,0,0,0,0,0,0,0,37000,floor10,0,2,1000,0,0,37000,0,,
2404-008,2024-04-04,1054,鈴木,CALP,stale_table,priced with table v1 instead of v2; diff=-7600,88200,80600,80600,税抜,excl,,2,0,84750,0,84750,0,3500,88250,1000,88250,0,88250,0,0,0,0,0,0,0,0,0,0,0,0,0,88250,floor100,-50,1,1000,0,0,80650,-50,,
2404-009,2024-04-05,9999,佐藤,SODE,clean,,259500,259500,259500,税抜,excl,night,2,132000,0,0,0,0,0,132000,1000,132000,0,132000,0,0,45000,0,45000,22500,55000,0,0,0,0,13,5000,259500,floor100,0,2,1000,0,5000,259500,0,,
2404-010,2024-04-05,1079,佐藤,ACM,clean,,20700,20700,20700,税抜,excl,,1,6400,7920,0,7920,2400,2000,18720,950,17784,0,17784,0,3000,0,0,0,0,0,0,0,0,0,0,0,20784,floor100,-84,1,950,0,0,20784,-84,,
2404-011,2024-04-05,1088,高橋,IJ,clean,,51000,51000,56100,税込,incl,,2,0,3300,0,3300,0,2000,5300,1000,5300,700,6000,0,8000,3000,12000,15000,0,10000,0,0,0,0,38,12000,51000,floor10,0,2,1000,0,12000,51000,0,,
2404-012,2024-04-05,9999,鈴木,IJ,clean,,55000,55000,60500,税込,incl,removal,2,0,20000,0,20000,0,2000,22000,1000,22000,0,22000,0,0,10000,5000,15000,0,0,0,18000,0,0,8,0,55000,floor100,0,2,1000,0,0,55000,0,,
2404-013,2024-04-06,1096,田中,ACM,clean,,63000,63000,63000,税抜,excl,,1,32000,26400,0,26400,6000,2000,66400,950,63080,0,63080,0,0,0,0,0,0,0,0,0,0,0,0,0,63080,floor1000,-80,1,950,0,0,63080,-80,,
2404-014,2024-04-08,1086,高橋,SODE,clean,,224750,224750,224750,税抜,excl,,1,95000,0,0,0,50000,0,145000,950,137750,0,137750,0,3000,38000,0,38000,0,28000,18000,0,0,0,1,0,224750,floor10,0,1,950,0,0,224750,0,,
2404-015,2024-04-08,1063,鈴木,ACM,clean,,49200,49200,49200,税抜,excl,repeat,2,19200,19800,0,19800,22500,0,61500,800,49200,0,49200,0,0,0,0,0,0,0,0,0,0,0,0,0,49200,floor100,0,2,800,0,0,49200,0,,
2404-016,2024-04-08,1064,佐藤,SODE,clean,,291000,291000,291000,税抜,excl,survey,2,199000,0,0,0,0,0,199000,1000,199000,0,199000,0,3000,45000,0,45000,0,33000,0,0,0,6000,18,5000,291000,floor100,0,2,1000,0,5000,291000,0,,
2404-017,2024-04-09,1085,佐藤,IJ,clean,,21100,21100,21100,税抜,excl,,2,0,10357,0,10357,840,2000,13197,1000,13197,0,13197,0,8000,0,0,0,0,0,0,0,0,0,0,0,21197,floor100,-97,2,1000,0,0,21197,-97,,
2404-018,2024-04-09,9999,高橋,IJ,clean,,81060,81060,89166,税込,incl,night;survey,2,0,33660,0,33660,0,2000,35660,1000,35660,0,35660,0,0,19600,0,19600,9800,10000,0,0,0,6000,6,0,81060,floor10,0,2,1000,0,0,81060,0,,
2404-019,2024-04-09,1068,高橋,CALP,clean,,68150,68150,68150,税抜,excl,,2,0,58650,0,58650,0,3500,62150,1000,62150,0,62150,0,6000,0,0,0,0,0,0,0,0,0,0,0,68150,floor10,0,2,1000,0,0,68150,0,,
2404-020,2024-04-09,1045,高橋,IJ,clean,,54000,54000,54000,税抜,excl,rush;removal,2,0,2100,0,2100,0,2000,4100,1000,4100,1900,6000,3000,0,1000,14000,15000,0,0,0,18000,0,0,27,12000,54000,floor10,0,2,1000,3000,12000,54000,0,,
2404-021,2024-04-09,9999,田中,IJ,clean,,22600,22600,22600,税抜,excl,,2,0,17600,0,17600,0,2000,19600,1000,19600,0,19600,0,3000,0,0,0,0,0,0,0,0,0,0,0,22600,floor100,0,2,1000,0,0,22600,0,,
2404-022,2024-04-09,1096,佐藤,ACM,clean,,13300,13300,13300,税抜,excl,,1,6400,3200,0,3200,2400,2000,14000,950,13300,0,13300,0,0,0,0,0,0,0,0,0,0,0,0,0,13300,floor100,0,1,950,0,0,13300,0,,
2404-023,2024-04-10,1030,佐藤,ACM,clean,,71600,71600,71600,税抜,excl,rush,2,36000,26400,0,26400,4500,2000,68900,800,55120,0,55120,16536,0,0,0,0,0,0,0,0,0,0,0,0,71656,floor100,-56,2,800,16536,0,71656,-56,,
2404-024,2024-04-11,1041,佐藤,ACM,clean,,62000,62000,62000,税抜,excl,,1,6400,2640,0,2640,2400,2000,13440,900,12096,0,12096,0,10000,6800,5200,12000,0,28000,0,0,0,0,1,0,62096,floor100,-96,1,900,0,0,62096,-96,,M3:1041!5
2404-025,2024-04-11,1089,佐藤,CALP,clean,,90500,90500,90500,税抜,excl,,1,0,89120,0,89120,0,3000,92120,950,87514,0,87514,0,3000,0,0,0,0,0,0,0,0,0,0,0,90514,floor100,-14,1,950,0,0,90514,-14,,
2404-026,2024-04-11,1053,高橋,ACM,clean,,200560,200560,200560,税抜,excl,removal,1,51200,50880,5088,45792,63600,2000,162592,950,154462,0,154462,0,0,31100,0,31100,0,0,0,15000,0,0,5,0,200562,floor10,-2,1,950,0,0,200562,-2,,
2404-027,2024-04-11,1035,田中,IJ,clean,,24900,24900,24900,税抜,excl,,2,0,13974,0,13974,960,2000,16934,1000,16934,0,16934,0,8000,0,0,0,0,0,0,0,0,0,0,0,24934,floor100,-34,2,1000,0,0,24934,-34,,
2404-028,2024-04-12,1072,田中,IJ,clean,,6000,6000,6000,税抜,excl,,2,0,2800,0,2800,0,2000,4800,1000,4800,1200,6000,0,0,0,0,0,0,0,0,0,0,0,0,0,6000,floor100,0,2,1000,0,0,6000,0,,
2404-029,2024-04-12,1023,田中,ACM,clean,,40000,40000,40000,税抜,excl,night;holes,1,6400,1760,0,1760,1500,2000,11660,880,10260,0,10260,0,0,6200,5800,12000,6000,8000,0,0,0,0,19,4000,40260,floor1000,-260,1,880,0,4000,40260,-260,,M3:1023様!5
2404-030,2024-04-12,9999,高橋,ACM,clean,,14660,14660,16126,税込,incl,,2,6400,1760,0,1760,1500,2000,11660,1000,11660,0,11660,0,3000,0,0,0,0,0,0,0,0,0,0,0,14660,floor10,0,2,1000,0,0,14660,0,,
2404-031,2024-04-15,1077,高橋,CALP,clean,,39790,39790,39790,税抜,excl,,1,0,11520,0,11520,0,3000,14520,950,13794,0,13794,0,6000,4200,7800,12000,0,8000,0,0,0,0,14,0,39794,floor10,-4,1,950,0,0,39794,-4,,M3:1077様!5
2404-032,2024-04-16,1023,田中,ACM,clean,,38000,38000,38000,税抜,excl,,1,6400,1320,0,1320,1200,2000,10920,880,9609,0,9609,0,0,5900,6100,12000,0,8000,0,0,0,0,42,9000,38609,floor1000,-609,1,880,0,9000,38609,-609,,M3:1023様!6 | M3:1023様!7(adj)
2404-033,2024-04-16,1033,田中,ACM,clean,,62000,62000,62000,税抜,excl,,2,6400,1320,0,1320,1500,2000,11220,1000,11220,0,11220,0,3000,6700,8300,15000,0,33000,0,0,0,0,8,0,62220,floor1000,-220,2,1000,0,0,62220,-220,,
2404-034,2024-04-16,1077,田中,ACM,clean,,12800,12800,12800,税抜,excl,,1,6400,3960,0,3960,1200,2000,13560,950,12882,0,12882,0,0,0,0,0,0,0,0,0,0,0,0,0,12882,floor100,-82,1,950,0,0,12882,-82,,M3:1077様!6
2404-035,2024-04-17,1081,田中,ACM,clean,,276000,276000,276000,税抜,excl,,1,192000,97280,19456,77824,19200,2000,291024,950,276472,0,276472,0,0,0,0,0,0,0,0,0,0,0,0,0,276472,floor1000,-472,1,950,0,0,276472,-472,,
2404-036,2024-04-17,1029,田中,ACM,clean,,45000,45000,45000,税抜,excl,,2,6400,2640,0,2640,1500,2000,12540,1000,12540,0,12540,0,3000,8100,6900,15000,0,10000,0,0,0,0,13,5000,45540,floor1000,-540,2,1000,0,5000,45540,-540,,
2404-037,2024-04-17,1024,高橋,ACM,stale_table,priced with table v1 instead of v2; diff=-300,24460,24160,24160,税抜,excl,corner_r,2,6400,4160,0,4160,1900,2000,14460,1000,14460,0,14460,0,10000,0,0,0,0,0,0,0,0,0,0,0,24460,floor10,0,1,1000,0,0,24160,0,,
2404-038,2024-04-17,1063,高橋,ACM,clean,,56430,56430,56430,税抜,excl,repeat,2,6400,2640,0,2640,1500,0,10540,800,8432,0,8432,0,0,8100,6900,15000,0,33000,0,0,0,0,8,0,56432,floor10,-2,2,800,0,0,56432,-2,,
2404-039,2024-04-18,9999,高橋,ACM,clean,,68200,68200,68200,税抜,excl,,2,6400,8800,0,8800,3000,2000,20200,1000,20200,0,20200,0,0,9150,5850,15000,0,33000,0,0,0,0,10,0,68200,floor10,0,2,1000,0,0,68200,0,,
2404-040,2024-04-18,9999,田中,IJ,clean,,26000,26000,26000,税抜,excl,,2,0,16000,0,16000,0,2000,18000,1000,18000,0,18000,0,8000,0,0,0,0,0,0,0,0,0,0,0,26000,floor100,0,2,1000,0,0,26000,0,,
2404-041,2024-04-18,1056,高橋,IJ,clean,,6000,6000,6000,税抜,excl,,2,0,3000,0,3000,600,2000,5600,1000,5600,400,6000,0,0,0,0,0,0,0,0,0,0,0,0,0,6000,floor10,0,2,1000,0,0,6000,0,,
2404-042,2024-04-19,1013,佐藤,IJ,clean,,59600,59600,59600,税抜,excl,,2,0,48000,0,48000,9600,2000,59600,1000,59600,0,59600,0,0,0,0,0,0,0,0,0,0,0,0,0,59600,floor100,0,2,1000,0,0,59600,0,,
2404-043,2024-04-19,1074,高橋,ACM,clean,,17740,17740,17740,税抜,excl,,2,6400,4840,0,4840,1500,2000,14740,1000,14740,0,14740,0,3000,0,0,0,0,0,0,0,0,0,0,0,17740,floor10,0,2,1000,0,0,17740,0,,M3:１０７４!4
2404-044,2024-04-19,9999,高橋,ACM,clean,,87800,87800,96580,税込,incl,,2,32000,28800,0,28800,15000,2000,77800,1000,77800,0,77800,0,10000,0,0,0,0,0,0,0,0,0,0,0,87800,floor10,0,2,1000,0,0,87800,0,,
2404-045,2024-04-22,1077,高橋,IJ,clean,,20900,20900,20900,税抜,excl,,1,0,20000,0,20000,0,2000,22000,950,20900,0,20900,0,0,0,0,0,0,0,0,0,0,0,0,0,20900,floor10,0,1,950,0,0,20900,0,,M3:1077様!7
2404-046,2024-04-22,1041,佐藤,CALP,clean,,47800,47800,47800,税抜,excl,,1,0,10200,0,10200,0,3000,13200,900,11880,0,11880,0,0,2800,9200,12000,0,8000,0,0,0,0,52,16000,47880,floor100,-80,1,900,0,16000,47880,-80,,M3:1041!6
2404-047,2024-04-23,1023,田中,IJ,clean,,364000,364000,364000,税抜,excl,,1,0,299208,59841,239367,0,2000,241367,880,212402,0,212402,0,3000,140400,0,140400,0,0,0,0,0,0,38,9000,364802,floor1000,-802,1,880,0,9000,364802,-802,,M3:1023様!8 | M3:1023様!9(adj)
2404-048,2024-04-23,9999,鈴木,IJ,digit_typo,"swap: intended 174460, written 174640",158600,158600,174640,税込,incl,,2,0,111792,11179,100613,0,2000,102613,1000,102613,0,102613,0,3000,48000,0,48000,0,0,0,0,0,0,13,5000,158613,floor100,-13,2,1000,0,5000,158613,-13,,
2404-049,2024-04-23,1047,田中,IJ,clean,,204000,204000,204000,税抜,excl,repeat,2,0,320000,64000,256000,0,0,256000,800,204800,0,204800,0,0,0,0,0,0,0,0,0,0,0,0,0,204800,floor1000,-800,2,800,0,0,204800,-800,,
2404-050,2024-04-23,1085,佐藤,IJ,clean,,19600,19600,19600,税抜,excl,,2,0,9600,0,9600,0,2000,11600,1000,11600,0,11600,0,8000,0,0,0,0,0,0,0,0,0,0,0,19600,floor100,0,2,1000,0,0,19600,0,,
2404-051,2024-04-25,1068,高橋,ACM,clean,,24740,24740,24740,税抜,excl,,2,6400,4840,0,4840,1500,2000,14740,1000,14740,0,14740,0,10000,0,0,0,0,0,0,0,0,0,0,0,24740,floor10,0,2,1000,0,0,24740,0,,
2404-052,2024-04-25,1022,佐藤,IJ,clean,,13000,13000,13000,税抜,excl,,1,0,1800,0,1800,960,2000,4760,950,4522,478,5000,0,8000,0,0,0,0,0,0,0,0,0,0,0,13000,floor100,0,1,950,0,0,13000,0,,M3:１０２２!4
2404-053,2024-04-26,1054,佐藤,ACM,clean,,35800,35800,35800,税抜,excl,,2,6400,4400,0,4400,3000,2000,15800,1000,15800,0,15800,0,0,9150,5850,15000,0,0,0,0,0,0,13,5000,35800,floor100,0,2,1000,0,5000,35800,0,,
2404-054,2024-04-27,1089,田中,SODE,clean,,406000,406000,406000,税抜,excl,survey,1,190000,0,0,0,100000,0,290000,950,275500,0,275500,0,0,76000,0,76000,0,28000,18000,0,0,5000,18,4000,406500,floor1000,-500,1,950,0,4000,406500,-500,,
2404-055,2024-04-30,1045,高橋,IJ,clean,,15000,15000,15000,税抜,excl,survey,2,0,880,0,880,0,2000,2880,1000,2880,3120,6000,0,3000,0,0,0,0,0,0,0,0,6000,1,0,15000,floor10,0,2,1000,0,0,15000,0,,
2404-056,2024-04-30,9999,佐藤,ACM,clean,,88200,88200,97020,税込,incl,removal;disposal;holes,2,6400,5280,0,5280,3600,2000,17280,1000,17280,0,17280,0,0,9850,5150,15000,0,33000,0,18000,5000,0,8,0,88280,floor100,-80,2,1000,0,0,88280,-80,,
2404-057,2024-04-30,1092,田中,IJ,clean,,24000,24000,24000,税抜,excl,,1,0,2800,0,2800,0,2000,4800,950,4560,440,5000,0,3000,1260,10740,12000,0,0,0,0,0,0,22,4000,24000,floor100,0,1,950,0,4000,24000,0,,
2404-058,2024-04-30,1054,高橋,IJ,clean,,404190,404190,404190,税抜,excl,,2,0,468540,93708,374832,27360,2000,404192,1000,404192,0,404192,0,0,0,0,0,0,0,0,0,0,0,0,0,404192,floor10,-2,2,1000,0,0,404192,-2,,
2405-001,2024-05-01,9999,鈴木,ACM,clean,,20300,20300,20300,税抜,excl,,2,6400,7480,0,7480,1500,2000,17380,1000,17380,0,17380,0,3000,0,0,0,0,0,0,0,0,0,0,0,20380,floor100,-80,2,1000,0,0,20380,-80,,
2405-002,2024-05-02,9999,高橋,SODE,clean,,321600,321600,321600,税抜,excl,removal;disposal,2,132000,0,0,0,51600,0,183600,1000,183600,0,183600,0,15000,45000,0,45000,0,33000,22000,18000,5000,0,1,0,321600,floor10,0,2,1000,0,0,321600,0,,
2405-003,2024-05-02,9999,佐藤,IJ,clean,,17000,17000,18700,税込,incl,,2,0,12000,0,12000,0,2000,14000,1000,14000,0,14000,0,3000,0,0,0,0,0,0,0,0,0,0,0,17000,floor100,0,2,1000,0,0,17000,0,,
2405-004,2024-05-02,9999,鈴木,IJ,clean,,31600,31600,31600,税抜,excl,,2,0,21600,0,21600,0,2000,23600,1000,23600,0,23600,0,8000,0,0,0,0,0,0,0,0,0,0,0,31600,floor100,0,2,1000,0,0,31600,0,,
2405-005,2024-05-07,9999,鈴木,ACM,stale_table,priced with table v1 instead of v2; diff=-600,64500,63900,70290,税込,incl,,2,24000,25520,0,25520,3000,2000,54520,1000,54520,0,54520,0,10000,0,0,0,0,0,0,0,0,0,0,0,64520,floor100,-20,1,1000,0,0,63920,-20,,
2405-006,2024-05-07,1025,佐藤,CALP,clean,,79000,79000,79000,税抜,excl,removal;disposal,2,0,16500,0,16500,0,3500,20000,1000,20000,0,20000,0,6000,4000,11000,15000,0,10000,0,18000,5000,0,11,5000,79000,floor100,0,2,1000,0,5000,79000,0,,
2405-007,2024-05-08,1038,田中,ACM,stale_table,priced with table v1 instead of v2; diff=-10000,63000,53000,53000,税抜,excl,removal,2,6400,5280,0,5280,1500,2000,15180,1000,15180,0,15180,0,0,10200,4800,15000,0,10000,0,18000,0,0,11,5000,63180,floor1000,-180,1,1000,0,4000,53880,-880,,
2405-008,2024-05-08,1075,田中,CALP,clean,,24500,24500,24500,税抜,excl,,2,0,21000,0,21000,0,3500,24500,1000,24500,0,24500,0,0,0,0,0,0,0,0,0,0,0,0,0,24500,floor100,0,2,1000,0,0,24500,0,,
2405-009,2024-05-08,1077,高橋,IJ,clean,,19390,19390,19390,税抜,excl,,1,0,18412,0,18412,0,2000,20412,950,19391,0,19391,0,0,0,0,0,0,0,0,0,0,0,0,0,19391,floor10,-1,1,950,0,0,19391,-1,,M3:1077様!8
2405-010,2024-05-09,1096,佐藤,IJ,clean,,13000,13000,13000,税抜,excl,,1,0,800,0,800,0,2000,2800,950,2660,2340,5000,0,8000,0,0,0,0,0,0,0,0,0,0,0,13000,floor100,0,1,950,0,0,13000,0,,
2405-011,2024-05-09,1047,田中,IJ,clean,,6000,6000,6000,税抜,excl,,2,0,3200,0,3200,0,2000,5200,800,4160,1840,6000,0,0,0,0,0,0,0,0,0,0,0,0,0,6000,floor100,0,2,800,0,0,6000,0,,
2405-012,2024-05-09,1002,佐藤,IJ,clean,,38000,38000,38000,税抜,excl,,2,0,28000,0,28000,0,2000,30000,1000,30000,0,30000,0,8000,0,0,0,0,0,0,0,0,0,0,0,38000,floor100,0,2,1000,0,0,38000,0,,
2405-013,2024-05-09,1023,田中,IJ,clean,,20100,20100,20100,税抜,excl,,1,0,15300,0,15300,2160,2000,19460,880,17124,0,17124,0,3000,0,0,0,0,0,0,0,0,0,0,0,20124,floor100,-24,1,880,0,0,20124,-24,,M3:1023様!10
2405-014,2024-05-09,1023,田中,IJ,clean,,60000,60000,60000,税抜,excl,,1,0,33600,0,33600,8400,2000,44000,880,38720,0,38720,0,3000,18900,0,18900,0,0,0,0,0,0,10,0,60620,floor1000,-620,1,880,0,0,60620,-620,,M3:1023様!11 | M3:1023様!12(adj)
2405-015,2024-05-10,1074,高橋,ACM,clean,,76680,76680,76680,税抜,excl,removal;disposal,2,6400,5280,0,5280,3000,2000,16680,1000,16680,0,16680,0,0,9850,5150,15000,0,10000,0,18000,5000,0,48,12000,76680,floor10,0,2,1000,0,12000,76680,0,,M3:１０７４!5
2405-016,2024-05-11,1089,田中,IJ,clean,,25000,25000,25000,税抜,excl,,1,0,1120,0,1120,0,2000,3120,950,2964,2036,5000,0,8000,720,11280,12000,0,0,0,0,0,0,10,0,25000,floor100,0,1,950,0,0,25000,0,,
2405-017,2024-05-13,1067,佐藤,IJ,clean,,31000,31000,31000,税抜,excl,,2,0,2400,0,2400,0,2000,4400,1000,4400,1600,6000,0,0,1200,13800,15000,0,10000,0,0,0,0,5,0,31000,floor100,0,2,1000,0,0,31000,0,,
2405-018,2024-05-13,1041,佐藤,IJ,clean,,69100,69100,69100,税抜,excl,repeat,1,0,76800,0,76800,0,0,76800,900,69120,0,69120,0,0,0,0,0,0,0,0,0,0,0,0,0,69120,floor100,-20,1,900,0,0,69120,-20,,M3:1041!7
2405-019,2024-05-13,1041,鈴木,SODE,clean,,255000,255000,255000,税抜,excl,,1,190000,0,0,0,0,0,190000,900,171000,0,171000,0,0,76000,0,76000,0,8000,0,0,0,0,1,0,255000,floor100,0,1,900,0,0,255000,0,,M3:1041!8
2405-020,2024-05-14,1084,田中,ACM,clean,,87000,87000,87000,税抜,excl,,2,60000,44000,4400,39600,7500,2000,109100,800,87280,0,87280,0,0,0,0,0,0,0,0,0,0,0,0,0,87280,floor1000,-280,2,800,0,0,87280,-280,,
2405-021,2024-05-14,1023,田中,SODE,clean,,425000,425000,425000,税抜,excl,removal;disposal,1,264000,0,0,0,77200,0,341200,880,300256,0,300256,0,3000,38000,0,38000,0,28000,18000,15000,5000,0,84,18000,425256,floor1000,-256,1,880,0,18000,425256,-256,,M3:1023様!13
2405-022,2024-05-14,1010,佐藤,CALP,clean,,55400,55400,55400,税抜,excl,,1,0,21690,0,21690,0,3000,24690,950,23455,0,23455,0,3000,6300,5700,12000,0,8000,0,0,0,0,27,9000,55455,floor100,-55,1,950,0,9000,55455,-55,,
2405-023,2024-05-15,1022,佐藤,SODE,clean,,258400,258400,258400,税抜,excl,,1,132000,0,0,0,51600,0,183600,950,174420,0,174420,0,0,38000,0,38000,0,28000,18000,0,0,0,5,0,258420,floor100,-20,1,950,0,0,258420,-20,,M3:１０２２!5
2405-024,2024-05-15,1023,田中,IJ,clean,,24200,24200,24200,税抜,excl,,1,0,4000,0,4000,0,2000,6000,880,5280,0,5280,0,3000,1800,10200,12000,0,0,0,0,0,0,24,4000,24280,floor100,-80,1,880,0,4000,24280,-80,,M3:1023様!14
2405-025,2024-05-15,1050,鈴木,CALP,travel_omitted,travel fee 5000 not charged,73300,68300,68300,税抜,excl,,2,0,16800,0,16800,0,3500,20300,1000,20300,0,20300,0,0,6400,8600,15000,0,33000,0,0,0,0,11,5000,73300,floor100,0,2,1000,0,0,68300,0,,
2405-026,2024-05-15,9999,佐藤,ACM,clean,,93000,93000,102300,税込,incl,holes,2,24000,23760,0,23760,7800,2000,57560,1000,57560,0,57560,0,10000,15450,0,15450,0,10000,0,0,0,0,1,0,93010,floor100,-10,2,1000,0,0,93010,-10,,
2405-027,2024-05-15,1005,佐藤,IJ,clean,,227800,227800,227800,税抜,excl,,2,0,353460,70692,282768,0,2000,284768,800,227814,0,227814,0,0,0,0,0,0,0,0,0,0,0,0,0,227814,floor100,-14,2,800,0,0,227814,-14,,
2405-028,2024-05-15,1023,田中,ACM,clean,,75000,75000,75000,税抜,excl,removal;disposal,1,12000,3840,0,3840,1200,2000,19040,880,16755,0,16755,0,10000,8600,3400,12000,0,8000,0,15000,5000,0,35,9000,75755,floor1000,-755,1,880,0,9000,75755,-755,,M3:1023様!15 | M3:1023様!16(adj)
2405-029,2024-05-16,1085,佐藤,ACM,clean,,70300,70300,70300,税抜,excl,,2,12800,14960,0,14960,3000,2000,32760,1000,32760,0,32760,0,10000,17550,0,17550,0,10000,0,0,0,0,8,0,70310,floor100,-10,2,1000,0,0,70310,-10,,
2405-030,2024-05-17,1066,佐藤,ACM,clean,,25400,25400,25400,税抜,excl,corner_r;holes,2,6400,2640,0,2640,4400,2000,15440,1000,15440,0,15440,0,10000,0,0,0,0,0,0,0,0,0,0,0,25440,floor100,-40,2,1000,0,0,25440,-40,,
2405-031,2024-05-17,1042,佐藤,ACM,clean,,110900,110900,110900,税抜,excl,holes,1,36000,20240,0,20240,13500,2000,71740,950,68153,0,68153,0,0,18800,0,18800,0,8000,0,0,0,0,55,16000,110953,floor100,-53,1,950,0,16000,110953,-53,,
2405-032,2024-05-20,1050,鈴木,SODE,rounding_inconsistent,rounded 'halfup1000' instead of 'floor100' (pre-round 461200); diff=-200,461200,461000,461000,税抜,excl,,2,264000,0,0,0,77200,0,341200,1000,341200,0,341200,0,15000,45000,0,45000,0,33000,22000,0,0,0,13,5000,461200,floor100,0,2,1000,0,5000,461200,-200,,
2405-033,2024-05-20,1009,鈴木,SODE,clean,,364000,364000,364000,税抜,excl,,2,264000,0,0,0,0,0,264000,1000,264000,0,264000,0,0,90000,0,90000,0,10000,0,0,0,0,6,0,364000,floor100,0,2,1000,0,0,364000,0,,
2405-034,2024-05-20,1022,佐藤,IJ,clean,,16300,16300,16300,税抜,excl,,1,0,6800,0,6800,0,2000,8800,950,8360,0,8360,0,8000,0,0,0,0,0,0,0,0,0,0,0,16360,floor100,-60,1,950,0,0,16360,-60,,M3:１０２２!6
2405-035,2024-05-21,1075,田中,IJ,clean,,16000,16000,16000,税抜,excl,,2,0,6000,0,6000,0,2000,8000,1000,8000,0,8000,0,8000,0,0,0,0,0,0,0,0,0,0,0,16000,floor100,0,2,1000,0,0,16000,0,,
2405-036,2024-05-21,9999,鈴木,SODE,clean,,357600,357600,393360,税込,incl,removal;disposal,2,170000,0,0,0,59600,0,229600,1000,229600,0,229600,0,0,45000,0,45000,0,33000,22000,18000,5000,0,11,5000,357600,floor100,0,2,1000,0,5000,357600,0,,
2405-037,2024-05-21,1077,高橋,IJ,clean,,5890,5890,5890,税抜,excl,,1,0,4200,0,4200,0,2000,6200,950,5890,0,5890,0,0,0,0,0,0,0,0,0,0,0,0,0,5890,floor10,0,1,950,0,0,5890,0,,M3:1077様!9
2405-038,2024-05-21,1077,高橋,ACM,clean,,91210,91210,91210,税抜,excl,night,1,32000,19800,0,19800,6000,2000,59800,950,56810,0,56810,0,0,17600,0,17600,8800,8000,0,0,0,0,19,0,91210,floor10,0,1,950,0,0,91210,0,,M3:1077様!10
2405-039,2024-05-21,1012,佐藤,IJ,clean,,16000,16000,16000,税抜,excl,,2,0,18000,0,18000,0,2000,20000,800,16000,0,16000,0,0,0,0,0,0,0,0,0,0,0,0,0,16000,floor100,0,2,800,0,0,16000,0,,M3:1012!5
2405-040,2024-05-21,9999,田中,ACM,stale_table,priced with table v1 instead of v2; diff=-23000,283000,260000,286000,税込,incl,removal;survey,2,64000,74800,7480,67320,15000,2000,148320,1000,148320,0,148320,0,10000,62700,0,62700,0,33000,0,18000,0,6000,22,5000,283020,floor1000,-20,1,1000,0,4000,260920,-920,,
2405-041,2024-05-21,1015,高橋,SODE,clean,,325600,325600,325600,税抜,excl,,2,132000,0,0,0,51600,0,183600,1000,183600,0,183600,0,15000,45000,0,45000,0,55000,22000,0,0,0,14,5000,325600,floor10,0,2,1000,0,5000,325600,0,,
2405-042,2024-05-22,1074,高橋,IJ,clean,,75000,75000,75000,税抜,excl,,2,0,40000,0,40000,0,2000,42000,1000,42000,0,42000,0,8000,20000,0,20000,0,0,0,0,0,0,22,5000,75000,floor10,0,2,1000,0,5000,75000,0,,M3:１０７４!6
2405-043,2024-05-22,1032,高橋,CALP,clean,,88700,88700,88700,税抜,excl,,2,0,79200,0,79200,0,3500,82700,1000,82700,0,82700,0,6000,0,0,0,0,0,0,0,0,0,0,0,88700,floor10,0,2,1000,0,0,88700,0,,
2405-044,2024-05-22,9999,田中,ACM,clean,,93000,93000,102300,税込,incl,removal;disposal,2,6400,2640,0,2640,1500,2000,12540,1000,12540,0,12540,0,10000,6700,8300,15000,0,33000,0,18000,5000,0,1,0,93540,floor1000,-540,2,1000,0,0,93540,-540,,
2405-045,2024-05-22,1045,鈴木,CALP,clean,,50500,50500,50500,税抜,excl,,2,0,22080,0,22080,0,3500,25580,1000,25580,0,25580,0,0,6400,8600,15000,0,10000,0,0,0,0,8,0,50580,floor100,-80,2,1000,0,0,50580,-80,,
2405-046,2024-05-22,1081,田中,SODE,clean,,261000,261000,261000,税抜,excl,,1,132000,0,0,0,54800,0,186800,950,177460,0,177460,0,0,38000,0,38000,0,28000,18000,0,0,0,1,0,261460,floor1000,-460,1,950,0,0,261460,-460,,
2405-047,2024-05-24,9999,田中,IJ,stale_table,priced with table v1 instead of v2; diff=-4100,34000,29900,32890,税込,incl,,2,0,3000,0,3000,960,2000,5960,1000,5960,40,6000,0,8000,2000,13000,15000,0,0,0,0,0,0,18,5000,34000,floor1000,0,1,1000,0,4000,29960,-60,,
2405-048,2024-05-27,1063,鈴木,IJ,clean,,172100,172100,172100,税抜,excl,,2,0,266560,53312,213248,0,2000,215248,800,172198,0,172198,0,0,0,0,0,0,0,0,0,0,0,0,0,172198,floor100,-98,2,800,0,0,172198,-98,,
2405-049,2024-05-27,1053,高橋,ACM,clean,,11620,11620,11620,税抜,excl,,1,6400,2640,0,2640,1200,2000,12240,950,11628,0,11628,0,0,0,0,0,0,0,0,0,0,0,0,0,11628,floor10,-8,1,950,0,0,11628,-8,,
2405-050,2024-05-28,9999,佐藤,IJ,clean,,14000,14000,15400,税込,incl,,2,0,840,0,840,0,2000,2840,1000,2840,3160,6000,0,8000,0,0,0,0,0,0,0,0,0,0,0,14000,floor100,0,2,1000,0,0,14000,0,,
2405-051,2024-05-28,1022,佐藤,SODE,clean,,340100,340100,340100,税抜,excl,survey,1,199000,0,0,0,61200,0,260200,950,247190,0,247190,0,0,38000,0,38000,0,28000,18000,0,0,5000,11,4000,340190,floor100,-90,1,950,0,4000,340190,-90,,M3:１０２２!7
2405-052,2024-05-28,1054,佐藤,ACM,clean,,439300,439300,439300,税抜,excl,,2,180000,101200,10120,91080,67500,2000,340580,1000,340580,0,340580,0,3000,85800,0,85800,0,10000,0,0,0,0,8,0,439380,floor100,-80,2,1000,0,0,439380,-80,,
2405-053,2024-05-28,1014,高橋,CALP,clean,,147740,147740,147740,税抜,excl,,2,0,111240,0,111240,0,3500,114740,1000,114740,0,114740,0,3000,9600,5400,15000,0,10000,0,0,0,0,14,5000,147740,floor10,0,2,1000,0,5000,147740,0,,
2405-054,2024-05-30,9999,佐藤,ACM,clean,,22500,22500,24750,税込,incl,,2,6400,2640,0,2640,1500,2000,12540,1000,12540,0,12540,0,10000,0,0,0,0,0,0,0,0,0,0,0,22540,floor100,-40,2,1000,0,0,22540,-40,,
2405-055,2024-05-31,9999,鈴木,ACM,clean,,24700,24700,27170,税込,incl,,2,6400,4840,0,4840,1500,2000,14740,1000,14740,0,14740,0,10000,0,0,0,0,0,0,0,0,0,0,0,24740,floor100,-40,2,1000,0,0,24740,-40,,
2405-056,2024-05-31,1023,田中,IJ,clean,,50000,50000,50000,税抜,excl,removal,1,0,12000,0,12000,3000,2000,17000,880,14960,0,14960,0,0,6840,5160,12000,0,0,0,15000,0,0,38,9000,50960,floor1000,-960,1,880,0,9000,50960,-960,,M3:1023様!17 | M3:1023様!18(adj)
2405-057,2024-05-31,1042,佐藤,ACM,clean,,51900,51900,51900,税抜,excl,,1,24000,11000,0,11000,7200,2000,44200,950,41990,0,41990,0,10000,0,0,0,0,0,0,0,0,0,0,0,51990,floor100,-90,1,950,0,0,51990,-90,,
2406-001,2024-06-03,1045,高橋,IJ,clean,,34000,34000,34000,税抜,excl,,2,0,2400,0,2400,0,2000,4400,1000,4400,1600,6000,0,8000,1200,13800,15000,0,0,0,0,0,0,13,5000,34000,floor10,0,2,1000,0,5000,34000,0,,
2406-002,2024-06-03,1023,田中,IJ,clean,,9000,9000,9000,税抜,excl,no_grommet,2,0,900,0,900,0,2000,2900,880,2552,3448,6000,0,3000,0,0,0,0,0,0,0,0,0,0,0,9000,floor100,0,2,880,0,0,9000,0,,M3:1023様!19
2406-003,2024-06-03,9999,高橋,CALP,clean,,44400,44400,44400,税抜,excl,,2,0,37900,0,37900,0,3500,41400,1000,41400,0,41400,0,3000,0,0,0,0,0,0,0,0,0,0,0,44400,floor10,0,2,1000,0,0,44400,0,,
2406-004,2024-06-03,1023,田中,ACM,clean,,42000,42000,42000,税抜,excl,,2,6400,7480,0,7480,1500,2000,17380,880,15294,0,15294,0,0,11950,3050,15000,0,0,0,0,0,0,42,12000,42294,floor1000,-294,2,880,0,12000,42294,-294,,M3:1023様!20
2406-005,2024-06-05,9999,鈴木,IJ,clean,,21000,21000,21000,税抜,excl,,2,0,2400,0,2400,960,2000,5360,1000,5360,640,6000,0,0,600,14400,15000,0,0,0,0,0,0,8,0,21000,floor100,0,2,1000,0,0,21000,0,,
2406-006,2024-06-06,1058,佐藤,ACM,clean,,272900,272900,272900,税抜,excl,,2,120000,255200,51040,204160,15000,2000,341160,800,272928,0,272928,0,0,0,0,0,0,0,0,0,0,0,0,0,272928,floor100,-28,2,800,0,0,272928,-28,,
2406-007,2024-06-06,9999,佐藤,ACM,clean,,283300,283300,311630,税込,incl,,2,64000,149600,29920,119680,15000,2000,200680,1000,200680,0,200680,0,10000,62700,0,62700,0,10000,0,0,0,0,1,0,283380,floor100,-80,2,1000,0,0,283380,-80,,
2406-008,2024-06-06,9999,鈴木,IJ,clean,,16800,16800,18480,税込,incl,,2,0,6800,0,6800,0,2000,8800,1000,8800,0,8800,0,8000,0,0,0,0,0,0,0,0,0,0,0,16800,floor100,0,2,1000,0,0,16800,0,,
2406-009,2024-06-06,1012,佐藤,IJ,clean,,43400,43400,43400,税抜,excl,,2,0,42900,0,42900,9360,2000,54260,800,43408,0,43408,0,0,0,0,0,0,0,0,0,0,0,0,0,43408,floor100,-8,2,800,0,0,43408,-8,,M3:1012!6
2406-010,2024-06-06,1054,佐藤,IJ,clean,,30900,30900,30900,税抜,excl,,2,0,28900,0,28900,0,2000,30900,1000,30900,0,30900,0,0,0,0,0,0,0,0,0,0,0,0,0,30900,floor100,0,2,1000,0,0,30900,0,,
2406-011,2024-06-07,1092,田中,IJ,clean,,14000,14000,14000,税抜,excl,,2,0,1700,0,1700,0,2000,3700,950,3515,2485,6000,0,8000,0,0,0,0,0,0,0,0,0,0,0,14000,floor100,0,2,950,0,0,14000,0,,
2406-012,2024-06-07,1023,田中,IJ,clean,,42000,42000,42000,税抜,excl,removal,2,0,4760,0,4760,0,2000,6760,880,5948,52,6000,0,3000,3400,11600,15000,0,0,0,18000,0,0,6,0,42000,floor1000,0,2,880,0,0,42000,0,,M3:1023様!21
2406-013,2024-06-08,1045,田中,ACM,clean,,87000,87000,87000,税抜,excl,repeat,2,48000,24640,0,24640,15000,0,87640,1000,87640,0,87640,0,0,0,0,0,0,0,0,0,0,0,0,0,87640,floor1000,-640,2,1000,0,0,87640,-640,,
2406-014,2024-06-08,1023,田中,CALP,clean,,80000,80000,80000,税抜,excl,,2,0,16080,0,16080,0,3500,19580,880,17230,0,17230,0,3000,6400,8600,15000,0,33000,0,0,0,0,33,12000,80230,floor1000,-230,2,880,0,12000,80230,-230,,M3:1023様!22
2406-015,2024-06-10,1060,佐藤,IJ,clean,,30400,30400,30400,税抜,excl,repeat,2,0,32000,0,32000,0,0,32000,950,30400,0,30400,0,0,0,0,0,0,0,0,0,0,0,0,0,30400,floor100,0,2,950,0,0,30400,0,,
2406-016,2024-06-10,1033,田中,IJ,clean,,26000,26000,26000,税抜,excl,,2,0,3360,0,3360,600,2000,5960,1000,5960,40,6000,0,0,1600,13400,15000,0,0,0,0,0,0,18,5000,26000,floor100,0,2,1000,0,5000,26000,0,,
2406-017,2024-06-10,1041,佐藤,SODE,clean,,347600,347600,347600,税抜,excl,,2,199000,0,0,0,62800,0,261800,900,235620,0,235620,0,0,45000,0,45000,0,33000,22000,0,0,0,33,12000,347620,floor100,-20,2,900,0,12000,347620,-20,,M3:1041!9
2406-018,2024-06-11,9999,鈴木,CALP,clean,,71000,71000,78100,税込,incl,,2,0,34500,0,34500,0,3500,38000,1000,38000,0,38000,0,3000,8000,7000,15000,0,10000,0,0,0,0,18,5000,71000,floor100,0,2,1000,0,5000,71000,0,,
2406-019,2024-06-11,1077,高橋,CALP,clean,,44830,44830,44830,税抜,excl,,2,0,14220,0,14220,0,3500,17720,950,16834,0,16834,0,3000,4800,10200,15000,0,10000,0,0,0,0,14,0,44834,floor10,-4,2,950,0,0,44834,-4,,M3:1077様!11
2406-020,2024-06-11,1050,鈴木,ACM,clean,,13100,13100,13100,税抜,excl,,2,6400,3200,0,3200,1500,2000,13100,1000,13100,0,13100,0,0,0,0,0,0,0,0,0,0,0,0,0,13100,floor100,0,2,1000,0,0,13100,0,,
2406-021,2024-06-11,1053,高橋,CALP,clean,,34840,34840,34840,税抜,excl,,2,0,33180,0,33180,0,3500,36680,950,34846,0,34846,0,0,0,0,0,0,0,0,0,0,0,0,0,34846,floor10,-6,2,950,0,0,34846,-6,,
2406-022,2024-06-12,1077,高橋,ACM,clean,,24370,24370,24370,税抜,excl,,2,6400,6600,0,6600,7500,2000,22500,950,21375,0,21375,0,3000,0,0,0,0,0,0,0,0,0,0,0,24375,floor10,-5,2,950,0,0,24375,-5,,M3:1077様!12
2406-023,2024-06-13,1053,高橋,ACM,stale_table,priced with table v1 instead of v2; diff=-740,33930,33190,33190,税抜,excl,rush,2,12800,9680,0,9680,3000,2000,27480,950,26106,0,26106,7831,0,0,0,0,0,0,0,0,0,0,0,0,33937,floor10,-7,1,950,7660,0,33196,-6,,
2406-024,2024-06-13,1022,佐藤,IJ,rounding_inconsistent,rounded 'none' instead of 'floor100' (pre-round 11398); diff=98,11300,11398,11398,税抜,excl,,2,0,5400,0,5400,1440,2000,8840,950,8398,0,8398,0,3000,0,0,0,0,0,0,0,0,0,0,0,11398,floor100,-98,2,950,0,0,11398,0,,M3:１０２２!8
2406-025,2024-06-13,1060,佐藤,ACM,stale_table,priced with table v1 instead of v2; diff=-300,22400,22100,22100,税抜,excl,,2,6400,10560,0,10560,1500,2000,20460,950,19437,0,19437,0,3000,0,0,0,0,0,0,0,0,0,0,0,22437,floor100,-37,1,950,0,0,22152,-52,,
2406-026,2024-06-13,1068,高橋,IJ,clean,,6000,6000,6000,税抜,excl,,2,0,2800,0,2800,0,2000,4800,1000,4800,1200,6000,0,0,0,0,0,0,0,0,0,0,0,0,0,6000,floor10,0,2,1000,0,0,6000,0,,
2406-027,2024-06-13,1042,高橋,IJ,clean,,46830,46830,46830,税抜,excl,,2,0,23100,0,23100,5040,2000,30140,950,28633,0,28633,0,3000,15200,0,15200,0,0,0,0,0,0,10,0,46833,floor10,-3,2,950,0,0,46833,-3,,
2406-028,2024-06-14,9999,鈴木,CALP,rounding_inconsistent,rounded 'halfup1000' instead of 'floor100' (pre-round 59500); diff=500,59500,60000,66000,税込,incl,,2,0,23000,0,23000,0,3500,26500,1000,26500,0,26500,0,3000,8000,7000,15000,0,10000,0,0,0,0,24,5000,59500,floor100,0,2,1000,0,5000,59500,500,,
2406-029,2024-06-14,9999,佐藤,IJ,clean,,39200,39200,43120,税込,incl,,2,0,12240,0,12240,0,2000,14240,1000,14240,0,14240,0,0,7200,7800,15000,0,10000,0,0,0,0,5,0,39240,floor100,-40,2,1000,0,0,39240,-40,,
2406-030,2024-06-17,1054,佐藤,SODE,clean,,356200,356200,356200,税抜,excl,,2,264000,0,0,0,77200,0,341200,1000,341200,0,341200,0,15000,0,0,0,0,0,0,0,0,0,0,0,356200,floor100,0,2,1000,0,0,356200,0,,
2406-031,2024-06-17,1045,高橋,IJ,clean,,57000,57000,57000,税抜,excl,removal,2,0,1200,0,1200,480,2000,3680,1000,3680,2320,6000,0,8000,800,14200,15000,0,10000,0,18000,0,0,8,0,57000,floor10,0,2,1000,0,0,57000,0,,
2406-032,2024-06-17,1078,佐藤,ACM,clean,,47000,47000,47000,税抜,excl,,2,6400,2640,0,2640,3000,2000,14040,1000,14040,0,14040,0,3000,7750,7250,15000,0,10000,0,0,0,0,18,5000,47040,floor100,-40,2,1000,0,5000,47040,-40,,
2406-033,2024-06-18,9999,鈴木,SODE,clean,,324800,324800,357280,税込,incl,removal;disposal,2,132000,0,0,0,54800,0,186800,1000,186800,0,186800,0,15000,45000,0,45000,0,33000,22000,18000,5000,0,1,0,324800,floor100,0,2,1000,0,0,324800,0,,
2406-034,2024-06-18,1063,鈴木,IJ,clean,,214800,214800,214800,税抜,excl,,2,0,333200,66640,266560,0,2000,268560,800,214848,0,214848,0,0,0,0,0,0,0,0,0,0,0,0,0,214848,floor100,-48,2,800,0,0,214848,-48,,
2406-035,2024-06-18,1006,佐藤,IJ,clean,,31400,31400,31400,税抜,excl,repeat,2,0,16440,0,16440,0,0,16440,1000,16440,0,16440,0,0,6000,9000,15000,0,0,0,0,0,0,5,0,31440,floor100,-40,2,1000,0,0,31440,-40,,
2406-036,2024-06-19,1020,高橋,CALP,clean,,55340,55340,55340,税抜,excl,survey,2,0,16860,0,16860,0,3500,20360,950,19342,0,19342,0,0,4800,10200,15000,0,10000,0,0,0,6000,22,5000,55342,floor10,-2,2,950,0,5000,55342,-2,,
2406-037,2024-06-19,1092,田中,CALP,clean,,118000,118000,118000,税抜,excl,,2,0,89570,0,89570,0,3500,93070,950,88416,0,88416,0,0,10400,4600,15000,0,10000,0,0,0,0,19,5000,118416,floor1000,-416,2,950,0,5000,118416,-416,,
2406-038,2024-06-19,9999,佐藤,IJ,clean,,18200,18200,18200,税抜,excl,,2,0,13200,0,13200,0,2000,15200,1000,15200,0,15200,0,3000,0,0,0,0,0,0,0,0,0,0,0,18200,floor100,0,2,1000,0,0,18200,0,,
2406-039,2024-06-20,1064,佐藤,SODE,clean,,367000,367000,367000,税抜,excl,,2,264000,0,0,0,0,0,264000,1000,264000,0,264000,0,3000,90000,0,90000,0,10000,0,0,0,0,1,0,367000,floor100,0,2,1000,0,0,367000,0,,
2406-040,2024-06-20,9999,高橋,ACM,clean,,176990,176990,176990,税抜,excl,,2,44800,40040,0,40040,10500,2000,97340,1000,97340,0,97340,0,10000,37150,0,37150,0,10000,0,0,0,0,84,22500,176990,floor10,0,2,1000,0,22500,176990,0,,
2406-041,2024-06-20,9999,佐藤,ACM,clean,,73300,73300,73300,税抜,excl,,2,6400,5440,0,5440,1500,2000,15340,1000,15340,0,15340,0,10000,11950,3050,15000,0,33000,0,0,0,0,6,0,73340,floor100,-40,2,1000,0,0,73340,-40,,
2406-042,2024-06-20,9999,鈴木,ACM,clean,,69300,69300,69300,税抜,excl,,2,12800,22000,0,22000,7500,2000,44300,1000,44300,0,44300,0,0,13350,1650,15000,0,10000,0,0,0,0,5,0,69300,floor100,0,2,1000,0,0,69300,0,,
2406-043,2024-06-20,1008,鈴木,IJ,clean,,14000,14000,14000,税抜,excl,,2,0,3060,0,3060,0,2000,5060,1000,5060,940,6000,0,8000,0,0,0,0,0,0,0,0,0,0,0,14000,floor100,0,2,1000,0,0,14000,0,,
2406-044,2024-06-21,1068,高橋,CALP,clean,,46100,46100,46100,税抜,excl,,2,0,39600,0,39600,0,3500,43100,1000,43100,0,43100,0,3000,0,0,0,0,0,0,0,0,0,0,0,46100,floor10,0,2,1000,0,0,46100,0,,
2406-045,2024-06-21,1060,田中,IJ,clean,,6000,6000,6000,税抜,excl,repeat,2,0,3000,0,3000,960,0,3960,950,3762,2238,6000,0,0,0,0,0,0,0,0,0,0,0,0,0,6000,floor100,0,2,950,0,0,6000,0,,
2406-046,2024-06-21,1010,佐藤,ACM,clean,,40600,40600,40600,税抜,excl,,2,6400,1320,0,1320,1500,2000,11220,950,10659,0,10659,0,0,6700,8300,15000,0,10000,0,0,0,0,22,5000,40659,floor100,-59,2,950,0,5000,40659,-59,,
2406-047,2024-06-21,1041,佐藤,CALP,clean,,25900,25900,25900,税抜,excl,,2,0,25320,0,25320,0,3500,28820,900,25938,0,25938,0,0,0,0,0,0,0,0,0,0,0,0,0,25938,floor100,-38,2,900,0,0,25938,-38,,M3:1041!10
2406-048,2024-06-21,1067,佐藤,ACM,clean,,52100,52100,52100,税抜,excl,corner_r,2,6400,4840,0,4840,1900,2000,15140,1000,15140,0,15140,0,0,9850,5150,15000,0,10000,0,0,0,0,42,12000,52140,floor100,-40,2,1000,0,12000,52140,-40,,
2406-049,2024-06-21,1074,高橋,ACM,clean,,14660,14660,14660,税抜,excl,,2,6400,1760,0,1760,1500,2000,11660,1000,11660,0,11660,0,3000,0,0,0,0,0,0,0,0,0,0,0,14660,floor10,0,2,1000,0,0,14660,0,,M3:１０７４!7
2406-050,2024-06-24,1041,佐藤,ACM,clean,,71100,71100,71100,税抜,excl,corner_r,2,6400,4840,0,4840,1900,2000,15140,900,13626,0,13626,0,10000,9850,5150,15000,0,10000,0,0,0,0,84,22500,71126,floor100,-26,2,900,0,22500,71126,-26,,M3:1041!11
2406-051,2024-06-24,1006,佐藤,ACM,clean,,81000,81000,81000,税抜,excl,corner_r;holes,2,6400,5280,0,5280,4400,2000,18080,1000,18080,0,18080,0,10000,9850,5150,15000,0,33000,0,0,0,0,22,5000,81080,floor100,-80,2,1000,0,5000,81080,-80,,
2406-052,2024-06-24,1063,鈴木,ACM,clean,,39000,39000,39000,税抜,excl,holes,2,24000,14960,0,14960,7800,2000,48760,800,39008,0,39008,0,0,0,0,0,0,0,0,0,0,0,0,0,39008,floor100,-8,2,800,0,0,39008,-8,,
2406-053,2024-06-25,1074,高橋,IJ,clean,,40700,40700,40700,税抜,excl,,2,0,31500,0,31500,7200,2000,40700,1000,40700,0,40700,0,0,0,0,0,0,0,0,0,0,0,0,0,40700,floor10,0,2,1000,0,0,40700,0,,M3:１０７４!8
2406-054,2024-06-25,1074,鈴木,IJ,clean,,32200,32200,32200,税抜,excl,,2,0,30240,0,30240,0,2000,32240,1000,32240,0,32240,0,0,0,0,0,0,0,0,0,0,0,0,0,32240,floor100,-40,2,1000,0,0,32240,-40,,M3:１０７４!9
2406-055,2024-06-26,1082,佐藤,ACM,clean,,57200,57200,57200,税抜,excl,survey,2,12000,12760,0,12760,1500,2000,28260,1000,28260,0,28260,0,3000,0,0,0,0,0,0,0,0,6000,55,20000,57260,floor100,-60,2,1000,0,20000,57260,-60,,
2406-056,2024-06-26,1077,鈴木,ACM,clean,,16500,16500,16500,税抜,excl,,2,6400,7480,0,7480,1500,2000,17380,950,16511,0,16511,0,0,0,0,0,0,0,0,0,0,0,0,0,16511,floor100,-11,2,950,0,0,16511,-11,,M3:1077様!13
2406-057,2024-06-26,1029,佐藤,ACM,clean,,31200,31200,31200,税抜,excl,,2,12000,12760,0,12760,1500,2000,28260,1000,28260,0,28260,0,3000,0,0,0,0,0,0,0,0,0,0,0,31260,floor100,-60,2,1000,0,0,31260,-60,,
2406-058,2024-06-26,1050,鈴木,IJ,clean,,6000,6000,6000,税抜,excl,repeat,2,0,1120,0,1120,0,0,1120,1000,1120,4880,6000,0,0,0,0,0,0,0,0,0,0,0,0,0,6000,floor100,0,2,1000,0,0,6000,0,,
2406-059,2024-06-26,1089,佐藤,ACM,clean,,90400,90400,90400,税抜,excl,corner_r,2,24000,18480,0,18480,7900,2000,52380,950,49761,0,49761,0,10000,20700,0,20700,0,10000,0,0,0,0,1,0,90461,floor100,-61,2,950,0,0,90461,-61,,
2406-060,2024-06-26,1075,田中,CALP,clean,,52000,52000,52000,税抜,excl,,2,0,19250,0,19250,0,3500,22750,1000,22750,0,22750,0,0,8800,6200,15000,0,10000,0,0,0,0,14,5000,52750,floor1000,-750,2,1000,0,5000,52750,-750,,
2406-061,2024-06-27,1077,高橋,ACM,clean,,37190,37190,37190,税抜,excl,holes,2,6400,2640,0,2640,1800,2000,12840,950,12198,0,12198,0,0,6700,8300,15000,0,10000,0,0,0,0,11,0,37198,floor10,-8,2,950,0,0,37198,-8,,M3:1077様!14
2406-062,2024-06-27,9999,高橋,SODE,clean,,543000,543000,597300,税込,incl,,2,326000,0,0,0,90000,0,416000,1000,416000,0,416000,0,15000,45000,0,45000,0,33000,22000,0,0,0,26,12000,543000,floor10,0,2,1000,0,12000,543000,0,,
2406-063,2024-06-27,9999,佐藤,IJ,clean,,9200,9200,10120,税込,incl,,2,0,7200,0,7200,0,2000,9200,1000,9200,0,9200,0,0,0,0,0,0,0,0,0,0,0,0,0,9200,floor100,0,2,1000,0,0,9200,0,,
2406-064,2024-06-27,1045,高橋,ACM,clean,,85820,85820,85820,税抜,excl,,2,12000,12320,0,12320,1500,2000,27820,1000,27820,0,27820,0,10000,10900,4100,15000,0,33000,0,0,0,0,5,0,85820,floor10,0,2,1000,0,0,85820,0,,
2406-065,2024-06-28,1045,高橋,ACM,clean,,57680,57680,57680,税抜,excl,,2,25600,14080,0,14080,6000,2000,47680,1000,47680,0,47680,0,10000,0,0,0,0,0,0,0,0,0,0,0,57680,floor10,0,2,1000,0,0,57680,0,,
2406-066,2024-06-28,1042,佐藤,ACM,clean,,76300,76300,76300,税抜,excl,,2,12800,10560,0,10560,4500,2000,29860,950,28367,0,28367,0,3000,10200,4800,15000,0,10000,0,0,0,0,66,20000,76367,floor100,-67,2,950,0,20000,76367,-67,,
2406-067,2024-06-28,1037,佐藤,ACM,clean,,234000,234000,234000,税抜,excl,,2,72000,63360,6336,57024,27000,2000,158024,1000,158024,0,158024,0,0,56050,0,56050,0,0,0,0,0,0,66,20000,234074,floor100,-74,2,1000,0,20000,234074,-74,,
2406-068,2024-06-28,1072,佐藤,IJ,clean,,26400,26400,26400,税抜,excl,,2,0,16440,0,16440,0,2000,18440,1000,18440,0,18440,0,8000,0,0,0,0,0,0,0,0,0,0,0,26440,floor100,-40,2,1000,0,0,26440,-40,,
2407-001,2024-07-01,9999,田中,CALP,clean,,58000,58000,63800,税込,incl,night,2,0,14200,0,14200,0,3500,17700,1000,17700,0,17700,0,3000,4000,11000,15000,7500,10000,0,0,0,0,22,5000,58200,floor1000,-200,2,1000,0,5000,58200,-200,,
2407-002,2024-07-01,1074,高橋,IJ,clean,,35000,35000,35000,税抜,excl,survey,2,0,3780,0,3780,0,2000,5780,1000,5780,220,6000,0,3000,1800,13200,15000,0,0,0,0,0,6000,14,5000,35000,floor100,0,2,1000,0,5000,35000,0,,M3:１０７４!10
2407-003,2024-07-01,9999,田中,IJ,clean,,152000,152000,167200,税込,incl,,2,0,164400,16440,147960,0,2000,149960,1000,149960,0,149960,0,3000,0,0,0,0,0,0,0,0,0,0,0,152960,floor1000,-960,2,1000,0,0,152960,-960,,
2407-004,2024-07-01,1022,佐藤,IJ,clean,,19000,19000,19000,税抜,excl,,2,0,9600,0,9600,0,2000,11600,950,11020,0,11020,0,8000,0,0,0,0,0,0,0,0,0,0,0,19020,floor100,-20,2,950,0,0,19020,-20,,M3:１０２２!9
2407-005,2024-07-01,9999,佐藤,IJ,clean,,14000,14000,14000,税抜,excl,,2,0,1700,0,1700,0,2000,3700,1000,3700,2300,6000,0,8000,0,0,0,0,0,0,0,0,0,0,0,14000,floor100,0,2,1000,0,0,14000,0,,
2407-006,2024-07-02,9999,田中,ACM,clean,,139000,139000,152900,税込,incl,,2,64000,61600,6160,55440,15000,2000,136440,1000,136440,0,136440,0,3000,0,0,0,0,0,0,0,0,0,0,0,139440,floor1000,-440,2,1000,0,0,139440,-440,,
2407-007,2024-07-02,1038,田中,ACM,clean,,201000,201000,201000,税抜,excl,,2,120000,46200,4620,41580,37500,2000,201080,1000,201080,0,201080,0,0,0,0,0,0,0,0,0,0,0,0,0,201080,floor1000,-80,2,1000,0,0,201080,-80,,
2407-008,2024-07-02,1053,高橋,ACM,multiplier_copy,multiplier 850 per mille used instead of 950; diff=-5100,48900,43800,43800,税抜,excl,,2,24000,18040,0,18040,7500,2000,51540,950,48963,0,48963,0,0,0,0,0,0,0,0,0,0,0,0,0,48963,floor100,-63,2,850,0,0,43809,-9,,
2407-009,2024-07-02,1041,佐藤,CALP,clean,,55300,55300,55300,税抜,excl,removal,2,0,6900,0,6900,0,3500,10400,900,9360,0,9360,0,3000,2400,12600,15000,0,10000,0,18000,0,0,6,0,55360,floor100,-60,2,900,0,0,55360,-60,,M3:1041!12
2407-010,2024-07-02,1074,高橋,ACM,clean,,60000,60000,60000,税抜,excl,removal;disposal;corner_r,2,12000,6160,0,6160,1900,2000,22060,1000,22060,0,22060,0,0,8450,6550,15000,0,0,0,18000,5000,0,5,0,60060,floor100,-60,2,1000,0,0,60060,-60,,M3:１０７４!11
2407-011,2024-07-02,1065,高橋,ACM,clean,,12100,12100,12100,税抜,excl,holes,2,6400,2640,0,2640,1800,2000,12840,950,12198,0,12198,0,0,0,0,0,0,0,0,0,0,0,0,0,12198,floor100,-98,2,950,0,0,12198,-98,,
2407-012,2024-07-03,9999,高橋,ACM,clean,,59100,59100,59100,税抜,excl,,2,32000,17600,0,17600,7500,2000,59100,1000,59100,0,59100,0,0,0,0,0,0,0,0,0,0,0,0,0,59100,floor100,0,2,1000,0,0,59100,0,,
2407-013,2024-07-03,1004,佐藤,ACM,clean,,76300,76300,76300,税抜,excl,rush,2,6400,6600,0,6600,4500,2000,19500,1000,19500,0,19500,5850,3000,10550,4450,15000,0,33000,0,0,0,0,1,0,76350,floor100,-50,2,1000,5850,0,76350,-50,,
2407-014,2024-07-03,9999,鈴木,CALP,clean,,155000,155000,155000,税抜,excl,,2,0,92500,0,92500,0,3500,96000,1000,96000,0,96000,0,6000,8000,7000,15000,0,33000,0,0,0,0,24,5000,155000,floor100,0,2,1000,0,5000,155000,0,,
2407-015,2024-07-03,1009,佐藤,ACM,clean,,59300,59300,59300,税抜,excl,survey,2,6400,960,0,960,1500,2000,10860,1000,10860,0,10860,0,0,7050,7950,15000,0,0,0,0,0,6000,108,27500,59360,floor100,-60,2,1000,0,27500,59360,-60,,
2407-016,2024-07-04,1045,佐藤,ACM,clean,,36600,36600,36600,税抜,excl,,2,6400,1760,0,1760,1500,2000,11660,1000,11660,0,11660,0,0,7400,7600,15000,0,10000,0,0,0,0,10,0,36660,floor100,-60,2,1000,0,0,36660,-60,,
2407-017,2024-07-04,1008,鈴木,ACM,clean,,80600,80600,80600,税抜,excl,removal;corner_r,2,6400,1320,0,1320,1900,2000,11620,1000,11620,0,11620,0,3000,7050,7950,15000,0,33000,0,18000,0,0,6,0,80620,floor100,-20,2,1000,0,0,80620,-20,,
2407-018,2024-07-04,1048,田中,ACM,clean,,59000,59000,59000,税抜,excl,,2,6400,2640,0,2640,3000,2000,14040,1000,14040,0,14040,0,0,8100,6900,15000,0,10000,0,0,0,0,80,20000,59040,floor1000,-40,2,1000,0,20000,59040,-40,,
2407-019,2024-07-04,1026,高橋,ACM,clean,,54600,54600,54600,税抜,excl,holes,2,6400,2640,0,2640,3600,2000,14640,1000,14640,0,14640,0,10000,7050,7950,15000,0,10000,0,0,0,0,22,5000,54640,floor100,-40,2,1000,0,5000,54640,-40,,
2407-020,2024-07-04,1022,佐藤,IJ,clean,,11400,11400,11400,税抜,excl,,2,0,10000,0,10000,0,2000,12000,950,11400,0,11400,0,0,0,0,0,0,0,0,0,0,0,0,0,11400,floor100,0,2,950,0,0,11400,0,,M3:１０２２!10
2407-021,2024-07-05,9999,鈴木,IJ,clean,,37700,37700,37700,税抜,excl,,2,0,35700,0,35700,0,2000,37700,1000,37700,0,37700,0,0,0,0,0,0,0,0,0,0,0,0,0,37700,floor100,0,2,1000,0,0,37700,0,,
2407-022,2024-07-08,1067,佐藤,CALP,clean,,21200,21200,21200,税抜,excl,,2,0,11700,0,11700,0,3500,15200,1000,15200,0,15200,0,6000,0,0,0,0,0,0,0,0,0,0,0,21200,floor100,0,2,1000,0,0,21200,0,,
2407-023,2024-07-08,1053,高橋,ACM,clean,,46300,46300,46300,税抜,excl,,2,6400,7920,0,7920,3000,2000,19320,950,18354,0,18354,0,3000,11950,3050,15000,0,10000,0,0,0,0,1,0,46354,floor100,-54,2,950,0,0,46354,-54,,
2407-024,2024-07-08,1007,高橋,SODE,clean,,292400,292400,292400,税抜,excl,survey,2,132000,0,0,0,51600,0,183600,950,174420,0,174420,0,0,45000,0,45000,0,33000,22000,0,0,6000,26,12000,292420,floor100,-20,2,950,0,12000,292420,-20,,
2407-025,2024-07-08,9999,鈴木,CALP,clean,,25000,25000,25000,税抜,excl,,2,0,15550,0,15550,0,3500,19050,1000,19050,0,19050,0,6000,0,0,0,0,0,0,0,0,0,0,0,25050,floor100,-50,2,1000,0,0,25050,-50,,
2407-026,2024-07-08,1009,佐藤,SODE,clean,,230000,230000,230000,税抜,excl,,2,95000,0,0,0,50000,0,145000,1000,145000,0,145000,0,3000,45000,0,45000,0,10000,22000,0,0,0,11,5000,230000,floor100,0,2,1000,0,5000,230000,0,,
2407-027,2024-07-08,1074,高橋,ACM,clean,,75600,75600,75600,税抜,excl,corner_r,2,24000,9920,0,9920,7900,2000,43820,1000,43820,0,43820,0,0,16850,0,16850,0,10000,0,0,0,0,13,5000,75670,floor100,-70,2,1000,0,5000,75670,-70,,M3:１０７４!12
2407-028,2024-07-08,1009,佐藤,CALP,clean,,42500,42500,42500,税抜,excl,,2,0,14000,0,14000,0,3500,17500,1000,17500,0,17500,0,0,6400,8600,15000,0,10000,0,0,0,0,6,0,42500,floor100,0,2,1000,0,0,42500,0,,
2407-029,2024-07-09,1080,高橋,SODE,clean,,505800,505800,505800,税抜,excl,,2,264000,0,0,0,103200,0,367200,950,348840,0,348840,0,0,90000,0,90000,0,33000,22000,0,0,0,35,12000,505840,floor100,-40,2,950,0,12000,505840,-40,,
2407-030,2024-07-10,1092,田中,IJ,clean,,6000,6000,6000,税抜,excl,,2,0,2100,0,2100,480,2000,4580,950,4351,1649,6000,0,0,0,0,0,0,0,0,0,0,0,0,0,6000,floor100,0,2,950,0,0,6000,0,,
2407-031,2024-07-10,9999,佐藤,IJ,clean,,65200,65200,65200,税抜,excl,,2,0,61650,6165,55485,4800,2000,62285,1000,62285,0,62285,0,3000,0,0,0,0,0,0,0,0,0,0,0,65285,floor100,-85,2,1000,0,0,65285,-85,,
2407-032,2024-07-10,1042,佐藤,SODE,clean,,370800,370800,370800,税抜,excl,,2,264000,0,0,0,0,0,264000,950,250800,0,250800,0,0,45000,0,45000,0,55000,0,0,0,0,80,20000,370800,floor100,0,2,950,0,20000,370800,0,,
2407-033,2024-07-10,9999,高橋,IJ,clean,,23600,23600,25960,税込,incl,,2,0,13600,0,13600,0,2000,15600,1000,15600,0,15600,0,8000,0,0,0,0,0,0,0,0,0,0,0,23600,floor100,0,2,1000,0,0,23600,0,,
2407-034,2024-07-10,1032,高橋,CALP,clean,,117100,117100,117100,税抜,excl,removal;disposal,2,0,39600,0,39600,0,3500,43100,1000,43100,0,43100,0,3000,6400,8600,15000,0,33000,0,18000,5000,0,1,0,117100,floor100,0,2,1000,0,0,117100,0,,
2407-035,2024-07-10,1042,佐藤,CALP,clean,,45600,45600,45600,税抜,excl,,2,0,44550,0,44550,0,3500,48050,950,45647,0,45647,0,0,0,0,0,0,0,0,0,0,0,0,0,45647,floor100,-47,2,950,0,0,45647,-47,,
2407-036,2024-07-11,9999,高橋,IJ,clean,,20000,20000,20000,税抜,excl,,2,0,10000,0,10000,0,2000,12000,1000,12000,0,12000,0,8000,0,0,0,0,0,0,0,0,0,0,0,20000,floor100,0,2,1000,0,0,20000,0,,
2407-037,2024-07-12,1009,佐藤,CALP,clean,,110500,110500,110500,税抜,excl,,2,0,48000,0,48000,0,3500,51500,1000,51500,0,51500,0,6000,6400,8600,15000,0,33000,0,0,0,0,11,5000,110500,floor100,0,2,1000,0,5000,110500,0,,
2407-038,2024-07-12,1053,高橋,CALP,clean,,100500,100500,100500,税抜,excl,,2,0,96000,0,96000,0,3500,99500,950,94525,0,94525,0,6000,0,0,0,0,0,0,0,0,0,0,0,100525,floor100,-25,2,950,0,0,100525,-25,,
2407-039,2024-07-12,9999,高橋,IJ,clean,,39500,39500,39500,税抜,excl,night,2,0,12000,0,12000,0,2000,14000,1000,14000,0,14000,0,3000,4400,10600,15000,7500,0,0,0,0,0,10,0,39500,floor100,0,2,1000,0,0,39500,0,,
2407-040,2024-07-12,1075,田中,CALP,clean,,79000,79000,79000,税抜,excl,,2,0,33000,0,33000,0,3500,36500,1000,36500,0,36500,0,6000,8000,7000,15000,0,10000,0,0,0,0,35,12000,79500,floor1000,-500,2,1000,0,12000,79500,-500,,
2407-041,2024-07-16,1079,佐藤,IJ,clean,,41000,41000,41000,税抜,excl,,2,0,2400,0,2400,0,2000,4400,950,4180,1820,6000,0,8000,1200,13800,15000,0,0,0,0,0,0,42,12000,41000,floor100,0,2,950,0,12000,41000,0,,
2407-042,2024-07-16,1077,高橋,IJ,clean,,9000,9000,9000,税抜,excl,,2,0,7560,0,7560,0,2000,9560,950,9082,0,9082,0,0,0,0,0,0,0,0,0,0,0,0,0,9082,floor100,-82,2,950,0,0,9082,-82,,M3:1077様!15
2407-043,2024-07-17,9999,佐藤,ACM,clean,,147400,147400,147400,税抜,excl,removal;disposal;survey;holes,2,25600,29920,0,29920,7200,2000,64720,1000,64720,0,64720,0,10000,28750,0,28750,0,10000,0,18000,5000,6000,22,5000,147470,floor100,-70,2,1000,0,5000,147470,-70,,
2407-044,2024-07-17,1074,高橋,ACM,clean,,44100,44100,44100,税抜,excl,holes,2,6400,3960,0,3960,1800,2000,14160,1000,14160,0,14160,0,10000,9150,5850,15000,0,0,0,0,0,0,22,5000,44160,floor100,-60,2,1000,0,5000,44160,-60,,M3:１０７４!13
2407-045,2024-07-17,9999,佐藤,IJ,clean,,39500,39500,39500,税抜,excl,,2,0,29591,0,29591,0,2000,31591,1000,31591,0,31591,0,8000,0,0,0,0,0,0,0,0,0,0,0,39591,floor100,-91,2,1000,0,0,39591,-91,,
2407-046,2024-07-18,1048,田中,CALP,clean,,33000,33000,33000,税抜,excl,,2,0,29920,0,29920,0,3500,33420,1000,33420,0,33420,0,0,0,0,0,0,0,0,0,0,0,0,0,33420,floor1000,-420,2,1000,0,0,33420,-420,,
2407-047,2024-07-19,9999,鈴木,ACM,clean,,25200,25200,25200,税抜,excl,,2,6400,3840,0,3840,3000,2000,15240,1000,15240,0,15240,0,10000,0,0,0,0,0,0,0,0,0,0,0,25240,floor100,-40,2,1000,0,0,25240,-40,,
2407-048,2024-07-19,1079,佐藤,SODE,clean,,352100,352100,352100,税抜,excl,repeat,2,199000,0,0,0,61200,0,260200,950,247190,0,247190,0,0,45000,0,45000,0,33000,22000,0,0,0,22,5000,352190,floor100,-90,2,950,0,5000,352190,-90,,
2407-049,2024-07-19,9999,佐藤,IJ,clean,,44000,44000,48400,税込,incl,,2,0,1620,0,1620,0,2000,3620,1000,3620,2380,6000,0,3000,600,14400,15000,0,0,0,0,0,0,66,20000,44000,floor100,0,2,1000,0,20000,44000,0,,
2407-050,2024-07-22,1001,佐藤,IJ,clean,,449600,449600,449600,税抜,excl,,2,0,438400,87680,350720,0,2000,352720,950,335084,0,335084,0,0,109600,0,109600,0,0,0,0,0,0,19,5000,449684,floor100,-84,2,950,0,5000,449684,-84,,
2407-051,2024-07-22,1060,佐藤,SODE,clean,,272000,272000,272000,税抜,excl,,2,199000,0,0,0,0,0,199000,950,189050,0,189050,0,0,45000,0,45000,0,33000,0,0,0,0,13,5000,272050,floor100,-50,2,950,0,5000,272050,-50,,
2407-052,2024-07-22,1067,佐藤,ACM,clean,,47100,47100,47100,税抜,excl,,2,12800,19360,0,19360,3000,2000,37160,1000,37160,0,37160,0,10000,0,0,0,0,0,0,0,0,0,0,0,47160,floor100,-60,2,1000,0,0,47160,-60,,
2407-053,2024-07-22,1020,高橋,IJ,clean,,23200,23200,23200,税抜,excl,,2,0,14000,0,14000,0,2000,16000,950,15200,0,15200,0,8000,0,0,0,0,0,0,0,0,0,0,0,23200,floor100,0,2,950,0,0,23200,0,,
2407-054,2024-07-22,1039,田中,IJ,clean,,54000,54000,54000,税抜,excl,survey,2,0,16800,0,16800,0,2000,18800,1000,18800,0,18800,0,3000,7600,7400,15000,0,0,0,0,0,6000,38,12000,54800,floor1000,-800,2,1000,0,12000,54800,-800,,
2407-055,2024-07-22,9999,田中,IJ,clean,,13700,13700,13700,税抜,excl,rush,2,0,5780,0,5780,0,2000,7780,1000,7780,0,7780,3000,3000,0,0,0,0,0,0,0,0,0,0,0,13780,floor100,-80,2,1000,3000,0,13780,-80,,
2407-056,2024-07-23,1079,佐藤,IJ,clean,,31300,31300,31300,税抜,excl,,2,0,6800,0,6800,0,2000,8800,950,8360,0,8360,0,8000,4000,11000,15000,0,0,0,0,0,0,1,0,31360,floor100,-60,2,950,0,0,31360,-60,,
2407-057,2024-07-23,1042,佐藤,IJ,clean,,109000,109000,109000,税抜,excl,,2,0,66000,0,66000,0,2000,68000,950,64600,0,64600,0,0,32400,0,32400,0,0,0,0,0,0,27,12000,109000,floor100,0,2,950,0,12000,109000,0,,
2407-058,2024-07-23,1022,佐藤,SODE,clean,,305800,305800,305800,税抜,excl,,2,264000,0,0,0,0,0,264000,950,250800,0,250800,0,0,45000,0,45000,0,10000,0,0,0,0,1,0,305800,floor100,0,2,950,0,0,305800,0,,M3:１０２２!11
2407-059,2024-07-23,1060,佐藤,CALP,clean,,50500,50500,50500,税抜,excl,,2,0,49680,0,49680,0,3500,53180,950,50521,0,50521,0,0,0,0,0,0,0,0,0,0,0,0,0,50521,floor100,-21,2,950,0,0,50521,-21,,
2407-060,2024-07-23,1048,田中,ACM,clean,,351000,351000,351000,税抜,excl,,2,120000,255200,51040,204160,15000,2000,341160,1000,341160,0,341160,0,10000,0,0,0,0,0,0,0,0,0,0,0,351160,floor1000,-160,2,1000,0,0,351160,-160,,
2407-061,2024-07-23,1047,田中,ACM,clean,,43000,43000,43000,税抜,excl,,2,24000,25520,0,25520,3000,2000,54520,800,43616,0,43616,0,0,0,0,0,0,0,0,0,0,0,0,0,43616,floor1000,-616,2,800,0,0,43616,-616,,
2407-062,2024-07-23,1015,佐藤,IJ,clean,,113500,113500,113500,税抜,excl,,2,0,56100,0,56100,0,2000,58100,1000,58100,0,58100,0,8000,32400,0,32400,0,10000,0,0,0,0,18,5000,113500,floor100,0,2,1000,0,5000,113500,0,,
2407-063,2024-07-25,1038,田中,IJ,digit_typo,"sub: intended 36000, written 35000",36000,36000,35000,税抜,excl,,2,0,2400,0,2400,960,2000,5360,1000,5360,640,6000,0,0,1200,13800,15000,0,10000,0,0,0,0,11,5000,36000,floor1000,0,2,1000,0,5000,36000,0,,
2407-064,2024-07-25,1042,鈴木,SODE,clean,,209400,209400,209400,税抜,excl,survey,2,132000,0,0,0,0,0,132000,950,125400,0,125400,0,3000,45000,0,45000,0,10000,0,0,0,6000,80,20000,209400,floor100,0,2,950,0,20000,209400,0,,
2407-065,2024-07-25,9999,高橋,ACM,clean,,27300,27300,27300,税抜,excl,,2,6400,7480,0,7480,1500,2000,17380,1000,17380,0,17380,0,10000,0,0,0,0,0,0,0,0,0,0,0,27380,floor100,-80,2,1000,0,0,27380,-80,,
2407-066,2024-07-25,1023,田中,ACM,stale_table,priced with table v1 instead of v2; diff=-1000,41000,40000,40000,税抜,excl,,2,25600,14080,0,14080,6000,2000,47680,880,41958,0,41958,0,0,0,0,0,0,0,0,0,0,0,0,0,41958,floor1000,-958,1,880,0,0,40902,-902,,M3:1023様!23 | M3:1023様!24(adj)
2407-067,2024-07-25,1033,田中,CALP,clean,,117000,117000,117000,税抜,excl,removal,2,0,60000,0,60000,0,3500,63500,1000,63500,0,63500,0,6000,8000,7000,15000,0,10000,0,18000,0,0,19,5000,117500,floor1000,-500,2,1000,0,5000,117500,-500,,
2407-068,2024-07-26,1008,鈴木,SODE,clean,,332800,332800,332800,税抜,excl,,2,170000,0,0,0,54800,0,224800,1000,224800,0,224800,0,3000,45000,0,45000,0,33000,22000,0,0,0,18,5000,332800,floor100,0,2,1000,0,5000,332800,0,,
2407-069,2024-07-26,1072,田中,IJ,clean,,63000,63000,63000,税抜,excl,,2,0,51000,0,51000,7200,2000,60200,1000,60200,0,60200,0,3000,0,0,0,0,0,0,0,0,0,0,0,63200,floor1000,-200,2,1000,0,0,63200,-200,,
2407-070,2024-07-26,1022,佐藤,ACM,clean,,206000,206000,206000,税抜,excl,,2,96000,47520,4752,42768,30000,2000,170768,950,162229,0,162229,0,0,43800,0,43800,0,0,0,0,0,0,10,0,206029,floor100,-29,2,950,0,0,206029,-29,,M3:１０２２!12
2407-071,2024-07-26,1008,鈴木,IJ,clean,,36000,36000,36000,税抜,excl,,2,0,880,0,880,0,2000,2880,1000,2880,3120,6000,0,3000,800,14200,15000,0,0,0,0,0,0,35,12000,36000,floor100,0,2,1000,0,12000,36000,0,,
2407-072,2024-07-29,1088,高橋,CALP,clean,,120900,120900,132990,税込,incl,survey,2,0,52920,2058,50862,0,3500,54362,1000,54362,0,54362,0,6000,21600,0,21600,0,33000,0,0,0,6000,5,0,120962,floor100,-62,2,1000,0,0,120962,-62,,
2407-073,2024-07-29,1048,田中,IJ,clean,,23600,23600,23600,税抜,excl,,2,0,13600,0,13600,0,2000,15600,1000,15600,0,15600,0,8000,0,0,0,0,0,0,0,0,0,0,0,23600,floor100,0,2,1000,0,0,23600,0,,
2407-074,2024-07-29,1019,田中,IJ,clean,,16900,16900,16900,税抜,excl,,2,0,19200,0,19200,0,2000,21200,800,16960,0,16960,0,0,0,0,0,0,0,0,0,0,0,0,0,16960,floor100,-60,2,800,0,0,16960,-60,,
2407-075,2024-07-29,1042,佐藤,ACM,rush_unrecorded,rush surcharge 32683 applied without rush wording in remarks,119900,152600,152600,税抜,excl,survey;holes,2,57600,43200,4320,38880,16200,2000,114680,950,108946,0,108946,0,0,0,0,0,0,0,0,0,0,6000,13,5000,119946,floor100,-46,2,950,32683,5000,152629,-29,,
2407-076,2024-07-30,9999,佐藤,SODE,clean,,378100,378100,378100,税抜,excl,night;survey,2,170000,0,0,0,59600,0,229600,1000,229600,0,229600,0,15000,45000,0,45000,22500,33000,22000,0,0,6000,19,5000,378100,floor100,0,2,1000,0,5000,378100,0,,
2407-077,2024-07-30,9999,田中,ACM,clean,,74000,74000,74000,税抜,excl,holes,2,6400,1320,0,1320,1800,2000,11520,1000,11520,0,11520,0,10000,7050,7950,15000,0,33000,0,0,0,0,11,5000,74520,floor1000,-520,2,1000,0,5000,74520,-520,,
2407-078,2024-07-30,9999,田中,ACM,clean,,17700,17700,19470,税込,incl,,2,6400,4840,0,4840,1500,2000,14740,1000,14740,0,14740,0,3000,0,0,0,0,0,0,0,0,0,0,0,17740,floor100,-40,2,1000,0,0,17740,-40,,
2407-079,2024-07-30,1048,田中,IJ,clean,,170000,170000,170000,税抜,excl,,2,0,132840,13284,119556,0,2000,121556,1000,121556,0,121556,0,3000,41000,0,41000,0,0,0,0,0,0,11,5000,170556,floor1000,-556,2,1000,0,5000,170556,-556,,
2407-080,2024-07-30,1045,高橋,CALP,clean,,84200,84200,84200,税抜,excl,,2,0,77760,0,77760,0,3500,81260,1000,81260,0,81260,0,3000,0,0,0,0,0,0,0,0,0,0,0,84260,floor100,-60,2,1000,0,0,84260,-60,,
2407-081,2024-07-30,1011,佐藤,SODE,rounding_inconsistent,rounded 'halfup1000' instead of 'floor100' (pre-round 276400); diff=-400,276400,276000,276000,税抜,excl,removal,2,95000,0,0,0,48400,0,143400,1000,143400,0,143400,0,3000,45000,0,45000,0,33000,22000,18000,0,0,35,12000,276400,floor100,0,2,1000,0,12000,276400,-400,,
2407-082,2024-07-31,1056,高橋,ACM,clean,,20300,20300,20300,税抜,excl,,2,6400,7480,0,7480,1500,2000,17380,1000,17380,0,17380,0,3000,0,0,0,0,0,0,0,0,0,0,0,20380,floor100,-80,2,1000,0,0,20380,-80,,
2407-083,2024-07-31,9999,田中,ACM,clean,,64000,64000,70400,税込,incl,,2,6400,14960,0,14960,1500,2000,24860,1000,24860,0,24860,0,10000,11950,3050,15000,0,10000,0,0,0,0,14,5000,64860,floor1000,-860,2,1000,0,5000,64860,-860,,
2407-084,2024-07-31,1050,鈴木,CALP,clean,,99400,99400,99400,税抜,excl,,2,0,62700,0,62700,0,3500,66200,1000,66200,0,66200,0,3000,15200,0,15200,0,10000,0,0,0,0,11,5000,99400,floor100,0,2,1000,0,5000,99400,0,,
2408-001,2024-08-01,1012,佐藤,IJ,clean,,16500,16500,16500,税抜,excl,,2,0,18700,0,18700,0,2000,20700,800,16560,0,16560,0,0,0,0,0,0,0,0,0,0,0,0,0,16560,floor100,-60,2,800,0,0,16560,-60,,M3:1012!7
2408-002,2024-08-01,1095,高橋,IJ,clean,,19900,19900,19900,税抜,excl,,2,0,8100,0,8100,1800,2000,11900,1000,11900,0,11900,0,8000,0,0,0,0,0,0,0,0,0,0,0,19900,floor100,0,2,1000,0,0,19900,0,,
2408-003,2024-08-01,1090,佐藤,CALP,clean,,41200,41200,41200,税抜,excl,rush,2,0,6660,0,6660,0,3500,10160,1000,10160,0,10160,3048,3000,4800,10200,15000,0,10000,0,0,0,0,1,0,41208,floor100,-8,2,1000,3048,0,41208,-8,,
2408-004,2024-08-05,1079,佐藤,IJ,clean,,6000,6000,6000,税抜,excl,,2,0,2040,0,2040,0,2000,4040,950,3838,2162,6000,0,0,0,0,0,0,0,0,0,0,0,0,0,6000,floor100,0,2,950,0,0,6000,0,,
2408-005,2024-08-05,1033,田中,ACM,clean,,15800,15800,15800,税抜,excl,holes,2,6400,2640,0,2640,1800,2000,12840,1000,12840,0,12840,0,3000,0,0,0,0,0,0,0,0,0,0,0,15840,floor100,-40,2,1000,0,0,15840,-40,,
2408-006,2024-08-06,1041,佐藤,CALP,clean,,55700,55700,55700,税抜,excl,,2,0,18410,0,18410,0,3500,21910,900,19719,0,19719,0,6000,5600,9400,15000,0,10000,0,0,0,0,18,5000,55719,floor100,-19,2,900,0,5000,55719,-19,,M3:1041!13
2408-007,2024-08-06,1049,高橋,ACM,clean,,47300,47300,47300,税抜,excl,repeat,2,12000,8800,0,8800,1500,0,22300,1000,22300,0,22300,0,0,13000,2000,15000,0,10000,0,0,0,0,6,0,47300,floor100,0,2,1000,0,0,47300,0,,
2408-008,2024-08-07,1089,佐藤,IJ,clean,,34000,34000,34000,税抜,excl,,2,0,1400,0,1400,0,2000,3400,950,3230,2770,6000,0,8000,1000,14000,15000,0,0,0,0,0,0,19,5000,34000,floor100,0,2,950,0,5000,34000,0,,
2408-009,2024-08-07,9999,田中,IJ,clean,,44000,44000,48400,税込,incl,,2,0,19727,0,19727,0,2000,21727,1000,21727,0,21727,0,8000,7000,8000,15000,0,0,0,0,0,0,1,0,44727,floor1000,-727,2,1000,0,0,44727,-727,,
2408-010,2024-08-07,1041,佐藤,ACM,revision_v1,superseded by re-issued quote (quantity change); v1 priced by rules,96100,96100,96100,税抜,excl,,2,32000,27200,0,27200,7500,2000,68700,900,61830,0,61830,0,0,34350,0,34350,0,0,0,0,0,0,8,0,96180,floor100,-80,2,900,0,0,96180,-80,v2=2408-010-2,M3:1041!14
2408-010-2,2024-08-27,1041,佐藤,ACM,revision_v2,quantity 5->2; priced by rules,43300,43300,43300,税抜,excl,,2,12800,10880,0,10880,3000,2000,28680,900,25812,0,25812,0,0,17550,0,17550,0,0,0,0,0,0,8,0,43362,floor100,-62,2,900,0,0,43362,-62,v1=2408-010,M3:1041!22
2408-011,2024-08-07,1030,高橋,IJ,clean,,7000,7000,7000,税抜,excl,,2,0,6800,0,6800,0,2000,8800,800,7040,0,7040,0,0,0,0,0,0,0,0,0,0,0,0,0,7040,floor100,-40,2,800,0,0,7040,-40,,
2408-012,2024-08-07,1096,佐藤,IJ,clean,,29000,29000,29000,税抜,excl,,2,0,1600,0,1600,0,2000,3600,950,3420,2580,6000,0,3000,800,14200,15000,0,0,0,0,0,0,19,5000,29000,floor100,0,2,950,0,5000,29000,0,,
2408-013,2024-08-08,1025,佐藤,ACM,clean,,31200,31200,31200,税抜,excl,,2,12000,12760,0,12760,1500,2000,28260,1000,28260,0,28260,0,3000,0,0,0,0,0,0,0,0,0,0,0,31260,floor100,-60,2,1000,0,0,31260,-60,,
2408-014,2024-08-08,1080,高橋,ACM,clean,,24900,24900,24900,税抜,excl,repeat,2,12000,12760,0,12760,1500,0,26260,950,24947,0,24947,0,0,0,0,0,0,0,0,0,0,0,0,0,24947,floor100,-47,2,950,0,0,24947,-47,,
2408-015,2024-08-08,1056,高橋,CALP,clean,,128300,128300,128300,税抜,excl,,2,0,58850,0,58850,0,3500,62350,1000,62350,0,62350,0,6000,8800,6200,15000,0,33000,0,0,0,0,27,12000,128350,floor100,-50,2,1000,0,12000,128350,-50,,
2408-016,2024-08-08,9999,高橋,ACM,clean,,71000,71000,78100,税込,incl,night,2,12800,14960,0,14960,3000,2000,32760,1000,32760,0,32760,0,0,17550,0,17550,8775,0,0,0,0,0,35,12000,71085,floor100,-85,2,1000,0,12000,71085,-85,,
2408-017,2024-08-09,1050,鈴木,CALP,tax_label_error,tax-inclusive amount written under a tax-exclusive or blank label,83200,83200,91520,税抜,excl,rush,2,0,19800,0,19800,0,3500,23300,1000,23300,0,23300,6990,0,4000,11000,15000,0,33000,0,0,0,0,22,5000,83290,floor100,-90,2,1000,6990,5000,83290,-90,,
2408-018,2024-08-09,1041,佐藤,CALP,clean,,135900,135900,135900,税抜,excl,,2,0,77520,0,77520,0,3500,81020,900,72918,0,72918,0,3000,9600,5400,15000,0,33000,0,0,0,0,27,12000,135918,floor100,-18,2,900,0,12000,135918,-18,,M3:1041!15
2408-019,2024-08-10,1041,田中,SODE,clean,,181000,181000,181000,税抜,excl,removal,2,95000,0,0,0,0,0,95000,900,85500,0,85500,0,0,45000,0,45000,0,33000,0,18000,0,0,6,0,181500,floor1000,-500,2,900,0,0,181500,-500,,M3:1041!16 | M3:1041!17(adj)
2408-020,2024-08-19,1007,高橋,SODE,clean,,353200,353200,353200,税抜,excl,night,2,199000,0,0,0,62800,0,261800,950,248710,0,248710,0,0,45000,0,45000,22500,10000,22000,0,0,0,13,5000,353210,floor100,-10,2,950,0,5000,353210,-10,,
2408-021,2024-08-19,1011,佐藤,IJ,clean,,22000,22000,22000,税抜,excl,,2,0,12000,0,12000,0,2000,14000,1000,14000,0,14000,0,8000,0,0,0,0,0,0,0,0,0,0,0,22000,floor100,0,2,1000,0,0,22000,0,,
2408-022,2024-08-19,1041,佐藤,CALP,clean,,72000,72000,72000,税抜,excl,,2,0,16500,0,16500,0,3500,20000,900,18000,0,18000,0,6000,4000,11000,15000,0,33000,0,0,0,0,8,0,72000,floor100,0,2,900,0,0,72000,0,,M3:1041!18
2408-023,2024-08-19,1089,佐藤,ACM,clean,,174600,174600,174600,税抜,excl,,2,96000,70400,7040,63360,12000,2000,173360,950,164692,0,164692,0,10000,0,0,0,0,0,0,0,0,0,0,0,174692,floor100,-92,2,950,0,0,174692,-92,,
2408-024,2024-08-20,1048,田中,ACM,clean,,37000,37000,37000,税抜,excl,,2,6400,2640,0,2640,1500,2000,12540,1000,12540,0,12540,0,10000,6700,8300,15000,0,0,0,0,0,0,8,0,37540,floor1000,-540,2,1000,0,0,37540,-540,,
2408-025,2024-08-21,1081,田中,ACM,clean,,27800,27800,27800,税抜,excl,rush,2,12000,7040,0,7040,1500,2000,22540,950,21413,0,21413,6423,0,0,0,0,0,0,0,0,0,0,0,0,27836,floor100,-36,2,950,6423,0,27836,-36,,
2408-026,2024-08-21,1041,佐藤,ACM,multiplier_copy,multiplier 950 per mille used instead of 900; diff=5100,146300,151400,151400,税抜,excl,,2,48000,51040,5104,45936,6000,2000,101936,900,91742,0,91742,0,3000,46600,0,46600,0,0,0,0,0,0,11,5000,146342,floor100,-42,2,950,0,5000,151439,-39,,M3:1041!19
2408-027,2024-08-21,1041,佐藤,ACM,clean,,75500,75500,75500,税抜,excl,,2,12800,12320,0,12320,3000,2000,30120,900,27108,0,27108,0,3000,15450,0,15450,0,10000,0,0,0,0,52,20000,75558,floor100,-58,2,900,0,20000,75558,-58,,M3:1041!20
2408-028,2024-08-22,1041,佐藤,IJ,clean,,158800,158800,158800,税抜,excl,,2,0,115080,11508,103572,0,2000,105572,900,95014,0,95014,0,8000,50800,0,50800,0,0,0,0,0,0,18,5000,158814,floor100,-14,2,900,0,5000,158814,-14,,M3:1041!21
2408-029,2024-08-23,1077,高橋,ACM,clean,,97400,97400,97400,税抜,excl,removal;disposal;corner_r,2,12000,8800,0,8800,1900,2000,24700,950,23465,0,23465,0,3000,13000,2000,15000,0,33000,0,18000,5000,0,8,0,97465,floor100,-65,2,950,0,0,97465,-65,,M3:1077様!16
2408-030,2024-08-23,1042,田中,ACM,clean,,54000,54000,54000,税抜,excl,,2,12800,13200,0,13200,7500,2000,35500,950,33725,0,33725,0,0,15450,0,15450,0,0,0,0,0,0,18,5000,54175,floor1000,-175,2,950,0,5000,54175,-175,,
2408-031,2024-08-23,1025,佐藤,ACM,clean,,23800,23800,23800,税抜,excl,,2,6400,3960,0,3960,1500,2000,13860,1000,13860,0,13860,0,10000,0,0,0,0,0,0,0,0,0,0,0,23860,floor100,-60,2,1000,0,0,23860,-60,,
2408-032,2024-08-23,1060,鈴木,CALP,clean,,54600,54600,54600,税抜,excl,,2,0,50830,0,50830,0,3500,54330,950,51613,0,51613,0,3000,0,0,0,0,0,0,0,0,0,0,0,54613,floor100,-13,2,950,0,0,54613,-13,,
2408-033,2024-08-23,1096,高橋,CALP,rush_unrecorded,rush surcharge 31008 applied without rush wording in remarks,106300,137300,137300,税抜,excl,,2,0,105300,0,105300,0,3500,108800,950,103360,0,103360,0,3000,0,0,0,0,0,0,0,0,0,0,0,106360,floor100,-60,2,950,31008,0,137368,-68,,
2408-034,2024-08-26,1050,鈴木,IJ,clean,,14700,14700,14700,税抜,excl,,2,0,4760,0,4760,0,2000,6760,1000,6760,0,6760,0,8000,0,0,0,0,0,0,0,0,0,0,0,14760,floor100,-60,2,1000,0,0,14760,-60,,
2408-035,2024-08-26,1015,佐藤,ACM,clean,,462900,462900,462900,税抜,excl,,2,216000,221760,44352,177408,67500,2000,462908,1000,462908,0,462908,0,0,0,0,0,0,0,0,0,0,0,0,0,462908,floor100,-8,2,1000,0,0,462908,-8,,
2408-036,2024-08-26,9999,鈴木,IJ,clean,,11100,11100,12210,税込,incl,,2,0,9180,0,9180,0,2000,11180,1000,11180,0,11180,0,0,0,0,0,0,0,0,0,0,0,0,0,11180,floor100,-80,2,1000,0,0,11180,-80,,
2408-037,2024-08-26,1047,田中,CALP,clean,,11200,11200,11200,税抜,excl,,2,0,10500,0,10500,0,3500,14000,800,11200,0,11200,0,0,0,0,0,0,0,0,0,0,0,0,0,11200,floor100,0,2,800,0,0,11200,0,,
2408-038,2024-08-27,9999,鈴木,IJ,clean,,443400,443400,487740,税込,incl,,2,0,548000,109600,438400,0,2000,440400,1000,440400,0,440400,0,3000,0,0,0,0,0,0,0,0,0,0,0,443400,floor100,0,2,1000,0,0,443400,0,,
2408-039,2024-08-28,1023,田中,IJ,clean,,21100,21100,21100,税抜,excl,,2,0,22000,0,22000,0,2000,24000,880,21120,0,21120,0,0,0,0,0,0,0,0,0,0,0,0,0,21120,floor100,-20,2,880,0,0,21120,-20,,M3:1023様!25
2408-040,2024-08-29,1045,高橋,CALP,clean,,20000,20000,20000,税抜,excl,,2,0,16500,0,16500,0,3500,20000,1000,20000,0,20000,0,0,0,0,0,0,0,0,0,0,0,0,0,20000,floor100,0,2,1000,0,0,20000,0,,
2408-041,2024-08-29,1060,佐藤,ACM,clean,,318400,318400,318400,税抜,excl,,2,192000,126720,12672,114048,24000,2000,332048,950,315445,0,315445,0,3000,0,0,0,0,0,0,0,0,0,0,0,318445,floor100,-45,2,950,0,0,318445,-45,,
2408-042,2024-08-29,1041,佐藤,ACM,clean,,59400,59400,59400,税抜,excl,,2,19200,44880,4488,40392,4500,2000,66092,900,59482,0,59482,0,0,0,0,0,0,0,0,0,0,0,0,0,59482,floor100,-82,2,900,0,0,59482,-82,,M3:1041!23
2408-043,2024-08-29,1025,佐藤,IJ,clean,,41100,41100,41100,税抜,excl,night,2,0,10200,0,10200,1440,2000,13640,1000,13640,0,13640,0,0,6600,8400,15000,7500,0,0,0,0,0,11,5000,41140,floor100,-40,2,1000,0,5000,41140,-40,,
2408-044,2024-08-29,1089,佐藤,CALP,clean,,34600,34600,34600,税抜,excl,,2,0,29800,0,29800,0,3500,33300,950,31635,0,31635,0,3000,0,0,0,0,0,0,0,0,0,0,0,34635,floor100,-35,2,950,0,0,34635,-35,,
2408-045,2024-08-29,1078,佐藤,CALP,clean,,57100,57100,57100,税抜,excl,,2,0,27600,0,27600,0,3500,31100,1000,31100,0,31100,0,6000,4800,10200,15000,0,0,0,0,0,0,14,5000,57100,floor100,0,2,1000,0,5000,57100,0,,
2408-046,2024-08-30,1022,佐藤,ACM,clean,,69500,69500,69500,税抜,excl,,2,12800,8800,0,8800,7500,2000,31100,950,29545,0,29545,0,3000,12300,2700,15000,0,10000,0,0,0,0,35,12000,69545,floor100,-45,2,950,0,12000,69545,-45,,M3:１０２２!13
2408-047,2024-08-30,1092,田中,CALP,clean,,187000,187000,187000,税抜,excl,,2,0,187400,0,187400,0,3500,190900,950,181355,0,181355,0,6000,0,0,0,0,0,0,0,0,0,0,0,187355,floor1000,-355,2,950,0,0,187355,-355,,
2409-001,2024-09-02,9999,佐藤,IJ,clean,,8900,8900,9790,税込,incl,,2,0,6904,0,6904,0,2000,8904,1000,8904,0,8904,0,0,0,0,0,0,0,0,0,0,0,0,0,8904,floor100,-4,2,1000,0,0,8904,-4,,
2409-002,2024-09-02,1096,田中,SODE,clean,,517000,517000,517000,税抜,excl,removal,2,264000,0,0,0,109600,0,373600,950,354920,0,354920,0,0,90000,0,90000,0,33000,22000,18000,0,0,1,0,517920,floor1000,-920,2,950,0,0,517920,-920,,
2409-003,2024-09-02,1056,高橋,CALP,clean,,69400,69400,69400,税抜,excl,,2,0,32780,448,32332,0,3500,35832,1000,35832,0,35832,0,6000,17600,0,17600,0,10000,0,0,0,0,6,0,69432,floor100,-32,2,1000,0,0,69432,-32,,
2409-004,2024-09-03,9999,田中,SODE,clean,,292000,292000,321200,税込,incl,,2,199000,0,0,0,0,0,199000,1000,199000,0,199000,0,15000,45000,0,45000,0,33000,0,0,0,0,8,0,292000,floor1000,0,2,1000,0,0,292000,0,,
2409-005,2024-09-03,1074,高橋,IJ,clean,,21000,21000,21000,税抜,excl,,2,0,3360,0,3360,0,2000,5360,1000,5360,640,6000,0,0,1600,13400,15000,0,0,0,0,0,0,8,0,21000,floor100,0,2,1000,0,0,21000,0,,M3:１０７４!14
2409-006,2024-09-03,1023,田中,ACM,clean,,69000,69000,69000,税抜,excl,removal,2,6400,1920,0,1920,3000,2000,13320,880,11721,0,11721,0,3000,8100,6900,15000,0,10000,0,18000,0,0,48,12000,69721,floor1000,-721,2,880,0,12000,69721,-721,,M3:1023様!26 | M3:1023様!27(adj)
2409-007,2024-09-03,1012,佐藤,CALP,clean,,14000,14000,14000,税抜,excl,,2,0,14050,0,14050,0,3500,17550,800,14040,0,14040,0,0,0,0,0,0,0,0,0,0,0,0,0,14040,floor100,-40,2,800,0,0,14040,-40,,M3:1012!8
2409-008,2024-09-03,1084,田中,IJ,clean,,17600,17600,17600,税抜,excl,,2,0,20000,0,20000,0,2000,22000,800,17600,0,17600,0,0,0,0,0,0,0,0,0,0,0,0,0,17600,floor100,0,2,800,0,0,17600,0,,
2409-009,2024-09-04,9999,田中,IJ,clean,,17800,17800,19580,税込,incl,,2,0,12800,0,12800,0,2000,14800,1000,14800,0,14800,0,3000,0,0,0,0,0,0,0,0,0,0,0,17800,floor100,0,2,1000,0,0,17800,0,,
2409-010,2024-09-04,1012,佐藤,IJ,clean,,6000,6000,6000,税抜,excl,no_grommet;repeat,2,0,5100,0,5100,0,0,5100,800,4080,1920,6000,0,0,0,0,0,0,0,0,0,0,0,0,0,6000,floor100,0,2,800,0,0,6000,0,,M3:1012!9
2409-011,2024-09-04,1064,佐藤,ACM,clean,,69000,69000,69000,税抜,excl,,2,6400,2640,0,2640,3000,2000,14040,1000,14040,0,14040,0,10000,8100,6900,15000,0,10000,0,0,0,0,75,20000,69040,floor100,-40,2,1000,0,20000,69040,-40,,
2409-012,2024-09-05,1023,田中,ACM,clean,,80000,80000,80000,税抜,excl,night;holes,2,12800,26400,0,26400,9000,2000,50200,880,44176,0,44176,0,3000,15450,0,15450,7725,10000,0,0,0,0,5,0,80351,floor1000,-351,2,880,0,0,80351,-351,,M3:1023様!28 | M3:1023様!29(adj)
2409-013,2024-09-05,1023,田中,IJ,clean,,31000,31000,31000,税抜,excl,,2,0,2800,0,2800,0,2000,4800,880,4224,1776,6000,0,0,1400,13600,15000,0,10000,0,0,0,0,8,0,31000,floor1000,0,2,880,0,0,31000,0,,M3:1023様!30
2409-014,2024-09-05,1068,高橋,SODE,clean,,298800,298800,298800,税抜,excl,repeat,2,132000,0,0,0,54800,0,186800,1000,186800,0,186800,0,0,45000,0,45000,0,33000,22000,0,0,0,33,12000,298800,floor100,0,2,1000,0,12000,298800,0,,
2409-015,2024-09-05,1023,田中,IJ,clean,,45000,45000,45000,税抜,excl,,2,0,49320,0,49320,0,2000,51320,880,45161,0,45161,0,0,0,0,0,0,0,0,0,0,0,0,0,45161,floor1000,-161,2,880,0,0,45161,-161,,M3:1023様!31
2409-016,2024-09-06,1082,佐藤,IJ,clean,,33000,33000,33000,税抜,excl,,2,0,23015,0,23015,0,2000,25015,1000,25015,0,25015,0,8000,0,0,0,0,0,0,0,0,0,0,0,33015,floor100,-15,2,1000,0,0,33015,-15,,
2409-017,2024-09-06,1050,鈴木,ACM,clean,,51800,51800,51800,税抜,excl,night,2,6400,4400,0,4400,1500,2000,14300,1000,14300,0,14300,0,3000,9500,5500,15000,7500,0,0,0,0,0,27,12000,51800,floor100,0,2,1000,0,12000,51800,0,,
2409-018,2024-09-06,1091,高橋,SODE,clean,,272000,272000,272000,税抜,excl,,2,95000,0,0,0,50000,0,145000,1000,145000,0,145000,0,15000,45000,0,45000,0,33000,22000,0,0,0,38,12000,272000,floor100,0,2,1000,0,12000,272000,0,,
2409-019,2024-09-06,1074,高橋,ACM,clean,,132200,132200,132200,税抜,excl,,2,36000,38280,0,38280,4500,2000,80780,1000,80780,0,80780,0,0,36450,0,36450,0,10000,0,0,0,0,14,5000,132230,floor100,-30,2,1000,0,5000,132230,-30,,M3:１０７４!15
2409-020,2024-09-06,9999,佐藤,ACM,digit_typo,"sub: intended 34500, written 34509",34500,34500,34509,税抜,excl,,2,6400,9680,0,9680,1500,2000,19580,1000,19580,0,19580,0,0,9850,5150,15000,0,0,0,0,0,0,1,0,34580,floor100,-80,2,1000,0,0,34580,-80,,
2409-021,2024-09-06,1072,鈴木,IJ,clean,,31300,31300,31300,税抜,excl,night,2,0,6800,0,6800,0,2000,8800,1000,8800,0,8800,0,0,3800,11200,15000,7500,0,0,0,0,0,1,0,31300,floor100,0,2,1000,0,0,31300,0,,
2409-022,2024-09-09,1080,高橋,CALP,clean,,115000,115000,115000,税抜,excl,removal,2,0,78330,560,77770,0,3500,81270,950,77206,0,77206,0,3000,16800,0,16800,0,0,0,18000,0,0,1,0,115006,floor100,-6,2,950,0,0,115006,-6,,
2409-023,2024-09-09,1085,佐藤,ACM,clean,,14800,14800,14800,税抜,excl,repeat,2,6400,3960,0,3960,4500,0,14860,1000,14860,0,14860,0,0,0,0,0,0,0,0,0,0,0,0,0,14860,floor100,-60,2,1000,0,0,14860,-60,,
2409-024,2024-09-09,9999,佐藤,ACM,clean,,122200,122200,134420,税込,incl,holes,2,32000,17600,0,17600,9000,2000,60600,1000,60600,0,60600,0,10000,18600,0,18600,0,33000,0,0,0,0,10,0,122200,floor100,0,2,1000,0,0,122200,0,,
2409-025,2024-09-09,1095,高橋,ACM,clean,,119000,119000,119000,税抜,excl,holes,2,51200,46080,4608,41472,14400,2000,109072,1000,109072,0,109072,0,10000,0,0,0,0,0,0,0,0,0,0,0,119072,floor100,-72,2,1000,0,0,119072,-72,,
2409-026,2024-09-09,9999,田中,IJ,clean,,14000,14000,15400,税込,incl,,2,0,4000,0,4000,0,2000,6000,1000,6000,0,6000,0,8000,0,0,0,0,0,0,0,0,0,0,0,14000,floor100,0,2,1000,0,0,14000,0,,
2409-027,2024-09-10,9999,田中,IJ,clean,,9000,9000,9000,税抜,excl,,2,0,4000,0,4000,0,2000,6000,1000,6000,0,6000,0,3000,0,0,0,0,0,0,0,0,0,0,0,9000,floor100,0,2,1000,0,0,9000,0,,
2409-028,2024-09-11,9999,鈴木,ACM,clean,,12500,12500,13750,税込,incl,,2,6400,2640,0,2640,1500,2000,12540,1000,12540,0,12540,0,0,0,0,0,0,0,0,0,0,0,0,0,12540,floor100,-40,2,1000,0,0,12540,-40,,
2409-029,2024-09-11,9999,鈴木,ACM,clean,,60100,60100,66110,税込,incl,,2,6400,2200,0,2200,1500,2000,12100,1000,12100,0,12100,0,0,7750,7250,15000,0,33000,0,0,0,0,6,0,60100,floor100,0,2,1000,0,0,60100,0,,
2409-030,2024-09-11,1030,佐藤,IJ,clean,,9500,9500,9500,税抜,excl,,2,0,7500,0,7500,2400,2000,11900,800,9520,0,9520,0,0,0,0,0,0,0,0,0,0,0,0,0,9520,floor100,-20,2,800,0,0,9520,-20,,
2409-031,2024-09-12,9999,高橋,ACM,clean,,206200,206200,226820,税込,incl,,2,72000,41360,0,41360,27000,2000,142360,1000,142360,0,142360,0,10000,38900,0,38900,0,10000,0,0,0,0,22,5000,206260,floor100,-60,2,1000,0,5000,206260,-60,,
2409-032,2024-09-13,9999,鈴木,CALP,clean,,70600,70600,77660,税込,incl,,2,0,31100,0,31100,0,3500,34600,1000,34600,0,34600,0,6000,8000,7000,15000,0,10000,0,0,0,0,13,5000,70600,floor100,0,2,1000,0,5000,70600,0,,
2409-033,2024-09-17,1096,佐藤,IJ,clean,,25000,25000,25000,税抜,excl,,2,0,12600,0,12600,3360,2000,17960,950,17062,0,17062,0,8000,0,0,0,0,0,0,0,0,0,0,0,25062,floor100,-62,2,950,0,0,25062,-62,,
2409-034,2024-09-17,1026,高橋,ACM,clean,,75300,75300,75300,税抜,excl,,2,12800,14960,0,14960,3000,2000,32760,1000,32760,0,32760,0,10000,17550,0,17550,0,10000,0,0,0,0,18,5000,75310,floor100,-10,2,1000,0,5000,75310,-10,,
2409-035,2024-09-17,1048,田中,SODE,clean,,185000,185000,185000,税抜,excl,,2,170000,0,0,0,0,0,170000,1000,170000,0,170000,0,15000,0,0,0,0,0,0,0,0,0,0,0,185000,floor1000,0,2,1000,0,0,185000,0,,
2409-036,2024-09-18,1048,田中,ACM,clean,,72000,72000,72000,税抜,excl,,2,6400,7480,0,7480,1500,2000,17380,1000,17380,0,17380,0,10000,11950,3050,15000,0,10000,0,0,0,0,55,20000,72380,floor1000,-380,2,1000,0,20000,72380,-380,,
2409-037,2024-09-18,9999,佐藤,ACM,clean,,101100,101100,101100,税抜,excl,,2,44800,33880,0,33880,10500,2000,91180,1000,91180,0,91180,0,10000,0,0,0,0,0,0,0,0,0,0,0,101180,floor100,-80,2,1000,0,0,101180,-80,,
2409-038,2024-09-18,1023,田中,IJ,clean,,6000,6000,6000,税抜,excl,,2,0,660,0,660,0,2000,2660,880,2340,3660,6000,0,0,0,0,0,0,0,0,0,0,0,0,0,6000,floor100,0,2,880,0,0,6000,0,,M3:1023様!32
2409-039,2024-09-18,1025,佐藤,IJ,clean,,147500,147500,147500,税抜,excl,,2,0,158400,15840,142560,0,2000,144560,1000,144560,0,144560,0,3000,0,0,0,0,0,0,0,0,0,0,0,147560,floor100,-60,2,1000,0,0,147560,-60,,
2409-040,2024-09-18,9999,田中,IJ,tax_label_error,tax-inclusive amount written under a tax-exclusive or blank label,15400,15400,16940,税抜,excl,,2,0,5400,0,5400,0,2000,7400,1000,7400,0,7400,0,8000,0,0,0,0,0,0,0,0,0,0,0,15400,floor100,0,2,1000,0,0,15400,0,,
2409-041,2024-09-18,1089,佐藤,CALP,clean,,147600,147600,147600,税抜,excl,rush,2,0,86940,0,86940,0,3500,90440,950,85918,0,85918,25775,6000,11200,3800,15000,0,10000,0,0,0,0,22,5000,147693,floor100,-93,2,950,25775,5000,147693,-93,,
2409-042,2024-09-19,1009,佐藤,CALP,travel_omitted,travel fee 5000 not charged,160500,155500,155500,税抜,excl,night,2,0,92000,0,92000,0,3500,95500,1000,95500,0,95500,0,3000,16000,0,16000,8000,33000,0,0,0,0,24,5000,160500,floor100,0,2,1000,0,0,155500,0,,
2409-043,2024-09-19,1077,高橋,ACM,clean,,73900,73900,73900,税抜,excl,rush;removal;disposal;holes,2,12000,10880,0,10880,1800,2000,26680,950,25346,0,25346,7603,3000,11950,3050,15000,0,0,0,18000,5000,0,35,0,73949,floor100,-49,2,950,7603,0,73949,-49,,M3:1077様!17
2409-044,2024-09-19,9999,佐藤,ACM,clean,,57700,57700,63470,税込,incl,,2,12000,9240,0,9240,1500,2000,24740,1000,24740,0,24740,0,3000,13350,1650,15000,0,10000,0,0,0,0,13,5000,57740,floor100,-40,2,1000,0,5000,57740,-40,,
2409-045,2024-09-19,1023,田中,IJ,clean,,14000,14000,14000,税抜,excl,,2,0,1120,0,1120,0,2000,3120,880,2745,3255,6000,0,8000,0,0,0,0,0,0,0,0,0,0,0,14000,floor100,0,2,880,0,0,14000,0,,M3:1023様!33
2409-046,2024-09-19,9999,鈴木,IJ,clean,,44000,44000,48400,税込,incl,rush,2,0,3960,0,3960,0,2000,5960,1000,5960,40,6000,3000,8000,3000,12000,15000,0,0,0,0,0,0,27,12000,44000,floor100,0,2,1000,3000,12000,44000,0,,
2409-047,2024-09-20,1042,佐藤,ACM,clean,,35600,35600,35600,税抜,excl,,2,6400,1320,0,1320,1500,2000,11220,950,10659,0,10659,0,0,6700,8300,15000,0,10000,0,0,0,0,5,0,35659,floor100,-59,2,950,0,0,35659,-59,,
2409-048,2024-09-20,1091,高橋,ACM,clean,,54300,54300,54300,税抜,excl,,2,6400,7480,0,7480,1500,2000,17380,1000,17380,0,17380,0,0,11950,3050,15000,0,10000,0,0,0,0,38,12000,54380,floor100,-80,2,1000,0,12000,54380,-80,,
2409-049,2024-09-24,1077,鈴木,SODE,clean,,221400,221400,221400,税抜,excl,removal,2,132000,0,0,0,0,0,132000,950,125400,0,125400,0,0,45000,0,45000,0,33000,0,18000,0,0,22,0,221400,floor100,0,2,950,0,0,221400,0,,M3:1077様!18
2409-050,2024-09-25,1077,高橋,IJ,clean,,29900,29900,29900,税抜,excl,,2,0,12330,0,12330,1440,2000,15770,950,14981,0,14981,0,0,6000,9000,15000,0,0,0,0,0,0,22,0,29981,floor100,-81,2,950,0,0,29981,-81,,M3:1077様!19
2409-051,2024-09-25,1091,高橋,ACM,clean,,12100,12100,12100,税抜,excl,,2,6400,2200,0,2200,1500,2000,12100,1000,12100,0,12100,0,0,0,0,0,0,0,0,0,0,0,0,0,12100,floor100,0,2,1000,0,0,12100,0,,
2409-052,2024-09-26,1023,田中,IJ,clean,,6000,6000,6000,税抜,excl,,2,0,1800,0,1800,720,2000,4520,880,3977,2023,6000,0,0,0,0,0,0,0,0,0,0,0,0,0,6000,floor100,0,2,880,0,0,6000,0,,M3:1023様!34
2409-053,2024-09-26,1088,高橋,IJ,clean,,66200,66200,72820,税込,incl,survey,2,0,12330,0,12330,960,2000,15290,1000,15290,0,15290,0,8000,6000,9000,15000,0,10000,0,0,0,6000,42,12000,66290,floor100,-90,2,1000,0,12000,66290,-90,,
2409-054,2024-09-26,1094,田中,IJ,clean,,34000,34000,34000,税抜,excl,,2,0,9240,0,9240,0,2000,11240,1000,11240,0,11240,0,8000,6600,8400,15000,0,0,0,0,0,0,8,0,34240,floor1000,-240,2,1000,0,0,34240,-240,,
2409-055,2024-09-26,1095,高橋,SODE,clean,,456200,456200,456200,税抜,excl,,2,264000,0,0,0,77200,0,341200,1000,341200,0,341200,0,15000,45000,0,45000,0,33000,22000,0,0,0,6,0,456200,floor100,0,2,1000,0,0,456200,0,,
2409-056,2024-09-27,1090,鈴木,ACM,clean,,62200,62200,62200,税抜,excl,,2,6400,1320,0,1320,1500,2000,11220,1000,11220,0,11220,0,3000,7050,7950,15000,0,33000,0,0,0,0,6,0,62220,floor100,-20,2,1000,0,0,62220,-20,,
2409-057,2024-09-27,1045,高橋,ACM,clean,,105100,105100,105100,税抜,excl,corner_r,2,32000,25080,0,25080,36100,2000,95180,1000,95180,0,95180,0,10000,0,0,0,0,0,0,0,0,0,0,0,105180,floor100,-80,2,1000,0,0,105180,-80,,
2409-058,2024-09-30,1045,高橋,SODE,clean,,225000,225000,225000,税抜,excl,,2,132000,0,0,0,0,0,132000,1000,132000,0,132000,0,15000,45000,0,45000,0,33000,0,0,0,0,1,0,225000,floor100,0,2,1000,0,0,225000,0,,
2409-059,2024-09-30,1019,佐藤,IJ,clean,,80200,80200,80200,税抜,excl,,2,0,109200,10920,98280,0,2000,100280,800,80224,0,80224,0,0,0,0,0,0,0,0,0,0,0,0,0,80224,floor100,-24,2,800,0,0,80224,-24,,
2409-060,2024-09-30,1023,高橋,ACM,clean,,58800,58800,58800,税抜,excl,,2,6400,2880,0,2880,4500,2000,15780,880,13886,0,13886,0,0,7750,7250,15000,0,10000,0,0,0,0,80,20000,58886,floor100,-86,2,880,0,20000,58886,-86,,M3:1023様!35
2409-061,2024-09-30,1022,佐藤,IJ,clean,,7600,7600,7600,税抜,excl,,2,0,6027,0,6027,0,2000,8027,950,7625,0,7625,0,0,0,0,0,0,0,0,0,0,0,0,0,7625,floor100,-25,2,950,0,0,7625,-25,,M3:１０２２!14
2410-001,2024-10-01,1026,高橋,ACM,clean,,20800,20800,20800,税抜,excl,holes,2,6400,5280,0,5280,7200,2000,20880,1000,20880,0,20880,0,0,0,0,0,0,0,0,0,0,0,0,0,20880,floor100,-80,2,1000,0,0,20880,-80,,
2410-002,2024-10-01,1075,田中,IJ,clean,,19800,19800,19800,税抜,excl,,2,0,9863,0,9863,0,2000,11863,1000,11863,0,11863,0,8000,0,0,0,0,0,0,0,0,0,0,0,19863,floor100,-63,2,1000,0,0,19863,-63,,M2:2024.10!1-13
2410-003,2024-10-01,1023,田中,ACM,clean,,23600,23600,23600,税抜,excl,,2,6400,6160,0,6160,1500,2000,16060,850,13651,0,13651,0,10000,0,0,0,0,0,0,0,0,0,0,0,23651,floor100,-51,2,850,0,0,23651,-51,,M2:2024.10!16-28 | M3:1023様!36
2410-004,2024-10-02,9999,高橋,SODE,clean,,233000,233000,256300,税込,incl,,2,132000,0,0,0,0,0,132000,1000,132000,0,132000,0,3000,45000,0,45000,0,33000,0,0,0,0,55,20000,233000,floor100,0,2,1000,0,20000,233000,0,,
2410-005,2024-10-03,9999,高橋,ACM,clean,,14200,14200,14200,税抜,excl,,2,6400,1320,0,1320,1500,2000,11220,1000,11220,0,11220,0,3000,0,0,0,0,0,0,0,0,0,0,0,14220,floor100,-20,2,1000,0,0,14220,-20,,
2410-006,2024-10-03,1095,高橋,IJ,multiplier_copy,multiplier 800 per mille used instead of 1000; diff=-8400,50000,41600,41600,税抜,excl,,2,0,40000,0,40000,0,2000,42000,1000,42000,0,42000,0,8000,0,0,0,0,0,0,0,0,0,0,0,50000,floor100,0,2,800,0,0,41600,0,,
2410-007,2024-10-04,9999,田中,ACM,clean,,65000,65000,65000,税抜,excl,rush,2,12800,29920,0,29920,3000,2000,47720,1000,47720,0,47720,14316,3000,0,0,0,0,0,0,0,0,0,0,0,65036,floor1000,-36,2,1000,14316,0,65036,-36,,M2:2024.10!31-44
2410-008,2024-10-04,9999,鈴木,ACM,clean,,65300,65300,65300,税抜,excl,removal;disposal,2,6400,7480,0,7480,1500,2000,17380,1000,17380,0,17380,0,0,11950,3050,15000,0,10000,0,18000,5000,0,1,0,65380,floor100,-80,2,1000,0,0,65380,-80,,
2410-009,2024-10-04,1023,田中,IJ,stale_table,previous contract multiplier 880 per mille used after 2024-10-01; diff=700,19000,19700,19700,税抜,excl,,2,0,20400,0,20400,0,2000,22400,850,19040,0,19040,0,0,0,0,0,0,0,0,0,0,0,0,0,19040,floor100,-40,2,880,0,0,19712,-12,,M2:2024.10!47-58 | M3:1023様!37
2410-010,2024-10-04,1092,田中,SODE,clean,,279000,279000,279000,税抜,excl,,2,199000,0,0,0,0,0,199000,950,189050,0,189050,0,15000,45000,0,45000,0,10000,0,0,0,0,75,20000,279050,floor1000,-50,2,950,0,20000,279050,-50,,M2:2024.10!61-76
2410-011,2024-10-05,1015,田中,IJ,clean,,6000,6000,6000,税抜,excl,,2,0,2040,0,2040,0,2000,4040,1000,4040,1960,6000,0,0,0,0,0,0,0,0,0,0,0,0,0,6000,floor100,0,2,1000,0,0,6000,0,,M2:2024.10!79-89
2410-012,2024-10-07,1063,鈴木,ACM,clean,,12800,12800,12800,税抜,excl,,2,6400,6160,0,6160,1500,2000,16060,800,12848,0,12848,0,0,0,0,0,0,0,0,0,0,0,0,0,12848,floor100,-48,2,800,0,0,12848,-48,,
2410-013,2024-10-07,9999,高橋,IJ,clean,,25000,25000,27500,税込,incl,,2,0,20000,0,20000,0,2000,22000,1000,22000,0,22000,0,3000,0,0,0,0,0,0,0,0,0,0,0,25000,floor100,0,2,1000,0,0,25000,0,,
2410-014,2024-10-07,1033,田中,SODE,clean,,433000,433000,433000,税抜,excl,survey,2,190000,0,0,0,100000,0,290000,1000,290000,0,290000,0,15000,90000,0,90000,0,10000,22000,0,0,6000,1,0,433000,floor1000,0,2,1000,0,0,433000,0,,M2:2024.10!92-107
2410-015,2024-10-07,1041,佐藤,CALP,clean,,69800,69800,69800,税抜,excl,,2,0,33000,0,33000,0,3500,36500,900,32850,0,32850,0,0,8000,7000,15000,0,10000,0,0,0,0,42,12000,69850,floor100,-50,2,900,0,12000,69850,-50,,M2:2024.10!110-124 | M3:1041!24
2410-016,2024-10-07,1002,佐藤,ACM,clean,,12500,12500,12500,税抜,excl,,2,6400,2640,0,2640,1500,2000,12540,1000,12540,0,12540,0,0,0,0,0,0,0,0,0,0,0,0,0,12540,floor100,-40,2,1000,0,0,12540,-40,,M2:2024.10!127-138
2410-017,2024-10-08,1068,高橋,ACM,clean,,61800,61800,61800,税抜,excl,,2,24000,22880,0,22880,3000,2000,51880,1000,51880,0,51880,0,10000,0,0,0,0,0,0,0,0,0,0,0,61880,floor100,-80,2,1000,0,0,61880,-80,,
2410-018,2024-10-08,1082,佐藤,IJ,clean,,23200,23200,23200,税抜,excl,,2,0,13200,0,13200,0,2000,15200,1000,15200,0,15200,0,8000,0,0,0,0,0,0,0,0,0,0,0,23200,floor100,0,2,1000,0,0,23200,0,,M2:2024.10!141-152
2410-019,2024-10-08,1005,佐藤,CALP,clean,,24200,24200,24200,税抜,excl,,2,0,26760,0,26760,0,3500,30260,800,24208,0,24208,0,0,0,0,0,0,0,0,0,0,0,0,0,24208,floor100,-8,2,800,0,0,24208,-8,,M2:2024.10!155-166
2410-020,2024-10-08,9999,佐藤,IJ,clean,,34100,34100,37510,税込,incl,,2,0,25500,0,25500,3600,2000,31100,1000,31100,0,31100,0,3000,0,0,0,0,0,0,0,0,0,0,0,34100,floor100,0,2,1000,0,0,34100,0,,M2:2024.10!169-180
2410-021,2024-10-08,1075,田中,CALP,clean,,63000,63000,63000,税抜,excl,rush,2,0,45600,0,45600,0,3500,49100,1000,49100,0,49100,14730,0,0,0,0,0,0,0,0,0,0,0,0,63830,floor1000,-830,2,1000,14730,0,63830,-830,,M2:2024.10!183-195
2410-022,2024-10-08,1042,佐藤,IJ,clean,,235100,235100,235100,税抜,excl,survey,2,0,283220,56644,226576,0,2000,228576,950,217147,0,217147,0,0,0,0,0,0,0,0,0,0,6000,27,12000,235147,floor100,-47,2,950,0,12000,235147,-47,,M2:2024.10!198-211
2410-023,2024-10-09,1002,佐藤,IJ,clean,,22400,22400,22400,税抜,excl,,2,0,15300,0,15300,2160,2000,19460,1000,19460,0,19460,0,3000,0,0,0,0,0,0,0,0,0,0,0,22460,floor100,-60,2,1000,0,0,22460,-60,,M2:2024.10!214-226
2410-024,2024-10-09,1063,鈴木,CALP,clean,,31600,31600,31600,税抜,excl,,2,0,36000,0,36000,0,3500,39500,800,31600,0,31600,0,0,0,0,0,0,0,0,0,0,0,0,0,31600,floor100,0,2,800,0,0,31600,0,,
2410-025,2024-10-09,1074,田中,IJ,clean,,26000,26000,26000,税抜,excl,,2,0,1800,0,1800,480,2000,4280,1000,4280,1720,6000,0,0,1200,13800,15000,0,0,0,0,0,0,11,5000,26000,floor100,0,2,1000,0,5000,26000,0,,M2:2024.10!229-241 | M3:１０７４!16
2410-026,2024-10-09,1092,佐藤,ACM,clean,,54700,54700,54700,税抜,excl,,2,24000,25520,0,25520,3000,2000,54520,950,51794,0,51794,0,3000,0,0,0,0,0,0,0,0,0,0,0,54794,floor100,-94,2,950,0,0,54794,-94,,M2:2024.10!244-256
2410-027,2024-10-09,1079,佐藤,IJ,clean,,58500,58500,58500,税抜,excl,night,2,0,1760,0,1760,0,2000,3760,950,3572,2428,6000,0,8000,1600,13400,15000,7500,10000,0,0,0,0,33,12000,58500,floor100,0,2,950,0,12000,58500,0,,M2:2024.10!259-273
2410-028,2024-10-09,9999,佐藤,ACM,clean,,12400,12400,13640,税込,incl,holes,2,6400,2200,0,2200,1800,2000,12400,1000,12400,0,12400,0,0,0,0,0,0,0,0,0,0,0,0,0,12400,floor100,0,2,1000,0,0,12400,0,,M2:2024.10!276-286
2410-029,2024-10-10,1019,田中,IJ,clean,,78000,78000,78000,税抜,excl,,2,0,73800,7380,66420,29520,2000,97940,800,78352,0,78352,0,0,0,0,0,0,0,0,0,0,0,0,0,78352,floor1000,-352,2,800,0,0,78352,-352,,M2:2024.10!289-300
2410-030,2024-10-10,1063,高橋,IJ,clean,,271700,271700,271700,税抜,excl,,2,0,383216,76643,306573,31080,2000,339653,800,271722,0,271722,0,0,0,0,0,0,0,0,0,0,0,0,0,271722,floor100,-22,2,800,0,0,271722,-22,,
2410-031,2024-10-10,1012,佐藤,IJ,clean,,171000,171000,171000,税抜,excl,,2,0,214200,42840,171360,36720,2000,210080,800,168064,0,168064,0,3000,0,0,0,0,0,0,0,0,0,0,0,171064,floor100,-64,2,800,0,0,171064,-64,,M2:2024.10!303-315 | M3:1012!10
2410-032,2024-10-11,1042,佐藤,CALP,clean,,68100,68100,68100,税抜,excl,,2,0,30360,0,30360,0,3500,33860,950,32167,0,32167,0,6000,8800,6200,15000,0,10000,0,0,0,0,13,5000,68167,floor100,-67,2,950,0,5000,68167,-67,,M2:2024.10!318-333
2410-033,2024-10-11,1042,高橋,CALP,clean,,89800,89800,89800,税抜,excl,,2,0,64800,0,64800,0,3500,68300,950,64885,0,64885,0,0,7200,7800,15000,0,10000,0,0,0,0,1,0,89885,floor100,-85,2,950,0,0,89885,-85,,
2410-034,2024-10-11,1025,佐藤,ACM,multiplier_copy,multiplier 900 per mille used instead of 1000; diff=-1700,20300,18600,18600,税抜,excl,,2,6400,7480,0,7480,1500,2000,17380,1000,17380,0,17380,0,3000,0,0,0,0,0,0,0,0,0,0,0,20380,floor100,-80,2,900,0,0,18642,-42,,M2:2024.10!336-348
2410-035,2024-10-11,1004,佐藤,IJ,clean,,26700,26700,26700,税抜,excl,,2,0,16768,0,16768,0,2000,18768,1000,18768,0,18768,0,8000,0,0,0,0,0,0,0,0,0,0,0,26768,floor100,-68,2,1000,0,0,26768,-68,,M2:2024.10!351-363
2410-036,2024-10-11,1031,佐藤,SODE,clean,,239500,239500,239500,税抜,excl,repeat,2,170000,0,0,0,0,0,170000,950,161500,0,161500,0,0,45000,0,45000,0,33000,0,0,0,0,10,0,239500,floor100,0,2,950,0,0,239500,0,,M2:2024.10!366-378
2410-037,2024-10-15,9999,田中,CALP,clean,,75000,75000,75000,税抜,excl,,2,0,36000,0,36000,0,3500,39500,1000,39500,0,39500,0,6000,4800,10200,15000,0,10000,0,0,0,0,19,5000,75500,floor1000,-500,2,1000,0,5000,75500,-500,,M2:2024.10!381-396
2410-038,2024-10-15,1057,高橋,ACM,clean,,15700,15700,15700,税抜,excl,corner_r;repeat,2,6400,7480,0,7480,1900,0,15780,1000,15780,0,15780,0,0,0,0,0,0,0,0,0,0,0,0,0,15780,floor100,-80,2,1000,0,0,15780,-80,,
2410-039,2024-10-15,1023,田中,ACM,clean,,53000,53000,53000,税抜,excl,rush;removal;repeat,2,6400,6160,0,6160,1500,0,14060,850,11951,0,11951,3585,0,10900,4100,15000,0,0,0,18000,0,0,11,5000,53536,floor1000,-536,2,850,3585,5000,53536,-536,,M2:2024.10!399-414 | M3:1023様!38 | M3:1023様!39(adj)
2410-040,2024-10-15,1042,佐藤,ACM,clean,,64100,64100,64100,税抜,excl,holes;repeat,2,6400,3520,0,3520,1800,0,11720,950,11134,0,11134,0,0,8800,6200,15000,0,33000,0,0,0,0,14,5000,64134,floor100,-34,2,950,0,5000,64134,-34,,M2:2024.10!417-431
2410-041,2024-10-15,9999,田中,IJ,clean,,73000,73000,80300,税込,incl,,2,0,68000,0,68000,0,2000,70000,1000,70000,0,70000,0,3000,0,0,0,0,0,0,0,0,0,0,0,73000,floor1000,0,2,1000,0,0,73000,0,,M2:2024.10!434-445
2410-042,2024-10-15,1048,田中,ACM,clean,,153000,153000,153000,税抜,excl,,2,51200,33000,0,33000,22500,2000,108700,1000,108700,0,108700,0,0,29800,0,29800,0,10000,0,0,0,0,22,5000,153500,floor1000,-500,2,1000,0,5000,153500,-500,,M2:2024.10!448-462
2410-043,2024-10-16,9999,鈴木,ACM,clean,,202700,202700,202700,税抜,excl,removal;survey;holes,2,51200,38720,0,38720,14400,2000,106320,1000,106320,0,106320,0,3000,36450,0,36450,0,33000,0,18000,0,6000,8,0,202770,floor100,-70,2,1000,0,0,202770,-70,,
2410-044,2024-10-16,1012,鈴木,IJ,clean,,46900,46900,46900,税抜,excl,,2,0,40500,0,40500,16200,2000,58700,800,46960,0,46960,0,0,0,0,0,0,0,0,0,0,0,0,0,46960,floor100,-60,2,800,0,0,46960,-60,,M3:1012!11
2410-045,2024-10-16,1091,高橋,CALP,clean,,52800,52800,52800,税抜,excl,,2,0,19320,0,19320,0,3500,22820,1000,22820,0,22820,0,0,5600,9400,15000,0,10000,0,0,0,0,11,5000,52820,floor100,-20,2,1000,0,5000,52820,-20,,
2410-046,2024-10-17,1067,佐藤,SODE,clean,,339800,339800,339800,税抜,excl,,2,170000,0,0,0,54800,0,224800,1000,224800,0,224800,0,3000,45000,0,45000,0,33000,22000,0,0,0,27,12000,339800,floor100,0,2,1000,0,12000,339800,0,,M2:2024.10!465-480
2410-047,2024-10-17,1012,佐藤,ACM,clean,,11700,11700,11700,税抜,excl,,2,6400,4840,0,4840,1500,2000,14740,800,11792,0,11792,0,0,0,0,0,0,0,0,0,0,0,0,0,11792,floor100,-92,2,800,0,0,11792,-92,,M2:2024.10!483-494 | M3:1012!12
2410-048,2024-10-18,1056,高橋,ACM,clean,,191400,191400,191400,税抜,excl,,2,38400,47520,4752,42768,27000,2000,110168,1000,110168,0,110168,0,3000,40300,0,40300,0,33000,0,0,0,0,11,5000,191468,floor100,-68,2,1000,0,5000,191468,-68,,
2410-049,2024-10-18,1041,佐藤,CALP,clean,,183700,183700,183700,税抜,excl,,2,0,169500,0,169500,0,3500,173000,900,155700,0,155700,0,3000,8000,7000,15000,0,10000,0,0,0,0,5,0,183700,floor100,0,2,900,0,0,183700,0,,M2:2024.10!497-510 | M3:1041!25
2410-050,2024-10-19,1079,田中,SODE,clean,,240000,240000,240000,税抜,excl,,2,132000,0,0,0,0,0,132000,950,125400,0,125400,0,3000,45000,0,45000,0,55000,0,0,0,0,27,12000,240400,floor1000,-400,2,950,0,12000,240400,-400,,M2:2024.10!513-528
2410-051,2024-10-19,1050,田中,ACM,duplicate,same quote entered twice under a new number,36000,36000,36000,税抜,excl,corner_r,2,6400,6160,0,6160,1900,2000,16460,1000,16460,0,16460,0,0,10900,4100,15000,0,0,0,0,0,0,13,5000,36460,floor1000,-460,2,1000,0,5000,36460,-460,original=2410-052,
2410-052,2024-10-19,1050,田中,ACM,clean,,36000,36000,36000,税抜,excl,corner_r,2,6400,6160,0,6160,1900,2000,16460,1000,16460,0,16460,0,0,10900,4100,15000,0,0,0,0,0,0,13,5000,36460,floor1000,-460,2,1000,0,5000,36460,-460,,M2:2024.10!531-544
2410-053,2024-10-21,1084,田中,IJ,clean,,114000,114000,114000,税抜,excl,,2,0,175780,35156,140624,0,2000,142624,800,114099,0,114099,0,0,0,0,0,0,0,0,0,0,0,0,0,114099,floor1000,-99,2,800,0,0,114099,-99,,M2:2024.10!547-558
2410-054,2024-10-22,1084,田中,IJ,clean,,33000,33000,33000,税抜,excl,,2,0,39600,0,39600,0,2000,41600,800,33280,0,33280,0,0,0,0,0,0,0,0,0,0,0,0,0,33280,floor1000,-280,2,800,0,0,33280,-280,,M2:2024.10!561-572
2410-055,2024-10-23,1025,佐藤,ACM,clean,,102500,102500,102500,税抜,excl,holes,2,48000,36960,0,36960,15600,2000,102560,1000,102560,0,102560,0,0,0,0,0,0,0,0,0,0,0,0,0,102560,floor100,-60,2,1000,0,0,102560,-60,,M2:2024.10!575-586
2410-056,2024-10-23,1094,田中,ACM,clean,,25800,25800,25800,税抜,excl,holes,2,12000,7040,0,7040,1800,2000,22840,1000,22840,0,22840,0,3000,0,0,0,0,0,0,0,0,0,0,0,25840,floor100,-40,2,1000,0,0,25840,-40,,M2:2024.10!589-601
2410-057,2024-10-23,9999,高橋,ACM,clean,,19300,19300,19300,税抜,excl,,2,6400,7920,0,7920,3000,2000,19320,1000,19320,0,19320,0,0,0,0,0,0,0,0,0,0,0,0,0,19320,floor100,-20,2,1000,0,0,19320,-20,,
2410-058,2024-10-23,1041,佐藤,CALP,clean,,75800,75800,75800,税抜,excl,,2,0,44160,0,44160,0,3500,47660,900,42894,0,42894,0,3000,12800,2200,15000,0,10000,0,0,0,0,11,5000,75894,floor100,-94,2,900,0,5000,75894,-94,,M2:2024.10!604-619 | M3:1041!26
2410-059,2024-10-24,1009,佐藤,ACM,clean,,23400,23400,23400,税抜,excl,,2,6400,3520,0,3520,1500,2000,13420,1000,13420,0,13420,0,10000,0,0,0,0,0,0,0,0,0,0,0,23420,floor100,-20,2,1000,0,0,23420,-20,,M2:2024.10!622-634
2410-060,2024-10-24,9999,鈴木,CALP,clean,,43100,43100,47410,税込,incl,,2,0,39600,0,39600,0,3500,43100,1000,43100,0,43100,0,0,0,0,0,0,0,0,0,0,0,0,0,43100,floor100,0,2,1000,0,0,43100,0,,
2410-061,2024-10-24,1023,田中,SODE,clean,,190000,190000,190000,税抜,excl,,2,132000,0,0,0,0,0,132000,850,112200,0,112200,0,3000,45000,0,45000,0,10000,0,0,0,0,52,20000,190200,floor1000,-200,2,850,0,20000,190200,-200,,M2:2024.10!637-652 | M3:1023様!40
2410-062,2024-10-24,9999,田中,IJ,clean,,14000,14000,15400,税込,incl,,2,0,1200,0,1200,0,2000,3200,1000,3200,2800,6000,0,8000,0,0,0,0,0,0,0,0,0,0,0,14000,floor100,0,2,1000,0,0,14000,0,,M2:2024.10!655-666
2410-063,2024-10-24,1063,高橋,IJ,clean,,157600,157600,157600,税抜,excl,repeat,2,0,246400,49280,197120,0,0,197120,800,157696,0,157696,0,0,0,0,0,0,0,0,0,0,0,0,0,157696,floor100,-96,2,800,0,0,157696,-96,,
2410-064,2024-10-25,1092,田中,IJ,clean,,10200,10200,10200,税抜,excl,,2,0,8767,0,8767,0,2000,10767,950,10228,0,10228,0,0,0,0,0,0,0,0,0,0,0,0,0,10228,floor100,-28,2,950,0,0,10228,-28,,M2:2024.10!669-680
2410-065,2024-10-25,9999,佐藤,IJ,clean,,32800,32800,32800,税抜,excl,,2,0,18000,0,18000,4800,2000,24800,1000,24800,0,24800,0,8000,0,0,0,0,0,0,0,0,0,0,0,32800,floor100,0,2,1000,0,0,32800,0,,M2:2024.10!683-694
2410-066,2024-10-25,1047,田中,IJ,clean,,73000,73000,73000,税抜,excl,,2,0,99600,9960,89640,0,2000,91640,800,73312,0,73312,0,0,0,0,0,0,0,0,0,0,0,0,0,73312,floor1000,-312,2,800,0,0,73312,-312,,M2:2024.10!697-708
2410-067,2024-10-28,1056,高橋,SODE,clean,,214000,214000,214000,税抜,excl,,2,199000,0,0,0,0,0,199000,1000,199000,0,199000,0,15000,0,0,0,0,0,0,0,0,0,0,0,214000,floor100,0,2,1000,0,0,214000,0,,
2410-068,2024-10-28,9999,高橋,IJ,clean,,53800,53800,59180,税込,incl,,2,0,28800,0,28800,0,2000,30800,1000,30800,0,30800,0,3000,13600,1400,15000,0,0,0,0,0,0,13,5000,53800,floor100,0,2,1000,0,5000,53800,0,,
2410-069,2024-10-28,1075,田中,SODE,clean,,387000,387000,387000,税抜,excl,,2,264000,0,0,0,0,0,264000,1000,264000,0,264000,0,0,90000,0,90000,0,33000,0,0,0,0,6,0,387000,floor1000,0,2,1000,0,0,387000,0,,M2:2024.10!711-723
2410-070,2024-10-28,9999,田中,CALP,manager_discount,undocumented discount 8000 (11.4%) from rule_net 70000,70000,62000,68200,税込,incl,removal;disposal,2,0,13720,0,13720,0,3500,17220,1000,17220,0,17220,0,0,5600,9400,15000,0,10000,0,18000,5000,0,22,5000,70220,floor1000,-220,2,1000,0,5000,70220,-8220,,M2:2024.10!726-742
2410-071,2024-10-30,9999,鈴木,IJ,tax_label_error,pre-tax amount written under the 税込 label,36300,36300,36300,税込,incl,,2,0,4500,0,4500,1800,2000,8300,1000,8300,0,8300,0,8000,2600,12400,15000,0,0,0,0,0,0,22,5000,36300,floor100,0,2,1000,0,5000,36300,0,,
2410-072,2024-10-30,1065,高橋,IJ,clean,,76900,76900,76900,税抜,excl,,2,0,54800,0,54800,0,2000,56800,950,53960,0,53960,0,3000,13800,1200,15000,0,0,0,0,0,0,24,5000,76960,floor100,-60,2,950,0,5000,76960,-60,,
2410-073,2024-10-31,1049,高橋,SODE,clean,,264600,264600,264600,税抜,excl,rush,2,132000,0,0,0,0,0,132000,1000,132000,0,132000,39600,15000,45000,0,45000,0,33000,0,0,0,0,1,0,264600,floor100,0,2,1000,39600,0,264600,0,,
2410-074,2024-10-31,9999,鈴木,ACM,clean,,38600,38600,42460,税込,incl,corner_r,2,12000,12760,0,12760,1900,2000,28660,1000,28660,0,28660,0,10000,0,0,0,0,0,0,0,0,0,0,0,38660,floor100,-60,2,1000,0,0,38660,-60,,
2410-075,2024-10-31,1071,鈴木,ACM,clean,,233900,233900,233900,税抜,excl,,2,144000,98560,9856,88704,54000,2000,288704,800,230963,0,230963,0,3000,0,0,0,0,0,0,0,0,0,0,0,233963,floor100,-63,2,800,0,0,233963,-63,,
2411-001,2024-11-01,9999,佐藤,IJ,clean,,19800,19800,21780,税込,incl,,2,0,9863,0,9863,0,2000,11863,1000,11863,0,11863,0,8000,0,0,0,0,0,0,0,0,0,0,0,19863,floor100,-63,2,1000,0,0,19863,-63,,M2:2024.11!1-13
2411-002,2024-11-01,1023,田中,ACM,clean,,62000,62000,62000,税抜,excl,night;holes,2,6400,7480,0,7480,1800,2000,17680,850,15028,0,15028,0,3000,11950,3050,15000,7500,10000,0,0,0,0,48,12000,62528,floor1000,-528,2,850,0,12000,62528,-528,,M2:2024.11!16-31 | M3:1023様!41 | M3:1023様!42(adj)
2411-003,2024-11-01,9999,田中,CALP,clean,,62000,62000,62000,税抜,excl,,2,0,27600,0,27600,0,3500,31100,1000,31100,0,31100,0,6000,8000,7000,15000,0,10000,0,0,0,0,1,0,62100,floor1000,-100,2,1000,0,0,62100,-100,,M2:2024.11!34-48
2411-004,2024-11-05,1071,佐藤,IJ,clean,,6000,6000,6000,税抜,excl,,2,0,5600,0,5600,0,2000,7600,800,6080,0,6080,0,0,0,0,0,0,0,0,0,0,0,0,0,6080,floor100,-80,2,800,0,0,6080,-80,,M2:2024.11!51-62
2411-005,2024-11-05,9999,佐藤,SODE,clean,,232600,232600,255860,税込,incl,,2,170000,0,0,0,59600,0,229600,1000,229600,0,229600,0,3000,0,0,0,0,0,0,0,0,0,0,0,232600,floor100,0,2,1000,0,0,232600,0,,M2:2024.11!65-76
2411-006,2024-11-05,1077,高橋,ACM,clean,,25000,25000,25000,税抜,excl,,2,6400,4400,0,4400,3000,2000,15800,950,15010,0,15010,0,10000,0,0,0,0,0,0,0,0,0,0,0,25010,floor100,-10,2,950,0,0,25010,-10,,M3:1077様!20
2411-007,2024-11-06,1054,佐藤,ACM,clean,,153500,153500,153500,税抜,excl,removal,2,24000,22880,0,22880,7500,2000,56380,1000,56380,0,56380,0,10000,24200,0,24200,0,33000,0,18000,0,0,26,12000,153580,floor100,-80,2,1000,0,12000,153580,-80,,M2:2024.11!79-95
2411-008,2024-11-06,1009,佐藤,CALP,clean,,112300,112300,112300,税抜,excl,,2,0,39000,1170,37830,0,3500,41330,1000,41330,0,41330,0,6000,20000,0,20000,0,33000,0,0,0,0,33,12000,112330,floor100,-30,2,1000,0,12000,112330,-30,,M2:2024.11!98-113
2411-009,2024-11-06,1033,田中,ACM,clean,,12500,12500,12500,税抜,excl,,2,6400,2640,0,2640,1500,2000,12540,1000,12540,0,12540,0,0,0,0,0,0,0,0,0,0,0,0,0,12540,floor100,-40,2,1000,0,0,12540,-40,,M2:2024.11!116-127
2411-010,2024-11-06,1077,高橋,ACM,clean,,36000,36000,36000,税抜,excl,,2,6400,1760,0,1760,1500,2000,11660,950,11077,0,11077,0,0,7400,7600,15000,0,10000,0,0,0,0,35,0,36077,floor100,-77,2,950,0,0,36077,-77,,M3:1077様!21
2411-011,2024-11-06,1074,高橋,IJ,clean,,14000,14000,14000,税抜,excl,,2,0,3200,0,3200,0,2000,5200,1000,5200,800,6000,0,8000,0,0,0,0,0,0,0,0,0,0,0,14000,floor100,0,2,1000,0,0,14000,0,,M3:１０７４!17
2411-012,2024-11-06,1047,田中,IJ,clean,,16200,16200,16200,税抜,excl,rush,2,0,13600,0,13600,0,2000,15600,800,12480,0,12480,3744,0,0,0,0,0,0,0,0,0,0,0,0,16224,floor100,-24,2,800,3744,0,16224,-24,,M2:2024.11!130-142
2411-013,2024-11-06,9999,佐藤,ACM,clean,,42600,42600,46860,税込,incl,holes,2,6400,7480,0,7480,1800,2000,17680,1000,17680,0,17680,0,10000,11950,3050,15000,0,0,0,0,0,0,8,0,42680,floor100,-80,2,1000,0,0,42680,-80,,M2:2024.11!145-158
2411-014,2024-11-07,1023,田中,ACM,clean,,348000,348000,348000,税抜,excl,rush;corner_r;holes,2,57600,71280,7128,64152,118800,2000,242552,850,206169,0,206169,61850,3000,57100,0,57100,0,0,0,0,0,0,75,20000,348119,floor1000,-119,2,850,61850,20000,348119,-119,,M2:2024.11!161-176 | M3:1023様!43
2411-015,2024-11-08,1096,佐藤,IJ,clean,,408100,408100,408100,税抜,excl,,2,0,322400,64480,257920,0,2000,259920,950,246924,0,246924,0,3000,158200,0,158200,0,0,0,0,0,0,10,0,408124,floor100,-24,2,950,0,0,408124,-24,,M2:2024.11!179-192
2411-016,2024-11-11,9999,鈴木,ACM,clean,,51100,51100,56210,税込,incl,,2,19200,22440,0,22440,4500,2000,48140,1000,48140,0,48140,0,3000,0,0,0,0,0,0,0,0,0,0,0,51140,floor100,-40,2,1000,0,0,51140,-40,,
2411-017,2024-11-11,1075,田中,ACM,clean,,61000,61000,61000,税抜,excl,night,2,6400,5280,0,5280,3000,2000,16680,1000,16680,0,16680,0,10000,9850,5150,15000,7500,0,0,0,0,0,35,12000,61180,floor1000,-180,2,1000,0,12000,61180,-180,,M2:2024.11!195-209
2411-018,2024-11-11,1042,佐藤,CALP,clean,,29900,29900,29900,税抜,excl,,2,0,27990,0,27990,0,3500,31490,950,29915,0,29915,0,0,0,0,0,0,0,0,0,0,0,0,0,29915,floor100,-15,2,950,0,0,29915,-15,,M2:2024.11!212-223
2411-019,2024-11-11,1022,佐藤,ACM,clean,,95300,95300,95300,税抜,excl,removal;survey,2,6400,7920,0,7920,3000,2000,19320,950,18354,0,18354,0,0,11950,3050,15000,0,33000,0,18000,0,6000,22,5000,95354,floor100,-54,2,950,0,5000,95354,-54,,M2:2024.11!226-242 | M3:１０２２!15
2411-020,2024-11-12,1085,佐藤,IJ,clean,,59000,59000,59000,税抜,excl,,2,0,54000,0,54000,0,2000,56000,1000,56000,0,56000,0,3000,0,0,0,0,0,0,0,0,0,0,0,59000,floor100,0,2,1000,0,0,59000,0,,M2:2024.11!245-256
2411-021,2024-11-12,1047,田中,ACM,clean,,37000,37000,37000,税抜,excl,,2,24000,17600,0,17600,3000,2000,46600,800,37280,0,37280,0,0,0,0,0,0,0,0,0,0,0,0,0,37280,floor1000,-280,2,800,0,0,37280,-280,,M2:2024.11!259-270
2411-022,2024-11-13,1085,佐藤,ACM,clean,,24300,24300,24300,税抜,excl,,2,6400,4400,0,4400,1500,2000,14300,1000,14300,0,14300,0,10000,0,0,0,0,0,0,0,0,0,0,0,24300,floor100,0,2,1000,0,0,24300,0,,M2:2024.11!273-284
2411-023,2024-11-13,9999,佐藤,CALP,clean,,25600,25600,28160,税込,incl,,2,0,16100,0,16100,0,3500,19600,1000,19600,0,19600,0,6000,0,0,0,0,0,0,0,0,0,0,0,25600,floor100,0,2,1000,0,0,25600,0,,M2:2024.11!287-298
2411-024,2024-11-13,9999,田中,ACM,clean,,40000,40000,40000,税抜,excl,,2,24000,7040,0,7040,7500,2000,40540,1000,40540,0,40540,0,0,0,0,0,0,0,0,0,0,0,0,0,40540,floor1000,-540,2,1000,0,0,40540,-540,,M2:2024.11!301-312
2411-025,2024-11-14,1023,田中,SODE,clean,,270000,270000,270000,税抜,excl,,2,132000,0,0,0,54800,0,186800,850,158780,0,158780,0,0,45000,0,45000,0,33000,22000,0,0,0,38,12000,270780,floor1000,-780,2,850,0,12000,270780,-780,,M2:2024.11!315-330 | M3:1023様!44 | M3:1023様!45(adj)
2411-026,2024-11-14,1082,佐藤,CALP,clean,,35200,35200,35200,税抜,excl,,2,0,11760,0,11760,0,3500,15260,1000,15260,0,15260,0,0,4800,10200,15000,0,0,0,0,0,0,22,5000,35260,floor100,-60,2,1000,0,5000,35260,-60,,M2:2024.11!333-346
2411-027,2024-11-14,1064,佐藤,IJ,clean,,14000,14000,14000,税抜,excl,,2,0,3400,0,3400,0,2000,5400,1000,5400,600,6000,0,8000,0,0,0,0,0,0,0,0,0,0,0,14000,floor100,0,2,1000,0,0,14000,0,,M2:2024.11!349-360
2411-028,2024-11-15,1023,田中,ACM,stale_table,previous contract multiplier 880 per mille used after 2024-10-01; diff=300,27500,27800,27800,税抜,excl,,2,6400,1320,0,1320,1500,2000,11220,850,9537,0,9537,0,3000,7050,7950,15000,0,0,0,0,0,0,1,0,27537,floor100,-37,2,880,0,0,27873,-73,,M2:2024.11!363-376 | M3:1023様!46
2411-029,2024-11-15,1023,田中,IJ,clean,,59000,59000,59000,税抜,excl,removal,2,0,4000,0,4000,0,2000,6000,850,5100,900,6000,0,8000,2000,13000,15000,0,0,0,18000,0,0,35,12000,59000,floor1000,0,2,850,0,12000,59000,0,,M2:2024.11!379-393 | M3:1023様!47
2411-030,2024-11-18,9999,佐藤,CALP,clean,,77000,77000,84700,税込,incl,,2,0,13500,0,13500,0,3500,17000,1000,17000,0,17000,0,0,7200,7800,15000,0,33000,0,0,0,0,38,12000,77000,floor100,0,2,1000,0,12000,77000,0,,M2:2024.11!396-409
2411-031,2024-11-18,9999,田中,CALP,clean,,26300,26300,26300,税抜,excl,,2,0,19800,0,19800,0,3500,23300,1000,23300,0,23300,0,3000,0,0,0,0,0,0,0,0,0,0,0,26300,floor100,0,2,1000,0,0,26300,0,,M2:2024.11!412-423
2411-032,2024-11-18,1026,高橋,ACM,clean,,14800,14800,14800,税抜,excl,,2,6400,1920,0,1920,1500,2000,11820,1000,11820,0,11820,0,3000,0,0,0,0,0,0,0,0,0,0,0,14820,floor100,-20,2,1000,0,0,14820,-20,,
2411-033,2024-11-18,9999,田中,ACM,clean,,61000,61000,61000,税抜,excl,night;survey,2,12000,12760,0,12760,1500,2000,28260,1000,28260,0,28260,0,3000,16150,0,16150,8075,0,0,0,0,6000,6,0,61485,floor1000,-485,2,1000,0,0,61485,-485,,M2:2024.11!426-440
2411-034,2024-11-19,1050,鈴木,IJ,clean,,29700,29700,29700,税抜,excl,,2,0,19727,0,19727,0,2000,21727,1000,21727,0,21727,0,8000,0,0,0,0,0,0,0,0,0,0,0,29727,floor100,-27,2,1000,0,0,29727,-27,,
2411-035,2024-11-19,1077,高橋,IJ,clean,,427700,427700,427700,税抜,excl,,2,0,354007,70801,283206,0,2000,285206,950,270945,0,270945,0,0,156800,0,156800,0,0,0,0,0,0,5,0,427745,floor100,-45,2,950,0,0,427745,-45,,M3:1077様!22
2411-036,2024-11-19,1089,佐藤,ACM,clean,,55900,55900,55900,税抜,excl,holes,2,12800,29920,0,29920,3600,2000,48320,950,45904,0,45904,0,10000,0,0,0,0,0,0,0,0,0,0,0,55904,floor100,-4,2,950,0,0,55904,-4,,M2:2024.11!443-455
2411-037,2024-11-19,1023,田中,IJ,clean,,245000,245000,245000,税抜,excl,rush,2,0,272000,54400,217600,0,2000,219600,850,186660,0,186660,55998,3000,0,0,0,0,0,0,0,0,0,0,0,245658,floor1000,-658,2,850,55998,0,245658,-658,,M2:2024.11!458-471 | M3:1023様!48 | M3:1023様!49(adj)
2411-038,2024-11-19,1010,佐藤,CALP,clean,,93000,93000,93000,税抜,excl,night,2,0,36000,0,36000,0,3500,39500,950,37525,0,37525,0,0,4800,10200,15000,7500,33000,0,0,0,0,5,0,93025,floor100,-25,2,950,0,0,93025,-25,,M2:2024.11!474-487
2411-039,2024-11-20,1067,鈴木,CALP,clean,,55800,55800,55800,税抜,excl,,2,0,22380,0,22380,0,3500,25880,1000,25880,0,25880,0,3000,4800,10200,15000,0,0,0,0,0,0,26,12000,55880,floor100,-80,2,1000,0,12000,55880,-80,,
2411-040,2024-11-20,1074,高橋,CALP,clean,,27300,27300,27300,税抜,excl,,2,0,17840,0,17840,0,3500,21340,1000,21340,0,21340,0,6000,0,0,0,0,0,0,0,0,0,0,0,27340,floor100,-40,2,1000,0,0,27340,-40,,M3:１０７４!18
2411-041,2024-11-21,1050,鈴木,ACM,clean,,88600,88600,88600,税抜,excl,removal;disposal;holes,2,6400,7480,0,7480,1800,2000,17680,1000,17680,0,17680,0,0,11950,3050,15000,0,33000,0,18000,5000,0,1,0,88680,floor100,-80,2,1000,0,0,88680,-80,,
2411-042,2024-11-21,1035,田中,SODE,clean,,132000,132000,132000,税抜,excl,,2,132000,0,0,0,0,0,132000,1000,132000,0,132000,0,0,0,0,0,0,0,0,0,0,0,0,0,132000,floor1000,0,2,1000,0,0,132000,0,,M2:2024.11!490-500
2411-043,2024-11-21,1096,佐藤,ACM,clean,,288900,288900,288900,税抜,excl,,2,147200,60720,6072,54648,34500,2000,238348,950,226430,0,226430,0,0,52550,0,52550,0,10000,0,0,0,0,10,0,288980,floor100,-80,2,950,0,0,288980,-80,,M2:2024.11!503-516
2411-044,2024-11-21,1096,佐藤,ACM,clean,,75600,75600,75600,税抜,excl,,2,12000,16720,0,16720,1500,2000,32220,950,30609,0,30609,0,0,12650,2350,15000,0,10000,0,0,0,0,52,20000,75609,floor100,-9,2,950,0,20000,75609,-9,,M2:2024.11!519-533
2411-045,2024-11-22,1022,佐藤,ACM,clean,,38000,38000,38000,税抜,excl,corner_r,2,6400,1320,0,1320,1900,2000,11620,950,11039,0,11039,0,0,6350,8650,15000,0,0,0,0,0,0,38,12000,38039,floor100,-39,2,950,0,12000,38039,-39,,M2:2024.11!536-549 | M3:１０２２!16
2411-046,2024-11-22,1084,佐藤,IJ,clean,,69700,69700,69700,税抜,excl,,2,0,94600,9460,85140,0,2000,87140,800,69712,0,69712,0,0,0,0,0,0,0,0,0,0,0,0,0,69712,floor100,-12,2,800,0,0,69712,-12,,M2:2024.11!552-563
2411-047,2024-11-22,1023,田中,IJ,stale_table,previous contract multiplier 880 per mille used after 2024-10-01; diff=200,7100,7300,7300,税抜,excl,,2,0,6400,0,6400,0,2000,8400,850,7140,0,7140,0,0,0,0,0,0,0,0,0,0,0,0,0,7140,floor100,-40,2,880,0,0,7392,-92,,M2:2024.11!566-577 | M3:1023様!50
2411-048,2024-11-22,1045,高橋,ACM,clean,,46600,46600,46600,税抜,excl,corner_r,2,6400,1320,0,1320,1900,2000,11620,1000,11620,0,11620,0,10000,7050,7950,15000,0,10000,0,0,0,0,1,0,46620,floor100,-20,2,1000,0,0,46620,-20,,
2411-049,2024-11-22,9999,田中,CALP,clean,,62000,62000,62000,税抜,excl,,2,0,27990,0,27990,0,3500,31490,1000,31490,0,31490,0,6000,7200,7800,15000,0,10000,0,0,0,0,1,0,62490,floor1000,-490,2,1000,0,0,62490,-490,,M2:2024.11!580-594
2411-050,2024-11-25,1068,高橋,ACM,clean,,69400,69400,69400,税抜,excl,,2,12000,12760,0,12760,1500,2000,28260,1000,28260,0,28260,0,10000,16150,0,16150,0,10000,0,0,0,0,18,5000,69410,floor100,-10,2,1000,0,5000,69410,-10,,
2411-051,2024-11-26,1023,鈴木,IJ,clean,,42700,42700,42700,税抜,excl,,2,0,12960,0,12960,0,2000,14960,850,12716,0,12716,0,0,3800,11200,15000,0,10000,0,0,0,0,14,5000,42716,floor100,-16,2,850,0,5000,42716,-16,,M3:1023様!51
2411-052,2024-11-26,1047,田中,ACM,clean,,38000,38000,38000,税抜,excl,,2,6400,7480,0,7480,1500,2000,17380,800,13904,0,13904,0,0,11950,3050,15000,0,10000,0,0,0,0,8,0,38904,floor1000,-904,2,800,0,0,38904,-904,,M2:2024.11!597-610
2411-053,2024-11-27,1020,高橋,IJ,rush_unrecorded,rush surcharge 47971 applied without rush wording in remarks,167900,215800,215800,税抜,excl,,2,0,184800,18480,166320,0,2000,168320,950,159904,0,159904,0,8000,0,0,0,0,0,0,0,0,0,0,0,167904,floor100,-4,2,950,47971,0,215875,-75,,
2411-054,2024-11-27,1022,佐藤,ACM,clean,,48400,48400,48400,税抜,excl,,2,6400,2200,0,2200,1500,2000,12100,950,11495,0,11495,0,0,7750,7250,15000,0,10000,0,0,0,0,42,12000,48495,floor100,-95,2,950,0,12000,48495,-95,,M2:2024.11!613-627 | M3:１０２２!17
2411-055,2024-11-27,1082,佐藤,ACM,clean,,46100,46100,46100,税抜,excl,rush;holes,2,6400,2200,0,2200,1800,2000,12400,1000,12400,0,12400,3720,3000,7750,7250,15000,0,0,0,0,0,0,38,12000,46120,floor100,-20,2,1000,3720,12000,46120,-20,,M2:2024.11!630-645
2411-056,2024-11-28,9999,佐藤,IJ,clean,,6800,6800,6800,税抜,excl,,2,0,4800,0,4800,0,2000,6800,1000,6800,0,6800,0,0,0,0,0,0,0,0,0,0,0,0,0,6800,floor100,0,2,1000,0,0,6800,0,,M2:2024.11!648-658
2411-057,2024-11-28,1050,鈴木,SODE,clean,,153000,153000,153000,税抜,excl,,2,95000,0,0,0,0,0,95000,1000,95000,0,95000,0,3000,45000,0,45000,0,10000,0,0,0,0,1,0,153000,floor100,0,2,1000,0,0,153000,0,,
2411-058,2024-11-28,9999,高橋,ACM,clean,,97600,97600,97600,税抜,excl,,2,36000,43120,0,43120,13500,2000,94620,1000,94620,0,94620,0,3000,0,0,0,0,0,0,0,0,0,0,0,97620,floor100,-20,2,1000,0,0,97620,-20,,
2411-059,2024-11-28,1007,高橋,IJ,clean,,31100,31100,31100,税抜,excl,,2,0,9000,0,9000,2880,2000,13880,950,13186,0,13186,0,3000,6000,9000,15000,0,0,0,0,0,0,8,0,31186,floor100,-86,2,950,0,0,31186,-86,,
2411-060,2024-11-29,9999,佐藤,ACM,clean,,72300,72300,79530,税込,incl,rush,2,6400,2640,0,2640,1500,2000,12540,1000,12540,0,12540,3762,3000,7050,7950,15000,0,33000,0,0,0,0,24,5000,72302,floor100,-2,2,1000,3762,5000,72302,-2,,M2:2024.11!661-677
2411-061,2024-11-29,9999,佐藤,CALP,clean,,174700,174700,192170,税込,incl,,2,0,123200,0,123200,0,3500,126700,1000,126700,0,126700,0,0,8000,7000,15000,0,33000,0,0,0,0,1,0,174700,floor100,0,2,1000,0,0,174700,0,,M2:2024.11!680-692
2411-062,2024-11-29,1007,高橋,SODE,clean,,357700,357700,357700,税抜,excl,survey,2,199000,0,0,0,62800,0,261800,950,248710,0,248710,0,3000,45000,0,45000,0,33000,22000,0,0,6000,1,0,357710,floor100,-10,2,950,0,0,357710,-10,,
2411-063,2024-11-30,1012,田中,ACM,clean,,86000,86000,86000,税抜,excl,rush;removal;disposal;repeat,2,6400,7480,0,7480,1500,0,15380,800,12304,0,12304,3691,0,11950,3050,15000,0,33000,0,18000,5000,0,8,0,86995,floor1000,-995,2,800,3691,0,86995,-995,,M2:2024.11!695-711 | M3:1012!13 | M3:1012!14(adj)
2412-001,2024-12-02,1004,佐藤,IJ,multiplier_copy,multiplier 950 per mille used instead of 1000; diff=-4300,93800,89500,89500,税抜,excl,,2,0,93160,9316,83844,0,2000,85844,1000,85844,0,85844,0,8000,0,0,0,0,0,0,0,0,0,0,0,93844,floor100,-44,2,950,0,0,89551,-51,,M2:2024.12!1-13
2412-002,2024-12-02,1032,高橋,IJ,clean,,9000,9000,9000,税抜,excl,,2,0,2240,0,2240,0,2000,4240,1000,4240,1760,6000,0,3000,0,0,0,0,0,0,0,0,0,0,0,9000,floor100,0,2,1000,0,0,9000,0,,
2412-003,2024-12-03,1038,田中,ACM,clean,,26900,26900,26900,税抜,excl,,2,6400,7040,0,7040,1500,2000,16940,1000,16940,0,16940,0,10000,0,0,0,0,0,0,0,0,0,0,0,26940,floor100,-40,2,1000,0,0,26940,-40,,M2:2024.12!16-28
2412-004,2024-12-04,1077,高橋,SODE,clean,,321100,321100,321100,税抜,excl,,2,170000,0,0,0,59600,0,229600,950,218120,0,218120,0,3000,45000,0,45000,0,33000,22000,0,0,0,18,0,321120,floor100,-20,2,950,0,0,321120,-20,,M3:1077様!23
2412-005,2024-12-04,1072,田中,ACM,clean,,81000,81000,81000,税抜,excl,survey,2,12800,14960,0,14960,3000,2000,32760,1000,32760,0,32760,0,3000,17550,0,17550,0,10000,0,0,0,6000,35,12000,81310,floor1000,-310,2,1000,0,12000,81310,-310,,M2:2024.12!31-47
2412-006,2024-12-05,1048,田中,SODE,clean,,252000,252000,252000,税抜,excl,removal;disposal;survey,2,95000,0,0,0,48400,0,143400,1000,143400,0,143400,0,3000,45000,0,45000,0,10000,22000,18000,5000,6000,6,0,252400,floor1000,-400,2,1000,0,0,252400,-400,,M2:2024.12!50-68
2412-007,2024-12-05,1046,佐藤,IJ,clean,,21000,21000,21000,税抜,excl,repeat,2,0,2400,0,2400,0,0,2400,1000,2400,3600,6000,0,0,1000,14000,15000,0,0,0,0,0,0,6,0,21000,floor100,0,2,1000,0,0,21000,0,,M2:2024.12!71-82
2412-008,2024-12-05,9999,高橋,ACM,clean,,608300,608300,669130,税込,incl,,2,240000,220000,44000,176000,75000,2000,493000,1000,493000,0,493000,0,10000,90350,0,90350,0,10000,0,0,0,0,14,5000,608350,floor100,-50,2,1000,0,5000,608350,-50,,
2412-009,2024-12-05,9999,高橋,IJ,tax_label_error,pre-tax amount written under the 税込 label,17000,17000,17000,税込,incl,rush,2,0,2000,0,2000,0,2000,4000,1000,4000,2000,6000,3000,8000,0,0,0,0,0,0,0,0,0,0,0,17000,floor100,0,2,1000,3000,0,17000,0,,
2412-010,2024-12-05,1031,佐藤,ACM,clean,,131300,131300,131300,税抜,excl,,2,36000,29480,0,29480,13500,2000,80980,950,76931,0,76931,0,3000,29450,0,29450,0,10000,0,0,0,0,27,12000,131381,floor100,-81,2,950,0,12000,131381,-81,,M2:2024.12!85-100
2412-011,2024-12-05,1091,高橋,ACM,clean,,299900,299900,299900,税抜,excl,,2,108000,81840,8184,73656,40500,2000,224156,1000,224156,0,224156,0,0,70750,0,70750,0,0,0,0,0,0,22,5000,299906,floor100,-6,2,1000,0,5000,299906,-6,,
2412-012,2024-12-06,1091,高橋,ACM,clean,,50500,50500,50500,税抜,excl,,2,24000,7040,0,7040,7500,2000,40540,1000,40540,0,40540,0,10000,0,0,0,0,0,0,0,0,0,0,0,50540,floor100,-40,2,1000,0,0,50540,-40,,
2412-013,2024-12-06,1041,佐藤,CALP,clean,,106700,106700,106700,税抜,excl,,2,0,87300,0,87300,0,3500,90800,900,81720,0,81720,0,0,8000,7000,15000,0,10000,0,0,0,0,8,0,106720,floor100,-20,2,900,0,0,106720,-20,,M2:2024.12!103-116 | M3:1041!27
2412-014,2024-12-09,1092,田中,IJ,clean,,17300,17300,17300,税抜,excl,,2,0,6987,0,6987,840,2000,9827,950,9335,0,9335,0,8000,0,0,0,0,0,0,0,0,0,0,0,17335,floor100,-35,2,950,0,0,17335,-35,,M2:2024.12!119-131
2412-015,2024-12-10,9999,佐藤,IJ,clean,,19400,19400,19400,税抜,excl,,2,0,12000,0,12000,2400,2000,16400,1000,16400,0,16400,0,3000,0,0,0,0,0,0,0,0,0,0,0,19400,floor100,0,2,1000,0,0,19400,0,,M2:2024.12!134-145
2412-016,2024-12-10,1050,鈴木,IJ,clean,,116000,116000,116000,税抜,excl,,2,0,123420,12342,111078,0,2000,113078,1000,113078,0,113078,0,3000,0,0,0,0,0,0,0,0,0,0,0,116078,floor100,-78,2,1000,0,0,116078,-78,,
2412-017,2024-12-10,1020,高橋,IJ,clean,,7600,7600,7600,税抜,excl,,2,0,6000,0,6000,0,2000,8000,950,7600,0,7600,0,0,0,0,0,0,0,0,0,0,0,0,0,7600,floor100,0,2,950,0,0,7600,0,,
2412-018,2024-12-11,9999,佐藤,IJ,clean,,6400,6400,7040,税込,incl,,2,0,4400,0,4400,0,2000,6400,1000,6400,0,6400,0,0,0,0,0,0,0,0,0,0,0,0,0,6400,floor100,0,2,1000,0,0,6400,0,,M2:2024.12!148-158
2412-019,2024-12-11,1074,高橋,ACM,clean,,68300,68300,68300,税抜,excl,survey,2,6400,7480,0,7480,1500,2000,17380,1000,17380,0,17380,0,0,11950,3050,15000,0,10000,0,0,0,6000,58,20000,68380,floor100,-80,2,1000,0,20000,68380,-80,,M3:１０７４!19
2412-020,2024-12-11,9999,鈴木,ACM,clean,,87700,87700,87700,税抜,excl,removal,2,6400,4840,0,4840,1500,2000,14740,1000,14740,0,14740,0,10000,9850,5150,15000,0,10000,0,18000,0,0,75,20000,87740,floor100,-40,2,1000,0,20000,87740,-40,,
2412-021,2024-12-11,1058,佐藤,ACM,clean,,10300,10300,10300,税抜,excl,,2,6400,3080,0,3080,1500,2000,12980,800,10384,0,10384,0,0,0,0,0,0,0,0,0,0,0,0,0,10384,floor100,-84,2,800,0,0,10384,-84,,M2:2024.12!161-172
2412-022,2024-12-12,1006,田中,ACM,clean,,71000,71000,71000,税抜,excl,removal;disposal,2,6400,1320,0,1320,1500,2000,11220,1000,11220,0,11220,0,10000,6700,8300,15000,0,0,0,18000,5000,0,38,12000,71220,floor1000,-220,2,1000,0,12000,71220,-220,,M2:2024.12!175-191
2412-023,2024-12-12,1080,高橋,CALP,clean,,87300,87300,87300,税抜,excl,,2,0,56850,0,56850,0,3500,60350,950,57332,0,57332,0,0,12000,3000,15000,0,10000,0,0,0,0,19,5000,87332,floor100,-32,2,950,0,5000,87332,-32,,
2412-024,2024-12-12,1074,高橋,IJ,clean,,14000,14000,14000,税抜,excl,,2,0,4000,0,4000,0,2000,6000,1000,6000,0,6000,0,8000,0,0,0,0,0,0,0,0,0,0,0,14000,floor100,0,2,1000,0,0,14000,0,,M3:１０７４!20
2412-025,2024-12-13,9999,高橋,IJ,clean,,16000,16000,16000,税抜,excl,,2,0,11000,0,11000,0,2000,13000,1000,13000,0,13000,0,3000,0,0,0,0,0,0,0,0,0,0,0,16000,floor100,0,2,1000,0,0,16000,0,,
2412-026,2024-12-13,1045,高橋,SODE,clean,,219500,219500,219500,税抜,excl,rush;survey,2,95000,0,0,0,0,0,95000,1000,95000,0,95000,28500,0,45000,0,45000,0,33000,0,0,0,6000,42,12000,219500,floor100,0,2,1000,28500,12000,219500,0,,
2412-027,2024-12-13,1031,佐藤,CALP,clean,,147900,147900,147900,税抜,excl,,2,0,101750,0,101750,0,3500,105250,950,99987,0,99987,0,0,8800,6200,15000,0,33000,0,0,0,0,6,0,147987,floor100,-87,2,950,0,0,147987,-87,,M2:2024.12!194-207
2412-028,2024-12-13,1075,田中,IJ,clean,,61000,61000,61000,税抜,excl,,2,0,56000,0,56000,0,2000,58000,1000,58000,0,58000,0,3000,0,0,0,0,0,0,0,0,0,0,0,61000,floor1000,0,2,1000,0,0,61000,0,,M2:2024.12!210-221
2412-029,2024-12-13,1080,高橋,CALP,clean,,18200,18200,18200,税抜,excl,,2,0,15750,0,15750,0,3500,19250,950,18287,0,18287,0,0,0,0,0,0,0,0,0,0,0,0,0,18287,floor100,-87,2,950,0,0,18287,-87,,
2412-030,2024-12-14,1023,田中,ACM,clean,,12300,12300,12300,税抜,excl,repeat,2,6400,5120,0,5120,3000,0,14520,850,12342,0,12342,0,0,0,0,0,0,0,0,0,0,0,0,0,12342,floor100,-42,2,850,0,0,12342,-42,,M2:2024.12!224-235 | M3:1023様!52
2412-031,2024-12-17,9999,佐藤,SODE,clean,,238000,238000,238000,税抜,excl,removal;disposal,2,132000,0,0,0,0,0,132000,1000,132000,0,132000,0,0,45000,0,45000,0,33000,0,18000,5000,0,18,5000,238000,floor100,0,2,1000,0,5000,238000,0,,M2:2024.12!238-253
2412-032,2024-12-17,1006,佐藤,IJ,clean,,29900,29900,29900,税抜,excl,,2,0,19947,0,19947,0,2000,21947,1000,21947,0,21947,0,8000,0,0,0,0,0,0,0,0,0,0,0,29947,floor100,-47,2,1000,0,0,29947,-47,,M2:2024.12!256-268
2412-033,2024-12-18,1023,田中,IJ,clean,,19900,19900,19900,税抜,excl,,2,0,12055,0,12055,0,2000,14055,850,11946,0,11946,0,8000,0,0,0,0,0,0,0,0,0,0,0,19946,floor100,-46,2,850,0,0,19946,-46,,M2:2024.12!271-283 | M3:1023様!53
2412-034,2024-12-18,1092,田中,ACM,multiplier_copy,multiplier 850 per mille used instead of 950; diff=-2000,80000,78000,78000,税抜,excl,,2,6400,7040,0,7040,3000,2000,18440,950,17518,0,17518,0,3000,8800,6200,15000,0,33000,0,0,0,0,27,12000,80518,floor1000,-518,2,850,0,12000,78674,-674,,M2:2024.12!286-301
2412-035,2024-12-18,1077,高橋,ACM,clean,,54900,54900,54900,税抜,excl,night,2,6400,10560,0,10560,1500,2000,20460,950,19437,0,19437,0,3000,10200,4800,15000,7500,10000,0,0,0,0,35,0,54937,floor100,-37,2,950,0,0,54937,-37,,M3:1077様!24
2412-036,2024-12-18,1050,佐藤,IJ,clean,,13000,13000,13000,税抜,excl,,2,0,8000,0,8000,0,2000,10000,1000,10000,0,10000,0,3000,0,0,0,0,0,0,0,0,0,0,0,13000,floor100,0,2,1000,0,0,13000,0,,M2:2024.12!304-315
2412-037,2024-12-19,9999,高橋,IJ,rounding_inconsistent,rounded 'halfup1000' instead of 'floor100' (pre-round 29200); diff=-200,29200,29000,31900,税込,incl,,2,0,27200,0,27200,0,2000,29200,1000,29200,0,29200,0,0,0,0,0,0,0,0,0,0,0,0,0,29200,floor100,0,2,1000,0,0,29200,-200,,
2412-038,2024-12-19,9999,田中,ACM,clean,,39000,39000,42900,税込,incl,night,2,6400,7480,0,7480,1500,2000,17380,1000,17380,0,17380,0,0,11950,3050,15000,7500,0,0,0,0,0,1,0,39880,floor1000,-880,2,1000,0,0,39880,-880,,M2:2024.12!318-330
2412-039,2024-12-19,1079,佐藤,ACM,clean,,36500,36500,36500,税抜,excl,,2,6400,4400,0,4400,1500,2000,14300,950,13585,0,13585,0,3000,9500,5500,15000,0,0,0,0,0,0,22,5000,36585,floor100,-85,2,950,0,5000,36585,-85,,M2:2024.12!333-347
2412-040,2024-12-19,1041,高橋,CALP,clean,,50500,50500,50500,税抜,excl,,2,0,24840,0,24840,0,3500,28340,900,25506,0,25506,0,0,7200,7800,15000,0,10000,0,0,0,0,5,0,50506,floor100,-6,2,900,0,0,50506,-6,,M3:1041!28
2412-041,2024-12-20,1010,佐藤,SODE,clean,,137700,137700,137700,税抜,excl,,2,95000,0,0,0,50000,0,145000,950,137750,0,137750,0,0,0,0,0,0,0,0,0,0,0,0,0,137750,floor100,-50,2,950,0,0,137750,-50,,M2:2024.12!350-361
2412-042,2024-12-20,1009,高橋,IJ,clean,,44000,44000,44000,税抜,excl,,2,0,34000,0,34000,0,2000,36000,1000,36000,0,36000,0,8000,0,0,0,0,0,0,0,0,0,0,0,44000,floor100,0,2,1000,0,0,44000,0,,
2412-043,2024-12-20,1074,高橋,ACM,manager_discount,undocumented discount 9500 (15.0%) from rule_net 63500,63500,54000,54000,税抜,excl,holes,2,19200,36960,0,36960,5400,2000,63560,1000,63560,0,63560,0,0,0,0,0,0,0,0,0,0,0,0,0,63560,floor100,-60,2,1000,0,0,63560,-9560,,M3:１０７４!21 | M3:１０７４!22(adj)
2412-044,2024-12-23,9999,佐藤,CALP,clean,,59900,59900,65890,税込,incl,,2,0,28400,0,28400,0,3500,31900,1000,31900,0,31900,0,3000,8000,7000,15000,0,10000,0,0,0,0,8,0,59900,floor100,0,2,1000,0,0,59900,0,,M2:2024.12!364-377
2412-045,2024-12-23,1054,佐藤,IJ,clean,,11000,11000,11000,税抜,excl,,2,0,6000,0,6000,0,2000,8000,1000,8000,0,8000,0,3000,0,0,0,0,0,0,0,0,0,0,0,11000,floor100,0,2,1000,0,0,11000,0,,M2:2024.12!380-391
2412-046,2024-12-23,1048,田中,CALP,clean,,71000,71000,71000,税抜,excl,,2,0,11700,0,11700,0,3500,15200,1000,15200,0,15200,0,3000,4800,10200,15000,0,33000,0,0,0,0,22,5000,71200,floor1000,-200,2,1000,0,5000,71200,-200,,M2:2024.12!394-409
2412-047,2024-12-23,1082,佐藤,CALP,clean,,65800,65800,65800,税抜,excl,,2,0,19320,0,19320,0,3500,22820,1000,22820,0,22820,0,6000,5600,9400,15000,0,10000,0,0,0,0,48,12000,65820,floor100,-20,2,1000,0,12000,65820,-20,,M2:2024.12!412-427
2412-048,2024-12-23,1009,田中,ACM,clean,,9200,9200,9200,税抜,excl,repeat,2,6400,1320,0,1320,1500,0,9220,1000,9220,0,9220,0,0,0,0,0,0,0,0,0,0,0,0,0,9220,floor100,-20,2,1000,0,0,9220,-20,,M2:2024.12!430-441
2412-049,2024-12-24,1073,佐藤,ACM,clean,,10400,10400,10400,税抜,excl,repeat,2,6400,3080,0,3080,1500,0,10980,950,10431,0,10431,0,0,0,0,0,0,0,0,0,0,0,0,0,10431,floor100,-31,2,950,0,0,10431,-31,,M2:2024.12!444-455
2412-050,2024-12-25,1023,佐藤,ACM,clean,,42900,42900,42900,税抜,excl,,2,6400,5280,0,5280,1500,2000,15180,850,12903,0,12903,0,0,10200,4800,15000,0,10000,0,0,0,0,22,5000,42903,floor100,-3,2,850,0,5000,42903,-3,,M2:2024.12!458-472 | M3:1023様!54
2412-051,2024-12-25,1045,高橋,CALP,clean,,93200,93200,93200,税抜,excl,night,2,0,31220,0,31220,0,3500,34720,1000,34720,0,34720,0,3000,5600,9400,15000,7500,33000,0,0,0,0,5,0,93220,floor100,-20,2,1000,0,0,93220,-20,,
2412-052,2024-12-25,9999,高橋,ACM,clean,,142200,142200,142200,税抜,excl,survey,2,25600,38720,0,38720,6000,2000,72320,1000,72320,0,72320,0,10000,21400,0,21400,0,10000,0,0,0,6000,84,22500,142220,floor100,-20,2,1000,0,22500,142220,-20,,
2412-053,2024-12-25,1054,佐藤,CALP,clean,,63500,63500,63500,税抜,excl,survey,2,0,31050,0,31050,0,3500,34550,1000,34550,0,34550,0,3000,7200,7800,15000,0,0,0,0,0,6000,18,5000,63550,floor100,-50,2,1000,0,5000,63550,-50,,M2:2024.12!475-490
2412-054,2024-12-25,1045,高橋,ACM,clean,,46800,46800,46800,税抜,excl,,2,6400,3960,0,3960,1500,2000,13860,1000,13860,0,13860,0,3000,9150,5850,15000,0,10000,0,0,0,0,22,5000,46860,floor100,-60,2,1000,0,5000,46860,-60,,
2412-055,2024-12-26,1042,佐藤,ACM,duplicate,same quote entered twice under a new number,64600,64600,64600,税抜,excl,survey,2,6400,1320,0,1320,1500,2000,11220,950,10659,0,10659,0,0,6350,8650,15000,0,33000,0,0,0,6000,10,0,64659,floor100,-59,2,950,0,0,64659,-59,original=2412-057,
2412-056,2024-12-26,9999,高橋,ACM,clean,,97200,97200,97200,税抜,excl,survey;corner_r;holes,2,24000,14520,0,14520,8200,2000,48720,1000,48720,0,48720,0,10000,17550,0,17550,0,10000,0,0,0,6000,13,5000,97270,floor100,-70,2,1000,0,5000,97270,-70,,
2412-057,2024-12-26,1042,佐藤,ACM,clean,,64600,64600,64600,税抜,excl,survey,2,6400,1320,0,1320,1500,2000,11220,950,10659,0,10659,0,0,6350,8650,15000,0,33000,0,0,0,6000,10,0,64659,floor100,-59,2,950,0,0,64659,-59,,M2:2024.12!493-507
2412-058,2024-12-26,1064,佐藤,ACM,clean,,74900,74900,74900,税抜,excl,,2,12800,6160,0,6160,3000,2000,23960,1000,23960,0,23960,0,3000,10550,4450,15000,0,33000,0,0,0,0,6,0,74960,floor100,-60,2,1000,0,0,74960,-60,,M2:2024.12!510-524
2412-059,2024-12-26,1005,佐藤,IJ,clean,,127300,127300,127300,税抜,excl,,2,0,196520,39304,157216,0,2000,159216,800,127372,0,127372,0,0,0,0,0,0,0,0,0,0,0,0,0,127372,floor100,-72,2,800,0,0,127372,-72,,M2:2024.12!527-538
2412-060,2024-12-26,1019,田中,IJ,clean,,165000,165000,165000,税抜,excl,,2,0,255477,51095,204382,0,2000,206382,800,165105,0,165105,0,0,0,0,0,0,0,0,0,0,0,0,0,165105,floor1000,-105,2,800,0,0,165105,-105,,M2:2024.12!541-552
2412-061,2024-12-27,1063,鈴木,IJ,clean,,32300,32300,32300,税抜,excl,no_grommet,2,0,38400,0,38400,0,2000,40400,800,32320,0,32320,0,0,0,0,0,0,0,0,0,0,0,0,0,32320,floor100,-20,2,800,0,0,32320,-20,,
2412-062,2024-12-27,9999,田中,IJ,clean,,18000,18000,18000,税抜,excl,,2,0,8000,0,8000,0,2000,10000,1000,10000,0,10000,0,8000,0,0,0,0,0,0,0,0,0,0,0,18000,floor100,0,2,1000,0,0,18000,0,,M2:2024.12!555-566
2412-063,2024-12-27,9999,高橋,IJ,clean,,448400,448400,493240,税込,incl,,2,0,548000,109600,438400,0,2000,440400,1000,440400,0,440400,0,8000,0,0,0,0,0,0,0,0,0,0,0,448400,floor100,0,2,1000,0,0,448400,0,,
2412-064,2024-12-27,1026,鈴木,IJ,clean,,41000,41000,41000,税抜,excl,,2,0,31071,0,31071,0,2000,33071,1000,33071,0,33071,0,8000,0,0,0,0,0,0,0,0,0,0,0,41071,floor100,-71,2,1000,0,0,41071,-71,,
2501-001,2025-01-06,1007,高橋,ACM,clean,,24300,24300,24300,税抜,excl,,2,6400,6720,0,6720,10500,2000,25620,950,24339,0,24339,0,0,0,0,0,0,0,0,0,0,0,0,0,24339,floor100,-39,2,950,0,0,24339,-39,,
2501-002,2025-01-06,1012,佐藤,IJ,clean,,8600,8600,8600,税抜,excl,,2,0,8767,0,8767,0,2000,10767,800,8613,0,8613,0,0,0,0,0,0,0,0,0,0,0,0,0,8613,floor100,-13,2,800,0,0,8613,-13,,M2:2025.01!1-12 | M3:1012!15
2501-003,2025-01-06,1096,佐藤,IJ,clean,,6000,6000,6000,税抜,excl,,2,0,1100,0,1100,0,2000,3100,950,2945,3055,6000,0,0,0,0,0,0,0,0,0,0,0,0,0,6000,floor100,0,2,950,0,0,6000,0,,M2:2025.01!15-25
2501-004,2025-01-06,1048,田中,CALP,clean,,64000,64000,64000,税抜,excl,,2,0,28400,0,28400,0,3500,31900,1000,31900,0,31900,0,3000,8000,7000,15000,0,10000,0,0,0,0,22,5000,64900,floor1000,-900,2,1000,0,5000,64900,-900,,M2:2025.01!28-43
2501-005,2025-01-06,1007,高橋,ACM,clean,,35800,35800,35800,税抜,excl,repeat,2,6400,3520,0,3520,1500,0,11420,950,10849,0,10849,0,0,8800,6200,15000,0,10000,0,0,0,0,1,0,35849,floor100,-49,2,950,0,0,35849,-49,,
2501-006,2025-01-07,1012,佐藤,ACM,clean,,13900,13900,13900,税抜,excl,,2,6400,7480,0,7480,1500,2000,17380,800,13904,0,13904,0,0,0,0,0,0,0,0,0,0,0,0,0,13904,floor100,-4,2,800,0,0,13904,-4,,M2:2025.01!46-57 | M3:1012!16
2501-007,2025-01-07,1077,高橋,ACM,clean,,58000,58000,58000,税抜,excl,repeat,2,6400,2640,0,2640,1500,0,10540,950,10013,0,10013,0,0,8100,6900,15000,0,33000,0,0,0,0,1,0,58013,floor100,-13,2,950,0,0,58013,-13,,M3:1077様!26
2501-008,2025-01-07,1023,田中,SODE,clean,,427000,427000,427000,税抜,excl,night,2,264000,0,0,0,77200,0,341200,850,290020,0,290020,0,15000,45000,0,45000,22500,33000,22000,0,0,0,1,0,427520,floor1000,-520,2,850,0,0,427520,-520,,M2:2025.01!60-75 | M3:1023様!56 | M3:1023様!57(adj)
2501-009,2025-01-08,1045,高橋,CALP,clean,,93100,93100,93100,税抜,excl,,2,0,49680,0,49680,0,3500,53180,1000,53180,0,53180,0,3000,6400,8600,15000,0,10000,0,0,0,0,35,12000,93180,floor100,-80,2,1000,0,12000,93180,-80,,
2501-010,2025-01-08,1023,田中,ACM,clean,,19500,19500,19500,税抜,excl,,2,6400,1320,0,1320,1500,2000,11220,850,9537,0,9537,0,10000,0,0,0,0,0,0,0,0,0,0,0,19537,floor100,-37,2,850,0,0,19537,-37,,M2:2025.01!78-90 | M3:1023様!58
2501-011,2025-01-09,1023,田中,SODE,clean,,266000,266000,266000,税抜,excl,survey,2,132000,0,0,0,51600,0,183600,850,156060,0,156060,0,15000,45000,0,45000,0,10000,22000,0,0,6000,33,12000,266060,floor1000,-60,2,850,0,12000,266060,-60,,M2:2025.01!93-110 | M3:1023様!59
2501-012,2025-01-14,1039,高橋,IJ,clean,,9000,9000,9000,税抜,excl,,2,0,3200,0,3200,0,2000,5200,1000,5200,800,6000,0,3000,0,0,0,0,0,0,0,0,0,0,0,9000,floor100,0,2,1000,0,0,9000,0,,
2501-013,2025-01-15,9999,田中,CALP,clean,,63000,63000,63000,税抜,excl,,2,0,23000,0,23000,0,3500,26500,1000,26500,0,26500,0,0,8000,7000,15000,0,10000,0,0,0,0,26,12000,63500,floor1000,-500,2,1000,0,12000,63500,-500,,M2:2025.01!113-127
2501-014,2025-01-16,1041,佐藤,ACM,clean,,93000,93000,93000,税抜,excl,removal;disposal,2,24000,12320,0,12320,7500,2000,45820,900,41238,0,41238,0,3000,15800,0,15800,0,10000,0,18000,5000,0,6,0,93038,floor100,-38,2,900,0,0,93038,-38,,M2:2025.01!130-146 | M3:1041!29
2501-015,2025-01-17,1022,佐藤,IJ,clean,,52900,52900,52900,税抜,excl,night,2,0,21600,0,21600,0,2000,23600,950,22420,0,22420,0,8000,10400,4600,15000,7500,0,0,0,0,0,5,0,52920,floor100,-20,2,950,0,0,52920,-20,,M2:2025.01!149-162 | M3:１０２２!18
2501-016,2025-01-20,1067,鈴木,SODE,clean,,269600,269600,269600,税抜,excl,rush,2,132000,0,0,0,0,0,132000,1000,132000,0,132000,39600,0,45000,0,45000,0,33000,0,0,0,0,80,20000,269600,floor100,0,2,1000,39600,20000,269600,0,,
2501-017,2025-01-20,1020,佐藤,SODE,clean,,340700,340700,340700,税抜,excl,,2,199000,0,0,0,62800,0,261800,950,248710,0,248710,0,3000,45000,0,45000,0,10000,22000,0,0,0,27,12000,340710,floor100,-10,2,950,0,12000,340710,-10,,M2:2025.01!165-181
2501-018,2025-01-20,9999,鈴木,ACM,clean,,77300,77300,77300,税抜,excl,,2,6400,4400,0,4400,1500,2000,14300,1000,14300,0,14300,0,10000,9500,5500,15000,0,33000,0,0,0,0,13,5000,77300,floor100,0,2,1000,0,5000,77300,0,,
2501-019,2025-01-20,1095,高橋,CALP,clean,,99700,99700,99700,税抜,excl,removal;disposal,2,0,43200,0,43200,0,3500,46700,1000,46700,0,46700,0,0,4800,10200,15000,0,10000,0,18000,5000,0,14,5000,99700,floor100,0,2,1000,0,5000,99700,0,,
2501-020,2025-01-21,1023,田中,ACM,travel_omitted,travel fee 5000 not charged,41000,36000,36000,税抜,excl,,2,12800,7040,0,7040,3000,2000,24840,850,21114,0,21114,0,0,11250,3750,15000,0,0,0,0,0,0,14,5000,41114,floor1000,-114,2,850,0,0,36114,-114,,M2:2025.01!184-196 | M3:1023様!60
2501-021,2025-01-21,1023,田中,ACM,clean,,52000,52000,52000,税抜,excl,repeat,2,6400,1320,0,1320,1500,0,9220,850,7837,0,7837,0,0,6700,8300,15000,0,10000,0,0,0,0,66,20000,52837,floor1000,-837,2,850,0,20000,52837,-837,,M2:2025.01!199-213 | M3:1023様!61 | M3:1023様!62(adj)
2501-022,2025-01-22,9999,佐藤,ACM,clean,,287300,287300,316030,税込,incl,,2,57600,134640,26928,107712,13500,2000,180812,1000,180812,0,180812,0,3000,58500,0,58500,0,33000,0,0,0,0,27,12000,287312,floor100,-12,2,1000,0,12000,287312,-12,,M2:2025.01!216-231
2501-023,2025-01-22,1008,鈴木,ACM,clean,,66300,66300,66300,税抜,excl,,2,6400,7920,0,7920,3000,2000,19320,1000,19320,0,19320,0,10000,11950,3050,15000,0,10000,0,0,0,0,48,12000,66320,floor100,-20,2,1000,0,12000,66320,-20,,
2501-024,2025-01-22,1096,佐藤,ACM,clean,,48900,48900,48900,税抜,excl,,2,6400,2640,0,2640,1500,2000,12540,950,11913,0,11913,0,0,8100,6900,15000,0,10000,0,0,0,0,35,12000,48913,floor100,-13,2,950,0,12000,48913,-13,,M2:2025.01!234-248
2501-025,2025-01-22,1065,高橋,IJ,clean,,191800,191800,191800,税抜,excl,,2,0,120120,12012,108108,0,2000,110108,950,104602,0,104602,0,3000,79200,0,79200,0,0,0,0,0,0,18,5000,191802,floor100,-2,2,950,0,5000,191802,-2,,
2501-026,2025-01-22,1023,田中,IJ,impossible,mode=other_quote; rule_net=82000; written amount implies net 32000,82000,32000,32000,税抜,excl,,2,0,94800,9480,85320,0,2000,87320,850,74222,0,74222,0,8000,0,0,0,0,0,0,0,0,0,0,0,82222,floor1000,-222,2,850,0,0,82222,-50222,,M2:2025.01!251-261 | M3:1023様!63
2501-027,2025-01-22,9999,鈴木,IJ,clean,,448400,448400,448400,税抜,excl,,2,0,548000,109600,438400,0,2000,440400,1000,440400,0,440400,0,8000,0,0,0,0,0,0,0,0,0,0,0,448400,floor100,0,2,1000,0,0,448400,0,,
2501-028,2025-01-22,9999,田中,CALP,clean,,54000,54000,59400,税込,incl,,2,0,14900,0,14900,0,3500,18400,1000,18400,0,18400,0,6000,8000,7000,15000,0,10000,0,0,0,0,14,5000,54400,floor1000,-400,2,1000,0,5000,54400,-400,,M2:2025.01!264-279
2501-029,2025-01-23,1039,高橋,SODE,clean,,306800,306800,306800,税抜,excl,,2,132000,0,0,0,54800,0,186800,1000,186800,0,186800,0,15000,45000,0,45000,0,33000,22000,0,0,0,22,5000,306800,floor100,0,2,1000,0,5000,306800,0,,
2501-030,2025-01-24,1033,田中,CALP,clean,,246000,246000,246000,税抜,excl,,2,0,211920,0,211920,0,3500,215420,1000,215420,0,215420,0,6000,9600,5400,15000,0,10000,0,0,0,0,5,0,246420,floor1000,-420,2,1000,0,0,246420,-420,,M2:2025.01!282-296
2501-031,2025-01-24,1074,高橋,CALP,rounding_inconsistent,rounded 'none' instead of 'floor100' (pre-round 89066); diff=66,89000,89066,89066,税抜,excl,,2,0,83160,594,82566,0,3500,86066,1000,86066,0,86066,0,3000,0,0,0,0,0,0,0,0,0,0,0,89066,floor100,-66,2,1000,0,0,89066,0,,M3:１０７４!23
2501-032,2025-01-24,1050,田中,CALP,clean,,108000,108000,108000,税抜,excl,,2,0,34080,0,34080,0,3500,37580,1000,37580,0,37580,0,0,9600,5400,15000,0,33000,0,0,0,0,84,22500,108080,floor1000,-80,2,1000,0,22500,108080,-80,,M2:2025.01!299-313
2501-033,2025-01-27,9999,佐藤,IJ,clean,,35200,35200,38720,税込,incl,,2,0,10200,0,10200,0,2000,12200,1000,12200,0,12200,0,8000,5000,10000,15000,0,0,0,0,0,0,5,0,35200,floor100,0,2,1000,0,0,35200,0,,M2:2025.01!316-328
2501-034,2025-01-27,1085,佐藤,IJ,clean,,14000,14000,14000,税抜,excl,,2,0,1960,0,1960,0,2000,3960,1000,3960,2040,6000,0,8000,0,0,0,0,0,0,0,0,0,0,0,14000,floor100,0,2,1000,0,0,14000,0,,M2:2025.01!331-342
2501-035,2025-01-28,1080,高橋,IJ,clean,,28700,28700,28700,税抜,excl,,2,0,24660,0,24660,3600,2000,30260,950,28747,0,28747,0,0,0,0,0,0,0,0,0,0,0,0,0,28747,floor100,-47,2,950,0,0,28747,-47,,
2501-036,2025-01-28,1023,田中,ACM,clean,,21100,21100,21100,税抜,excl,,2,12800,7040,0,7040,3000,2000,24840,850,21114,0,21114,0,0,0,0,0,0,0,0,0,0,0,0,0,21114,floor100,-14,2,850,0,0,21114,-14,,M2:2025.01!345-356 | M3:1023様!64
2501-037,2025-01-28,1012,高橋,IJ,clean,,27200,27200,27200,税抜,excl,,2,0,32120,0,32120,0,2000,34120,800,27296,0,27296,0,0,0,0,0,0,0,0,0,0,0,0,0,27296,floor100,-96,2,800,0,0,27296,-96,,M3:1012!17
2501-038,2025-01-28,9999,鈴木,ACM,clean,,66800,66800,73480,税込,incl,,2,6400,3960,0,3960,1500,2000,13860,1000,13860,0,13860,0,0,9150,5850,15000,0,33000,0,0,0,0,24,5000,66860,floor100,-60,2,1000,0,5000,66860,-60,,
2501-039,2025-01-28,1012,佐藤,IJ,clean,,33200,33200,33200,税抜,excl,rush,2,0,30000,0,30000,0,2000,32000,800,25600,0,25600,7680,0,0,0,0,0,0,0,0,0,0,0,0,33280,floor100,-80,2,800,7680,0,33280,-80,,M2:2025.01!359-371 | M3:1012!18
2501-040,2025-01-29,1089,佐藤,SODE,clean,,252700,252700,252700,税抜,excl,,2,95000,0,0,0,50000,0,145000,950,137750,0,137750,0,3000,45000,0,45000,0,33000,22000,0,0,0,48,12000,252750,floor100,-50,2,950,0,12000,252750,-50,,M2:2025.01!374-390
2501-041,2025-01-29,9999,田中,IJ,clean,,17900,17900,19690,税込,incl,survey,2,0,7500,0,7500,2400,2000,11900,1000,11900,0,11900,0,0,0,0,0,0,0,0,0,0,6000,1,0,17900,floor100,0,2,1000,0,0,17900,0,,M2:2025.01!393-404
2501-042,2025-01-31,1074,高橋,CALP,clean,,50500,50500,50500,税抜,excl,,2,0,22080,0,22080,0,3500,25580,1000,25580,0,25580,0,0,6400,8600,15000,0,10000,0,0,0,0,8,0,50580,floor100,-80,2,1000,0,0,50580,-80,,M3:１０７４!24
2501-043,2025-01-31,1077,高橋,ACM,clean,,10600,10600,10600,税抜,excl,,2,6400,1320,0,1320,1500,2000,11220,950,10659,0,10659,0,0,0,0,0,0,0,0,0,0,0,0,0,10659,floor100,-59,2,950,0,0,10659,-59,,M3:1077様!27
2502-001,2025-02-03,9999,田中,ACM,clean,,27100,27100,27100,税抜,excl,,2,6400,2200,0,2200,1500,2000,12100,1000,12100,0,12100,0,0,7750,7250,15000,0,0,0,0,0,0,1,0,27100,floor100,0,2,1000,0,0,27100,0,,M2:2025.02!1-12
2502-002,2025-02-03,9999,佐藤,CALP,clean,,16500,16500,16500,税抜,excl,,2,0,7000,0,7000,0,3500,10500,1000,10500,0,10500,0,6000,0,0,0,0,0,0,0,0,0,0,0,16500,floor100,0,2,1000,0,0,16500,0,,M2:2025.02!15-26
2502-003,2025-02-03,1065,高橋,ACM,clean,,233800,233800,233800,税抜,excl,holes,2,121600,97280,19456,77824,34200,2000,235624,950,223842,0,223842,0,10000,0,0,0,0,0,0,0,0,0,0,0,233842,floor100,-42,2,950,0,0,233842,-42,,
2502-004,2025-02-04,1026,高橋,IJ,clean,,7000,7000,7000,税抜,excl,,2,0,3600,0,3600,1440,2000,7040,1000,7040,0,7040,0,0,0,0,0,0,0,0,0,0,0,0,0,7040,floor100,-40,2,1000,0,0,7040,-40,,
2502-005,2025-02-04,1092,田中,ACM,rush_unrecorded,rush surcharge 4953 applied without rush wording in remarks,16500,21400,21400,税抜,excl,,2,6400,7480,0,7480,1500,2000,17380,950,16511,0,16511,0,0,0,0,0,0,0,0,0,0,0,0,0,16511,floor100,-11,2,950,4953,0,21464,-64,,M2:2025.02!29-40
2502-006,2025-02-04,9999,佐藤,IJ,revision_v1,superseded by re-issued quote (negotiated price); v1 priced by rules,53200,53200,58520,税込,incl,,2,0,16200,0,16200,0,2000,18200,1000,18200,0,18200,0,8000,6000,9000,15000,0,0,0,0,0,0,27,12000,53200,floor100,0,2,1000,0,12000,53200,0,v2=2502-006-2,M2:2025.02!43-56
2502-006-2,2025-02-19,9999,佐藤,IJ,revision_v2,"negotiated price, undocumented reduction 5200 from rule_net 53200",53200,48000,52800,税込,incl,,2,0,16200,0,16200,0,2000,18200,1000,18200,0,18200,0,8000,6000,9000,15000,0,0,0,0,0,0,27,12000,53200,floor100,0,2,1000,0,12000,53200,-5200,v1=2502-006,M2:2025.02!390-404
2502-007,2025-02-04,9999,佐藤,IJ,clean,,59800,59800,59800,税抜,excl,,2,0,57800,0,57800,0,2000,59800,1000,59800,0,59800,0,0,0,0,0,0,0,0,0,0,0,0,0,59800,floor100,0,2,1000,0,0,59800,0,,M2:2025.02!59-69
2502-008,2025-02-05,9999,高橋,ACM,clean,,403100,403100,403100,税抜,excl,,2,216000,130680,13068,117612,67500,2000,403112,1000,403112,0,403112,0,0,0,0,0,0,0,0,0,0,0,0,0,403112,floor100,-12,2,1000,0,0,403112,-12,,
2502-009,2025-02-05,1092,田中,IJ,clean,,9800,9800,9800,税抜,excl,,2,0,8384,0,8384,0,2000,10384,950,9864,0,9864,0,0,0,0,0,0,0,0,0,0,0,0,0,9864,floor100,-64,2,950,0,0,9864,-64,,M2:2025.02!72-83
2502-010,2025-02-06,1091,鈴木,IJ,clean,,39000,39000,39000,税抜,excl,,2,0,1620,0,1620,0,2000,3620,1000,3620,2380,6000,0,3000,600,14400,15000,0,10000,0,0,0,0,11,5000,39000,floor100,0,2,1000,0,5000,39000,0,,
2502-011,2025-02-06,9999,佐藤,IJ,clean,,16900,16900,18590,税込,incl,,2,0,6904,0,6904,0,2000,8904,1000,8904,0,8904,0,8000,0,0,0,0,0,0,0,0,0,0,0,16904,floor100,-4,2,1000,0,0,16904,-4,,M2:2025.02!86-98
2502-012,2025-02-06,9999,鈴木,IJ,clean,,10800,10800,11880,税込,incl,,2,0,8800,0,8800,0,2000,10800,1000,10800,0,10800,0,0,0,0,0,0,0,0,0,0,0,0,0,10800,floor100,0,2,1000,0,0,10800,0,,
2502-013,2025-02-07,9999,田中,CALP,clean,,64000,64000,70400,税込,incl,,2,0,24840,0,24840,0,3500,28340,1000,28340,0,28340,0,6000,3200,11800,15000,0,10000,0,0,0,0,18,5000,64340,floor1000,-340,2,1000,0,5000,64340,-340,,M2:2025.02!101-116
2502-014,2025-02-07,9999,高橋,IJ,clean,,42200,42200,46420,税込,incl,,2,0,30000,0,30000,7200,2000,39200,1000,39200,0,39200,0,3000,0,0,0,0,0,0,0,0,0,0,0,42200,floor100,0,2,1000,0,0,42200,0,,
2502-015,2025-02-07,1025,佐藤,IJ,clean,,42200,42200,42200,税抜,excl,repeat,2,0,27200,0,27200,0,0,27200,1000,27200,0,27200,0,0,13000,2000,15000,0,0,0,0,0,0,1,0,42200,floor100,0,2,1000,0,0,42200,0,,M2:2025.02!119-130
2502-016,2025-02-10,1007,高橋,ACM,clean,,169400,169400,169400,税抜,excl,night;removal,2,36000,38280,0,38280,4500,2000,80780,950,76741,0,76741,0,10000,36450,0,36450,18225,10000,0,18000,0,0,6,0,169416,floor100,-16,2,950,0,0,169416,-16,,
2502-017,2025-02-10,1023,田中,CALP,clean,,65000,65000,65000,税抜,excl,,2,0,41400,0,41400,0,3500,44900,850,38165,0,38165,0,0,7200,7800,15000,0,0,0,0,0,0,27,12000,65165,floor1000,-165,2,850,0,12000,65165,-165,,M2:2025.02!133-146 | M3:1023様!65
2502-018,2025-02-10,1005,佐藤,IJ,clean,,43800,43800,43800,税抜,excl,,2,0,52800,0,52800,0,2000,54800,800,43840,0,43840,0,0,0,0,0,0,0,0,0,0,0,0,0,43840,floor100,-40,2,800,0,0,43840,-40,,M2:2025.02!149-160
2502-019,2025-02-10,1063,鈴木,IJ,clean,,89900,89900,89900,税抜,excl,,2,0,122751,12275,110476,0,2000,112476,800,89980,0,89980,0,0,0,0,0,0,0,0,0,0,0,0,0,89980,floor100,-80,2,800,0,0,89980,-80,,
2502-020,2025-02-12,1025,佐藤,ACM,clean,,62700,62700,62700,税抜,excl,,2,12800,7920,0,7920,3000,2000,25720,1000,25720,0,25720,0,10000,11950,3050,15000,0,0,0,0,0,0,42,12000,62720,floor100,-20,2,1000,0,12000,62720,-20,,M2:2025.02!163-177
2502-021,2025-02-12,1085,佐藤,SODE,clean,,379000,379000,379000,税抜,excl,,2,264000,0,0,0,0,0,264000,1000,264000,0,264000,0,15000,45000,0,45000,0,55000,0,0,0,0,1,0,379000,floor100,0,2,1000,0,0,379000,0,,M2:2025.02!180-193
2502-022,2025-02-12,1023,田中,IJ,clean,,215000,215000,215000,税抜,excl,repeat,2,0,316800,63360,253440,0,0,253440,850,215424,0,215424,0,0,0,0,0,0,0,0,0,0,0,0,0,215424,floor1000,-424,2,850,0,0,215424,-424,,M2:2025.02!196-207 | M3:1023様!66 | M3:1023様!67(adj)
2502-023,2025-02-12,1068,高橋,IJ,clean,,6000,6000,6000,税抜,excl,,2,0,4000,0,4000,0,2000,6000,1000,6000,0,6000,0,0,0,0,0,0,0,0,0,0,0,0,0,6000,floor100,0,2,1000,0,0,6000,0,,
2502-024,2025-02-12,1049,田中,ACM,clean,,45000,45000,45000,税抜,excl,,2,24000,11880,0,11880,7500,2000,45380,1000,45380,0,45380,0,0,0,0,0,0,0,0,0,0,0,0,0,45380,floor1000,-380,2,1000,0,0,45380,-380,,M2:2025.02!210-221
2502-025,2025-02-12,9999,鈴木,IJ,clean,,26800,26800,29480,税込,incl,,2,0,16800,0,16800,0,2000,18800,1000,18800,0,18800,0,8000,0,0,0,0,0,0,0,0,0,0,0,26800,floor100,0,2,1000,0,0,26800,0,,
2502-026,2025-02-13,9999,田中,ACM,clean,,22700,22700,24970,税込,incl,,2,6400,2880,0,2880,1500,2000,12780,1000,12780,0,12780,0,10000,0,0,0,0,0,0,0,0,0,0,0,22780,floor100,-80,2,1000,0,0,22780,-80,,M2:2025.02!224-236
2502-027,2025-02-13,9999,佐藤,ACM,clean,,28200,28200,28200,税抜,excl,,2,12000,12760,0,12760,1500,2000,28260,1000,28260,0,28260,0,0,0,0,0,0,0,0,0,0,0,0,0,28260,floor100,-60,2,1000,0,0,28260,-60,,M2:2025.02!239-250
2502-028,2025-02-13,1033,田中,ACM,clean,,436000,436000,436000,税抜,excl,,2,180000,132000,26400,105600,22500,2000,310100,1000,310100,0,310100,0,0,111000,0,111000,0,10000,0,0,0,0,24,5000,436100,floor1000,-100,2,1000,0,5000,436100,-100,,M2:2025.02!253-267
2502-029,2025-02-13,1064,佐藤,CALP,clean,,135200,135200,135200,税抜,excl,,2,0,106700,0,106700,0,3500,110200,1000,110200,0,110200,0,0,8000,7000,15000,0,10000,0,0,0,0,1,0,135200,floor100,0,2,1000,0,0,135200,0,,M2:2025.02!270-282
2502-030,2025-02-13,1051,鈴木,CALP,clean,,16800,16800,16800,税抜,excl,,2,0,7890,0,7890,0,3500,11390,950,10820,0,10820,0,6000,0,0,0,0,0,0,0,0,0,0,0,16820,floor100,-20,2,950,0,0,16820,-20,,
2502-031,2025-02-14,1022,佐藤,ACM,clean,,107900,107900,107900,税抜,excl,repeat,2,36000,22880,0,22880,13500,0,72380,950,68761,0,68761,0,0,24200,0,24200,0,10000,0,0,0,0,14,5000,107961,floor100,-61,2,950,0,5000,107961,-61,,M2:2025.02!285-299 | M3:１０２２!19
2502-032,2025-02-14,1064,佐藤,ACM,clean,,32700,32700,32700,税抜,excl,,2,12800,14960,0,14960,3000,2000,32760,1000,32760,0,32760,0,0,0,0,0,0,0,0,0,0,0,0,0,32760,floor100,-60,2,1000,0,0,32760,-60,,M2:2025.02!302-313
2502-033,2025-02-14,1001,佐藤,IJ,clean,,6000,6000,6000,税抜,excl,repeat,2,0,2800,0,2800,0,0,2800,950,2660,3340,6000,0,0,0,0,0,0,0,0,0,0,0,0,0,6000,floor100,0,2,950,0,0,6000,0,,M2:2025.02!316-326
2502-034,2025-02-17,1045,鈴木,ACM,clean,,21600,21600,21600,税抜,excl,,2,6400,1760,0,1760,1500,2000,11660,1000,11660,0,11660,0,10000,0,0,0,0,0,0,0,0,0,0,0,21660,floor100,-60,2,1000,0,0,21660,-60,,
2502-035,2025-02-17,1010,佐藤,IJ,clean,,112300,112300,112300,税抜,excl,,2,0,129200,12920,116280,0,2000,118280,950,112366,0,112366,0,0,0,0,0,0,0,0,0,0,0,0,0,112366,floor100,-66,2,950,0,0,112366,-66,,M2:2025.02!329-340
2502-036,2025-02-17,9999,高橋,ACM,clean,,23800,23800,26180,税込,incl,survey;holes,2,6400,2640,0,2640,1800,2000,12840,1000,12840,0,12840,0,0,0,0,0,0,0,0,0,0,6000,13,5000,23840,floor100,-40,2,1000,0,5000,23840,-40,,
2502-037,2025-02-17,1071,佐藤,IJ,clean,,6000,6000,6000,税抜,excl,,2,0,4000,0,4000,0,2000,6000,800,4800,1200,6000,0,0,0,0,0,0,0,0,0,0,0,0,0,6000,floor100,0,2,800,0,0,6000,0,,M2:2025.02!343-353
2502-038,2025-02-18,9999,田中,CALP,clean,,47000,47000,51700,税込,incl,,2,0,13800,0,13800,0,3500,17300,1000,17300,0,17300,0,0,4800,10200,15000,0,10000,0,0,0,0,13,5000,47300,floor1000,-300,2,1000,0,5000,47300,-300,,M2:2025.02!356-370
2502-039,2025-02-18,1085,佐藤,ACM,clean,,281200,281200,281200,税抜,excl,survey,2,108800,74800,7480,67320,25500,2000,203620,1000,203620,0,203620,0,0,61650,0,61650,0,10000,0,0,0,6000,5,0,281270,floor100,-70,2,1000,0,0,281270,-70,,M2:2025.02!373-387
2502-040,2025-02-19,9999,高橋,IJ,clean,,70300,70300,77330,税込,incl,night,2,0,32880,0,32880,0,2000,34880,1000,34880,0,34880,0,3000,9000,6000,15000,7500,10000,0,0,0,0,10,0,70380,floor100,-80,2,1000,0,0,70380,-80,,
2502-041,2025-02-19,1085,佐藤,ACM,duplicate,same quote entered twice under a new number,281200,281200,281200,税抜,excl,survey,2,108800,74800,7480,67320,25500,2000,203620,1000,203620,0,203620,0,0,61650,0,61650,0,10000,0,0,0,6000,5,0,281270,floor100,-70,2,1000,0,0,281270,-70,original=2502-039,
2502-042,2025-02-19,1085,佐藤,ACM,clean,,82800,82800,82800,税抜,excl,holes,2,48000,25600,0,25600,7200,2000,82800,1000,82800,0,82800,0,0,0,0,0,0,0,0,0,0,0,0,0,82800,floor100,0,2,1000,0,0,82800,0,,M2:2025.02!407-417
2502-043,2025-02-20,9999,鈴木,CALP,clean,,96700,96700,96700,税抜,excl,removal;disposal,2,0,55200,0,55200,0,3500,58700,1000,58700,0,58700,0,0,8000,7000,15000,0,0,0,18000,5000,0,5,0,96700,floor100,0,2,1000,0,0,96700,0,,
2502-044,2025-02-20,1089,佐藤,IJ,clean,,88300,88300,88300,税抜,excl,no_grommet,2,0,91800,9180,82620,0,2000,84620,950,80389,0,80389,0,8000,0,0,0,0,0,0,0,0,0,0,0,88389,floor100,-89,2,950,0,0,88389,-89,,M2:2025.02!420-432
2502-045,2025-02-20,1045,田中,CALP,manager_discount,undocumented discount 21000 (12.7%) from rule_net 166000,166000,145000,145000,税抜,excl,repeat,2,0,141740,0,141740,0,0,141740,1000,141740,0,141740,0,0,15200,0,15200,0,10000,0,0,0,0,10,0,166940,floor1000,-940,2,1000,0,0,166940,-21940,,M2:2025.02!435-448
2502-046,2025-02-20,1041,佐藤,SODE,clean,,451400,451400,451400,税抜,excl,,2,326000,0,0,0,90000,0,416000,900,374400,0,374400,0,0,45000,0,45000,0,10000,22000,0,0,0,5,0,451400,floor100,0,2,900,0,0,451400,0,,M2:2025.02!451-464 | M3:1041!30
2502-047,2025-02-21,1067,佐藤,CALP,clean,,64200,64200,64200,税抜,excl,,2,0,23700,0,23700,0,3500,27200,1000,27200,0,27200,0,0,8000,7000,15000,0,10000,0,0,0,0,35,12000,64200,floor100,0,2,1000,0,12000,64200,0,,M2:2025.02!467-480
2502-048,2025-02-21,1077,高橋,CALP,clean,,52600,52600,52600,税抜,excl,,2,0,22480,0,22480,0,3500,25980,950,24681,0,24681,0,3000,6400,8600,15000,0,10000,0,0,0,0,13,0,52681,floor100,-81,2,950,0,0,52681,-81,,M3:1077様!28
2502-049,2025-02-21,1048,田中,IJ,clean,,93000,93000,93000,税抜,excl,removal;survey,2,0,24000,0,24000,7680,2000,33680,1000,33680,0,33680,0,0,16000,0,16000,0,0,0,18000,0,6000,55,20000,93680,floor1000,-680,2,1000,0,20000,93680,-680,,M2:2025.02!483-498
2502-050,2025-02-25,1078,佐藤,ACM,clean,,185800,185800,185800,税抜,excl,holes,2,60000,127600,12760,114840,9000,2000,185840,1000,185840,0,185840,0,0,0,0,0,0,0,0,0,0,0,0,0,185840,floor100,-40,2,1000,0,0,185840,-40,,M2:2025.02!501-512
2502-051,2025-02-25,1022,佐藤,IJ,clean,,6000,6000,6000,税抜,excl,,2,0,1600,0,1600,0,2000,3600,950,3420,2580,6000,0,0,0,0,0,0,0,0,0,0,0,0,0,6000,floor100,0,2,950,0,0,6000,0,,M2:2025.02!515-525 | M3:１０２２!20
2502-052,2025-02-25,1077,田中,IJ,clean,,72000,72000,72000,税抜,excl,,2,0,73651,7365,66286,0,2000,68286,950,64871,0,64871,0,8000,0,0,0,0,0,0,0,0,0,0,0,72871,floor1000,-871,2,950,0,0,72871,-871,,M2:2025.02!528-540 | M3:1077様!29 | M3:1077様!30(adj)
2502-053,2025-02-25,1008,鈴木,IJ,clean,,45400,45400,45400,税抜,excl,survey,2,0,32400,0,32400,0,2000,34400,1000,34400,0,34400,0,0,0,0,0,0,0,0,0,0,6000,18,5000,45400,floor100,0,2,1000,0,5000,45400,0,,
2502-054,2025-02-25,1081,佐藤,SODE,clean,,548900,548900,548900,税抜,excl,,2,264000,0,0,0,109600,0,373600,950,354920,0,354920,0,15000,90000,0,90000,0,55000,22000,0,0,0,27,12000,548920,floor100,-20,2,950,0,12000,548920,-20,,M2:2025.02!543-559
2502-055,2025-02-25,1063,鈴木,ACM,clean,,19200,19200,19200,税抜,excl,holes,2,6400,6600,0,6600,9000,2000,24000,800,19200,0,19200,0,0,0,0,0,0,0,0,0,0,0,0,0,19200,floor100,0,2,800,0,0,19200,0,,
2502-056,2025-02-26,1077,高橋,IJ,clean,,6000,6000,6000,税抜,excl,,2,0,3360,0,3360,0,2000,5360,950,5092,908,6000,0,0,0,0,0,0,0,0,0,0,0,0,0,6000,floor100,0,2,950,0,0,6000,0,,M3:1077様!31
2502-057,2025-02-26,1009,佐藤,SODE,clean,,635600,635600,635600,税抜,excl,rush,2,264000,0,0,0,109600,0,373600,1000,373600,0,373600,112080,0,90000,0,90000,0,33000,22000,0,0,0,14,5000,635680,floor100,-80,2,1000,112080,5000,635680,-80,,M2:2025.02!562-578
2502-058,2025-02-26,1064,佐藤,IJ,clean,,9000,9000,9000,税抜,excl,,2,0,900,0,900,360,2000,3260,1000,3260,2740,6000,0,3000,0,0,0,0,0,0,0,0,0,0,0,9000,floor100,0,2,1000,0,0,9000,0,,M2:2025.02!581-592
2502-059,2025-02-26,1046,佐藤,ACM,clean,,43200,43200,43200,税抜,excl,holes;repeat,2,24000,11440,0,11440,7800,0,43240,1000,43240,0,43240,0,0,0,0,0,0,0,0,0,0,0,0,0,43240,floor100,-40,2,1000,0,0,43240,-40,,M2:2025.02!595-606
2502-060,2025-02-26,1038,佐藤,ACM,clean,,64000,64000,64000,税抜,excl,removal;disposal,2,6400,6160,0,6160,1500,2000,16060,1000,16060,0,16060,0,10000,10900,4100,15000,0,0,0,18000,5000,0,6,0,64060,floor100,-60,2,1000,0,0,64060,-60,,M2:2025.02!609-624
2502-061,2025-02-27,1023,田中,ACM,clean,,29900,29900,29900,税抜,excl,repeat,2,6400,9680,0,9680,1500,0,17580,850,14943,0,14943,0,0,9850,5150,15000,0,0,0,0,0,0,5,0,29943,floor100,-43,2,850,0,0,29943,-43,,M2:2025.02!627-639 | M3:1023様!68
2502-062,2025-02-27,1023,田中,ACM,clean,,374000,374000,374000,税抜,excl,,2,180000,132000,26400,105600,22500,2000,310100,850,263585,0,263585,0,0,111000,0,111000,0,0,0,0,0,0,1,0,374585,floor1000,-585,2,850,0,0,374585,-585,,M2:2025.02!642-654 | M3:1023様!69 | M3:1023様!70(adj)
2502-063,2025-02-27,1004,佐藤,ACM,rush_unrecorded,rush surcharge 6234 applied without rush wording in remarks,23700,30000,30000,税抜,excl,,2,12000,5280,0,5280,1500,2000,20780,1000,20780,0,20780,0,3000,0,0,0,0,0,0,0,0,0,0,0,23780,floor100,-80,2,1000,6234,0,30014,-14,,M2:2025.02!657-669
2502-064,2025-02-27,1012,佐藤,IJ,clean,,6000,6000,6000,税抜,excl,no_grommet,2,0,1200,0,1200,0,2000,3200,800,2560,3440,6000,0,0,0,0,0,0,0,0,0,0,0,0,0,6000,floor100,0,2,800,0,0,6000,0,,M2:2025.02!672-682 | M3:1012!19
2502-065,2025-02-27,1041,佐藤,CALP,clean,,64800,64800,64800,税抜,excl,,2,0,40800,0,40800,0,3500,44300,900,39870,0,39870,0,0,6400,8600,15000,0,10000,0,0,0,0,1,0,64870,floor100,-70,2,900,0,0,64870,-70,,M2:2025.02!685-698 | M3:1041!31
2502-066,2025-02-27,1041,鈴木,ACM,clean,,77200,77200,77200,税抜,excl,holes,2,19200,22440,0,22440,5400,2000,49040,900,44136,0,44136,0,0,23150,0,23150,0,10000,0,0,0,0,5,0,77286,floor100,-86,2,900,0,0,77286,-86,,M3:1041!32
2502-067,2025-02-27,9999,高橋,IJ,clean,,14000,14000,15400,税込,incl,,2,0,1020,0,1020,0,2000,3020,1000,3020,2980,6000,0,8000,0,0,0,0,0,0,0,0,0,0,0,14000,floor100,0,2,1000,0,0,14000,0,,
2502-068,2025-02-27,1078,佐藤,ACM,clean,,26600,26600,26600,税抜,excl,corner_r,2,6400,1320,0,1320,1900,2000,11620,1000,11620,0,11620,0,0,7050,7950,15000,0,0,0,0,0,0,8,0,26620,floor100,-20,2,1000,0,0,26620,-20,,M2:2025.02!701-713
2502-069,2025-02-28,1042,佐藤,ACM,clean,,101000,101000,101000,税抜,excl,removal;disposal,2,24000,25520,0,25520,3000,2000,54520,950,51794,0,51794,0,0,26300,0,26300,0,0,0,18000,5000,0,10,0,101094,floor100,-94,2,950,0,0,101094,-94,,M2:2025.02!716-730
2502-070,2025-02-28,1045,高橋,ACM,clean,,32700,32700,32700,税抜,excl,holes,2,6400,2560,0,2560,1800,2000,12760,1000,12760,0,12760,0,0,8800,6200,15000,0,0,0,0,0,0,11,5000,32760,floor100,-60,2,1000,0,5000,32760,-60,,
2502-071,2025-02-28,1005,佐藤,IJ,clean,,190800,190800,190800,税抜,excl,,2,0,258930,51786,207144,29400,2000,238544,800,190835,0,190835,0,0,0,0,0,0,0,0,0,0,0,0,0,190835,floor100,-35,2,800,0,0,190835,-35,,M2:2025.02!733-744
2503-001,2025-03-03,1084,田中,IJ,clean,,226000,226000,226000,税抜,excl,repeat,2,0,308250,61650,246600,36000,0,282600,800,226080,0,226080,0,0,0,0,0,0,0,0,0,0,0,0,0,226080,floor1000,-80,2,800,0,0,226080,-80,,M2:2025.03!1-12
2503-002,2025-03-03,1096,佐藤,SODE,clean,,517900,517900,517900,税抜,excl,survey;repeat,2,264000,0,0,0,109600,0,373600,950,354920,0,354920,0,0,90000,0,90000,0,33000,22000,0,0,6000,35,12000,517920,floor100,-20,2,950,0,12000,517920,-20,,M2:2025.03!15-31
2503-003,2025-03-04,1056,高橋,IJ,clean,,6400,6400,6400,税抜,excl,,2,0,4400,0,4400,0,2000,6400,1000,6400,0,6400,0,0,0,0,0,0,0,0,0,0,0,0,0,6400,floor100,0,2,1000,0,0,6400,0,,
2503-004,2025-03-05,9999,田中,CALP,clean,,129000,129000,141900,税込,incl,rush,2,0,72900,0,72900,0,3500,76400,1000,76400,0,76400,22920,0,4800,10200,15000,0,10000,0,0,0,0,11,5000,129320,floor1000,-320,2,1000,22920,5000,129320,-320,,M2:2025.03!34-49
2503-005,2025-03-05,1023,田中,ACM,clean,,93000,93000,93000,税抜,excl,removal;disposal,2,12800,14960,0,14960,3000,2000,32760,850,27846,0,27846,0,10000,17550,0,17550,0,10000,0,18000,5000,0,22,5000,93396,floor1000,-396,2,850,0,5000,93396,-396,,M2:2025.03!52-69 | M3:1023様!71 | M3:1023様!72(adj)
2503-006,2025-03-05,1045,高橋,IJ,clean,,19500,19500,19500,税抜,excl,,2,0,9520,0,9520,0,2000,11520,1000,11520,0,11520,0,8000,0,0,0,0,0,0,0,0,0,0,0,19520,floor100,-20,2,1000,0,0,19520,-20,,
2503-007,2025-03-06,1080,高橋,ACM,clean,,78200,78200,78200,税抜,excl,,2,48000,26400,0,26400,6000,2000,82400,950,78280,0,78280,0,0,0,0,0,0,0,0,0,0,0,0,0,78280,floor100,-80,2,950,0,0,78280,-80,,
2503-008,2025-03-06,1047,田中,ACM,clean,,41000,41000,41000,税抜,excl,,2,12800,15840,0,15840,18000,2000,48640,800,38912,0,38912,0,3000,0,0,0,0,0,0,0,0,0,0,0,41912,floor1000,-912,2,800,0,0,41912,-912,,M2:2025.03!72-84
2503-009,2025-03-07,1026,高橋,IJ,clean,,20200,20200,20200,税抜,excl,,2,0,10200,0,10200,0,2000,12200,1000,12200,0,12200,0,8000,0,0,0,0,0,0,0,0,0,0,0,20200,floor100,0,2,1000,0,0,20200,0,,
2503-010,2025-03-07,9999,佐藤,ACM,clean,,96300,96300,96300,税抜,excl,,2,25600,19360,0,19360,6000,2000,52960,1000,52960,0,52960,0,10000,21400,0,21400,0,0,0,0,0,0,35,12000,96360,floor100,-60,2,1000,0,12000,96360,-60,,M2:2025.03!87-101
2503-011,2025-03-07,1054,佐藤,ACM,clean,,56700,56700,56700,税抜,excl,,2,24000,13200,0,13200,7500,2000,46700,1000,46700,0,46700,0,10000,0,0,0,0,0,0,0,0,0,0,0,56700,floor100,0,2,1000,0,0,56700,0,,M2:2025.03!104-115
2503-012,2025-03-07,1019,田中,IJ,clean,,46000,46000,46000,税抜,excl,repeat,2,0,57540,0,57540,0,0,57540,800,46032,0,46032,0,0,0,0,0,0,0,0,0,0,0,0,0,46032,floor1000,-32,2,800,0,0,46032,-32,,M2:2025.03!118-129
2503-013,2025-03-07,1046,佐藤,SODE,clean,,316800,316800,316800,税抜,excl,,2,170000,0,0,0,54800,0,224800,1000,224800,0,224800,0,15000,45000,0,45000,0,10000,22000,0,0,0,1,0,316800,floor100,0,2,1000,0,0,316800,0,,M2:2025.03!132-146
2503-014,2025-03-07,1069,鈴木,CALP,clean,,127800,127800,127800,税抜,excl,repeat,2,0,112860,0,112860,0,0,112860,1000,112860,0,112860,0,0,8800,6200,15000,0,0,0,0,0,0,5,0,127860,floor100,-60,2,1000,0,0,127860,-60,,
2503-015,2025-03-08,1066,田中,IJ,revision_v1,superseded by re-issued quote (negotiated price); v1 priced by rules,185000,185000,185000,税抜,excl,rush,2,0,168000,33600,134400,0,2000,136400,1000,136400,0,136400,40920,8000,0,0,0,0,0,0,0,0,0,0,0,185320,floor1000,-320,2,1000,40920,0,185320,-320,v2=2503-015-2,M2:2025.03!149-162
2503-015-2,2025-03-26,1066,田中,IJ,revision_v2,"negotiated price, undocumented reduction 16000 from rule_net 185000",185000,169000,169000,税抜,excl,rush,2,0,168000,33600,134400,0,2000,136400,1000,136400,0,136400,40920,8000,0,0,0,0,0,0,0,0,0,0,0,185320,floor1000,-320,2,1000,40920,0,185320,-16320,v1=2503-015,M2:2025.03!562-575
2503-016,2025-03-08,1036,田中,IJ,clean,,49000,49000,49000,税抜,excl,,2,0,60480,0,60480,0,2000,62480,800,49984,0,49984,0,0,0,0,0,0,0,0,0,0,0,0,0,49984,floor1000,-984,2,800,0,0,49984,-984,,M2:2025.03!165-176
2503-017,2025-03-10,1092,田中,IJ,clean,,83000,83000,83000,税抜,excl,,2,0,81378,8137,73241,9240,2000,84481,950,80256,0,80256,0,3000,0,0,0,0,0,0,0,0,0,0,0,83256,floor1000,-256,2,950,0,0,83256,-256,,M2:2025.03!179-191
2503-018,2025-03-10,1046,佐藤,IJ,clean,,202200,202200,202200,税抜,excl,repeat,2,0,252840,50568,202272,0,0,202272,1000,202272,0,202272,0,0,0,0,0,0,0,0,0,0,0,0,0,202272,floor100,-72,2,1000,0,0,202272,-72,,M2:2025.03!194-205
2503-019,2025-03-10,9999,鈴木,IJ,clean,,53600,53600,58960,税込,incl,,2,0,23672,0,23672,0,2000,25672,1000,25672,0,25672,0,8000,4400,10600,15000,0,0,0,0,0,0,18,5000,53672,floor100,-72,2,1000,0,5000,53672,-72,,
2503-020,2025-03-11,9999,佐藤,IJ,clean,,36000,36000,36000,税抜,excl,,2,0,2400,0,2400,0,2000,4400,1000,4400,1600,6000,0,0,1200,13800,15000,0,10000,0,0,0,0,13,5000,36000,floor100,0,2,1000,0,5000,36000,0,,M2:2025.03!208-221
2503-021,2025-03-11,1065,高橋,SODE,clean,,251500,251500,251500,税抜,excl,,2,170000,0,0,0,0,0,170000,950,161500,0,161500,0,0,45000,0,45000,0,33000,0,0,0,0,26,12000,251500,floor100,0,2,950,0,12000,251500,0,,
2503-022,2025-03-11,1047,田中,CALP,clean,,16100,16100,16100,税抜,excl,rush,2,0,12000,0,12000,0,3500,15500,800,12400,0,12400,3720,0,0,0,0,0,0,0,0,0,0,0,0,16120,floor100,-20,2,800,3720,0,16120,-20,,M2:2025.03!224-236
2503-023,2025-03-11,1045,高橋,ACM,clean,,13800,13800,13800,税抜,excl,,2,6400,3960,0,3960,1500,2000,13860,1000,13860,0,13860,0,0,0,0,0,0,0,0,0,0,0,0,0,13860,floor100,-60,2,1000,0,0,13860,-60,,
2503-024,2025-03-11,1063,鈴木,IJ,clean,,51500,51500,51500,税抜,excl,,2,0,62400,0,62400,0,2000,64400,800,51520,0,51520,0,0,0,0,0,0,0,0,0,0,0,0,0,51520,floor100,-20,2,800,0,0,51520,-20,,
2503-025,2025-03-12,1010,佐藤,CALP,clean,,49900,49900,49900,税抜,excl,,2,0,45900,0,45900,0,3500,49400,950,46930,0,46930,0,3000,0,0,0,0,0,0,0,0,0,0,0,49930,floor100,-30,2,950,0,0,49930,-30,,M2:2025.03!239-251
2503-026,2025-03-12,1063,田中,IJ,clean,,205000,205000,205000,税抜,excl,,2,0,318606,63721,254885,0,2000,256885,800,205508,0,205508,0,0,0,0,0,0,0,0,0,0,0,0,0,205508,floor1000,-508,2,800,0,0,205508,-508,,M2:2025.03!254-265
2503-027,2025-03-12,1023,田中,ACM,clean,,80000,80000,80000,税抜,excl,,2,32000,14400,0,14400,7500,2000,55900,850,47515,0,47515,0,0,20700,0,20700,0,0,0,0,0,0,42,12000,80215,floor1000,-215,2,850,0,12000,80215,-215,,M2:2025.03!268-281 | M3:1023様!73
2503-028,2025-03-12,9999,高橋,ACM,clean,,59200,59200,65120,税込,incl,removal;disposal,2,6400,1320,0,1320,1500,2000,11220,1000,11220,0,11220,0,10000,6700,8300,15000,0,0,0,18000,5000,0,5,0,59220,floor100,-20,2,1000,0,0,59220,-20,,
2503-029,2025-03-12,1045,高橋,ACM,duplicate,same quote entered twice under a new number,13800,13800,13800,税抜,excl,,2,6400,3960,0,3960,1500,2000,13860,1000,13860,0,13860,0,0,0,0,0,0,0,0,0,0,0,0,0,13860,floor100,-60,2,1000,0,0,13860,-60,original=2503-023,
2503-030,2025-03-12,1023,田中,SODE,manager_discount,undocumented discount 36000 (16.3%) from rule_net 221000,221000,185000,185000,税抜,excl,,2,95000,0,0,0,48400,0,143400,850,121890,0,121890,0,0,45000,0,45000,0,33000,22000,0,0,0,1,0,221890,floor1000,-890,2,850,0,0,221890,-36890,,M2:2025.03!284-298 | M3:1023様!74 | M3:1023様!75(adj)
2503-031,2025-03-12,1074,高橋,SODE,clean,,210000,210000,210000,税抜,excl,removal;disposal;survey,2,95000,0,0,0,0,0,95000,1000,95000,0,95000,0,3000,45000,0,45000,0,33000,0,18000,5000,6000,19,5000,210000,floor100,0,2,1000,0,5000,210000,0,,M3:１０７４!25
2503-032,2025-03-13,9999,鈴木,ACM,clean,,53000,53000,58300,税込,incl,,2,12800,13200,0,13200,15000,2000,43000,1000,43000,0,43000,0,10000,0,0,0,0,0,0,0,0,0,0,0,53000,floor100,0,2,1000,0,0,53000,0,,
2503-033,2025-03-13,9999,佐藤,IJ,clean,,41200,41200,41200,税抜,excl,survey,2,0,25200,0,25200,0,2000,27200,1000,27200,0,27200,0,8000,0,0,0,0,0,0,0,0,6000,10,0,41200,floor100,0,2,1000,0,0,41200,0,,M2:2025.03!301-313
2503-034,2025-03-13,1006,佐藤,ACM,clean,,16800,16800,16800,税抜,excl,,2,6400,3960,0,3960,4500,2000,16860,1000,16860,0,16860,0,0,0,0,0,0,0,0,0,0,0,0,0,16860,floor100,-60,2,1000,0,0,16860,-60,,M2:2025.03!316-327
2503-035,2025-03-13,1041,佐藤,CALP,clean,,78200,78200,78200,税抜,excl,survey,2,0,35640,0,35640,0,3500,39140,900,35226,0,35226,0,0,7200,7800,15000,0,10000,0,0,0,6000,33,12000,78226,floor100,-26,2,900,0,12000,78226,-26,,M2:2025.03!330-345 | M3:1041!33
2503-036,2025-03-14,1063,鈴木,IJ,clean,,9200,9200,9200,税抜,excl,,2,0,9600,0,9600,0,2000,11600,800,9280,0,9280,0,0,0,0,0,0,0,0,0,0,0,0,0,9280,floor100,-80,2,800,0,0,9280,-80,,
2503-037,2025-03-14,1074,鈴木,ACM,travel_omitted,travel fee 5000 not charged,42500,37500,37500,税抜,excl,holes,2,6400,10560,0,10560,3600,2000,22560,1000,22560,0,22560,0,0,9850,5150,15000,0,0,0,0,0,0,22,5000,42560,floor100,-60,2,1000,0,0,37560,-60,,M3:１０７４!26
2503-038,2025-03-14,1077,高橋,IJ,clean,,16300,16300,16300,税抜,excl,,2,0,6800,0,6800,0,2000,8800,950,8360,0,8360,0,8000,0,0,0,0,0,0,0,0,0,0,0,16360,floor100,-60,2,950,0,0,16360,-60,,M3:1077様!32
2503-039,2025-03-14,1008,鈴木,ACM,clean,,188800,188800,188800,税抜,excl,rush,2,32000,74800,7480,67320,7500,2000,108820,1000,108820,0,108820,32646,3000,34350,0,34350,0,10000,0,0,0,0,6,0,188816,floor100,-16,2,1000,32646,0,188816,-16,,
2503-040,2025-03-14,1024,高橋,ACM,clean,,38200,38200,38200,税抜,excl,,2,12000,12760,0,12760,1500,2000,28260,1000,28260,0,28260,0,10000,0,0,0,0,0,0,0,0,0,0,0,38260,floor100,-60,2,1000,0,0,38260,-60,,
2503-041,2025-03-15,1023,田中,IJ,clean,,24000,24000,24000,税抜,excl,rush,2,0,1020,0,1020,0,2000,3020,850,2567,3433,6000,3000,0,600,14400,15000,0,0,0,0,0,0,6,0,24000,floor100,0,2,850,3000,0,24000,0,,M2:2025.03!348-360 | M3:1023様!76
2503-042,2025-03-15,1031,田中,ACM,clean,,76000,76000,76000,税抜,excl,,2,6400,14960,0,14960,1500,2000,24860,950,23617,0,23617,0,10000,11950,3050,15000,0,0,0,0,0,0,108,27500,76117,floor1000,-117,2,950,0,27500,76117,-117,,M2:2025.03!363-377
2503-043,2025-03-17,1021,田中,ACM,clean,,46000,46000,46000,税抜,excl,,2,6400,3520,0,3520,1500,2000,13420,1000,13420,0,13420,0,3000,8800,6200,15000,0,10000,0,0,0,0,19,5000,46420,floor1000,-420,2,1000,0,5000,46420,-420,,M2:2025.03!380-395
2503-044,2025-03-17,1012,佐藤,IJ,clean,,209900,209900,209900,税抜,excl,rush;no_grommet,2,0,249900,49980,199920,0,2000,201920,800,161536,0,161536,48460,0,0,0,0,0,0,0,0,0,0,0,0,209996,floor100,-96,2,800,48460,0,209996,-96,,M2:2025.03!398-410 | M3:1012!20
2503-045,2025-03-17,1073,佐藤,ACM,clean,,13600,13600,13600,税抜,excl,,2,6400,1320,0,1320,1500,2000,11220,950,10659,0,10659,0,3000,0,0,0,0,0,0,0,0,0,0,0,13659,floor100,-59,2,950,0,0,13659,-59,,M2:2025.03!413-425
2503-046,2025-03-17,9999,佐藤,SODE,clean,,290000,290000,290000,税抜,excl,,2,190000,0,0,0,100000,0,290000,1000,290000,0,290000,0,0,0,0,0,0,0,0,0,0,0,0,0,290000,floor100,0,2,1000,0,0,290000,0,,M2:2025.03!428-438
2503-047,2025-03-18,1073,鈴木,IJ,clean,,130500,130500,130500,税抜,excl,,2,0,150453,15045,135408,0,2000,137408,950,130537,0,130537,0,0,0,0,0,0,0,0,0,0,0,0,0,130537,floor100,-37,2,950,0,0,130537,-37,,
2503-048,2025-03-18,1074,高橋,IJ,clean,,14000,14000,14000,税抜,excl,,2,0,900,0,900,360,2000,3260,1000,3260,2740,6000,0,8000,0,0,0,0,0,0,0,0,0,0,0,14000,floor100,0,2,1000,0,0,14000,0,,M3:１０７４!27
2503-049,2025-03-19,1014,高橋,SODE,clean,,215000,215000,215000,税抜,excl,,2,132000,0,0,0,0,0,132000,1000,132000,0,132000,0,0,45000,0,45000,0,33000,0,0,0,0,19,5000,215000,floor100,0,2,1000,0,5000,215000,0,,
2503-050,2025-03-19,1012,佐藤,IJ,clean,,17000,17000,17000,税抜,excl,survey,2,0,5280,0,5280,0,2000,7280,800,5824,176,6000,0,0,0,0,0,0,0,0,0,0,6000,22,5000,17000,floor100,0,2,800,0,5000,17000,0,,M2:2025.03!441-453 | M3:1012!21
2503-051,2025-03-19,1075,田中,CALP,clean,,63000,63000,63000,税抜,excl,,2,0,29840,0,29840,0,3500,33340,1000,33340,0,33340,0,0,6400,8600,15000,0,10000,0,0,0,0,11,5000,63340,floor1000,-340,2,1000,0,5000,63340,-340,,M2:2025.03!456-470
2503-052,2025-03-19,1005,鈴木,IJ,clean,,223900,223900,223900,税抜,excl,repeat,2,0,349920,69984,279936,0,0,279936,800,223948,0,223948,0,0,0,0,0,0,0,0,0,0,0,0,0,223948,floor100,-48,2,800,0,0,223948,-48,,
2503-053,2025-03-19,1007,高橋,IJ,clean,,14400,14400,14400,税抜,excl,,2,0,4800,0,4800,0,2000,6800,950,6460,0,6460,0,8000,0,0,0,0,0,0,0,0,0,0,0,14460,floor100,-60,2,950,0,0,14460,-60,,
2503-054,2025-03-21,1064,佐藤,IJ,clean,,16800,16800,16800,税抜,excl,repeat,2,0,12000,0,12000,4800,0,16800,1000,16800,0,16800,0,0,0,0,0,0,0,0,0,0,0,0,0,16800,floor100,0,2,1000,0,0,16800,0,,M2:2025.03!473-483
2503-055,2025-03-21,1023,田中,ACM,clean,,68000,68000,68000,税抜,excl,,2,24000,15840,0,15840,7500,2000,49340,850,41939,0,41939,0,3000,18600,0,18600,0,0,0,0,0,0,11,5000,68539,floor1000,-539,2,850,0,5000,68539,-539,,M2:2025.03!486-500 | M3:1023様!77 | M3:1023様!78(adj)
2503-056,2025-03-21,9999,鈴木,ACM,clean,,31200,31200,31200,税抜,excl,,2,12000,12760,0,12760,1500,2000,28260,1000,28260,0,28260,0,3000,0,0,0,0,0,0,0,0,0,0,0,31260,floor100,-60,2,1000,0,0,31260,-60,,
2503-057,2025-03-22,1012,田中,IJ,clean,,6000,6000,6000,税抜,excl,,2,0,4200,0,4200,600,2000,6800,800,5440,560,6000,0,0,0,0,0,0,0,0,0,0,0,0,0,6000,floor100,0,2,800,0,0,6000,0,,M2:2025.03!503-513 | M3:1012!22
2503-058,2025-03-24,1021,田中,IJ,clean,,6000,6000,6000,税抜,excl,,2,0,1200,0,1200,0,2000,3200,1000,3200,2800,6000,0,0,0,0,0,0,0,0,0,0,0,0,0,6000,floor100,0,2,1000,0,0,6000,0,,M2:2025.03!516-526
2503-059,2025-03-24,1026,高橋,SODE,clean,,186800,186800,186800,税抜,excl,,2,132000,0,0,0,54800,0,186800,1000,186800,0,186800,0,0,0,0,0,0,0,0,0,0,0,0,0,186800,floor100,0,2,1000,0,0,186800,0,,
2503-060,2025-03-25,1042,佐藤,CALP,clean,,58600,58600,58600,税抜,excl,,2,0,13000,0,13000,0,3500,16500,950,15675,0,15675,0,6000,8000,7000,15000,0,10000,0,0,0,0,35,12000,58675,floor100,-75,2,950,0,12000,58675,-75,,M2:2025.03!529-544
2503-061,2025-03-25,9999,田中,IJ,clean,,16500,16500,18150,税込,incl,,2,0,6575,0,6575,0,2000,8575,1000,8575,0,8575,0,8000,0,0,0,0,0,0,0,0,0,0,0,16575,floor100,-75,2,1000,0,0,16575,-75,,M2:2025.03!547-559
2503-062,2025-03-25,1014,高橋,CALP,clean,,60400,60400,60400,税抜,excl,,2,0,8940,0,8940,0,3500,12440,1000,12440,0,12440,0,3000,4800,10200,15000,0,10000,0,0,0,0,55,20000,60440,floor100,-40,2,1000,0,20000,60440,-40,,
2503-063,2025-03-25,9999,高橋,IJ,clean,,39000,39000,42900,税込,incl,,2,0,34000,0,34000,0,2000,36000,1000,36000,0,36000,0,3000,0,0,0,0,0,0,0,0,0,0,0,39000,floor100,0,2,1000,0,0,39000,0,,
2503-064,2025-03-26,1020,高橋,IJ,clean,,34200,34200,34200,税抜,excl,,2,0,34000,0,34000,0,2000,36000,950,34200,0,34200,0,0,0,0,0,0,0,0,0,0,0,0,0,34200,floor100,0,2,950,0,0,34200,0,,
2503-065,2025-03-26,1063,鈴木,IJ,clean,,118400,118400,118400,税抜,excl,,2,0,144261,14426,129835,16200,2000,148035,800,118428,0,118428,0,0,0,0,0,0,0,0,0,0,0,0,0,118428,floor100,-28,2,800,0,0,118428,-28,,
2503-066,2025-03-26,9999,高橋,SODE,clean,,401500,401500,441650,税込,incl,night,2,264000,0,0,0,0,0,264000,1000,264000,0,264000,0,15000,45000,0,45000,22500,55000,0,0,0,0,5,0,401500,floor100,0,2,1000,0,0,401500,0,,
2503-067,2025-03-27,9999,高橋,IJ,clean,,23400,23400,25740,税込,incl,rush,2,0,9863,0,9863,0,2000,11863,1000,11863,0,11863,3558,8000,0,0,0,0,0,0,0,0,0,0,0,23421,floor100,-21,2,1000,3558,0,23421,-21,,
2503-068,2025-03-27,1071,佐藤,IJ,clean,,213200,213200,213200,税抜,excl,repeat,2,0,333200,66640,266560,0,0,266560,800,213248,0,213248,0,0,0,0,0,0,0,0,0,0,0,0,0,213248,floor100,-48,2,800,0,0,213248,-48,,M2:2025.03!578-589
2503-069,2025-03-27,1023,田中,IJ,clean,,6000,6000,6000,税抜,excl,,2,0,2000,0,2000,0,2000,4000,850,3400,2600,6000,0,0,0,0,0,0,0,0,0,0,0,0,0,6000,floor100,0,2,850,0,0,6000,0,,M2:2025.03!592-602 | M3:1023様!79
2503-070,2025-03-27,1063,高橋,ACM,clean,,27500,27500,27500,税抜,excl,survey,2,12000,11440,0,11440,1500,2000,26940,800,21552,0,21552,0,0,0,0,0,0,0,0,0,0,6000,1,0,27552,floor100,-52,2,800,0,0,27552,-52,,
2503-071,2025-03-27,1033,佐藤,IJ,clean,,18200,18200,18200,税抜,excl,,2,0,13200,0,13200,0,2000,15200,1000,15200,0,15200,0,3000,0,0,0,0,0,0,0,0,0,0,0,18200,floor100,0,2,1000,0,0,18200,0,,M2:2025.03!605-616
2503-072,2025-03-28,1079,佐藤,ACM,clean,,105300,105300,105300,税抜,excl,,2,32000,24200,0,24200,7500,2000,65700,950,62415,0,62415,0,3000,24900,0,24900,0,10000,0,0,0,0,18,5000,105315,floor100,-15,2,950,0,5000,105315,-15,,M2:2025.03!619-634
2503-073,2025-03-28,9999,高橋,SODE,clean,,515600,515600,515600,税抜,excl,,2,264000,0,0,0,109600,0,373600,1000,373600,0,373600,0,15000,90000,0,90000,0,10000,22000,0,0,0,19,5000,515600,floor100,0,2,1000,0,5000,515600,0,,
2503-074,2025-03-28,1071,佐藤,ACM,impossible,mode=other_quote; rule_net=10000; written amount implies net 240000,10000,240000,240000,税抜,excl,,2,6400,2640,0,2640,1500,2000,12540,800,10032,0,10032,0,0,0,0,0,0,0,0,0,0,0,0,0,10032,floor100,-32,2,800,0,0,10032,229968,,M2:2025.03!637-647
2503-075,2025-03-28,1048,高橋,ACM,clean,,53300,53300,53300,税抜,excl,survey,2,6400,7480,0,7480,1500,2000,17380,1000,17380,0,17380,0,10000,11950,3050,15000,0,0,0,0,0,6000,18,5000,53380,floor100,-80,2,1000,0,5000,53380,-80,,
2503-076,2025-03-28,9999,鈴木,ACM,clean,,35300,35300,35300,税抜,excl,,2,6400,5440,0,5440,1500,2000,15340,1000,15340,0,15340,0,0,11950,3050,15000,0,0,0,0,0,0,13,5000,35340,floor100,-40,2,1000,0,5000,35340,-40,,
2503-077,2025-03-28,1056,高橋,IJ,clean,,29000,29000,29000,税抜,excl,,2,0,2000,0,2000,0,2000,4000,1000,4000,2000,6000,0,8000,1000,14000,15000,0,0,0,0,0,0,6,0,29000,floor100,0,2,1000,0,0,29000,0,,
2503-078,2025-03-29,9999,田中,SODE,clean,,668000,668000,734800,税込,incl,,2,398000,0,0,0,125600,0,523600,1000,523600,0,523600,0,0,90000,0,90000,0,33000,22000,0,0,0,1,0,668600,floor1000,-600,2,1000,0,0,668600,-600,,M2:2025.03!650-664
2503-079,2025-03-31,1068,高橋,IJ,clean,,6000,6000,6000,税抜,excl,,2,0,2640,0,2640,0,2000,4640,1000,4640,1360,6000,0,0,0,0,0,0,0,0,0,0,0,0,0,6000,floor100,0,2,1000,0,0,6000,0,,
2503-080,2025-03-31,9999,鈴木,IJ,clean,,20000,20000,22000,税込,incl,,2,0,10000,0,10000,0,2000,12000,1000,12000,0,12000,0,8000,0,0,0,0,0,0,0,0,0,0,0,20000,floor100,0,2,1000,0,0,20000,0,,
2503-081,2025-03-31,1023,田中,SODE,clean,,222000,222000,222000,税抜,excl,repeat,2,199000,0,0,0,62800,0,261800,850,222530,0,222530,0,0,0,0,0,0,0,0,0,0,0,0,0,222530,floor1000,-530,2,850,0,0,222530,-530,,M2:2025.03!667-678 | M3:1023様!80 | M3:1023様!81(adj)
2503-082,2025-03-31,9999,佐藤,IJ,clean,,6000,6000,6600,税込,incl,,2,0,1200,0,1200,480,2000,3680,1000,3680,2320,6000,0,0,0,0,0,0,0,0,0,0,0,0,0,6000,floor100,0,2,1000,0,0,6000,0,,M2:2025.03!681-691
2503-083,2025-03-31,1036,佐藤,ACM,clean,,12600,12600,12600,税抜,excl,,2,6400,4400,0,4400,3000,2000,15800,800,12640,0,12640,0,0,0,0,0,0,0,0,0,0,0,0,0,12640,floor100,-40,2,800,0,0,12640,-40,,M2:2025.03!694-705
2503-084,2025-03-31,1041,佐藤,CALP,clean,,70900,70900,70900,税抜,excl,,2,0,27600,0,27600,0,3500,31100,900,27990,0,27990,0,6000,4800,10200,15000,0,10000,0,0,0,0,42,12000,70990,floor100,-90,2,900,0,12000,70990,-90,,M2:2025.03!708-723 | M3:1041!34
2504-001,2025-04-01,1095,高橋,ACM,clean,,22900,22900,22900,税抜,excl,corner_r,2,6400,2640,0,2640,1900,2000,12940,1000,12940,0,12940,0,10000,0,0,0,0,0,0,0,0,0,0,0,22940,floor100,-40,2,1000,0,0,22940,-40,,
2504-002,2025-04-01,1025,佐藤,ACM,rush_unrecorded,rush surcharge 14832 applied without rush wording in remarks,115600,130500,130500,税抜,excl,removal,2,25600,15840,0,15840,6000,2000,49440,1000,49440,0,49440,0,10000,18250,0,18250,0,0,0,18000,0,0,80,20000,115690,floor100,-90,2,1000,14832,20000,130522,-22,,
2504-003,2025-04-01,9999,佐藤,IJ,clean,,39000,39000,39000,税抜,excl,,2,0,1600,0,1600,0,2000,3600,1000,3600,2400,6000,0,8000,800,14200,15000,0,10000,0,0,0,0,5,0,39000,floor100,0,2,1000,0,0,39000,0,,
2504-004,2025-04-01,1079,高橋,IJ,clean,,117500,117500,117500,税抜,excl,survey,2,0,56100,0,56100,7920,2000,66020,950,62719,0,62719,0,8000,35800,0,35800,0,0,0,0,0,6000,18,5000,117519,floor100,-19,2,950,0,5000,117519,-19,,
2504-005,2025-04-01,1058,鈴木,IJ,clean,,15100,15100,15100,税抜,excl,,2,0,13200,0,13200,0,2000,15200,800,12160,0,12160,0,3000,0,0,0,0,0,0,0,0,0,0,0,15160,floor100,-60,2,800,0,0,15160,-60,,
2504-006,2025-04-02,1022,佐藤,ACM,clean,,24900,24900,24900,税抜,excl,rush,2,6400,2200,0,2200,1500,2000,12100,950,11495,0,11495,3448,10000,0,0,0,0,0,0,0,0,0,0,0,24943,floor100,-43,2,950,3448,0,24943,-43,,M3:１０２２!21
2504-007,2025-04-02,1047,田中,ACM,clean,,136000,136000,136000,税抜,excl,,2,96000,47520,4752,42768,30000,2000,170768,800,136614,0,136614,0,0,0,0,0,0,0,0,0,0,0,0,0,136614,floor1000,-614,2,800,0,0,136614,-614,,
2504-008,2025-04-02,1091,高橋,CALP,clean,,66200,66200,66200,税抜,excl,,2,0,22750,0,22750,0,3500,26250,1000,26250,0,26250,0,3000,10400,4600,15000,0,10000,0,0,0,0,27,12000,66250,floor100,-50,2,1000,0,12000,66250,-50,,
2504-009,2025-04-02,1041,佐藤,IJ,clean,,99400,99400,99400,税抜,excl,,2,0,110970,11097,99873,8640,2000,110513,900,99461,0,99461,0,0,0,0,0,0,0,0,0,0,0,0,0,99461,floor100,-61,2,900,0,0,99461,-61,,M3:1041!35
2504-010,2025-04-03,1077,高橋,CALP,clean,,99300,99300,99300,税抜,excl,,2,0,50580,0,50580,0,3500,54080,950,51376,0,51376,0,0,14400,600,15000,0,33000,0,0,0,0,24,0,99376,floor100,-76,2,950,0,0,99376,-76,,M3:1077様!33
2504-011,2025-04-03,1056,高橋,ACM,clean,,100400,100400,100400,税抜,excl,,2,44800,43120,0,43120,10500,2000,100420,1000,100420,0,100420,0,0,0,0,0,0,0,0,0,0,0,0,0,100420,floor100,-20,2,1000,0,0,100420,-20,,
2504-012,2025-04-03,1009,佐藤,IJ,clean,,18400,18400,18400,税抜,excl,,2,0,8400,0,8400,0,2000,10400,1000,10400,0,10400,0,8000,0,0,0,0,0,0,0,0,0,0,0,18400,floor100,0,2,1000,0,0,18400,0,,
2504-013,2025-04-03,9999,佐藤,ACM,clean,,44700,44700,44700,税抜,excl,,2,6400,4840,0,4840,1500,2000,14740,1000,14740,0,14740,0,0,9850,5150,15000,0,10000,0,0,0,0,11,5000,44740,floor100,-40,2,1000,0,5000,44740,-40,,
2504-014,2025-04-03,1048,田中,ACM,clean,,41000,41000,41000,税抜,excl,holes,2,6400,10880,0,10880,1800,2000,21080,1000,21080,0,21080,0,0,11950,3050,15000,0,0,0,0,0,0,22,5000,41080,floor1000,-80,2,1000,0,5000,41080,-80,,
2504-015,2025-04-04,1081,田中,CALP,clean,,70000,70000,70000,税抜,excl,,2,0,44760,0,44760,0,3500,48260,950,45847,0,45847,0,0,9600,5400,15000,0,10000,0,0,0,0,1,0,70847,floor1000,-847,2,950,0,0,70847,-847,,
2504-016,2025-04-04,1023,田中,IJ,clean,,43000,43000,43000,税抜,excl,,2,0,3740,0,3740,0,2000,5740,850,4879,1121,6000,0,0,3400,11600,15000,0,0,0,0,0,0,84,22500,43500,floor1000,-500,2,850,0,22500,43500,-500,,M3:1023様!82 | M3:1023様!83(adj)
2504-017,2025-04-04,1067,佐藤,ACM,clean,,74700,74700,74700,税抜,excl,removal;disposal,2,6400,4840,0,4840,1500,2000,14740,1000,14740,0,14740,0,0,9850,5150,15000,0,10000,0,18000,5000,0,33,12000,74740,floor100,-40,2,1000,0,12000,74740,-40,,
2504-018,2025-04-04,9999,佐藤,ACM,clean,,33300,33300,36630,税込,incl,holes,2,12800,14960,0,14960,3600,2000,33360,1000,33360,0,33360,0,0,0,0,0,0,0,0,0,0,0,0,0,33360,floor100,-60,2,1000,0,0,33360,-60,,
2504-019,2025-04-07,1011,佐藤,ACM,clean,,206000,206000,206000,税抜,excl,holes,2,96000,34560,3456,31104,31200,2000,160304,1000,160304,0,160304,0,3000,42750,0,42750,0,0,0,0,0,0,6,0,206054,floor100,-54,2,1000,0,0,206054,-54,,
2504-020,2025-04-07,1042,佐藤,IJ,clean,,9600,9600,9600,税抜,excl,,2,0,5040,0,5040,0,2000,7040,950,6688,0,6688,0,3000,0,0,0,0,0,0,0,0,0,0,0,9688,floor100,-88,2,950,0,0,9688,-88,,
2504-021,2025-04-07,1091,高橋,CALP,clean,,77100,77100,77100,税抜,excl,,2,0,33600,0,33600,0,3500,37100,1000,37100,0,37100,0,3000,12800,2200,15000,0,10000,0,0,0,0,38,12000,77100,floor100,0,2,1000,0,12000,77100,0,,
2504-022,2025-04-07,1067,佐藤,SODE,clean,,367800,367800,367800,税抜,excl,removal;disposal,2,170000,0,0,0,54800,0,224800,1000,224800,0,224800,0,0,45000,0,45000,0,33000,22000,18000,5000,0,75,20000,367800,floor100,0,2,1000,0,20000,367800,0,,
2504-023,2025-04-08,1092,田中,IJ,clean,,38000,38000,38000,税抜,excl,,2,0,30000,0,30000,0,2000,32000,950,30400,0,30400,0,8000,0,0,0,0,0,0,0,0,0,0,0,38400,floor1000,-400,2,950,0,0,38400,-400,,
2504-024,2025-04-09,9999,鈴木,ACM,clean,,101100,101100,111210,税込,incl,,2,25600,31680,0,31680,6000,2000,65280,1000,65280,0,65280,0,3000,17900,0,17900,0,10000,0,0,0,0,18,5000,101180,floor100,-80,2,1000,0,5000,101180,-80,,
2504-025,2025-04-09,1095,高橋,CALP,clean,,105900,105900,105900,税抜,excl,,2,0,59400,0,59400,0,3500,62900,1000,62900,0,62900,0,6000,12000,3000,15000,0,10000,0,0,0,0,27,12000,105900,floor100,0,2,1000,0,12000,105900,0,,
2504-026,2025-04-09,1012,佐藤,IJ,clean,,9000,9000,9000,税抜,excl,rush,2,0,1980,0,1980,0,2000,3980,800,3184,2816,6000,3000,0,0,0,0,0,0,0,0,0,0,0,0,9000,floor100,0,2,800,3000,0,9000,0,,M3:1012!23
2504-027,2025-04-09,1078,佐藤,CALP,clean,,18200,18200,18200,税抜,excl,,2,0,8750,0,8750,0,3500,12250,1000,12250,0,12250,0,6000,0,0,0,0,0,0,0,0,0,0,0,18250,floor100,-50,2,1000,0,0,18250,-50,,
2504-028,2025-04-10,9999,高橋,IJ,clean,,11400,11400,12540,税込,incl,,2,0,6400,0,6400,0,2000,8400,1000,8400,0,8400,0,3000,0,0,0,0,0,0,0,0,0,0,0,11400,floor100,0,2,1000,0,0,11400,0,,
2504-029,2025-04-10,1067,佐藤,ACM,clean,,428600,428600,428600,税抜,excl,holes,2,240000,132000,26400,105600,78000,2000,425600,1000,425600,0,425600,0,3000,0,0,0,0,0,0,0,0,0,0,0,428600,floor100,0,2,1000,0,0,428600,0,,
2504-030,2025-04-11,1074,高橋,IJ,clean,,375100,375100,375100,税抜,excl,,2,0,456483,91296,365187,0,2000,367187,1000,367187,0,367187,0,8000,0,0,0,0,0,0,0,0,0,0,0,375187,floor100,-87,2,1000,0,0,375187,-87,,M3:１０７４!28
2504-031,2025-04-11,1031,佐藤,CALP,clean,,98200,98200,98200,税抜,excl,,2,0,99920,0,99920,0,3500,103420,950,98249,0,98249,0,0,0,0,0,0,0,0,0,0,0,0,0,98249,floor100,-49,2,950,0,0,98249,-49,,
2504-032,2025-04-11,1065,田中,IJ,clean,,70000,70000,70000,税抜,excl,,2,0,63580,0,63580,0,2000,65580,950,62301,0,62301,0,8000,0,0,0,0,0,0,0,0,0,0,0,70301,floor1000,-301,2,950,0,0,70301,-301,,
2504-033,2025-04-14,1022,佐藤,IJ,clean,,6000,6000,6000,税抜,excl,,2,0,4000,0,4000,0,2000,6000,950,5700,300,6000,0,0,0,0,0,0,0,0,0,0,0,0,0,6000,floor100,0,2,950,0,0,6000,0,,M3:１０２２!22
2504-034,2025-04-14,1096,佐藤,ACM,multiplier_copy,multiplier 900 per mille used instead of 950; diff=-7700,240700,233000,233000,税抜,excl,removal;corner_r,2,70400,67760,6776,60984,20900,2000,154284,950,146569,0,146569,0,3000,58150,0,58150,0,10000,0,18000,0,0,24,5000,240719,floor100,-19,2,900,0,5000,233005,-5,,
2504-035,2025-04-14,1009,佐藤,ACM,clean,,28100,28100,28100,税抜,excl,repeat,2,12800,12320,0,12320,3000,0,28120,1000,28120,0,28120,0,0,0,0,0,0,0,0,0,0,0,0,0,28120,floor100,-20,2,1000,0,0,28120,-20,,
2504-036,2025-04-14,1065,高橋,ACM,clean,,51800,51800,51800,税抜,excl,,2,24000,10560,0,10560,7500,2000,44060,950,41857,0,41857,0,10000,0,0,0,0,0,0,0,0,0,0,0,51857,floor100,-57,2,950,0,0,51857,-57,,
2504-037,2025-04-14,1071,佐藤,IJ,clean,,136500,136500,136500,税抜,excl,,2,0,210800,42160,168640,0,2000,170640,800,136512,0,136512,0,0,0,0,0,0,0,0,0,0,0,0,0,136512,floor100,-12,2,800,0,0,136512,-12,,
2504-038,2025-04-15,9999,鈴木,ACM,clean,,69200,69200,69200,税抜,excl,removal;holes,2,12000,9280,0,9280,1800,2000,25080,1000,25080,0,25080,0,0,16150,0,16150,0,10000,0,18000,0,0,1,0,69230,floor100,-30,2,1000,0,0,69230,-30,,
2504-039,2025-04-15,1074,高橋,ACM,clean,,71600,71600,71600,税抜,excl,removal,2,6400,5280,0,5280,3000,2000,16680,1000,16680,0,16680,0,0,7050,7950,15000,0,10000,0,18000,0,0,35,12000,71680,floor100,-80,2,1000,0,12000,71680,-80,,M3:１０７４!29
2504-040,2025-04-15,9999,佐藤,IJ,clean,,14800,14800,14800,税抜,excl,,2,0,4800,0,4800,0,2000,6800,1000,6800,0,6800,0,8000,0,0,0,0,0,0,0,0,0,0,0,14800,floor100,0,2,1000,0,0,14800,0,,
2504-041,2025-04-15,9999,佐藤,ACM,clean,,21200,21200,21200,税抜,excl,,2,6400,8320,0,8320,1500,2000,18220,1000,18220,0,18220,0,3000,0,0,0,0,0,0,0,0,0,0,0,21220,floor100,-20,2,1000,0,0,21220,-20,,
2504-042,2025-04-15,1009,佐藤,ACM,clean,,117700,117700,117700,税抜,excl,repeat,2,25600,37440,3744,33696,58500,0,117796,1000,117796,0,117796,0,0,0,0,0,0,0,0,0,0,0,0,0,117796,floor100,-96,2,1000,0,0,117796,-96,,
2504-043,2025-04-15,9999,高橋,ACM,clean,,61800,61800,67980,税込,incl,,2,6400,3960,0,3960,1500,2000,13860,1000,13860,0,13860,0,0,9150,5850,15000,0,33000,0,0,0,0,6,0,61860,floor100,-60,2,1000,0,0,61860,-60,,
2504-044,2025-04-16,1015,佐藤,IJ,clean,,16800,16800,16800,税抜,excl,,2,0,6800,0,6800,0,2000,8800,1000,8800,0,8800,0,8000,0,0,0,0,0,0,0,0,0,0,0,16800,floor100,0,2,1000,0,0,16800,0,,
2504-045,2025-04-16,9999,鈴木,IJ,clean,,21200,21200,23320,税込,incl,,2,0,11200,0,11200,0,2000,13200,1000,13200,0,13200,0,8000,0,0,0,0,0,0,0,0,0,0,0,21200,floor100,0,2,1000,0,0,21200,0,,
2504-046,2025-04-16,1063,鈴木,ACM,clean,,14200,14200,14200,税抜,excl,,2,6400,2640,0,2640,3000,2000,14040,800,11232,0,11232,0,3000,0,0,0,0,0,0,0,0,0,0,0,14232,floor100,-32,2,800,0,0,14232,-32,,
2504-047,2025-04-16,1091,高橋,IJ,clean,,58000,58000,58000,税抜,excl,removal;disposal,2,0,9206,0,9206,840,2000,12046,1000,12046,0,12046,0,3000,3400,11600,15000,0,0,0,18000,5000,0,18,5000,58046,floor100,-46,2,1000,0,5000,58046,-46,,
2504-048,2025-04-16,1023,田中,ACM,clean,,96000,96000,96000,税抜,excl,,2,24000,9680,0,9680,7500,2000,43180,850,36703,0,36703,0,0,13700,1300,15000,0,33000,0,0,0,0,48,12000,96703,floor1000,-703,2,850,0,12000,96703,-703,,M3:1023様!84 | M3:1023様!85(adj)
2504-049,2025-04-16,9999,高橋,CALP,clean,,170300,170300,170300,税抜,excl,,2,0,130800,0,130800,0,3500,134300,1000,134300,0,134300,0,6000,8000,7000,15000,0,10000,0,0,0,0,22,5000,170300,floor100,0,2,1000,0,5000,170300,0,,
2504-050,2025-04-17,1065,高橋,CALP,clean,,194800,194800,194800,税抜,excl,,2,0,145800,0,145800,0,3500,149300,950,141835,0,141835,0,0,9600,5400,15000,0,33000,0,0,0,0,18,5000,194835,floor100,-35,2,950,0,5000,194835,-35,,
2504-051,2025-04-18,1045,高橋,IJ,clean,,154700,154700,154700,税抜,excl,,2,0,110400,11040,99360,0,2000,101360,1000,101360,0,101360,0,0,48400,0,48400,0,0,0,0,0,0,22,5000,154760,floor100,-60,2,1000,0,5000,154760,-60,,
2504-052,2025-04-18,1068,高橋,IJ,clean,,42700,42700,42700,税抜,excl,,2,0,32760,0,32760,0,2000,34760,1000,34760,0,34760,0,8000,0,0,0,0,0,0,0,0,0,0,0,42760,floor100,-60,2,1000,0,0,42760,-60,,
2504-053,2025-04-18,1092,田中,ACM,clean,,95000,95000,95000,税抜,excl,night;survey;holes,2,19200,15400,0,15400,9000,2000,45600,950,43320,0,43320,0,10000,17200,0,17200,8600,10000,0,0,0,6000,1,0,95120,floor1000,-120,2,950,0,0,95120,-120,,
2504-054,2025-04-18,1068,高橋,ACM,clean,,14000,14000,14000,税抜,excl,,2,6400,2640,0,2640,3000,2000,14040,1000,14040,0,14040,0,0,0,0,0,0,0,0,0,0,0,0,0,14040,floor100,-40,2,1000,0,0,14040,-40,,
2504-055,2025-04-18,9999,佐藤,SODE,clean,,286800,286800,315480,税込,incl,removal;disposal,2,132000,0,0,0,54800,0,186800,1000,186800,0,186800,0,0,45000,0,45000,0,10000,22000,18000,5000,0,1,0,286800,floor100,0,2,1000,0,0,286800,0,,
2504-056,2025-04-21,1091,高橋,IJ,clean,,56000,56000,56000,税抜,excl,removal;disposal,2,0,3600,0,3600,0,2000,5600,1000,5600,400,6000,0,0,1600,13400,15000,0,0,0,18000,5000,0,33,12000,56000,floor100,0,2,1000,0,12000,56000,0,,
2504-057,2025-04-21,1012,鈴木,ACM,clean,,22600,22600,22600,税抜,excl,,2,12000,12760,0,12760,1500,2000,28260,800,22608,0,22608,0,0,0,0,0,0,0,0,0,0,0,0,0,22608,floor100,-8,2,800,0,0,22608,-8,,M3:1012!24
2504-058,2025-04-21,9999,高橋,IJ,clean,,13500,13500,13500,税抜,excl,,2,0,8500,0,8500,0,2000,10500,1000,10500,0,10500,0,3000,0,0,0,0,0,0,0,0,0,0,0,13500,floor100,0,2,1000,0,0,13500,0,,
2504-059,2025-04-21,9999,佐藤,SODE,clean,,252000,252000,252000,税抜,excl,,2,132000,0,0,0,0,0,132000,1000,132000,0,132000,0,15000,45000,0,45000,0,55000,0,0,0,0,22,5000,252000,floor100,0,2,1000,0,5000,252000,0,,
2504-060,2025-04-21,1071,佐藤,IJ,clean,,103500,103500,103500,税抜,excl,,2,0,125766,12576,113190,14280,2000,129470,800,103576,0,103576,0,0,0,0,0,0,0,0,0,0,0,0,0,103576,floor100,-76,2,800,0,0,103576,-76,,
2504-061,2025-04-22,1085,佐藤,SODE,clean,,263000,263000,263000,税抜,excl,,2,170000,0,0,0,0,0,170000,1000,170000,0,170000,0,15000,45000,0,45000,0,33000,0,0,0,0,1,0,263000,floor100,0,2,1000,0,0,263000,0,,
2504-062,2025-04-22,9999,佐藤,CALP,clean,,33200,33200,36520,税込,incl,,2,0,23760,0,23760,0,3500,27260,1000,27260,0,27260,0,6000,0,0,0,0,0,0,0,0,0,0,0,33260,floor100,-60,2,1000,0,0,33260,-60,,
2504-063,2025-04-22,1015,佐藤,IJ,clean,,68600,68600,68600,税抜,excl,,2,0,13600,0,13600,0,2000,15600,1000,15600,0,15600,0,8000,6600,8400,15000,0,10000,0,0,0,0,55,20000,68600,floor100,0,2,1000,0,20000,68600,0,,
2504-064,2025-04-22,9999,高橋,IJ,clean,,14000,14000,15400,税込,incl,,2,0,3300,0,3300,720,2000,6020,1000,6020,0,6020,0,8000,0,0,0,0,0,0,0,0,0,0,0,14020,floor100,-20,2,1000,0,0,14020,-20,,
2504-065,2025-04-22,1092,田中,ACM,clean,,70000,70000,70000,税抜,excl,removal;disposal,2,6400,1320,0,1320,1500,2000,11220,950,10659,0,10659,0,10000,6700,8300,15000,0,0,0,18000,5000,0,27,12000,70659,floor1000,-659,2,950,0,12000,70659,-659,,
2504-066,2025-04-23,1041,佐藤,ACM,clean,,80200,80200,80200,税抜,excl,removal;disposal;holes,2,12800,10880,0,10880,3600,2000,29280,900,26352,0,26352,0,3000,17900,0,17900,0,10000,0,18000,5000,0,6,0,80252,floor100,-52,2,900,0,0,80252,-52,,M3:1041!36
2504-067,2025-04-23,1022,佐藤,CALP,clean,,38900,38900,38900,税抜,excl,,2,0,31220,0,31220,0,3500,34720,950,32984,0,32984,0,6000,0,0,0,0,0,0,0,0,0,0,0,38984,floor100,-84,2,950,0,0,38984,-84,,M3:１０２２!23
2504-068,2025-04-23,9999,高橋,SODE,clean,,336300,336300,369930,税込,incl,night,2,132000,0,0,0,54800,0,186800,1000,186800,0,186800,0,0,45000,0,45000,22500,55000,22000,0,0,0,24,5000,336300,floor100,0,2,1000,0,5000,336300,0,,
2504-069,2025-04-23,1072,田中,SODE,travel_omitted,travel fee 5000 not charged,523000,518000,518000,税抜,excl,removal;disposal,2,264000,0,0,0,109600,0,373600,1000,373600,0,373600,0,0,90000,0,90000,0,10000,22000,18000,5000,0,13,5000,523600,floor1000,-600,2,1000,0,0,518600,-600,,
2504-070,2025-04-23,1090,佐藤,ACM,clean,,231400,231400,231400,税抜,excl,holes,2,128000,61600,6160,55440,36000,2000,221440,1000,221440,0,221440,0,10000,0,0,0,0,0,0,0,0,0,0,0,231440,floor100,-40,2,1000,0,0,231440,-40,,
2504-071,2025-04-23,9999,高橋,IJ,clean,,45000,45000,49500,税込,incl,,2,0,40000,0,40000,0,2000,42000,1000,42000,0,42000,0,3000,0,0,0,0,0,0,0,0,0,0,0,45000,floor100,0,2,1000,0,0,45000,0,,
2504-072,2025-04-23,1092,佐藤,CALP,clean,,6600,6600,6600,税抜,excl,repeat,2,0,7000,0,7000,0,0,7000,950,6650,0,6650,0,0,0,0,0,0,0,0,0,0,0,0,0,6650,floor100,-50,2,950,0,0,6650,-50,,
2504-073,2025-04-23,1074,高橋,CALP,clean,,55900,55900,55900,税抜,excl,rush,2,0,15680,0,15680,0,3500,19180,1000,19180,0,19180,5754,6000,6400,8600,15000,0,10000,0,0,0,0,1,0,55934,floor100,-34,2,1000,5754,0,55934,-34,,M3:１０７４!30
2504-074,2025-04-23,1047,田中,ACM,clean,,10900,10900,10900,税抜,excl,,2,6400,3840,0,3840,1500,2000,13740,800,10992,0,10992,0,0,0,0,0,0,0,0,0,0,0,0,0,10992,floor100,-92,2,800,0,0,10992,-92,,
2504-075,2025-04-24,1023,田中,IJ,clean,,32000,32000,32000,税抜,excl,survey,2,0,4000,0,4000,0,2000,6000,850,5100,900,6000,0,0,2000,13000,15000,0,0,0,0,0,6000,13,5000,32000,floor1000,0,2,850,0,5000,32000,0,,M3:1023様!86
2504-076,2025-04-24,9999,佐藤,CALP,clean,,45600,45600,50160,税込,incl,,2,0,39100,0,39100,0,3500,42600,1000,42600,0,42600,0,3000,0,0,0,0,0,0,0,0,0,0,0,45600,floor100,0,2,1000,0,0,45600,0,,
2504-077,2025-04-24,1022,佐藤,CALP,clean,,12300,12300,12300,税抜,excl,rush,2,0,6330,0,6330,0,3500,9830,950,9338,0,9338,3000,0,0,0,0,0,0,0,0,0,0,0,0,12338,floor100,-38,2,950,3000,0,12338,-38,,M3:１０２２!24
2504-078,2025-04-24,1039,高橋,ACM,clean,,65900,65900,65900,税抜,excl,removal;disposal;corner_r,2,6400,2640,0,2640,1900,2000,12940,1000,12940,0,12940,0,10000,8100,6900,15000,0,0,0,18000,5000,0,19,5000,65940,floor100,-40,2,1000,0,5000,65940,-40,,
2504-079,2025-04-25,1050,鈴木,CALP,clean,,87400,87400,87400,税抜,excl,,2,0,29900,0,29900,0,3500,33400,1000,33400,0,33400,0,6000,10400,4600,15000,0,33000,0,0,0,0,1,0,87400,floor100,0,2,1000,0,0,87400,0,,
2504-080,2025-04-28,1050,鈴木,IJ,clean,,45000,45000,45000,税抜,excl,,2,0,20000,0,20000,0,2000,22000,1000,22000,0,22000,0,8000,8800,6200,15000,0,0,0,0,0,0,6,0,45000,floor100,0,2,1000,0,0,45000,0,,
2504-081,2025-04-28,1057,高橋,CALP,clean,,56500,56500,56500,税抜,excl,,2,0,23000,0,23000,0,3500,26500,1000,26500,0,26500,0,0,8000,7000,15000,0,10000,0,0,0,0,19,5000,56500,floor100,0,2,1000,0,5000,56500,0,,
2504-082,2025-04-28,1038,田中,ACM,clean,,120000,120000,120000,税抜,excl,survey;corner_r,2,24000,17600,0,17600,7900,2000,51500,1000,51500,0,51500,0,10000,20000,0,20000,0,33000,0,0,0,6000,1,0,120500,floor1000,-500,2,1000,0,0,120500,-500,,
2504-083,2025-04-28,1041,佐藤,CALP,clean,,74500,74500,74500,税抜,excl,,2,0,34920,0,34920,0,3500,38420,900,34578,0,34578,0,3000,3200,11800,15000,0,10000,0,0,0,0,42,12000,74578,floor100,-78,2,900,0,12000,74578,-78,,M3:1041!37
2504-084,2025-04-28,9999,田中,IJ,clean,,131000,131000,131000,税抜,excl,removal;disposal,2,0,66000,0,66000,0,2000,68000,1000,68000,0,68000,0,8000,32400,0,32400,0,0,0,18000,5000,0,1,0,131400,floor1000,-400,2,1000,0,0,131400,-400,,
2504-085,2025-04-28,9999,佐藤,ACM,clean,,120800,120800,132880,税込,incl,removal;disposal,2,24000,8360,0,8360,7500,2000,41860,1000,41860,0,41860,0,3000,12650,2350,15000,0,33000,0,18000,5000,0,13,5000,120860,floor100,-60,2,1000,0,5000,120860,-60,,
2504-086,2025-04-30,1048,田中,ACM,clean,,88000,88000,88000,税抜,excl,,2,6400,7480,0,7480,1500,2000,17380,1000,17380,0,17380,0,3000,11950,3050,15000,0,33000,0,0,0,0,66,20000,88380,floor1000,-380,2,1000,0,20000,88380,-380,,
2504-087,2025-04-30,1038,田中,CALP,clean,,66000,66000,66000,税抜,excl,,2,0,33120,0,33120,0,3500,36620,1000,36620,0,36620,0,0,4800,10200,15000,0,10000,0,0,0,0,19,5000,66620,floor1000,-620,2,1000,0,5000,66620,-620,,
2504-088,2025-04-30,1038,田中,ACM,clean,,54000,54000,54000,税抜,excl,,2,6400,4840,0,4840,1500,2000,14740,1000,14740,0,14740,0,3000,9850,5150,15000,0,10000,0,0,0,0,26,12000,54740,floor1000,-740,2,1000,0,12000,54740,-740,,
2504-089,2025-04-30,1026,高橋,ACM,clean,,153400,153400,153400,税抜,excl,,2,36000,29480,0,29480,13500,2000,80980,1000,80980,0,80980,0,10000,29450,0,29450,0,33000,0,0,0,0,6,0,153430,floor100,-30,2,1000,0,0,153430,-30,,
2504-090,2025-04-30,1082,佐藤,ACM,clean,,52200,52200,52200,税抜,excl,removal;disposal,2,6400,1320,0,1320,1500,2000,11220,1000,11220,0,11220,0,3000,7050,7950,15000,0,0,0,18000,5000,0,8,0,52220,floor100,-20,2,1000,0,0,52220,-20,,
2504-091,2025-04-30,9999,鈴木,IJ,clean,,6800,6800,6800,税抜,excl,,2,0,4800,0,4800,0,2000,6800,1000,6800,0,6800,0,0,0,0,0,0,0,0,0,0,0,0,0,6800,floor100,0,2,1000,0,0,6800,0,,
2505-001,2025-05-01,1096,佐藤,ACM,clean,,48800,48800,48800,税抜,excl,,2,6400,15840,0,15840,3000,2000,27240,950,25878,0,25878,0,3000,11950,3050,15000,0,0,0,0,0,0,18,5000,48878,floor100,-78,2,950,0,5000,48878,-78,,
2505-002,2025-05-01,1023,田中,ACM,clean,,94000,94000,94000,税抜,excl,removal,2,12000,17600,0,17600,1500,2000,33100,850,28135,0,28135,0,0,13000,2000,15000,0,33000,0,18000,0,0,1,0,94135,floor1000,-135,2,850,0,0,94135,-135,,M3:1023様!87
2505-003,2025-05-01,1063,鈴木,IJ,clean,,16700,16700,16700,税抜,excl,,2,0,13500,0,13500,5400,2000,20900,800,16720,0,16720,0,0,0,0,0,0,0,0,0,0,0,0,0,16720,floor100,-20,2,800,0,0,16720,-20,,
2505-004,2025-05-02,1078,佐藤,ACM,clean,,31900,31900,31900,税抜,excl,,2,12800,9600,0,9600,7500,2000,31900,1000,31900,0,31900,0,0,0,0,0,0,0,0,0,0,0,0,0,31900,floor100,0,2,1000,0,0,31900,0,,
2505-005,2025-05-02,9999,佐藤,IJ,clean,,14000,14000,14000,税抜,excl,,2,0,3740,0,3740,0,2000,5740,1000,5740,260,6000,0,8000,0,0,0,0,0,0,0,0,0,0,0,14000,floor100,0,2,1000,0,0,14000,0,,
2505-006,2025-05-02,1068,鈴木,IJ,clean,,89900,89900,89900,税抜,excl,survey,2,0,82200,8220,73980,0,2000,75980,1000,75980,0,75980,0,8000,0,0,0,0,0,0,0,0,6000,1,0,89980,floor100,-80,2,1000,0,0,89980,-80,,
2505-007,2025-05-02,9999,鈴木,ACM,clean,,215700,215700,237270,税込,incl,corner_r,2,64000,70400,7040,63360,19000,2000,148360,1000,148360,0,148360,0,10000,42400,0,42400,0,10000,0,0,0,0,18,5000,215760,floor100,-60,2,1000,0,5000,215760,-60,,
2505-008,2025-05-03,1014,田中,ACM,clean,,60000,60000,60000,税抜,excl,,2,6400,3960,0,3960,1500,2000,13860,1000,13860,0,13860,0,10000,9150,5850,15000,0,10000,0,0,0,0,38,12000,60860,floor1000,-860,2,1000,0,12000,60860,-860,,
2505-009,2025-05-07,9999,佐藤,CALP,clean,,39700,39700,39700,税抜,excl,,2,0,5250,0,5250,0,3500,8750,1000,8750,0,8750,0,6000,2400,12600,15000,0,10000,0,0,0,0,6,0,39750,floor100,-50,2,1000,0,0,39750,-50,,
2505-010,2025-05-07,1042,佐藤,SODE,clean,,178200,178200,178200,税抜,excl,removal,2,95000,0,0,0,0,0,95000,950,90250,0,90250,0,15000,45000,0,45000,0,10000,0,18000,0,0,1,0,178250,floor100,-50,2,950,0,0,178250,-50,,
2505-011,2025-05-08,9999,田中,SODE,clean,,298000,298000,298000,税抜,excl,rush,2,170000,0,0,0,59600,0,229600,1000,229600,0,229600,68880,0,0,0,0,0,0,0,0,0,0,0,0,298480,floor1000,-480,2,1000,68880,0,298480,-480,,
2505-012,2025-05-08,9999,高橋,ACM,clean,,137900,137900,137900,税抜,excl,removal;corner_r,2,25600,26400,0,26400,19000,2000,73000,1000,73000,0,73000,0,0,24900,0,24900,0,10000,0,18000,0,0,35,12000,137900,floor100,0,2,1000,0,12000,137900,0,,
2505-013,2025-05-08,1041,佐藤,SODE,clean,,213500,213500,213500,税抜,excl,survey,2,95000,0,0,0,50000,0,145000,900,130500,0,130500,0,0,45000,0,45000,0,10000,22000,0,0,6000,10,0,213500,floor100,0,2,900,0,0,213500,0,,M3:1041!38
2505-014,2025-05-09,9999,佐藤,IJ,clean,,21000,21000,21000,税抜,excl,,2,0,3300,0,3300,0,2000,5300,1000,5300,700,6000,0,0,3000,12000,15000,0,0,0,0,0,0,10,0,21000,floor100,0,2,1000,0,0,21000,0,,
2505-015,2025-05-09,9999,佐藤,ACM,clean,,69500,69500,76450,税込,incl,,2,24000,6080,0,6080,7500,2000,39580,1000,39580,0,39580,0,0,12650,2350,15000,0,10000,0,0,0,0,24,5000,69580,floor100,-80,2,1000,0,5000,69580,-80,,
2505-016,2025-05-12,1091,高橋,IJ,clean,,73600,73600,73600,税抜,excl,removal;disposal,2,0,14796,0,14796,840,2000,17636,1000,17636,0,17636,0,3000,5000,10000,15000,0,10000,0,18000,5000,0,18,5000,73636,floor100,-36,2,1000,0,5000,73636,-36,,
2505-017,2025-05-12,1068,高橋,ACM,clean,,70500,70500,70500,税抜,excl,rush,2,6400,1320,0,1320,1500,2000,11220,1000,11220,0,11220,3366,3000,6700,8300,15000,0,33000,0,0,0,0,18,5000,70586,floor100,-86,2,1000,3366,5000,70586,-86,,
2505-018,2025-05-12,1073,鈴木,ACM,clean,,51700,51700,51700,税抜,excl,holes,2,6400,2200,0,2200,1800,2000,12400,950,11780,0,11780,0,10000,7750,7250,15000,0,10000,0,0,0,0,18,5000,51780,floor100,-80,2,950,0,5000,51780,-80,,
2505-019,2025-05-12,9999,田中,CALP,clean,,60000,60000,66000,税込,incl,,2,0,53500,0,53500,0,3500,57000,1000,57000,0,57000,0,3000,0,0,0,0,0,0,0,0,0,0,0,60000,floor1000,0,2,1000,0,0,60000,0,,
2505-020,2025-05-13,1038,田中,IJ,clean,,26000,26000,26000,税抜,excl,no_grommet,2,0,2400,0,2400,0,2000,4400,1000,4400,1600,6000,0,0,1600,13400,15000,0,0,0,0,0,0,24,5000,26000,floor100,0,2,1000,0,5000,26000,0,,
2505-021,2025-05-13,1023,高橋,ACM,revision_v1,superseded by re-issued quote (negotiated price); v1 priced by rules,11700,11700,11700,税抜,excl,,2,6400,3960,0,3960,1500,2000,13860,850,11781,0,11781,0,0,0,0,0,0,0,0,0,0,0,0,0,11781,floor100,-81,2,850,0,0,11781,-81,v2=2505-021-2,M3:1023様!88
2505-021-2,2025-05-28,1023,高橋,ACM,revision_v2,"negotiated price, undocumented reduction 700 from rule_net 11700",11700,11000,11000,税抜,excl,,2,6400,3960,0,3960,1500,2000,13860,850,11781,0,11781,0,0,0,0,0,0,0,0,0,0,0,0,0,11781,floor100,-81,2,850,0,0,11781,-781,v1=2505-021,M3:1023様!95 | M3:1023様!96(adj)
2505-022,2025-05-13,1050,鈴木,CALP,clean,,106500,106500,106500,税抜,excl,,2,0,60000,0,60000,0,3500,63500,1000,63500,0,63500,0,6000,8000,7000,15000,0,10000,0,0,0,0,38,12000,106500,floor100,0,2,1000,0,12000,106500,0,,
2505-023,2025-05-13,9999,佐藤,IJ,clean,,29200,29200,29200,税抜,excl,,2,0,27200,0,27200,0,2000,29200,1000,29200,0,29200,0,0,0,0,0,0,0,0,0,0,0,0,0,29200,floor100,0,2,1000,0,0,29200,0,,
2505-024,2025-05-14,1023,田中,SODE,clean,,432000,432000,432000,税抜,excl,night;removal;disposal,2,264000,0,0,0,77200,0,341200,850,290020,0,290020,0,15000,45000,0,45000,22500,10000,22000,18000,5000,0,18,5000,432520,floor1000,-520,2,850,0,5000,432520,-520,,M3:1023様!89 | M3:1023様!90(adj)
2505-025,2025-05-14,9999,田中,IJ,clean,,29000,29000,31900,税込,incl,no_grommet,2,0,24000,0,24000,0,2000,26000,1000,26000,0,26000,0,3000,0,0,0,0,0,0,0,0,0,0,0,29000,floor100,0,2,1000,0,0,29000,0,,
2505-026,2025-05-14,1004,佐藤,ACM,clean,,24000,24000,24000,税抜,excl,,2,6400,2640,0,2640,3000,2000,14040,1000,14040,0,14040,0,10000,0,0,0,0,0,0,0,0,0,0,0,24040,floor100,-40,2,1000,0,0,24040,-40,,
2505-027,2025-05-15,9999,田中,CALP,clean,,96000,96000,96000,税抜,excl,,2,0,29700,0,29700,0,3500,33200,1000,33200,0,33200,0,3000,7200,7800,15000,0,33000,0,0,0,0,27,12000,96200,floor1000,-200,2,1000,0,12000,96200,-200,,
2505-028,2025-05-15,9999,田中,ACM,manager_discount,undocumented discount 5000 (9.8%) from rule_net 51000,51000,46000,50600,税込,incl,holes,2,12800,5120,0,5120,3600,2000,23520,1000,23520,0,23520,0,3000,11250,3750,15000,0,10000,0,0,0,0,6,0,51520,floor1000,-520,2,1000,0,0,51520,-5520,,
2505-029,2025-05-16,1023,田中,ACM,clean,,34000,34000,34000,税抜,excl,holes,2,12000,13200,0,13200,1800,2000,29000,850,24650,0,24650,0,10000,0,0,0,0,0,0,0,0,0,0,0,34650,floor1000,-650,2,850,0,0,34650,-650,,M3:1023様!91 | M3:1023様!92(adj)
2505-030,2025-05-16,1089,鈴木,IJ,clean,,14000,14000,14000,税抜,excl,,2,0,3600,0,3600,0,2000,5600,950,5320,680,6000,0,8000,0,0,0,0,0,0,0,0,0,0,0,14000,floor100,0,2,950,0,0,14000,0,,
2505-031,2025-05-16,1031,佐藤,IJ,clean,,8400,8400,8400,税抜,excl,,2,0,6165,0,6165,720,2000,8885,950,8440,0,8440,0,0,0,0,0,0,0,0,0,0,0,0,0,8440,floor100,-40,2,950,0,0,8440,-40,,
2505-032,2025-05-16,1085,佐藤,CALP,clean,,45000,45000,45000,税抜,excl,,2,0,11500,0,11500,0,3500,15000,1000,15000,0,15000,0,0,4000,11000,15000,0,10000,0,0,0,0,13,5000,45000,floor100,0,2,1000,0,5000,45000,0,,
2505-033,2025-05-16,1050,鈴木,ACM,clean,,63600,63600,63600,税抜,excl,survey;holes,2,24000,11880,0,11880,7800,2000,45680,1000,45680,0,45680,0,0,0,0,0,0,0,0,0,0,6000,33,12000,63680,floor100,-80,2,1000,0,12000,63680,-80,,
2505-034,2025-05-19,1023,田中,ACM,clean,,51000,51000,51000,税抜,excl,holes;repeat,2,12800,12320,0,12320,3600,0,28720,850,24412,0,24412,0,0,15450,0,15450,0,0,0,0,0,0,38,12000,51862,floor1000,-862,2,850,0,12000,51862,-862,,M3:1023様!93 | M3:1023様!94(adj)
2505-035,2025-05-19,9999,田中,CALP,clean,,53000,53000,53000,税抜,excl,,2,0,18660,0,18660,0,3500,22160,1000,22160,0,22160,0,6000,4800,10200,15000,0,10000,0,0,0,0,6,0,53160,floor1000,-160,2,1000,0,0,53160,-160,,
2505-036,2025-05-19,1020,高橋,IJ,clean,,44000,44000,44000,税抜,excl,,2,0,3200,0,3200,0,2000,5200,950,4940,1060,6000,0,3000,1600,13400,15000,0,0,0,0,0,0,52,20000,44000,floor100,0,2,950,0,20000,44000,0,,
2505-037,2025-05-20,1067,佐藤,SODE,clean,,301800,301800,301800,税抜,excl,,2,132000,0,0,0,54800,0,186800,1000,186800,0,186800,0,15000,45000,0,45000,0,33000,22000,0,0,0,5,0,301800,floor100,0,2,1000,0,0,301800,0,,
2505-038,2025-05-20,9999,鈴木,CALP,clean,,87200,87200,95920,税込,incl,,2,0,23700,0,23700,0,3500,27200,1000,27200,0,27200,0,0,8000,7000,15000,0,33000,0,0,0,0,27,12000,87200,floor100,0,2,1000,0,12000,87200,0,,
2505-039,2025-05-20,1012,佐藤,ACM,clean,,89100,89100,89100,税抜,excl,,2,36000,76560,7656,68904,4500,2000,111404,800,89123,0,89123,0,0,0,0,0,0,0,0,0,0,0,0,0,89123,floor100,-23,2,800,0,0,89123,-23,,M3:1012!25
2505-040,2025-05-21,1080,高橋,IJ,clean,,26700,26700,26700,税抜,excl,,2,0,5100,0,5100,0,2000,7100,950,6745,0,6745,0,0,3000,12000,15000,0,0,0,0,0,0,22,5000,26745,floor100,-45,2,950,0,5000,26745,-45,,
2505-041,2025-05-21,1042,佐藤,IJ,clean,,24000,24000,24000,税抜,excl,survey,2,0,4000,0,4000,0,2000,6000,950,5700,300,6000,0,0,0,0,0,0,0,0,0,0,6000,42,12000,24000,floor100,0,2,950,0,12000,24000,0,,
2505-042,2025-05-22,1041,佐藤,ACM,clean,,41200,41200,41200,税抜,excl,,2,6400,2640,0,2640,1500,2000,12540,900,11286,0,11286,0,0,8100,6900,15000,0,10000,0,0,0,0,14,5000,41286,floor100,-86,2,900,0,5000,41286,-86,,M3:1041!39
2505-043,2025-05-22,1072,田中,ACM,clean,,17500,17500,17500,税抜,excl,rush,2,6400,1320,0,1320,1500,2000,11220,1000,11220,0,11220,3366,3000,0,0,0,0,0,0,0,0,0,0,0,17586,floor100,-86,2,1000,3366,0,17586,-86,,
2505-044,2025-05-23,9999,田中,ACM,clean,,62000,62000,68200,税込,incl,,2,25600,19360,0,19360,6000,2000,52960,1000,52960,0,52960,0,10000,0,0,0,0,0,0,0,0,0,0,0,62960,floor1000,-960,2,1000,0,0,62960,-960,,
2505-045,2025-05-23,9999,佐藤,IJ,clean,,86500,86500,86500,税抜,excl,,2,0,42196,0,42196,0,2000,44196,1000,44196,0,44196,0,8000,29400,0,29400,0,0,0,0,0,0,13,5000,86596,floor100,-96,2,1000,0,5000,86596,-96,,
2505-046,2025-05-23,1041,佐藤,CALP,travel_omitted,travel fee 12000 not charged,144200,132200,132200,税抜,excl,,2,0,109000,0,109000,0,3500,112500,900,101250,0,101250,0,6000,8000,7000,15000,0,10000,0,0,0,0,35,12000,144250,floor100,-50,2,900,0,0,132250,-50,,M3:1041!40
2505-047,2025-05-26,9999,高橋,ACM,clean,,114400,114400,114400,税抜,excl,,2,44800,52360,5236,47124,10500,2000,104424,1000,104424,0,104424,0,10000,0,0,0,0,0,0,0,0,0,0,0,114424,floor100,-24,2,1000,0,0,114424,-24,,
2505-048,2025-05-26,9999,高橋,ACM,clean,,14300,14300,14300,税抜,excl,,2,6400,4480,0,4480,1500,2000,14380,1000,14380,0,14380,0,0,0,0,0,0,0,0,0,0,0,0,0,14380,floor100,-80,2,1000,0,0,14380,-80,,
2505-049,2025-05-26,1020,高橋,IJ,clean,,6000,6000,6000,税抜,excl,,2,0,2520,0,2520,0,2000,4520,950,4294,1706,6000,0,0,0,0,0,0,0,0,0,0,0,0,0,6000,floor100,0,2,950,0,0,6000,0,,
2505-050,2025-05-26,9999,佐藤,ACM,clean,,50900,50900,55990,税込,incl,corner_r,2,24000,14080,0,14080,7900,2000,47980,1000,47980,0,47980,0,3000,0,0,0,0,0,0,0,0,0,0,0,50980,floor100,-80,2,1000,0,0,50980,-80,,
2505-051,2025-05-26,1089,佐藤,IJ,clean,,35700,35700,35700,税抜,excl,,2,0,27200,0,27200,0,2000,29200,950,27740,0,27740,0,8000,0,0,0,0,0,0,0,0,0,0,0,35740,floor100,-40,2,950,0,0,35740,-40,,
2505-052,2025-05-28,1022,佐藤,ACM,clean,,217700,217700,217700,税抜,excl,holes;repeat,2,70400,58080,5808,52272,19800,0,142472,950,135348,0,135348,0,0,49400,0,49400,0,33000,0,0,0,0,5,0,217748,floor100,-48,2,950,0,0,217748,-48,,M3:１０２２!25
2505-053,2025-05-28,1023,田中,IJ,clean,,155000,155000,155000,税抜,excl,,2,0,221760,44352,177408,0,2000,179408,850,152496,0,152496,0,3000,0,0,0,0,0,0,0,0,0,0,0,155496,floor1000,-496,2,850,0,0,155496,-496,,M3:1023様!97 | M3:1023様!98(adj)
2505-054,2025-05-29,9999,高橋,ACM,clean,,46600,46600,51260,税込,incl,,2,12000,6160,0,6160,1500,2000,21660,1000,21660,0,21660,0,0,10900,4100,15000,0,10000,0,0,0,0,1,0,46660,floor100,-60,2,1000,0,0,46660,-60,,
2505-055,2025-05-29,9999,高橋,ACM,clean,,17700,17700,19470,税込,incl,corner_r,2,6400,7480,0,7480,1900,2000,17780,1000,17780,0,17780,0,0,0,0,0,0,0,0,0,0,0,0,0,17780,floor100,-80,2,1000,0,0,17780,-80,,
2505-056,2025-05-30,9999,鈴木,IJ,clean,,34000,34000,37400,税込,incl,,2,0,32000,0,32000,0,2000,34000,1000,34000,0,34000,0,0,0,0,0,0,0,0,0,0,0,0,0,34000,floor100,0,2,1000,0,0,34000,0,,
2505-057,2025-05-30,1023,田中,ACM,clean,,39000,39000,39000,税抜,excl,,2,6400,1320,0,1320,1500,2000,11220,850,9537,0,9537,0,0,7050,7950,15000,0,10000,0,0,0,0,11,5000,39537,floor1000,-537,2,850,0,5000,39537,-537,,M3:1023様!99 | M3:1023様!100(adj)
2505-058,2025-05-30,1050,鈴木,IJ,clean,,6000,6000,6000,税抜,excl,,2,0,3600,0,3600,0,2000,5600,1000,5600,400,6000,0,0,0,0,0,0,0,0,0,0,0,0,0,6000,floor100,0,2,1000,0,0,6000,0,,
2505-059,2025-05-30,1024,高橋,SODE,clean,,239800,239800,239800,税抜,excl,,2,170000,0,0,0,54800,0,224800,1000,224800,0,224800,0,15000,0,0,0,0,0,0,0,0,0,0,0,239800,floor100,0,2,1000,0,0,239800,0,,
2506-001,2025-06-02,9999,鈴木,SODE,clean,,250000,250000,250000,税抜,excl,,2,95000,0,0,0,50000,0,145000,1000,145000,0,145000,0,0,45000,0,45000,0,33000,22000,0,0,0,14,5000,250000,floor100,0,2,1000,0,5000,250000,0,,
2506-002,2025-06-02,1020,高橋,IJ,clean,,32600,32600,32600,税抜,excl,,2,0,7398,0,7398,720,2000,10118,950,9612,0,9612,0,3000,3600,11400,15000,0,0,0,0,0,0,18,5000,32612,floor100,-12,2,950,0,5000,32612,-12,,
2506-003,2025-06-03,1073,鈴木,ACM,tax_label_error,tax-inclusive amount written under a tax-exclusive or blank label,140000,140000,154000,税抜,excl,removal,2,32000,37400,0,37400,7500,2000,78900,950,74955,0,74955,0,0,35050,0,35050,0,0,0,18000,0,0,27,12000,140005,floor100,-5,2,950,0,12000,140005,-5,,
2506-004,2025-06-03,9999,佐藤,IJ,clean,,59800,59800,59800,税抜,excl,,2,0,57800,0,57800,0,2000,59800,1000,59800,0,59800,0,0,0,0,0,0,0,0,0,0,0,0,0,59800,floor100,0,2,1000,0,0,59800,0,,
2506-005,2025-06-03,9999,高橋,ACM,clean,,15900,15900,17490,税込,incl,,2,6400,3080,0,3080,1500,2000,12980,1000,12980,0,12980,0,3000,0,0,0,0,0,0,0,0,0,0,0,15980,floor100,-80,2,1000,0,0,15980,-80,,
2506-006,2025-06-03,1032,高橋,CALP,clean,,58700,58700,58700,税抜,excl,repeat,2,0,21770,0,21770,0,0,21770,1000,21770,0,21770,0,0,5600,9400,15000,0,10000,0,0,0,0,27,12000,58770,floor100,-70,2,1000,0,12000,58770,-70,,
2506-007,2025-06-04,1007,佐藤,ACM,clean,,27700,27700,27700,税抜,excl,,2,12800,11440,0,11440,3000,2000,29240,950,27778,0,27778,0,0,0,0,0,0,0,0,0,0,0,0,0,27778,floor100,-78,2,950,0,0,27778,-78,,
2506-008,2025-06-05,9999,鈴木,CALP,clean,,55900,55900,55900,税抜,excl,survey,2,0,10430,0,10430,0,3500,13930,1000,13930,0,13930,0,6000,5600,9400,15000,0,10000,0,0,0,6000,13,5000,55930,floor100,-30,2,1000,0,5000,55930,-30,,
2506-009,2025-06-05,1064,佐藤,ACM,clean,,12100,12100,12100,税抜,excl,,2,6400,2200,0,2200,1500,2000,12100,1000,12100,0,12100,0,0,0,0,0,0,0,0,0,0,0,0,0,12100,floor100,0,2,1000,0,0,12100,0,,
2506-010,2025-06-05,1074,高橋,IJ,clean,,14000,14000,14000,税抜,excl,,2,0,800,0,800,0,2000,2800,1000,2800,3200,6000,0,8000,0,0,0,0,0,0,0,0,0,0,0,14000,floor100,0,2,1000,0,0,14000,0,,M3:１０７４!31
2506-011,2025-06-05,1023,佐藤,IJ,clean,,24000,24000,24000,税抜,excl,,2,0,1200,0,1200,0,2000,3200,850,2720,3280,6000,0,3000,600,14400,15000,0,0,0,0,0,0,6,0,24000,floor100,0,2,850,0,0,24000,0,,M3:1023様!101
2506-012,2025-06-06,9999,田中,ACM,clean,,30000,30000,30000,税抜,excl,rush,2,6400,6160,0,6160,1500,2000,16060,1000,16060,0,16060,4818,10000,0,0,0,0,0,0,0,0,0,0,0,30878,floor1000,-878,2,1000,4818,0,30878,-878,,
2506-013,2025-06-06,1079,佐藤,IJ,clean,,6000,6000,6000,税抜,excl,,2,0,4400,0,4400,0,2000,6400,950,6080,0,6080,0,0,0,0,0,0,0,0,0,0,0,0,0,6080,floor100,-80,2,950,0,0,6080,-80,,
2506-014,2025-06-06,1050,鈴木,ACM,clean,,132000,132000,132000,税抜,excl,rush,2,36000,22000,0,22000,13500,2000,73500,1000,73500,0,73500,22050,3000,23500,0,23500,0,10000,0,0,0,0,5,0,132050,floor100,-50,2,1000,22050,0,132050,-50,,
2506-015,2025-06-09,1045,高橋,ACM,clean,,65300,65300,65300,税抜,excl,,2,12800,14960,0,14960,3000,2000,32760,1000,32760,0,32760,0,0,17550,0,17550,0,10000,0,0,0,0,13,5000,65310,floor100,-10,2,1000,0,5000,65310,-10,,
2506-016,2025-06-09,9999,鈴木,SODE,clean,,200000,200000,200000,税抜,excl,,2,95000,0,0,0,0,0,95000,1000,95000,0,95000,0,15000,45000,0,45000,0,33000,0,0,0,0,38,12000,200000,floor100,0,2,1000,0,12000,200000,0,,
2506-017,2025-06-10,9999,佐藤,CALP,clean,,76000,76000,83600,税込,incl,,2,0,44550,0,44550,0,3500,48050,1000,48050,0,48050,0,3000,7200,7800,15000,0,10000,0,0,0,0,10,0,76050,floor100,-50,2,1000,0,0,76050,-50,,
2506-018,2025-06-10,9999,鈴木,CALP,clean,,77300,77300,85030,税込,incl,survey,2,0,7800,0,7800,0,3500,11300,1000,11300,0,11300,0,0,4000,11000,15000,0,33000,0,0,0,6000,35,12000,77300,floor100,0,2,1000,0,12000,77300,0,,
2506-019,2025-06-10,1091,鈴木,IJ,clean,,45800,45800,45800,税抜,excl,removal;disposal,2,0,5880,0,5880,0,2000,7880,1000,7880,0,7880,0,0,2600,12400,15000,0,0,0,18000,5000,0,8,0,45880,floor100,-80,2,1000,0,0,45880,-80,,
2506-020,2025-06-11,1032,高橋,CALP,clean,,71300,71300,71300,税抜,excl,survey,2,0,24850,0,24850,0,3500,28350,1000,28350,0,28350,0,0,5600,9400,15000,0,10000,0,0,0,6000,48,12000,71350,floor100,-50,2,1000,0,12000,71350,-50,,
2506-021,2025-06-12,1048,田中,ACM,clean,,25600,25600,25600,税抜,excl,corner_r,2,6400,12320,0,12320,1900,2000,22620,1000,22620,0,22620,0,3000,0,0,0,0,0,0,0,0,0,0,0,25620,floor100,-20,2,1000,0,0,25620,-20,,
2506-022,2025-06-12,1025,佐藤,IJ,clean,,24400,24400,24400,税抜,excl,,2,0,17262,0,17262,2160,2000,21422,1000,21422,0,21422,0,3000,0,0,0,0,0,0,0,0,0,0,0,24422,floor100,-22,2,1000,0,0,24422,-22,,
2506-023,2025-06-13,1007,高橋,IJ,clean,,57400,57400,57400,税抜,excl,,2,0,9900,0,9900,1200,2000,13100,950,12445,0,12445,0,0,6600,8400,15000,0,10000,0,0,0,0,66,20000,57445,floor100,-45,2,950,0,20000,57445,-45,,
2506-024,2025-06-16,1077,高橋,IJ,clean,,91000,91000,91000,税抜,excl,,2,0,57540,5754,51786,0,2000,53786,950,51096,0,51096,0,0,30000,0,30000,0,10000,0,0,0,0,75,0,91096,floor100,-96,2,950,0,0,91096,-96,,M3:1077様!34
2506-025,2025-06-16,9999,高橋,IJ,clean,,103000,103000,113300,税込,incl,removal;disposal;survey,2,0,40000,0,40000,0,2000,42000,1000,42000,0,42000,0,0,20000,0,20000,0,0,0,18000,5000,6000,35,12000,103000,floor100,0,2,1000,0,12000,103000,0,,
2506-026,2025-06-17,1063,鈴木,IJ,clean,,48100,48100,48100,税抜,excl,,2,0,51000,0,51000,7200,2000,60200,800,48160,0,48160,0,0,0,0,0,0,0,0,0,0,0,0,0,48160,floor100,-60,2,800,0,0,48160,-60,,
2506-027,2025-06-17,1023,田中,SODE,clean,,191000,191000,191000,税抜,excl,,2,170000,0,0,0,54800,0,224800,850,191080,0,191080,0,0,0,0,0,0,0,0,0,0,0,0,0,191080,floor1000,-80,2,850,0,0,191080,-80,,M3:1023様!102
2506-028,2025-06-17,9999,田中,IJ,clean,,12000,12000,13200,税込,incl,rush,2,0,2400,0,2400,0,2000,4400,1000,4400,1600,6000,3000,3000,0,0,0,0,0,0,0,0,0,0,0,12000,floor100,0,2,1000,3000,0,12000,0,,
2506-029,2025-06-17,1042,佐藤,SODE,clean,,492200,492200,492200,税抜,excl,,2,326000,0,0,0,90000,0,416000,950,395200,0,395200,0,0,45000,0,45000,0,10000,22000,0,0,0,55,20000,492200,floor100,0,2,950,0,20000,492200,0,,
2506-030,2025-06-17,1009,鈴木,ACM,clean,,184500,184500,184500,税抜,excl,,2,64000,73920,7392,66528,42000,2000,174528,1000,174528,0,174528,0,10000,0,0,0,0,0,0,0,0,0,0,0,184528,floor100,-28,2,1000,0,0,184528,-28,,
2506-031,2025-06-18,1072,田中,CALP,clean,,126000,126000,126000,税抜,excl,,2,0,69550,0,69550,0,3500,73050,1000,73050,0,73050,0,0,10400,4600,15000,0,33000,0,0,0,0,14,5000,126050,floor1000,-50,2,1000,0,5000,126050,-50,,
2506-032,2025-06-18,9999,高橋,ACM,clean,,79800,79800,87780,税込,incl,rush,2,12800,10880,0,10880,3000,2000,28680,1000,28680,0,28680,8604,10000,17550,0,17550,0,10000,0,0,0,0,13,5000,79834,floor100,-34,2,1000,8604,5000,79834,-34,,
2506-033,2025-06-18,1050,鈴木,ACM,clean,,39500,39500,39500,税抜,excl,holes,2,6400,1320,0,1320,1800,2000,11520,1000,11520,0,11520,0,3000,7050,7950,15000,0,10000,0,0,0,0,8,0,39520,floor100,-20,2,1000,0,0,39520,-20,,
2506-034,2025-06-18,1068,高橋,IJ,clean,,14000,14000,14000,税抜,excl,,2,0,2700,0,2700,1080,2000,5780,1000,5780,220,6000,0,8000,0,0,0,0,0,0,0,0,0,0,0,14000,floor100,0,2,1000,0,0,14000,0,,
2506-035,2025-06-18,9999,鈴木,ACM,clean,,119200,119200,119200,税抜,excl,removal;disposal,2,19200,22440,0,22440,4500,2000,48140,1000,48140,0,48140,0,3000,23150,0,23150,0,10000,0,18000,5000,0,27,12000,119290,floor100,-90,2,1000,0,12000,119290,-90,,
2506-036,2025-06-19,9999,田中,CALP,clean,,69000,69000,75900,税込,incl,,2,0,17500,0,17500,0,3500,21000,1000,21000,0,21000,0,0,8000,7000,15000,0,33000,0,0,0,0,1,0,69000,floor1000,0,2,1000,0,0,69000,0,,
2506-037,2025-06-19,1074,高橋,ACM,clean,,332200,332200,332200,税抜,excl,,2,121600,145200,29040,116160,82500,2000,322260,1000,322260,0,322260,0,10000,0,0,0,0,0,0,0,0,0,0,0,332260,floor100,-60,2,1000,0,0,332260,-60,,M3:１０７４!32
2506-038,2025-06-20,1048,田中,ACM,clean,,13800,13800,13800,税抜,excl,,2,6400,3960,0,3960,1500,2000,13860,1000,13860,0,13860,0,0,0,0,0,0,0,0,0,0,0,0,0,13860,floor100,-60,2,1000,0,0,13860,-60,,
2506-039,2025-06-20,1091,高橋,ACM,clean,,358000,358000,358000,税抜,excl,rush,2,120000,66000,6600,59400,37500,2000,218900,1000,218900,0,218900,65670,0,58500,0,58500,0,10000,0,0,0,0,19,5000,358070,floor100,-70,2,1000,65670,5000,358070,-70,,
2506-040,2025-06-20,1058,鈴木,IJ,clean,,191700,191700,191700,税抜,excl,rush,2,0,227920,45584,182336,0,2000,184336,800,147468,0,147468,44240,0,0,0,0,0,0,0,0,0,0,0,0,191708,floor100,-8,2,800,44240,0,191708,-8,,
2506-041,2025-06-23,9999,鈴木,SODE,clean,,241000,241000,265100,税込,incl,removal;disposal,2,132000,0,0,0,0,0,132000,1000,132000,0,132000,0,3000,45000,0,45000,0,33000,0,18000,5000,0,19,5000,241000,floor100,0,2,1000,0,5000,241000,0,,
2506-042,2025-06-23,1023,田中,SODE,clean,,213000,213000,213000,税抜,excl,,2,132000,0,0,0,0,0,132000,850,112200,0,112200,0,3000,45000,0,45000,0,33000,0,0,0,0,55,20000,213200,floor1000,-200,2,850,0,20000,213200,-200,,M3:1023様!103
2506-043,2025-06-24,1022,佐藤,SODE,clean,,125400,125400,125400,税抜,excl,,2,132000,0,0,0,0,0,132000,950,125400,0,125400,0,0,0,0,0,0,0,0,0,0,0,0,0,125400,floor100,0,2,950,0,0,125400,0,,M3:１０２２!26
2506-044,2025-06-25,9999,佐藤,CALP,clean,,55700,55700,61270,税込,incl,,2,0,21240,0,21240,0,3500,24740,1000,24740,0,24740,0,6000,1600,13400,15000,0,10000,0,0,0,0,5,0,55740,floor100,-40,2,1000,0,0,55740,-40,,
2506-045,2025-06-25,9999,高橋,CALP,clean,,28800,28800,31680,税込,incl,,2,0,22300,0,22300,0,3500,25800,1000,25800,0,25800,0,3000,0,0,0,0,0,0,0,0,0,0,0,28800,floor100,0,2,1000,0,0,28800,0,,
2506-046,2025-06-25,1025,佐藤,CALP,revision_v1,superseded by re-issued quote (quantity change); v1 priced by rules,39700,39700,39700,税抜,excl,repeat,2,0,14700,0,14700,0,0,14700,1000,14700,0,14700,0,0,5600,9400,15000,0,10000,0,0,0,0,10,0,39700,floor100,0,2,1000,0,0,39700,0,v2=2506-046-2,
2506-046-2,2025-07-11,1025,佐藤,CALP,revision_v2,quantity 7->10; priced by rules,46000,46000,46000,税抜,excl,repeat,3,0,21000,0,21000,0,0,21000,1000,21000,0,21000,0,0,8000,7000,15000,0,10000,0,0,0,0,10,0,46000,floor100,0,3,1000,0,0,46000,0,v1=2506-046,
2506-047,2025-06-25,1047,鈴木,IJ,clean,,167200,167200,167200,税抜,excl,repeat,2,0,261313,52262,209051,0,0,209051,800,167240,0,167240,0,0,0,0,0,0,0,0,0,0,0,0,0,167240,floor100,-40,2,800,0,0,167240,-40,,
2506-048,2025-06-25,9999,佐藤,IJ,clean,,14000,14000,14000,税抜,excl,,2,0,2720,0,2720,0,2000,4720,1000,4720,1280,6000,0,8000,0,0,0,0,0,0,0,0,0,0,0,14000,floor100,0,2,1000,0,0,14000,0,,
2506-049,2025-06-26,1031,佐藤,CALP,clean,,19000,19000,19000,税抜,excl,,2,0,16560,0,16560,0,3500,20060,950,19057,0,19057,0,0,0,0,0,0,0,0,0,0,0,0,0,19057,floor100,-57,2,950,0,0,19057,-57,,
2506-050,2025-06-26,1019,田中,IJ,clean,,8900,8900,8900,税抜,excl,,2,0,9240,0,9240,0,2000,11240,800,8992,0,8992,0,0,0,0,0,0,0,0,0,0,0,0,0,8992,floor100,-92,2,800,0,0,8992,-92,,
2506-051,2025-06-26,1068,高橋,IJ,clean,,21400,21400,21400,税抜,excl,,2,0,16440,0,16440,0,2000,18440,1000,18440,0,18440,0,3000,0,0,0,0,0,0,0,0,0,0,0,21440,floor100,-40,2,1000,0,0,21440,-40,,
2506-052,2025-06-26,1089,佐藤,SODE,clean,,254500,254500,254500,税抜,excl,,2,170000,0,0,0,0,0,170000,950,161500,0,161500,0,15000,45000,0,45000,0,33000,0,0,0,0,1,0,254500,floor100,0,2,950,0,0,254500,0,,
2506-053,2025-06-27,1033,田中,CALP,clean,,51000,51000,51000,税抜,excl,repeat,2,0,14300,0,14300,0,0,14300,1000,14300,0,14300,0,0,8800,6200,15000,0,10000,0,0,0,0,35,12000,51300,floor1000,-300,2,1000,0,12000,51300,-300,,
2506-054,2025-06-27,1095,高橋,ACM,clean,,72100,72100,72100,税抜,excl,removal;disposal,2,6400,2200,0,2200,1500,2000,12100,1000,12100,0,12100,0,0,7750,7250,15000,0,10000,0,18000,5000,0,48,12000,72100,floor100,0,2,1000,0,12000,72100,0,,
2506-055,2025-06-27,1049,田中,IJ,clean,,50000,50000,50000,税抜,excl,,2,0,10000,0,10000,0,2000,12000,1000,12000,0,12000,0,8000,5000,10000,15000,0,10000,0,0,0,0,14,5000,50000,floor1000,0,2,1000,0,5000,50000,0,,
2506-056,2025-06-27,9999,高橋,IJ,clean,,26800,26800,26800,税抜,excl,,2,0,9863,0,9863,0,2000,11863,1000,11863,0,11863,0,0,4400,10600,15000,0,0,0,0,0,0,1,0,26863,floor100,-63,2,1000,0,0,26863,-63,,
2506-057,2025-06-28,9999,田中,ACM,clean,,92000,92000,92000,税抜,excl,,2,19200,44880,4488,40392,4500,2000,66092,1000,66092,0,66092,0,3000,23500,0,23500,0,0,0,0,0,0,1,0,92592,floor1000,-592,2,1000,0,0,92592,-592,,
2506-058,2025-06-28,1064,田中,IJ,clean,,87000,87000,87000,税抜,excl,,2,0,41140,0,41140,0,2000,43140,1000,43140,0,43140,0,3000,36800,0,36800,0,0,0,0,0,0,22,5000,87940,floor1000,-940,2,1000,0,5000,87940,-940,,
2506-059,2025-06-28,1047,田中,ACM,clean,,12600,12600,12600,税抜,excl,,2,6400,4400,0,4400,3000,2000,15800,800,12640,0,12640,0,0,0,0,0,0,0,0,0,0,0,0,0,12640,floor100,-40,2,800,0,0,12640,-40,,
2506-060,2025-06-30,9999,高橋,ACM,clean,,14200,14200,15620,税込,incl,,2,6400,1320,0,1320,1500,2000,11220,1000,11220,0,11220,0,3000,0,0,0,0,0,0,0,0,0,0,0,14220,floor100,-20,2,1000,0,0,14220,-20,,
2506-061,2025-06-30,1054,佐藤,IJ,clean,,33900,33900,33900,税抜,excl,,2,0,13974,0,13974,0,2000,15974,1000,15974,0,15974,0,3000,6000,9000,15000,0,0,0,0,0,0,6,0,33974,floor100,-74,2,1000,0,0,33974,-74,,
2506-062,2025-06-30,1012,佐藤,IJ,clean,,12800,12800,12800,税抜,excl,,2,0,14000,0,14000,0,2000,16000,800,12800,0,12800,0,0,0,0,0,0,0,0,0,0,0,0,0,12800,floor100,0,2,800,0,0,12800,0,,M3:1012!26
2506-063,2025-06-30,9999,高橋,IJ,clean,,22900,22900,22900,税抜,excl,,2,0,11508,0,11508,1440,2000,14948,1000,14948,0,14948,0,8000,0,0,0,0,0,0,0,0,0,0,0,22948,floor100,-48,2,1000,0,0,22948,-48,,
2506-064,2025-06-30,1065,高橋,ACM,clean,,36500,36500,36500,税抜,excl,,2,6400,7480,0,7480,1500,2000,17380,950,16511,0,16511,0,0,11950,3050,15000,0,0,0,0,0,0,19,5000,36511,floor100,-11,2,950,0,5000,36511,-11,,
2506-065,2025-06-30,1050,鈴木,ACM,clean,,114900,114900,114900,税抜,excl,rush;corner_r,2,36000,19800,0,19800,13900,2000,71700,1000,71700,0,71700,21510,0,21750,0,21750,0,0,0,0,0,0,6,0,114960,floor100,-60,2,1000,21510,0,114960,-60,,
2506-066,2025-06-30,1064,佐藤,CALP,clean,,60100,60100,60100,税抜,excl,survey,2,0,39600,0,39600,0,3500,43100,1000,43100,0,43100,0,6000,0,0,0,0,0,0,0,0,6000,22,5000,60100,floor100,0,2,1000,0,5000,60100,0,,
2507-001,2025-07-01,1042,佐藤,IJ,clean,,160400,160400,160400,税抜,excl,removal;disposal,3,0,75900,0,75900,0,2000,77900,950,74005,0,74005,0,9000,32400,0,32400,0,10000,0,18000,5000,0,35,12000,160405,floor100,-5,3,950,0,12000,160405,-5,,
2507-002,2025-07-01,1009,佐藤,SODE,clean,,314000,314000,314000,税抜,excl,rush,3,95000,0,0,0,50000,0,145000,1000,145000,0,145000,43500,3500,45000,0,45000,0,55000,22000,0,0,0,6,0,314000,floor100,0,3,1000,43500,0,314000,0,,
2507-003,2025-07-01,9999,高橋,ACM,clean,,17700,17700,19470,税込,incl,,3,6400,2880,0,2880,3000,2000,14280,1000,14280,0,14280,0,3500,0,0,0,0,0,0,0,0,0,0,0,17780,floor100,-80,3,1000,0,0,17780,-80,,
2507-004,2025-07-01,1023,田中,CALP,clean,,79000,79000,79000,税抜,excl,removal,3,0,6660,0,6660,0,3500,10160,850,8636,0,8636,0,0,4800,10200,15000,0,33000,0,18000,0,0,18,5000,79636,floor1000,-636,3,850,0,5000,79636,-636,,M3:1023様!104 | M3:1023様!105(adj)
2507-005,2025-07-02,1025,佐藤,CALP,clean,,21000,21000,21000,税抜,excl,,3,0,14050,0,14050,0,3500,17550,1000,17550,0,17550,0,3500,0,0,0,0,0,0,0,0,0,0,0,21050,floor100,-50,3,1000,0,0,21050,-50,,
2507-006,2025-07-02,1033,田中,IJ,clean,,19900,19900,19900,税抜,excl,,3,0,7260,0,7260,1680,2000,10940,1000,10940,0,10940,0,9000,0,0,0,0,0,0,0,0,0,0,0,19940,floor100,-40,3,1000,0,0,19940,-40,,
2507-007,2025-07-03,1007,高橋,IJ,clean,,108200,108200,108200,税抜,excl,repeat,3,0,126588,12658,113930,0,0,113930,950,108233,0,108233,0,0,0,0,0,0,0,0,0,0,0,0,0,108233,floor100,-33,3,950,0,0,108233,-33,,
2507-008,2025-07-03,1058,佐藤,IJ,clean,,114800,114800,114800,税抜,excl,,3,0,106920,10692,96228,45360,2000,143588,800,114870,0,114870,0,0,0,0,0,0,0,0,0,0,0,0,0,114870,floor100,-70,3,800,0,0,114870,-70,,
2507-009,2025-07-03,1011,佐藤,ACM,clean,,24300,24300,24300,税抜,excl,,3,6400,2400,0,2400,1500,2000,12300,1000,12300,0,12300,0,12000,0,0,0,0,0,0,0,0,0,0,0,24300,floor100,0,3,1000,0,0,24300,0,,
2507-010,2025-07-04,1068,高橋,SODE,clean,,248000,248000,248000,税抜,excl,,3,132000,0,0,0,0,0,132000,1000,132000,0,132000,0,18000,45000,0,45000,0,33000,0,0,0,0,52,20000,248000,floor100,0,3,1000,0,20000,248000,0,,
2507-011,2025-07-04,1010,佐藤,SODE,rush_unrecorded,rush surcharge 53238 applied without rush wording in remarks,319400,372600,372600,税抜,excl,removal;survey,3,132000,0,0,0,54800,0,186800,950,177460,0,177460,0,18000,45000,0,45000,0,33000,22000,18000,0,6000,8,0,319460,floor100,-60,3,950,53238,0,372698,-98,,
2507-012,2025-07-04,1012,佐藤,ACM,clean,,62800,62800,62800,税抜,excl,,3,6400,2400,0,2400,1500,2000,12300,800,9840,0,9840,0,0,7750,7250,15000,0,33000,0,0,0,0,18,5000,62840,floor100,-40,3,800,0,5000,62840,-40,,M3:1012!27
2507-013,2025-07-07,1026,高橋,IJ,stale_table,priced with table v2 instead of v3; diff=-18100,199000,180900,180900,税抜,excl,,3,0,235092,47018,188074,0,2000,190074,1000,190074,0,190074,0,9000,0,0,0,0,0,0,0,0,0,0,0,199074,floor100,-74,2,1000,0,0,180976,-76,,
2507-014,2025-07-07,1081,田中,IJ,stale_table,priced with table v2 instead of v3; diff=-3000,54000,51000,51000,税抜,excl,night,3,0,28160,0,28160,0,2000,30160,950,28652,0,28652,0,3500,12400,2600,15000,7500,0,0,0,0,0,1,0,54652,floor1000,-652,2,950,0,0,51720,-720,,
2507-015,2025-07-07,9999,佐藤,CALP,clean,,84300,84300,92730,税込,incl,removal;survey,3,0,8880,0,8880,0,3500,12380,1000,12380,0,12380,0,0,6400,8600,15000,0,33000,0,18000,0,6000,6,0,84380,floor100,-80,3,1000,0,0,84380,-80,,
2507-016,2025-07-07,9999,高橋,CALP,clean,,43500,43500,47850,税込,incl,,3,0,33000,0,33000,0,3500,36500,1000,36500,0,36500,0,7000,0,0,0,0,0,0,0,0,0,0,0,43500,floor100,0,3,1000,0,0,43500,0,,
2507-017,2025-07-07,9999,鈴木,ACM,clean,,40300,40300,44330,税込,incl,corner_r,3,12800,6720,0,6720,3800,2000,25320,1000,25320,0,25320,0,0,10900,4100,15000,0,0,0,0,0,0,1,0,40320,floor100,-20,3,1000,0,0,40320,-20,,
2507-018,2025-07-07,1084,田中,IJ,clean,,52000,52000,52000,税抜,excl,,3,0,71300,7130,64170,0,2000,66170,800,52936,0,52936,0,0,0,0,0,0,0,0,0,0,0,0,0,52936,floor1000,-936,3,800,0,0,52936,-936,,
2507-019,2025-07-08,1042,鈴木,CALP,stale_table,priced with table v2 instead of v3; diff=-500,150600,150100,150100,税抜,excl,,3,0,112410,0,112410,0,3500,115910,950,110114,0,110114,0,3500,7200,7800,15000,0,10000,0,0,0,0,38,12000,150614,floor100,-14,2,950,0,12000,150114,-14,,
2507-020,2025-07-08,1020,佐藤,IJ,clean,,30000,30000,30000,税抜,excl,no_grommet,3,0,1650,0,1650,0,2000,3650,950,3467,2533,6000,0,9000,1000,14000,15000,0,0,0,0,0,0,6,0,30000,floor100,0,3,950,0,0,30000,0,,
2507-021,2025-07-08,1023,田中,ACM,clean,,14500,14500,14500,税抜,excl,,3,6400,5760,0,5760,3000,2000,17160,850,14586,0,14586,0,0,0,0,0,0,0,0,0,0,0,0,0,14586,floor100,-86,3,850,0,0,14586,-86,,M3:1023様!106
2507-022,2025-07-09,1012,佐藤,ACM,clean,,10400,10400,10400,税抜,excl,corner_r;repeat,3,6400,2880,0,2880,3800,0,13080,800,10464,0,10464,0,0,0,0,0,0,0,0,0,0,0,0,0,10464,floor100,-64,3,800,0,0,10464,-64,,M3:1012!28
2507-023,2025-07-09,9999,佐藤,IJ,clean,,31900,31900,35090,税込,incl,,3,0,26400,0,26400,0,2000,28400,1000,28400,0,28400,0,3500,0,0,0,0,0,0,0,0,0,0,0,31900,floor100,0,3,1000,0,0,31900,0,,
2507-024,2025-07-09,1073,田中,CALP,clean,,49000,49000,49000,税抜,excl,,3,0,16800,0,16800,0,3500,20300,950,19285,0,19285,0,0,6400,8600,15000,0,10000,0,0,0,0,14,5000,49285,floor1000,-285,3,950,0,5000,49285,-285,,
2507-025,2025-07-09,1067,佐藤,ACM,clean,,41800,41800,41800,税抜,excl,corner_r,3,12000,13920,0,13920,1900,2000,29820,1000,29820,0,29820,0,12000,0,0,0,0,0,0,0,0,0,0,0,41820,floor100,-20,3,1000,0,0,41820,-20,,
2507-026,2025-07-09,9999,高橋,ACM,clean,,21500,21500,21500,税抜,excl,,3,6400,8160,0,8160,1500,2000,18060,1000,18060,0,18060,0,3500,0,0,0,0,0,0,0,0,0,0,0,21560,floor100,-60,3,1000,0,0,21560,-60,,
2507-027,2025-07-09,9999,高橋,IJ,clean,,29000,29000,31900,税込,incl,,3,0,18084,0,18084,0,2000,20084,1000,20084,0,20084,0,9000,0,0,0,0,0,0,0,0,0,0,0,29084,floor100,-84,3,1000,0,0,29084,-84,,
2507-028,2025-07-09,1007,高橋,CALP,clean,,25100,25100,25100,税抜,excl,,3,0,23000,0,23000,0,3500,26500,950,25175,0,25175,0,0,0,0,0,0,0,0,0,0,0,0,0,25175,floor100,-75,3,950,0,0,25175,-75,,
2507-029,2025-07-10,1006,佐藤,IJ,clean,,38800,38800,38800,税抜,excl,,3,0,36890,0,36890,0,2000,38890,1000,38890,0,38890,0,0,0,0,0,0,0,0,0,0,0,0,0,38890,floor100,-90,3,1000,0,0,38890,-90,,
2507-030,2025-07-11,9999,鈴木,ACM,clean,,40200,40200,44220,税込,incl,,3,6400,3360,0,3360,1500,2000,13260,1000,13260,0,13260,0,12000,8450,6550,15000,0,0,0,0,0,0,5,0,40260,floor100,-60,3,1000,0,0,40260,-60,,
2507-031,2025-07-11,1077,高橋,IJ,clean,,26000,26000,26000,税抜,excl,,3,0,21700,0,21700,0,2000,23700,950,22515,0,22515,0,3500,0,0,0,0,0,0,0,0,0,0,0,26015,floor100,-15,3,950,0,0,26015,-15,,M3:1077様!35
2507-032,2025-07-11,9999,佐藤,IJ,stale_table,priced with table v2 instead of v3; diff=-1000,15000,14000,14000,税抜,excl,,3,0,1550,0,1550,0,2000,3550,1000,3550,2450,6000,0,9000,0,0,0,0,0,0,0,0,0,0,0,15000,floor100,0,2,1000,0,0,14000,0,,
2507-033,2025-07-11,9999,田中,ACM,clean,,34000,34000,34000,税抜,excl,corner_r,3,12800,10500,0,10500,9500,2000,34800,1000,34800,0,34800,0,0,0,0,0,0,0,0,0,0,0,0,0,34800,floor1000,-800,3,1000,0,0,34800,-800,,
2507-034,2025-07-11,9999,田中,ACM,clean,,249000,249000,273900,税込,incl,,3,51200,130560,13056,117504,12000,2000,182704,1000,182704,0,182704,0,0,51500,0,51500,0,10000,0,0,0,0,18,5000,249204,floor1000,-204,3,1000,0,5000,249204,-204,,
2507-035,2025-07-11,1065,高橋,CALP,manager_discount,undocumented discount 17000 (15.2%) from rule_net 112000,112000,95000,95000,税抜,excl,removal;disposal,3,0,42900,0,42900,0,3500,46400,950,44080,0,44080,0,0,10400,4600,15000,0,10000,0,18000,5000,0,80,20000,112080,floor100,-80,3,950,0,20000,112080,-17080,,
2507-036,2025-07-11,9999,佐藤,ACM,clean,,56300,56300,61930,税込,incl,rush,3,12800,16320,0,16320,3000,2000,34120,1000,34120,0,34120,10236,12000,0,0,0,0,0,0,0,0,0,0,0,56356,floor100,-56,3,1000,10236,0,56356,-56,,
2507-037,2025-07-11,1075,高橋,ACM,clean,,20100,20100,20100,税抜,excl,,3,6400,5760,0,5760,6000,2000,20160,1000,20160,0,20160,0,0,0,0,0,0,0,0,0,0,0,0,0,20160,floor100,-60,3,1000,0,0,20160,-60,,
2507-038,2025-07-14,1015,佐藤,ACM,clean,,51500,51500,51500,税抜,excl,holes,3,6400,4320,0,4320,1800,2000,14520,1000,14520,0,14520,0,0,9150,5850,15000,0,10000,0,0,0,0,35,12000,51520,floor100,-20,3,1000,0,12000,51520,-20,,
2507-039,2025-07-14,9999,佐藤,ACM,clean,,104900,104900,104900,税抜,excl,,3,25600,32640,0,32640,6000,2000,66240,1000,66240,0,66240,0,0,28750,0,28750,0,10000,0,0,0,0,1,0,104990,floor100,-90,3,1000,0,0,104990,-90,,
2507-040,2025-07-14,1020,高橋,SODE,clean,,262000,262000,262000,税抜,excl,,3,199000,0,0,0,0,0,199000,950,189050,0,189050,0,18000,45000,0,45000,0,10000,0,0,0,0,6,0,262050,floor100,-50,3,950,0,0,262050,-50,,
2507-041,2025-07-14,1067,佐藤,ACM,clean,,75800,75800,75800,税抜,excl,corner_r,3,32000,28800,0,28800,9500,2000,72300,1000,72300,0,72300,0,3500,0,0,0,0,0,0,0,0,0,0,0,75800,floor100,0,3,1000,0,0,75800,0,,
2507-042,2025-07-14,1012,鈴木,IJ,clean,,13100,13100,13100,税抜,excl,,3,0,14430,0,14430,0,2000,16430,800,13144,0,13144,0,0,0,0,0,0,0,0,0,0,0,0,0,13144,floor100,-44,3,800,0,0,13144,-44,,M3:1012!29
2507-043,2025-07-15,1022,佐藤,ACM,clean,,80900,80900,80900,税抜,excl,night;removal;disposal,3,6400,7200,0,7200,7500,2000,23100,950,21945,0,21945,0,3500,8450,6550,15000,7500,10000,0,18000,5000,0,1,0,80945,floor100,-45,3,950,0,0,80945,-45,,M3:１０２２!27
2507-044,2025-07-15,9999,高橋,SODE,clean,,260000,260000,260000,税抜,excl,,3,170000,0,0,0,0,0,170000,1000,170000,0,170000,0,0,45000,0,45000,0,33000,0,0,0,0,27,12000,260000,floor100,0,3,1000,0,12000,260000,0,,
2507-045,2025-07-15,1091,高橋,ACM,clean,,45100,45100,45100,税抜,excl,,3,12800,15360,0,15360,3000,2000,33160,1000,33160,0,33160,0,12000,0,0,0,0,0,0,0,0,0,0,0,45160,floor100,-60,3,1000,0,0,45160,-60,,
2507-046,2025-07-15,1074,高橋,SODE,clean,,440000,440000,440000,税抜,excl,,3,190000,0,0,0,100000,0,290000,1000,290000,0,290000,0,0,90000,0,90000,0,33000,22000,0,0,0,19,5000,440000,floor100,0,3,1000,0,5000,440000,0,,M3:１０７４!33
2507-047,2025-07-16,1012,鈴木,ACM,clean,,16000,16000,16000,税抜,excl,rush;holes,3,6400,5280,0,5280,1800,2000,15480,800,12384,0,12384,3715,0,0,0,0,0,0,0,0,0,0,0,0,16099,floor100,-99,3,800,3715,0,16099,-99,,M3:1012!30
2507-048,2025-07-16,1054,佐藤,ACM,clean,,49900,49900,49900,税抜,excl,,3,24000,12960,0,12960,7500,2000,46460,1000,46460,0,46460,0,3500,0,0,0,0,0,0,0,0,0,0,0,49960,floor100,-60,3,1000,0,0,49960,-60,,
2507-049,2025-07-16,1063,鈴木,IJ,clean,,21800,21800,21800,税抜,excl,no_grommet,3,0,25317,0,25317,0,2000,27317,800,21853,0,21853,0,0,0,0,0,0,0,0,0,0,0,0,0,21853,floor100,-53,3,800,0,0,21853,-53,,
2507-050,2025-07-16,1023,田中,ACM,clean,,51000,51000,51000,税抜,excl,removal;holes;repeat,3,6400,1920,0,1920,1800,0,10120,850,8602,0,8602,0,0,7400,7600,15000,0,10000,0,18000,0,0,10,0,51602,floor1000,-602,3,850,0,0,51602,-602,,M3:1023様!107 | M3:1023様!108(adj)
2507-051,2025-07-16,9999,佐藤,ACM,clean,,238400,238400,262240,税込,incl,holes,3,120000,96000,9600,86400,18000,2000,226400,1000,226400,0,226400,0,12000,0,0,0,0,0,0,0,0,0,0,0,238400,floor100,0,3,1000,0,0,238400,0,,
2507-052,2025-07-17,9999,田中,CALP,clean,,60000,60000,66000,税込,incl,,3,0,53500,0,53500,0,3500,57000,1000,57000,0,57000,0,3500,0,0,0,0,0,0,0,0,0,0,0,60500,floor1000,-500,3,1000,0,0,60500,-500,,
2507-053,2025-07-17,1067,佐藤,ACM,clean,,47400,47400,47400,税抜,excl,corner_r,3,24000,10080,0,10080,7900,2000,43980,1000,43980,0,43980,0,3500,0,0,0,0,0,0,0,0,0,0,0,47480,floor100,-80,3,1000,0,0,47480,-80,,
2507-054,2025-07-18,1065,高橋,ACM,clean,,60200,60200,60200,税抜,excl,removal;repeat,3,6400,8160,0,8160,1500,0,16060,950,15257,0,15257,0,0,11950,3050,15000,0,0,0,18000,0,0,38,12000,60257,floor100,-57,3,950,0,12000,60257,-57,,
2507-055,2025-07-18,1007,高橋,IJ,clean,,10500,10500,10500,税抜,excl,,3,0,9123,0,9123,0,2000,11123,950,10566,0,10566,0,0,0,0,0,0,0,0,0,0,0,0,0,10566,floor100,-66,3,950,0,0,10566,-66,,
2507-056,2025-07-18,1023,田中,ACM,clean,,394000,394000,394000,税抜,excl,removal;disposal,3,128000,113280,11328,101952,88500,2000,320452,850,272384,0,272384,0,3500,80550,0,80550,0,10000,0,18000,5000,0,11,5000,394434,floor1000,-434,3,850,0,5000,394434,-434,,M3:1023様!109 | M3:1023様!110(adj)
2507-057,2025-07-18,9999,鈴木,ACM,clean,,16600,16600,18260,税込,incl,corner_r,3,6400,6300,0,6300,1900,2000,16600,1000,16600,0,16600,0,0,0,0,0,0,0,0,0,0,0,0,0,16600,floor100,0,3,1000,0,0,16600,0,,
2507-058,2025-07-18,1009,佐藤,ACM,clean,,116300,116300,116300,税抜,excl,corner_r,3,48000,61440,6144,55296,7600,2000,112896,1000,112896,0,112896,0,3500,0,0,0,0,0,0,0,0,0,0,0,116396,floor100,-96,3,1000,0,0,116396,-96,,
2507-059,2025-07-19,9999,田中,ACM,clean,,39000,39000,42900,税込,incl,,3,6400,2880,0,2880,1500,2000,12780,1000,12780,0,12780,0,0,8100,6900,15000,0,0,0,0,0,0,33,12000,39780,floor1000,-780,3,1000,0,12000,39780,-780,,
2507-060,2025-07-22,9999,鈴木,CALP,clean,,96600,96600,96600,税抜,excl,rush;night,3,0,18900,0,18900,0,3500,22400,1000,22400,0,22400,6720,0,7200,7800,15000,7500,33000,0,0,0,0,27,12000,96620,floor100,-20,3,1000,6720,12000,96620,-20,,
2507-061,2025-07-22,1033,田中,CALP,impossible,mode=round_unrelated; rule_net=106000; written amount implies net 200000,106000,200000,200000,税抜,excl,,3,0,59400,0,59400,0,3500,62900,1000,62900,0,62900,0,7000,12000,3000,15000,0,10000,0,0,0,0,27,12000,106900,floor1000,-900,3,1000,0,12000,106900,93100,,
2507-062,2025-07-22,9999,高橋,ACM,clean,,152300,152300,167530,税込,incl,,3,48000,46200,4620,41580,15000,2000,106580,1000,106580,0,106580,0,12000,28750,0,28750,0,0,0,0,0,0,13,5000,152330,floor100,-30,3,1000,0,5000,152330,-30,,
2507-063,2025-07-22,1067,佐藤,IJ,clean,,67000,67000,67000,税抜,excl,rush,3,0,21120,0,21120,0,2000,23120,1000,23120,0,23120,6936,0,9000,6000,15000,0,10000,0,0,0,0,38,12000,67056,floor100,-56,3,1000,6936,12000,67056,-56,,
2507-064,2025-07-22,1096,佐藤,IJ,clean,,6000,6000,6000,税抜,excl,,3,0,2400,0,2400,0,2000,4400,950,4180,1820,6000,0,0,0,0,0,0,0,0,0,0,0,0,0,6000,floor100,0,3,950,0,0,6000,0,,
2507-065,2025-07-22,1085,田中,ACM,digit_typo,"swap: intended 23300, written 32300",23300,23300,32300,税抜,excl,,3,6400,1440,0,1440,1500,2000,11340,1000,11340,0,11340,0,12000,0,0,0,0,0,0,0,0,0,0,0,23340,floor100,-40,3,1000,0,0,23340,-40,,
2507-066,2025-07-22,1012,佐藤,IJ,clean,,357800,357800,357800,税抜,excl,,3,0,501008,100201,400807,44520,2000,447327,800,357861,0,357861,0,0,0,0,0,0,0,0,0,0,0,0,0,357861,floor100,-61,3,800,0,0,357861,-61,,M3:1012!31
2507-067,2025-07-23,1068,高橋,CALP,clean,,107400,107400,107400,税抜,excl,,3,0,96980,0,96980,0,3500,100480,1000,100480,0,100480,0,7000,0,0,0,0,0,0,0,0,0,0,0,107480,floor100,-80,3,1000,0,0,107480,-80,,
2507-068,2025-07-23,9999,佐藤,ACM,clean,,23300,23300,23300,税抜,excl,,3,6400,1440,0,1440,1500,2000,11340,1000,11340,0,11340,0,12000,0,0,0,0,0,0,0,0,0,0,0,23340,floor100,-40,3,1000,0,0,23340,-40,,
2507-069,2025-07-23,1012,佐藤,IJ,clean,,36400,36400,36400,税抜,excl,,3,0,43560,0,43560,0,2000,45560,800,36448,0,36448,0,0,0,0,0,0,0,0,0,0,0,0,0,36448,floor100,-48,3,800,0,0,36448,-48,,M3:1012!32
2507-070,2025-07-24,9999,佐藤,ACM,clean,,29800,29800,29800,税抜,excl,,3,6400,1440,0,1440,1500,2000,11340,1000,11340,0,11340,0,3500,7050,7950,15000,0,0,0,0,0,0,1,0,29840,floor100,-40,3,1000,0,0,29840,-40,,
2507-071,2025-07-24,1048,田中,IJ,clean,,51000,51000,51000,税抜,excl,,3,0,49290,0,49290,0,2000,51290,1000,51290,0,51290,0,0,0,0,0,0,0,0,0,0,0,0,0,51290,floor1000,-290,3,1000,0,0,51290,-290,,
2507-072,2025-07-24,1089,鈴木,IJ,clean,,224600,224600,224600,税抜,excl,,3,0,293040,58608,234432,0,2000,236432,950,224610,0,224610,0,0,0,0,0,0,0,0,0,0,0,0,0,224610,floor100,-10,3,950,0,0,224610,-10,,
2507-073,2025-07-24,9999,高橋,ACM,clean,,190100,190100,209110,税込,incl,,3,96000,55680,5568,50112,30000,2000,178112,1000,178112,0,178112,0,12000,0,0,0,0,0,0,0,0,0,0,0,190112,floor100,-12,3,1000,0,0,190112,-12,,
2507-074,2025-07-24,1036,佐藤,ACM,clean,,10600,10600,10600,税抜,excl,,3,6400,3360,0,3360,1500,2000,13260,800,10608,0,10608,0,0,0,0,0,0,0,0,0,0,0,0,0,10608,floor100,-8,3,800,0,0,10608,-8,,
2507-075,2025-07-25,1048,田中,ACM,clean,,625000,625000,625000,税抜,excl,corner_r,3,264000,142560,14256,128304,86900,2000,481204,1000,481204,0,481204,0,12000,109950,0,109950,0,10000,0,0,0,0,27,12000,625154,floor1000,-154,3,1000,0,12000,625154,-154,,
2507-076,2025-07-25,1095,高橋,IJ,clean,,37800,37800,37800,税抜,excl,,3,0,8800,0,8800,0,2000,10800,1000,10800,0,10800,0,0,2600,12400,15000,0,0,0,0,0,0,33,12000,37800,floor100,0,3,1000,0,12000,37800,0,,
2507-077,2025-07-26,1065,田中,ACM,clean,,17800,17800,17800,税抜,excl,corner_r;holes,3,6400,8160,0,8160,2200,2000,18760,950,17822,0,17822,0,0,0,0,0,0,0,0,0,0,0,0,0,17822,floor100,-22,3,950,0,0,17822,-22,,
2507-078,2025-07-28,1077,高橋,SODE,clean,,201300,201300,201300,税抜,excl,rush;survey,3,95000,0,0,0,0,0,95000,950,90250,0,90250,27075,0,45000,0,45000,0,33000,0,0,0,6000,10,0,201325,floor100,-25,3,950,27075,0,201325,-25,,M3:1077様!36
2507-079,2025-07-28,9999,佐藤,ACM,clean,,14700,14700,16170,税込,incl,holes,3,6400,1050,0,1050,1800,2000,11250,1000,11250,0,11250,0,3500,0,0,0,0,0,0,0,0,0,0,0,14750,floor100,-50,3,1000,0,0,14750,-50,,
2507-080,2025-07-28,1026,高橋,IJ,clean,,201400,201400,201400,税抜,excl,no_grommet,3,0,180840,36168,144672,0,2000,146672,1000,146672,0,146672,0,0,54800,0,54800,0,0,0,0,0,0,1,0,201472,floor100,-72,3,1000,0,0,201472,-72,,
2507-081,2025-07-28,1012,佐藤,IJ,clean,,43800,43800,43800,税抜,excl,,3,0,52800,0,52800,0,2000,54800,800,43840,0,43840,0,0,0,0,0,0,0,0,0,0,0,0,0,43840,floor100,-40,3,800,0,0,43840,-40,,M3:1012!33
2507-082,2025-07-28,9999,田中,ACM,clean,,29800,29800,32780,税込,incl,,3,6400,1440,0,1440,1500,2000,11340,1000,11340,0,11340,0,3500,7050,7950,15000,0,0,0,0,0,0,6,0,29840,floor100,-40,3,1000,0,0,29840,-40,,
2507-083,2025-07-28,1091,高橋,IJ,clean,,6000,6000,6000,税抜,excl,,3,0,1550,0,1550,0,2000,3550,1000,3550,2450,6000,0,0,0,0,0,0,0,0,0,0,0,0,0,6000,floor100,0,3,1000,0,0,6000,0,,
2507-084,2025-07-29,1068,高橋,ACM,stale_table,priced with table v2 instead of v3; diff=-4200,141600,137400,137400,税抜,excl,rush,3,32000,33600,0,33600,7500,2000,75100,1000,75100,0,75100,22530,3500,30500,0,30500,0,10000,0,0,0,0,6,0,141630,floor100,-30,2,1000,21690,0,137490,-90,,
2507-085,2025-07-29,1065,高橋,ACM,clean,,93100,93100,93100,税抜,excl,survey,3,12800,12960,0,12960,13500,2000,41260,950,39197,0,39197,0,0,14750,250,15000,0,33000,0,0,0,6000,1,0,93197,floor100,-97,3,950,0,0,93197,-97,,
2507-086,2025-07-30,1075,田中,SODE,clean,,249000,249000,249000,税抜,excl,rush;repeat,3,132000,0,0,0,0,0,132000,1000,132000,0,132000,39600,0,45000,0,45000,0,10000,0,0,0,0,84,22500,249100,floor1000,-100,3,1000,39600,22500,249100,-100,,
2507-087,2025-07-30,1077,高橋,ACM,clean,,41400,41400,41400,税抜,excl,,3,12000,8640,0,8640,1500,2000,24140,950,22933,0,22933,0,3500,12300,2700,15000,0,0,0,0,0,0,6,0,41433,floor100,-33,3,950,0,0,41433,-33,,M3:1077様!37
2507-088,2025-07-30,9999,田中,IJ,clean,,160000,160000,160000,税抜,excl,,3,0,153714,15371,138343,11200,2000,151543,1000,151543,0,151543,0,9000,0,0,0,0,0,0,0,0,0,0,0,160543,floor1000,-543,3,1000,0,0,160543,-543,,
2507-089,2025-07-30,1046,佐藤,IJ,clean,,52900,52900,52900,税抜,excl,,3,0,31350,0,31350,10640,2000,43990,1000,43990,0,43990,0,9000,0,0,0,0,0,0,0,0,0,0,0,52990,floor100,-90,3,1000,0,0,52990,-90,,
2507-090,2025-07-30,1042,佐藤,ACM,clean,,61400,61400,61400,税抜,excl,,3,12000,19200,0,19200,1500,2000,34700,950,32965,0,32965,0,3500,13000,2000,15000,0,10000,0,0,0,0,8,0,61465,floor100,-65,3,950,0,0,61465,-65,,
2507-091,2025-07-31,1064,佐藤,ACM,clean,,143400,143400,143400,税抜,excl,,3,36000,60480,6048,54432,4500,2000,96932,1000,96932,0,96932,0,3500,28050,0,28050,0,10000,0,0,0,0,11,5000,143482,floor100,-82,3,1000,0,5000,143482,-82,,
2507-092,2025-07-31,1096,佐藤,SODE,clean,,349600,349600,349600,税抜,excl,survey,3,170000,0,0,0,59600,0,229600,950,218120,0,218120,0,3500,45000,0,45000,0,55000,22000,0,0,6000,1,0,349620,floor100,-20,3,950,0,0,349620,-20,,
2507-093,2025-07-31,1078,佐藤,SODE,clean,,498000,498000,498000,税抜,excl,,3,326000,0,0,0,90000,0,416000,1000,416000,0,416000,0,0,45000,0,45000,0,10000,22000,0,0,0,24,5000,498000,floor100,0,3,1000,0,5000,498000,0,,
2507-094,2025-07-31,1096,佐藤,ACM,clean,,47900,47900,47900,税抜,excl,,3,6400,10560,0,10560,1500,2000,20460,950,19437,0,19437,0,3500,9850,5150,15000,0,10000,0,0,0,0,8,0,47937,floor100,-37,3,950,0,0,47937,-37,,
2507-095,2025-07-31,1050,鈴木,ACM,clean,,44300,44300,44300,税抜,excl,,3,12800,11520,0,11520,3000,2000,29320,1000,29320,0,29320,0,0,14050,950,15000,0,0,0,0,0,0,8,0,44320,floor100,-20,3,1000,0,0,44320,-20,,
2507-096,2025-07-31,9999,佐藤,CALP,clean,,118600,118600,130460,税込,incl,removal;disposal,3,0,62100,0,62100,0,3500,65600,1000,65600,0,65600,0,0,8000,7000,15000,0,10000,0,18000,5000,0,24,5000,118600,floor100,0,3,1000,0,5000,118600,0,,
2507-097,2025-07-31,1082,佐藤,ACM,clean,,63200,63200,63200,税抜,excl,removal,3,6400,4800,0,4800,1500,2000,14700,1000,14700,0,14700,0,3500,7750,7250,15000,0,0,0,18000,0,0,35,12000,63200,floor100,0,3,1000,0,12000,63200,0,,
2508-001,2025-08-01,9999,田中,IJ,clean,,18200,18200,18200,税抜,excl,,3,0,9900,0,9900,2800,2000,14700,1000,14700,0,14700,0,3500,0,0,0,0,0,0,0,0,0,0,0,18200,floor100,0,3,1000,0,0,18200,0,,
2508-002,2025-08-01,1031,佐藤,CALP,clean,,56200,56200,56200,税抜,excl,,3,0,5200,0,5200,0,3500,8700,950,8265,0,8265,0,0,3200,11800,15000,0,33000,0,0,0,0,1,0,56265,floor100,-65,3,950,0,0,56265,-65,,
2508-003,2025-08-02,9999,田中,CALP,clean,,74000,74000,81400,税込,incl,survey,3,0,24150,0,24150,0,3500,27650,1000,27650,0,27650,0,3500,5600,9400,15000,0,10000,0,0,0,6000,35,12000,74150,floor1000,-150,3,1000,0,12000,74150,-150,,
2508-004,2025-08-04,1081,高橋,ACM,clean,,108100,108100,108100,税抜,excl,removal;disposal,3,6400,8160,0,8160,1500,2000,18060,950,17157,0,17157,0,0,11950,3050,15000,0,33000,0,18000,5000,0,75,20000,108157,floor100,-57,3,950,0,20000,108157,-57,,
2508-005,2025-08-04,9999,高橋,CALP,clean,,73500,73500,80850,税込,incl,,3,0,33000,0,33000,0,3500,36500,1000,36500,0,36500,0,0,8000,7000,15000,0,10000,0,0,0,0,27,12000,73500,floor100,0,3,1000,0,12000,73500,0,,
2508-006,2025-08-05,1054,佐藤,IJ,clean,,29500,29500,29500,税抜,excl,,3,0,3300,0,3300,700,2000,6000,1000,6000,0,6000,0,3500,2000,13000,15000,0,0,0,0,0,0,22,5000,29500,floor100,0,3,1000,0,5000,29500,0,,
2508-007,2025-08-05,9999,鈴木,IJ,clean,,12700,12700,13970,税込,incl,,3,0,7233,0,7233,0,2000,9233,1000,9233,0,9233,0,3500,0,0,0,0,0,0,0,0,0,0,0,12733,floor100,-33,3,1000,0,0,12733,-33,,
2508-008,2025-08-06,1083,高橋,IJ,clean,,16300,16300,16300,税抜,excl,,3,0,11550,0,11550,2800,2000,16350,1000,16350,0,16350,0,0,0,0,0,0,0,0,0,0,0,0,0,16350,floor100,-50,3,1000,0,0,16350,-50,,
2508-009,2025-08-06,1012,佐藤,ACM,clean,,49800,49800,49800,税抜,excl,repeat,3,6400,8160,0,8160,1500,0,16060,800,12848,0,12848,0,0,11950,3050,15000,0,10000,0,0,0,0,38,12000,49848,floor100,-48,3,800,0,12000,49848,-48,,M3:1012!34
2508-010,2025-08-07,1014,高橋,SODE,clean,,233500,233500,233500,税抜,excl,,3,170000,0,0,0,0,0,170000,1000,170000,0,170000,0,3500,45000,0,45000,0,10000,0,0,0,0,13,5000,233500,floor100,0,3,1000,0,5000,233500,0,,
2508-011,2025-08-07,1082,佐藤,ACM,clean,,56800,56800,56800,税抜,excl,night,3,6400,2400,0,2400,1500,2000,12300,1000,12300,0,12300,0,0,7750,7250,15000,7500,10000,0,0,0,0,27,12000,56800,floor100,0,3,1000,0,12000,56800,0,,
2508-012,2025-08-07,1006,佐藤,ACM,clean,,120300,120300,120300,税抜,excl,holes,3,36000,27360,0,27360,5400,2000,70760,1000,70760,0,70760,0,12000,25600,0,25600,0,0,0,0,0,0,42,12000,120360,floor100,-60,3,1000,0,12000,120360,-60,,
2508-013,2025-08-07,1022,佐藤,ACM,clean,,10700,10700,10700,税抜,excl,,3,6400,1440,0,1440,1500,2000,11340,950,10773,0,10773,0,0,0,0,0,0,0,0,0,0,0,0,0,10773,floor100,-73,3,950,0,0,10773,-73,,M3:１０２２!28
2508-014,2025-08-07,1022,佐藤,ACM,clean,,95900,95900,95900,税抜,excl,,3,36000,17280,0,17280,13500,2000,68780,950,65341,0,65341,0,0,18600,0,18600,0,0,0,0,0,0,35,12000,95941,floor100,-41,3,950,0,12000,95941,-41,,M3:１０２２!29
2508-015,2025-08-08,1092,高橋,IJ,clean,,328300,328300,328300,税抜,excl,survey,3,0,261360,52272,209088,0,2000,211088,950,200533,0,200533,0,0,116800,0,116800,0,0,0,0,0,6000,11,5000,328333,floor100,-33,3,950,0,5000,328333,-33,,
2508-016,2025-08-08,1007,高橋,ACM,clean,,84700,84700,84700,税抜,excl,survey,3,12800,11520,0,11520,6000,2000,32320,950,30704,0,30704,0,0,13700,1300,15000,0,33000,0,0,0,6000,8,0,84704,floor100,-4,3,950,0,0,84704,-4,,
2508-017,2025-08-08,1031,佐藤,ACM,clean,,151000,151000,151000,税抜,excl,corner_r,3,36000,41280,0,41280,13900,2000,93180,950,88521,0,88521,0,3500,21050,0,21050,0,33000,0,0,0,0,13,5000,151071,floor100,-71,3,950,0,5000,151071,-71,,
2508-018,2025-08-12,1022,佐藤,IJ,clean,,34900,34900,34900,税抜,excl,,3,0,4840,0,4840,0,2000,6840,950,6498,0,6498,0,3500,2200,12800,15000,0,10000,0,0,0,0,5,0,34998,floor100,-98,3,950,0,0,34998,-98,,M3:１０２２!30
2508-019,2025-08-12,9999,鈴木,IJ,clean,,15000,15000,15000,税抜,excl,,3,0,2160,0,2160,0,2000,4160,1000,4160,1840,6000,0,9000,0,0,0,0,0,0,0,0,0,0,0,15000,floor100,0,3,1000,0,0,15000,0,,
2508-020,2025-08-18,9999,佐藤,ACM,clean,,27500,27500,30250,税込,incl,corner_r,3,6400,5280,0,5280,1900,2000,15580,1000,15580,0,15580,0,12000,0,0,0,0,0,0,0,0,0,0,0,27580,floor100,-80,3,1000,0,0,27580,-80,,
2508-021,2025-08-18,1091,高橋,IJ,clean,,387200,387200,387200,税抜,excl,rush,3,0,366520,73304,293216,0,2000,295216,1000,295216,0,295216,88564,3500,0,0,0,0,0,0,0,0,0,0,0,387280,floor100,-80,3,1000,88564,0,387280,-80,,
2508-022,2025-08-18,1023,田中,IJ,clean,,43000,43000,43000,税抜,excl,,3,0,55200,5520,49680,0,2000,51680,850,43928,0,43928,0,0,0,0,0,0,0,0,0,0,0,0,0,43928,floor1000,-928,3,850,0,0,43928,-928,,M3:1023様!111 | M3:1023様!112(adj)
2508-023,2025-08-19,1068,高橋,IJ,clean,,8200,8200,8200,税抜,excl,,3,0,6290,0,6290,0,2000,8290,1000,8290,0,8290,0,0,0,0,0,0,0,0,0,0,0,0,0,8290,floor100,-90,3,1000,0,0,8290,-90,,
2508-024,2025-08-19,1009,佐藤,ACM,clean,,46100,46100,46100,税抜,excl,,3,12800,16320,0,16320,3000,2000,34120,1000,34120,0,34120,0,12000,0,0,0,0,0,0,0,0,0,0,0,46120,floor100,-20,3,1000,0,0,46120,-20,,
2508-025,2025-08-19,9999,鈴木,CALP,clean,,95400,95400,104940,税込,incl,rush,3,0,33000,0,33000,0,3500,36500,1000,36500,0,36500,10950,0,8000,7000,15000,0,33000,0,0,0,0,6,0,95450,floor100,-50,3,1000,10950,0,95450,-50,,
2508-026,2025-08-20,9999,佐藤,ACM,clean,,23300,23300,23300,税抜,excl,,3,6400,1400,0,1400,1500,2000,11300,1000,11300,0,11300,0,12000,0,0,0,0,0,0,0,0,0,0,0,23300,floor100,0,3,1000,0,0,23300,0,,
2508-027,2025-08-20,1012,佐藤,ACM,clean,,207300,207300,207300,税抜,excl,repeat,3,108800,138720,13872,124848,25500,0,259148,800,207318,0,207318,0,0,0,0,0,0,0,0,0,0,0,0,0,207318,floor100,-18,3,800,0,0,207318,-18,,M3:1012!35
2508-028,2025-08-20,1079,佐藤,ACM,clean,,390200,390200,390200,税抜,excl,,3,230400,155520,31104,124416,54000,2000,410816,950,390275,0,390275,0,0,0,0,0,0,0,0,0,0,0,0,0,390275,floor100,-75,3,950,0,0,390275,-75,,
2508-029,2025-08-21,9999,高橋,IJ,clean,,6000,6000,6600,税込,incl,,3,0,2640,0,2640,0,2000,4640,1000,4640,1360,6000,0,0,0,0,0,0,0,0,0,0,0,0,0,6000,floor100,0,3,1000,0,0,6000,0,,
2508-030,2025-08-21,1012,佐藤,IJ,clean,,111400,111400,111400,税抜,excl,,3,0,166160,33232,132928,0,2000,134928,800,107942,0,107942,0,3500,0,0,0,0,0,0,0,0,0,0,0,111442,floor100,-42,3,800,0,0,111442,-42,,M3:1012!36
2508-031,2025-08-21,9999,鈴木,ACM,clean,,13300,13300,13300,税抜,excl,holes,3,6400,3150,0,3150,1800,2000,13350,1000,13350,0,13350,0,0,0,0,0,0,0,0,0,0,0,0,0,13350,floor100,-50,3,1000,0,0,13350,-50,,
2508-032,2025-08-21,1077,高橋,IJ,clean,,12200,12200,12200,税抜,excl,,3,0,7200,0,7200,0,2000,9200,950,8740,0,8740,0,3500,0,0,0,0,0,0,0,0,0,0,0,12240,floor100,-40,3,950,0,0,12240,-40,,M3:1077様!38
2508-033,2025-08-22,1095,高橋,IJ,clean,,12900,12900,12900,税抜,excl,,3,0,7480,0,7480,0,2000,9480,1000,9480,0,9480,0,3500,0,0,0,0,0,0,0,0,0,0,0,12980,floor100,-80,3,1000,0,0,12980,-80,,
2508-034,2025-08-22,1022,佐藤,CALP,clean,,130100,130100,130100,税抜,excl,,3,0,77760,0,77760,0,3500,81260,950,77197,0,77197,0,0,6400,8600,15000,0,33000,0,0,0,0,19,5000,130197,floor100,-97,3,950,0,5000,130197,-97,,M3:１０２２!31
2508-035,2025-08-22,1050,鈴木,CALP,clean,,91200,91200,91200,税抜,excl,,3,0,83970,3269,80701,0,3500,84201,1000,84201,0,84201,0,7000,0,0,0,0,0,0,0,0,0,0,0,91201,floor100,-1,3,1000,0,0,91201,-1,,
2508-036,2025-08-25,1050,鈴木,IJ,clean,,83300,83300,83300,税抜,excl,,3,0,90420,9042,81378,0,2000,83378,1000,83378,0,83378,0,0,0,0,0,0,0,0,0,0,0,0,0,83378,floor100,-78,3,1000,0,0,83378,-78,,
2508-037,2025-08-25,1074,高橋,ACM,clean,,314700,314700,314700,税抜,excl,,3,83200,106080,10608,95472,19500,2000,200172,1000,200172,0,200172,0,0,81600,0,81600,0,33000,0,0,0,0,5,0,314772,floor100,-72,3,1000,0,0,314772,-72,,M3:１０７４!34
2508-038,2025-08-25,1019,田中,ACM,clean,,16900,16900,16900,税抜,excl,survey,3,6400,3840,0,3840,1500,2000,13740,800,10992,0,10992,0,0,0,0,0,0,0,0,0,0,6000,8,0,16992,floor100,-92,3,800,0,0,16992,-92,,
2508-039,2025-08-25,9999,佐藤,ACM,clean,,68000,68000,74800,税込,incl,removal,3,6400,8160,0,8160,1500,2000,18060,1000,18060,0,18060,0,12000,11950,3050,15000,0,0,0,18000,0,0,18,5000,68060,floor100,-60,3,1000,0,5000,68060,-60,,
2508-040,2025-08-26,9999,鈴木,ACM,clean,,118300,118300,118300,税抜,excl,corner_r;holes,3,32000,26400,0,26400,11000,2000,71400,1000,71400,0,71400,0,12000,24900,0,24900,0,10000,0,0,0,0,1,0,118300,floor100,0,3,1000,0,0,118300,0,,
2508-041,2025-08-26,1019,田中,ACM,duplicate,same quote entered twice under a new number,16900,16900,16900,税抜,excl,survey,3,6400,3840,0,3840,1500,2000,13740,800,10992,0,10992,0,0,0,0,0,0,0,0,0,0,6000,8,0,16992,floor100,-92,3,800,0,0,16992,-92,original=2508-038,
2508-042,2025-08-28,1012,佐藤,IJ,clean,,7800,7800,7800,税抜,excl,,3,0,7836,0,7836,0,2000,9836,800,7868,0,7868,0,0,0,0,0,0,0,0,0,0,0,0,0,7868,floor100,-68,3,800,0,0,7868,-68,,M3:1012!37
2508-043,2025-08-28,1096,佐藤,IJ,clean,,15200,15200,15200,税抜,excl,,3,0,10360,0,10360,0,2000,12360,950,11742,0,11742,0,3500,0,0,0,0,0,0,0,0,0,0,0,15242,floor100,-42,3,950,0,0,15242,-42,,
2508-044,2025-08-28,1086,田中,ACM,rounding_inconsistent,rounded 'halfup1000' instead of 'floor1000' (pre-round 388966); diff=1000,388000,389000,389000,税抜,excl,survey,3,120000,139200,13920,125280,15000,2000,262280,950,249166,0,249166,0,12000,106800,0,106800,0,10000,0,0,0,6000,13,5000,388966,floor1000,-966,3,950,0,5000,388966,34,,
2508-045,2025-08-28,1036,佐藤,IJ,clean,,71600,71600,71600,税抜,excl,rush,3,0,66880,0,66880,0,2000,68880,800,55104,0,55104,16531,0,0,0,0,0,0,0,0,0,0,0,0,71635,floor100,-35,3,800,16531,0,71635,-35,,
2508-046,2025-08-29,9999,田中,IJ,clean,,41000,41000,41000,税抜,excl,,3,0,23760,0,23760,6300,2000,32060,1000,32060,0,32060,0,9000,0,0,0,0,0,0,0,0,0,0,0,41060,floor1000,-60,3,1000,0,0,41060,-60,,
2508-047,2025-08-29,1004,佐藤,SODE,clean,,213500,213500,213500,税抜,excl,,3,132000,0,0,0,0,0,132000,1000,132000,0,132000,0,3500,45000,0,45000,0,33000,0,0,0,0,1,0,213500,floor100,0,3,1000,0,0,213500,0,,
2508-048,2025-08-29,1085,佐藤,CALP,clean,,110900,110900,110900,税抜,excl,,3,0,108900,1486,107414,0,3500,110914,1000,110914,0,110914,0,0,0,0,0,0,0,0,0,0,0,0,0,110914,floor100,-14,3,1000,0,0,110914,-14,,
2509-001,2025-09-01,1075,田中,SODE,clean,,429000,429000,429000,税抜,excl,removal;disposal,3,199000,0,0,0,62800,0,261800,1000,261800,0,261800,0,18000,45000,0,45000,0,55000,22000,18000,5000,0,18,5000,429800,floor1000,-800,3,1000,0,5000,429800,-800,,
2509-002,2025-09-02,1082,佐藤,IJ,clean,,142800,142800,142800,税抜,excl,rush,3,0,112200,11220,100980,0,2000,102980,1000,102980,0,102980,30894,9000,0,0,0,0,0,0,0,0,0,0,0,142874,floor100,-74,3,1000,30894,0,142874,-74,,
2509-003,2025-09-02,1079,佐藤,IJ,stale_table,priced with table v2 instead of v3; diff=-2000,21800,19800,19800,税抜,excl,,3,0,11500,0,11500,0,2000,13500,950,12825,0,12825,0,9000,0,0,0,0,0,0,0,0,0,0,0,21825,floor100,-25,2,950,0,0,19875,-75,,
2509-004,2025-09-02,9999,高橋,IJ,clean,,23000,23000,23000,税抜,excl,,3,0,12000,0,12000,0,2000,14000,1000,14000,0,14000,0,9000,0,0,0,0,0,0,0,0,0,0,0,23000,floor100,0,3,1000,0,0,23000,0,,
2509-005,2025-09-02,9999,高橋,IJ,clean,,29900,29900,29900,税抜,excl,,3,0,18906,0,18906,0,2000,20906,1000,20906,0,20906,0,9000,0,0,0,0,0,0,0,0,0,0,0,29906,floor100,-6,3,1000,0,0,29906,-6,,
2509-006,2025-09-02,9999,佐藤,CALP,manager_discount,undocumented discount 3400 (6.7%) from rule_net 50400,50400,47000,47000,税抜,excl,,3,0,14900,0,14900,0,3500,18400,1000,18400,0,18400,0,7000,8000,7000,15000,0,10000,0,0,0,0,10,0,50400,floor100,0,3,1000,0,0,50400,-3400,,
2509-007,2025-09-02,1012,佐藤,IJ,clean,,143500,143500,143500,税抜,excl,removal;survey,3,0,97980,9798,88182,0,2000,90182,800,72145,0,72145,0,0,32400,0,32400,0,10000,0,18000,0,6000,18,5000,143545,floor100,-45,3,800,0,5000,143545,-45,,M3:1012!38
2509-008,2025-09-02,1073,鈴木,IJ,clean,,16800,16800,16800,税抜,excl,,3,0,9900,0,9900,2100,2000,14000,950,13300,0,13300,0,3500,0,0,0,0,0,0,0,0,0,0,0,16800,floor100,0,3,950,0,0,16800,0,,
2509-009,2025-09-03,9999,鈴木,IJ,clean,,15000,15000,15000,税抜,excl,,3,0,1320,0,1320,0,2000,3320,1000,3320,2680,6000,0,9000,0,0,0,0,0,0,0,0,0,0,0,15000,floor100,0,3,1000,0,0,15000,0,,
2509-010,2025-09-03,1022,佐藤,CALP,clean,,104300,104300,104300,税抜,excl,,3,0,60000,0,60000,0,3500,63500,950,60325,0,60325,0,7000,8000,7000,15000,0,10000,0,0,0,0,42,12000,104325,floor100,-25,3,950,0,12000,104325,-25,,M3:１０２２!32
2509-011,2025-09-03,9999,高橋,ACM,clean,,62600,62600,62600,税抜,excl,holes,3,24000,16800,0,16800,7800,2000,50600,1000,50600,0,50600,0,12000,0,0,0,0,0,0,0,0,0,0,0,62600,floor100,0,3,1000,0,0,62600,0,,
2509-012,2025-09-03,1022,佐藤,IJ,clean,,15000,15000,15000,税抜,excl,,3,0,1980,0,1980,560,2000,4540,950,4313,1687,6000,0,9000,0,0,0,0,0,0,0,0,0,0,0,15000,floor100,0,3,950,0,0,15000,0,,M3:１０２２!33
2509-013,2025-09-04,1041,佐藤,ACM,stale_table,priced with table v2 instead of v3; diff=-2200,60800,58600,58600,税抜,excl,survey,3,6400,2880,0,2880,3000,2000,14280,900,12852,0,12852,0,12000,8100,6900,15000,0,10000,0,0,0,6000,19,5000,60852,floor100,-52,2,900,0,5000,58636,-36,,M3:1041!41
2509-014,2025-09-04,1068,高橋,CALP,clean,,23100,23100,23100,税抜,excl,,3,0,16100,0,16100,0,3500,19600,1000,19600,0,19600,0,3500,0,0,0,0,0,0,0,0,0,0,0,23100,floor100,0,3,1000,0,0,23100,0,,
2509-015,2025-09-04,1074,高橋,CALP,clean,,15000,15000,15000,税抜,excl,repeat,3,0,15000,0,15000,0,0,15000,1000,15000,0,15000,0,0,0,0,0,0,0,0,0,0,0,0,0,15000,floor100,0,3,1000,0,0,15000,0,,M3:１０７４!35
2509-016,2025-09-04,1041,佐藤,SODE,clean,,317600,317600,317600,税抜,excl,,3,199000,0,0,0,62800,0,261800,900,235620,0,235620,0,0,45000,0,45000,0,10000,22000,0,0,0,14,5000,317620,floor100,-20,3,900,0,5000,317620,-20,,M3:1041!42
2509-017,2025-09-04,9999,田中,SODE,clean,,562000,562000,618200,税込,incl,removal;disposal,3,326000,0,0,0,90000,0,416000,1000,416000,0,416000,0,18000,45000,0,45000,0,33000,22000,18000,5000,0,13,5000,562000,floor1000,0,3,1000,0,5000,562000,0,,
2509-018,2025-09-04,1042,佐藤,SODE,clean,,261200,261200,261200,税抜,excl,,3,95000,0,0,0,50000,0,145000,950,137750,0,137750,0,3500,45000,0,45000,0,33000,22000,0,0,0,66,20000,261250,floor100,-50,3,950,0,20000,261250,-50,,
2509-019,2025-09-05,1022,佐藤,IJ,clean,,43600,43600,43600,税抜,excl,repeat,3,0,5610,0,5610,840,0,6450,950,6127,0,6127,0,0,3400,11600,15000,0,0,0,0,0,0,84,22500,43627,floor100,-27,3,950,0,22500,43627,-27,,M3:１０２２!34
2509-020,2025-09-05,1046,佐藤,IJ,clean,,190000,190000,190000,税抜,excl,,3,0,198924,19892,179032,0,2000,181032,1000,181032,0,181032,0,9000,0,0,0,0,0,0,0,0,0,0,0,190032,floor100,-32,3,1000,0,0,190032,-32,,
2509-021,2025-09-05,1074,高橋,ACM,clean,,18000,18000,18000,税抜,excl,,3,6400,8160,0,8160,1500,2000,18060,1000,18060,0,18060,0,0,0,0,0,0,0,0,0,0,0,0,0,18060,floor100,-60,3,1000,0,0,18060,-60,,M3:１０７４!36
2509-022,2025-09-05,1077,高橋,IJ,clean,,262400,262400,262400,税抜,excl,,3,0,182900,36580,146320,0,2000,148320,950,140904,0,140904,0,3500,118000,0,118000,0,0,0,0,0,0,14,0,262404,floor100,-4,3,950,0,0,262404,-4,,M3:1077様!39
2509-023,2025-09-08,1048,鈴木,ACM,clean,,63700,63700,63700,税抜,excl,,3,6400,4800,0,4800,1500,2000,14700,1000,14700,0,14700,0,12000,7750,7250,15000,0,10000,0,0,0,0,33,12000,63700,floor100,0,3,1000,0,12000,63700,0,,
2509-024,2025-09-08,1048,田中,ACM,manager_discount,undocumented discount 10000 (12.8%) from rule_net 78000,78000,68000,68000,税抜,excl,,3,25600,32640,0,32640,6000,2000,66240,1000,66240,0,66240,0,12000,0,0,0,0,0,0,0,0,0,0,0,78240,floor1000,-240,3,1000,0,0,78240,-10240,,
2509-025,2025-09-08,1012,鈴木,IJ,clean,,108300,108300,108300,税抜,excl,repeat,3,0,129030,12903,116127,19320,0,135447,800,108357,0,108357,0,0,0,0,0,0,0,0,0,0,0,0,0,108357,floor100,-57,3,800,0,0,108357,-57,,M3:1012!39
2509-026,2025-09-08,1012,佐藤,ACM,clean,,37000,37000,37000,税抜,excl,,3,24000,17280,0,17280,3000,2000,46280,800,37024,0,37024,0,0,0,0,0,0,0,0,0,0,0,0,0,37024,floor100,-24,3,800,0,0,37024,-24,,M3:1012!40
2509-027,2025-09-09,9999,佐藤,IJ,clean,,36600,36600,40260,税込,incl,,3,0,4973,0,4973,700,2000,7673,1000,7673,0,7673,0,9000,2200,12800,15000,0,0,0,0,0,0,14,5000,36673,floor100,-73,3,1000,0,5000,36673,-73,,
2509-028,2025-09-09,9999,佐藤,ACM,clean,,32000,32000,32000,税抜,excl,,3,6400,8640,0,8640,3000,2000,20040,1000,20040,0,20040,0,12000,0,0,0,0,0,0,0,0,0,0,0,32040,floor100,-40,3,1000,0,0,32040,-40,,
2509-029,2025-09-09,1025,佐藤,SODE,clean,,330600,330600,330600,税抜,excl,survey,3,170000,0,0,0,59600,0,229600,1000,229600,0,229600,0,18000,45000,0,45000,0,10000,22000,0,0,6000,6,0,330600,floor100,0,3,1000,0,0,330600,0,,
2509-030,2025-09-10,1077,鈴木,CALP,clean,,72600,72600,72600,税抜,excl,,3,0,48300,345,47955,0,3500,51455,950,48882,0,48882,0,7000,16800,0,16800,0,0,0,0,0,0,27,0,72682,floor100,-82,3,950,0,0,72682,-82,,M3:1077様!40
2509-031,2025-09-10,1019,鈴木,ACM,clean,,58200,58200,58200,税抜,excl,corner_r;holes,3,36000,20640,0,20640,14200,2000,72840,800,58272,0,58272,0,0,0,0,0,0,0,0,0,0,0,0,0,58272,floor100,-72,3,800,0,0,58272,-72,,
2509-032,2025-09-10,1030,佐藤,ACM,clean,,55500,55500,55500,税抜,excl,survey;repeat,3,12800,26880,0,26880,3000,0,42680,800,34144,0,34144,0,0,15450,0,15450,0,0,0,0,0,6000,8,0,55594,floor100,-94,3,800,0,0,55594,-94,,
2509-033,2025-09-10,1074,高橋,SODE,clean,,523600,523600,523600,税抜,excl,,3,398000,0,0,0,125600,0,523600,1000,523600,0,523600,0,0,0,0,0,0,0,0,0,0,0,0,0,523600,floor100,0,3,1000,0,0,523600,0,,M3:１０７４!37
2509-034,2025-09-10,9999,佐藤,IJ,clean,,18000,18000,19800,税込,incl,rush,3,0,1770,0,1770,0,2000,3770,1000,3770,2230,6000,3000,9000,0,0,0,0,0,0,0,0,0,0,0,18000,floor100,0,3,1000,3000,0,18000,0,,
2509-035,2025-09-10,1041,佐藤,ACM,clean,,40100,40100,40100,税抜,excl,holes,3,6400,4800,0,4800,3600,2000,16800,900,15120,0,15120,0,0,9150,5850,15000,0,10000,0,0,0,0,6,0,40120,floor100,-20,3,900,0,0,40120,-20,,M3:1041!43
2509-036,2025-09-10,1089,佐藤,IJ,clean,,88900,88900,88900,税抜,excl,,3,0,91242,9124,82118,0,2000,84118,950,79912,0,79912,0,9000,0,0,0,0,0,0,0,0,0,0,0,88912,floor100,-12,3,950,0,0,88912,-12,,
2509-037,2025-09-10,1057,高橋,IJ,rush_unrecorded,rush surcharge 3000 applied without rush wording in remarks,15000,18000,18000,税抜,excl,,3,0,2300,0,2300,0,2000,4300,1000,4300,1700,6000,0,9000,0,0,0,0,0,0,0,0,0,0,0,15000,floor100,0,3,1000,3000,0,18000,0,,
2509-038,2025-09-12,1089,佐藤,SODE,clean,,307000,307000,307000,税抜,excl,,3,190000,0,0,0,0,0,190000,950,180500,0,180500,0,3500,90000,0,90000,0,33000,0,0,0,0,8,0,307000,floor100,0,3,950,0,0,307000,0,,
2509-039,2025-09-12,1041,高橋,ACM,clean,,51000,51000,51000,税抜,excl,,3,6400,13440,0,13440,1500,2000,23340,900,21006,0,21006,0,0,10900,4100,15000,0,10000,0,0,0,0,19,5000,51006,floor100,-6,3,900,0,5000,51006,-6,,M3:1041!44
2509-040,2025-09-12,1005,佐藤,IJ,clean,,233600,233600,233600,税抜,excl,,3,0,362560,72512,290048,0,2000,292048,800,233638,0,233638,0,0,0,0,0,0,0,0,0,0,0,0,0,233638,floor100,-38,3,800,0,0,233638,-38,,
2509-041,2025-09-12,1085,佐藤,IJ,clean,,60900,60900,60900,税抜,excl,,3,0,28933,0,28933,0,2000,30933,1000,30933,0,30933,0,0,9200,5800,15000,0,10000,0,0,0,0,14,5000,60933,floor100,-33,3,1000,0,5000,60933,-33,,
2509-042,2025-09-12,9999,高橋,IJ,clean,,18800,18800,20680,税込,incl,,3,0,7836,0,7836,0,2000,9836,1000,9836,0,9836,0,9000,0,0,0,0,0,0,0,0,0,0,0,18836,floor100,-36,3,1000,0,0,18836,-36,,
2509-043,2025-09-16,1046,佐藤,ACM,clean,,74500,74500,74500,税抜,excl,,3,6400,8160,0,8160,1500,2000,18060,1000,18060,0,18060,0,3500,11950,3050,15000,0,33000,0,0,0,0,18,5000,74560,floor100,-60,3,1000,0,5000,74560,-60,,
2509-044,2025-09-16,1069,鈴木,SODE,clean,,250000,250000,250000,税抜,excl,,3,132000,0,0,0,0,0,132000,1000,132000,0,132000,0,18000,45000,0,45000,0,55000,0,0,0,0,1,0,250000,floor100,0,3,1000,0,0,250000,0,,
2509-045,2025-09-17,1007,高橋,ACM,clean,,39400,39400,39400,税抜,excl,,3,6400,5280,0,5280,1500,2000,15180,950,14421,0,14421,0,0,9850,5150,15000,0,10000,0,0,0,0,6,0,39421,floor100,-21,3,950,0,0,39421,-21,,
2509-046,2025-09-18,1023,田中,IJ,clean,,23000,23000,23000,税抜,excl,,3,0,14520,0,14520,0,2000,16520,850,14042,0,14042,0,9000,0,0,0,0,0,0,0,0,0,0,0,23042,floor100,-42,3,850,0,0,23042,-42,,M3:1023様!113
2509-047,2025-09-18,1026,高橋,CALP,rounding_inconsistent,rounded 'floor1000' instead of 'floor100' (pre-round 42800); diff=-800,42800,42000,42000,税抜,excl,,3,0,14300,0,14300,0,3500,17800,1000,17800,0,17800,0,0,8800,6200,15000,0,10000,0,0,0,0,1,0,42800,floor100,0,3,1000,0,0,42800,-800,,
2509-048,2025-09-18,1008,鈴木,ACM,clean,,507200,507200,507200,税抜,excl,,3,288000,144000,28800,115200,90000,2000,495200,1000,495200,0,495200,0,12000,0,0,0,0,0,0,0,0,0,0,0,507200,floor100,0,3,1000,0,0,507200,0,,
2509-049,2025-09-18,9999,佐藤,ACM,clean,,209700,209700,230670,税込,incl,,3,57600,73440,7344,66096,13500,2000,139196,1000,139196,0,139196,0,3500,57100,0,57100,0,10000,0,0,0,0,5,0,209796,floor100,-96,3,1000,0,0,209796,-96,,
2509-050,2025-09-19,1054,佐藤,CALP,clean,,70500,70500,70500,税抜,excl,,3,0,10560,0,10560,0,3500,14060,1000,14060,0,14060,0,3500,4800,10200,15000,0,33000,0,0,0,0,11,5000,70560,floor100,-60,3,1000,0,5000,70560,-60,,
2509-051,2025-09-19,1063,鈴木,CALP,clean,,29600,29600,29600,税抜,excl,,3,0,33570,0,33570,0,3500,37070,800,29656,0,29656,0,0,0,0,0,0,0,0,0,0,0,0,0,29656,floor100,-56,3,800,0,0,29656,-56,,
2509-052,2025-09-19,9999,鈴木,IJ,clean,,31600,31600,31600,税抜,excl,survey,3,0,9600,0,9600,0,2000,11600,1000,11600,0,11600,0,9000,0,0,0,0,0,0,0,0,6000,11,5000,31600,floor100,0,3,1000,0,5000,31600,0,,
2509-053,2025-09-19,1047,田中,ACM,clean,,42000,42000,42000,税抜,excl,holes,3,12800,17280,0,17280,21600,2000,53680,800,42944,0,42944,0,0,0,0,0,0,0,0,0,0,0,0,0,42944,floor1000,-944,3,800,0,0,42944,-944,,
2509-054,2025-09-19,9999,鈴木,CALP,clean,,44800,44800,49280,税込,incl,,3,0,7890,0,7890,0,3500,11390,1000,11390,0,11390,0,3500,2400,12600,15000,0,10000,0,0,0,0,18,5000,44890,floor100,-90,3,1000,0,5000,44890,-90,,
2509-055,2025-09-20,9999,田中,CALP,clean,,106000,106000,116600,税込,incl,,3,0,51000,0,51000,0,3500,54500,1000,54500,0,54500,0,3500,8000,7000,15000,0,33000,0,0,0,0,6,0,106000,floor1000,0,3,1000,0,0,106000,0,,
2509-056,2025-09-22,1072,田中,ACM,clean,,112000,112000,112000,税抜,excl,survey,3,24000,42240,0,42240,3000,2000,71240,1000,71240,0,71240,0,3500,21400,0,21400,0,10000,0,0,0,6000,1,0,112140,floor1000,-140,3,1000,0,0,112140,-140,,
2509-057,2025-09-22,1045,高橋,ACM,clean,,79900,79900,79900,税抜,excl,,3,32000,26400,0,26400,7500,2000,67900,1000,67900,0,67900,0,12000,0,0,0,0,0,0,0,0,0,0,0,79900,floor100,0,3,1000,0,0,79900,0,,
2509-058,2025-09-22,1007,高橋,IJ,clean,,29600,29600,29600,税抜,excl,,3,0,4440,0,4440,0,2000,6440,950,6118,0,6118,0,3500,2200,12800,15000,0,0,0,0,0,0,11,5000,29618,floor100,-18,3,950,0,5000,29618,-18,,
2509-059,2025-09-22,1001,佐藤,IJ,clean,,11500,11500,11500,税抜,excl,,3,0,5610,0,5610,840,2000,8450,950,8027,0,8027,0,3500,0,0,0,0,0,0,0,0,0,0,0,11527,floor100,-27,3,950,0,0,11527,-27,,
2509-060,2025-09-22,1029,田中,SODE,clean,,535000,535000,535000,税抜,excl,rush;survey,3,264000,0,0,0,77200,0,341200,1000,341200,0,341200,102360,3500,45000,0,45000,0,10000,22000,0,0,6000,24,5000,535060,floor1000,-60,3,1000,102360,5000,535060,-60,,
2509-061,2025-09-24,1007,高橋,CALP,clean,,38000,38000,38000,税抜,excl,,3,0,6500,0,6500,0,3500,10000,950,9500,0,9500,0,3500,4000,11000,15000,0,10000,0,0,0,0,5,0,38000,floor100,0,3,950,0,0,38000,0,,
2509-062,2025-09-24,1074,高橋,ACM,clean,,37200,37200,37200,税抜,excl,corner_r,3,6400,1920,0,1920,1900,2000,12220,1000,12220,0,12220,0,0,7400,7600,15000,0,10000,0,0,0,0,8,0,37220,floor100,-20,3,1000,0,0,37220,-20,,M3:１０７４!38
2509-063,2025-09-24,1077,高橋,ACM,clean,,98700,98700,98700,税抜,excl,night;removal;disposal,3,19200,15840,0,15840,4500,2000,41540,950,39463,0,39463,0,0,17550,0,17550,8775,10000,0,18000,5000,0,48,0,98788,floor100,-88,3,950,0,0,98788,-88,,M3:1077様!41
2509-064,2025-09-24,1033,田中,ACM,clean,,62000,62000,62000,税抜,excl,,3,6400,5760,0,5760,3000,2000,17160,1000,17160,0,17160,0,0,9850,5150,15000,0,10000,0,0,0,0,80,20000,62160,floor1000,-160,3,1000,0,20000,62160,-160,,
2509-065,2025-09-24,9999,佐藤,ACM,clean,,39100,39100,39100,税抜,excl,,3,12000,8640,0,8640,1500,2000,24140,1000,24140,0,24140,0,0,12300,2700,15000,0,0,0,0,0,0,1,0,39140,floor100,-40,3,1000,0,0,39140,-40,,
2509-066,2025-09-25,9999,鈴木,SODE,clean,,521000,521000,573100,税込,incl,,3,326000,0,0,0,90000,0,416000,1000,416000,0,416000,0,0,45000,0,45000,0,33000,22000,0,0,0,13,5000,521000,floor100,0,3,1000,0,5000,521000,0,,
2509-067,2025-09-25,1022,佐藤,IJ,clean,,195400,195400,195400,税抜,excl,,3,0,242880,48576,194304,0,2000,196304,950,186488,0,186488,0,9000,0,0,0,0,0,0,0,0,0,0,0,195488,floor100,-88,3,950,0,0,195488,-88,,M3:１０２２!35
2509-068,2025-09-25,1036,佐藤,ACM,clean,,11700,11700,11700,税抜,excl,,3,6400,4800,0,4800,1500,2000,14700,800,11760,0,11760,0,0,0,0,0,0,0,0,0,0,0,0,0,11760,floor100,-60,3,800,0,0,11760,-60,,
2509-069,2025-09-26,1074,高橋,IJ,clean,,40200,40200,40200,税抜,excl,night,3,0,7200,0,7200,0,2000,9200,1000,9200,0,9200,0,3500,6000,9000,15000,7500,0,0,0,0,0,14,5000,40200,floor100,0,3,1000,0,5000,40200,0,,M3:１０７４!39
2509-070,2025-09-26,9999,高橋,CALP,clean,,100800,100800,100800,税抜,excl,,3,0,37300,0,37300,0,3500,40800,1000,40800,0,40800,0,7000,8000,7000,15000,0,33000,0,0,0,0,14,5000,100800,floor100,0,3,1000,0,5000,100800,0,,
2509-071,2025-09-26,1095,高橋,CALP,clean,,103900,103900,103900,税抜,excl,,3,0,75240,0,75240,0,3500,78740,1000,78740,0,78740,0,0,15200,0,15200,0,10000,0,0,0,0,10,0,103940,floor100,-40,3,1000,0,0,103940,-40,,
2509-072,2025-09-26,9999,高橋,ACM,clean,,45100,45100,45100,税抜,excl,,3,6400,6720,0,6720,1500,2000,16620,1000,16620,0,16620,0,3500,10900,4100,15000,0,10000,0,0,0,0,6,0,45120,floor100,-20,3,1000,0,0,45120,-20,,
2509-073,2025-09-29,1037,佐藤,IJ,clean,,9500,9500,9500,税抜,excl,,3,0,2400,0,2400,0,2000,4400,1000,4400,1600,6000,0,3500,0,0,0,0,0,0,0,0,0,0,0,9500,floor100,0,3,1000,0,0,9500,0,,
2509-074,2025-09-29,1035,佐藤,ACM,clean,,47000,47000,47000,税抜,excl,,3,25600,13440,0,13440,6000,2000,47040,1000,47040,0,47040,0,0,0,0,0,0,0,0,0,0,0,0,0,47040,floor100,-40,3,1000,0,0,47040,-40,,
2509-075,2025-09-29,1068,高橋,IJ,clean,,9800,9800,9800,税抜,excl,,3,0,4320,0,4320,0,2000,6320,1000,6320,0,6320,0,3500,0,0,0,0,0,0,0,0,0,0,0,9820,floor100,-20,3,1000,0,0,9820,-20,,
2509-076,2025-09-29,1015,佐藤,ACM,clean,,50000,50000,50000,税抜,excl,,3,6400,8160,0,8160,1500,2000,18060,1000,18060,0,18060,0,12000,11950,3050,15000,0,0,0,0,0,0,11,5000,50060,floor100,-60,3,1000,0,5000,50060,-60,,
2509-077,2025-09-29,1082,佐藤,IJ,clean,,33000,33000,33000,税抜,excl,,3,0,1650,0,1650,560,2000,4210,1000,4210,1790,6000,0,0,1000,14000,15000,0,0,0,0,0,0,26,12000,33000,floor100,0,3,1000,0,12000,33000,0,,
2509-078,2025-09-29,1011,佐藤,IJ,clean,,56200,56200,56200,税抜,excl,,3,0,54252,0,54252,0,2000,56252,1000,56252,0,56252,0,0,0,0,0,0,0,0,0,0,0,0,0,56252,floor100,-52,3,1000,0,0,56252,-52,,
2509-079,2025-09-29,9999,田中,ACM,clean,,26800,26800,29480,税込,incl,holes,3,6400,2880,0,2880,3600,2000,14880,1000,14880,0,14880,0,12000,0,0,0,0,0,0,0,0,0,0,0,26880,floor100,-80,3,1000,0,0,26880,-80,,
2509-080,2025-09-30,1051,鈴木,ACM,clean,,25200,25200,25200,税抜,excl,corner_r,3,6400,16320,0,16320,1900,2000,26620,950,25289,0,25289,0,0,0,0,0,0,0,0,0,0,0,0,0,25289,floor100,-89,3,950,0,0,25289,-89,,
2509-081,2025-09-30,1023,田中,ACM,clean,,299000,299000,299000,税抜,excl,,3,144000,149760,29952,119808,18000,2000,283808,850,241236,0,241236,0,0,58500,0,58500,0,0,0,0,0,0,5,0,299736,floor1000,-736,3,850,0,0,299736,-736,,M3:1023様!114 | M3:1023様!115(adj)
2509-082,2025-09-30,1036,佐藤,CALP,clean,,48700,48700,48700,税抜,excl,,3,0,59250,1780,57470,0,3500,60970,800,48776,0,48776,0,0,0,0,0,0,0,0,0,0,0,0,0,48776,floor100,-76,3,800,0,0,48776,-76,,
2509-083,2025-09-30,1085,田中,IJ,clean,,6000,6000,6000,税抜,excl,,3,0,960,0,960,0,2000,2960,1000,2960,3040,6000,0,0,0,0,0,0,0,0,0,0,0,0,0,6000,floor100,0,3,1000,0,0,6000,0,,
