quote_id,quote_date,customer_code,rep,product,size,paper,colors,pages,finishing,quantity,kinds,delivery,due_date,notes,amount,tax_label,tax_amount
P2210-0001,2022-10-01,D010,田中,名刺,91x55,ケント220kg,1/0,,,200,5,市内,2022-10-15,色校正1回,"19,500",税抜,"1,950"
P2210-0002,2022-10-02,C021,高橋,封筒,角2,クラフト85g,1/0,,,500,1,市外,2022-10-23,納品書同封,"9,900",税込み,
P2210-0003,2022-10-03,C037,佐藤,冊子,B5,上質70kg,4/4,16,,1000,1,市内,2022-10-10,,"¥73,600",税抜,
P2210-0004,2022-10-03,一般,鈴木,チラシ,A3,マットコート110kg,4/0,,,3000,3,引取,2022-10-05,データ入稿済,"74,100",税抜,
P2210-0005,2022-10-03,C025,鈴木,リーフレット,A4,コート135kg,4/0,,,5000,1,市内,2022-10-05,特急,"¥35,200",税抜,
P2210-0006,2022-10-04,C023,鈴木,リーフレット,A3,マットコート110kg,4/4,,PP加工(片面),1000,3,市内,,納品書同封,"¥43,000",税抜,"4,300"
P2210-0007,2022-10-04,一般,高橋,封筒,長3,クラフト85g,1/0,,,1000,1,引取,,,"8,000",税抜,800
P2210-0008,2022-10-05,一般,高橋,チラシ,B5,コート135kg,4/4,,,1000,1,市内,,データ修正あり,２１，３００,税抜,"1,230"
P2210-0009,2022-10-06,一般,佐藤,チラシ,B4,上質70kg,4/0,,PP片面,2000,1,市内,2022-10-09,データ修正あり 特急,"25,500",税抜,
P2210-0010,2022-10-06,D008,佐藤,リーフレット,A4,コート135kg,4/4,,,5000,3,市内,,,"96,250",税込み,
P2210-0011,2022-10-07,C023,田中,冊子,A4,上質70kg,1/1,40,,50,1,市内,2022-10-21,納品書同封,"16,610",税込,"1,510"
P2210-0012,2022-10-07,C024,鈴木,封筒,角2,ケント100g,1/0,,,2000,1,市外,2022-10-14,データ修正あり,"31,500",税抜,
P2210-0013,2022-10-07,C006,鈴木,チラシ,B4,マットコート110kg,1/0,,,1000,2,引取,2022-10-12,,"17,600",税込,
P2210-0014,2022-10-07,C002,佐藤,リーフレット,A3,マットコート110kg,1/0,,PP加工(片面),1000,3,県外,2022-10-28,色校正1回,"54,340",内税,"4,940"
P2210-0015,2022-10-07,C026,田中,チラシ,A3,上質70kg,1/1,,PP加工(片面),2000,1,市内,2022-10-10,,"25,500",税抜,
P2210-0016,2022-10-09,C004,田中,冊子,A5,マットコート110kg,4/4,20,,50,1,引取,,データ修正あり,"18,500",税抜,
P2210-0017,2022-10-09,K010,鈴木,チラシ,A3,コート90kg,1/0,,PP片面,2000,1,市外,2022-10-16,データ入稿済,"20,500",税抜,"2,050"
P2210-0018,2022-10-10,C001,田中,冊子,B5,マットコート110kg,4/4,48,,50,1,市内,2022-10-20,色校正1回,"¥23,900",税抜,
P2210-0019,2022-10-11,C028,田中,冊子,A5,上質70kg,4/4,24,,1000,1,市外,,データ入稿済,99770円,,
P2210-0020,2022-10-12,一般,佐藤,名刺,91x55,ケント220kg,4/4,,,500,1,市内,2022-10-14,特急,10890円,内税,
P2210-0021,2022-10-12,C010,高橋,封筒,長3,クラフト85g,1/0,,,1000,1,引取,2022-10-22,,"8,000",税抜,800
P2210-0022,2022-10-13,C002,佐藤,冊子,A4,マットコート110kg,4/4,40,,100,1,引取,2022-10-16,色校正1回 特急,"36,140",税抜,
P2210-0023,2022-10-13,K015,鈴木,チラシ,A4,コート90kg,4/0,,PP加工(片面),2000,1,市外,,,16500円,税抜,"1,650"
P2210-0024,2022-10-13,C011,田中,チラシ,B5,コート135kg,4/4,,PP加工(片面),5000,1,県外,,データ入稿済,"48,950",,
P2210-0025,2022-10-14,G001,佐藤,チラシ,B5,コート90kg,4/4,,,5000,1,市内,,前回同様,20150円,税抜,"2,015"
P2210-0026,2022-10-15,K004,田中,封筒,角2,クラフト85g,2/0,,,2000,1,市外,2022-10-22,,24750円,,
P2210-0027,2022-10-16,C011,佐藤,チラシ,A3,コート90kg,4/0,,PP片面,10000,1,市外,2022-10-19,色校正1回,"107,420",税抜,
P2210-0028,2022-10-16,K011,田中,名刺,91x55,ケント220kg,1/0,,,300,5,引取,,データ修正あり,"28,600",,
P2210-0029,2022-10-16,K015,佐藤,冊子,A5,マットコート110kg,4/4,40,,100,1,引取,2022-11-06,色校正1回,27800円,税抜,
P2210-0030,2022-10-16,C011,鈴木,名刺,91x55,ケント220kg,1/1,,,100,1,引取,2022-11-06,色校正1回,"7,920",税込み,
P2210-0031,2022-10-16,一般,鈴木,チラシ,B5,コート90kg,4/0,,,3000,3,市内,,,"32,890",,
P2210-0032,2022-10-17,一般,佐藤,冊子,B5,上質70kg,1/1,8,,200,1,市内,,,"22,704",,
P2210-0033,2022-10-17,一般,鈴木,冊子,B5,マットコート110kg,1/1,8,,100,1,市内,2022-10-19,,２３，５４０,,
P2210-0034,2022-10-17,一般,鈴木,リーフレット,A4,コート90kg,4/4,,穴あけ,1000,1,市内,2022-10-19,納品書同封 特急,"17,400",税抜,
P2210-0035,2022-10-18,G002,鈴木,名刺,91x55,ケント220kg,4/0,,,300,1,県外,2022-11-08,,"7,810",税込,
P2210-0036,2022-10-19,C006,鈴木,名刺,91x55,マット220kg,4/0,,,100,1,県外,2022-10-26,データ修正あり,8500円,税抜,
P2210-0037,2022-10-19,C038,佐藤,リーフレット,A3,マットコート110kg,1/0,,,2000,1,引取,2022-10-21,,"21,580",税抜,
P2210-0038,2022-10-19,一般,鈴木,封筒,長3,クラフト85g,1/0,,,300,1,引取,2022-10-26,納品書同封,"6,050",内税,550
P2210-0039,2022-10-20,C032,鈴木,冊子,A5,マットコート110kg,1/1,24,,300,1,県外,2022-10-27,色校正1回,"¥36,600",税抜,
P2210-0040,2022-10-21,C012,田中,名刺,91x55,ケント220kg,1/0,,,300,1,引取,2022-10-28,,4600円,税抜,
P2210-0041,2022-10-21,K015,佐藤,リーフレット,A4,コート90kg,4/0,,,2000,1,引取,2022-10-24,,"16,588",税込み,"1,508"
P2210-0042,2022-10-22,G003,佐藤,チラシ,A3,コート90kg,4/0,,,5000,1,引取,2022-11-05,データ修正あり,33470円,税抜,
P2210-0043,2022-10-22,C018,佐藤,リーフレット,A4,コート135kg,1/0,,,1000,3,市内,2022-11-05,色校正1回,"37,070",内税,
P2210-0044,2022-10-23,C003,田中,リーフレット,A3,コート90kg,1/1,,,5000,1,県外,2022-10-28,データ修正あり,"40,000",,
P2210-0045,2022-10-23,G004,佐藤,チラシ,A3,マットコート110kg,4/4,,穴あけ,5000,1,引取,2022-10-30,,"34,480",税抜,"3,448"
P2210-0046,2022-10-23,K019,鈴木,リーフレット,A4,マットコート110kg,1/1,,,500,1,市内,2022-11-13,,8690円,税込,
P2210-0047,2022-10-24,C011,鈴木,リーフレット,A3,マットコート110kg,4/0,,PP加工(片面),2000,1,引取,,色校正1回,"27,600",税抜,
P2210-0048,2022-10-25,C005,田中,冊子,B5,上質70kg,4/4,24,,500,1,市外,2022-10-27,,７３，９２０,内税,
P2210-0049,2022-10-25,K001,鈴木,チラシ,A4,コート135kg,4/4,,穴あけ,3000,1,引取,2022-11-08,データ入稿済,"21,300",,
P2210-0050,2022-10-25,C028,鈴木,封筒,長3,クラフト85g,1/0,,,1000,1,引取,2022-11-08,,８，０００,税抜,800
P2210-0051,2022-10-28,一般,鈴木,冊子,B5,上質70kg,1/1,16,,200,1,引取,2022-10-30,前回同様,"30,360",,
P2210-0052,2022-10-28,C014,田中,チラシ,A3,上質70kg,4/4,,穴あけ,5000,2,市内,2022-10-31,,84000円,税抜,
P2210-0053,2022-10-29,C033,田中,チラシ,B5,コート90kg,4/0,,PP加工(片面),5000,1,市内,,データ入稿済,"28,900",税抜,
P2210-0054,2022-10-29,C010,田中,リーフレット,A3,コート135kg,4/0,,,3000,1,引取,,色校正1回,"31,790",税込み,
P2210-0055,2022-10-30,C008,田中,リーフレット,A4,コート90kg,4/0,,,2000,1,引取,,,"12,760",内税,
P2210-0056,2022-10-30,C001,鈴木,名刺,91x55,ケント220kg,4/4,,,300,5,市内,2022-11-06,データ入稿済,26180円,税込,
P2210-0057,2022-10-30,一般,佐藤,封筒,長3,クラフト85g,2/0,,,1000,1,市外,2022-11-09,データ修正あり,"13,750",税込,"1,250"
P2210-0058,2022-10-30,C001,田中,チラシ,B4,コート135kg,4/0,,,3000,2,市外,,,"¥38,940",税込み,
P2210-0059,2022-10-31,C008,高橋,チラシ,B5,コート90kg,4/0,,,5000,1,引取,2022-11-21,,"¥13,500",税抜,
P2210-0060,2022-10-31,C024,高橋,名刺,91x55,マット220kg,1/0,,,300,2,市内,,データ修正あり,"14,800",税抜,
P2210-0061,2022-10-31,C010,高橋,名刺,91x55,マット220kg,1/1,,,200,3,市内,2022-11-10,データ修正あり,１５，８００,税抜,
P2210-0062,2022-10-31,C001,高橋,チラシ,A4,上質70kg,4/0,,穴あけ,2000,2,引取,2022-11-07,,"18,400",税抜,
P2210-0063,2022-10-31,C023,佐藤,冊子,B5,マットコート110kg,1/1,32,,500,1,市内,2022-11-14,色校正1回,49852円,税込,"4,532"
P2211-0064,2022-11-01,C008,高橋,封筒,長3,ケント100g,2/0,,,500,1,市内,2022-11-08,色校正1回,12300円,税抜,
P2211-0065,2022-11-02,C023,鈴木,リーフレット,A4,コート90kg,4/0,,,2000,1,市内,2022-11-12,,"11,400",税抜,"1,140"
P2211-0066,2022-11-03,C005,高橋,リーフレット,A4,コート90kg,4/0,,,3000,1,引取,,前回同様,16390円,内税,
P2211-0067,2022-11-03,C012,鈴木,名刺,91x55,マット220kg,4/4,,,200,5,市内,,,"20,800",税抜,
P2211-0068,2022-11-04,一般,高橋,チラシ,B5,コート90kg,1/0,,PP加工(片面),10000,1,市内,2022-11-11,データ修正あり,"57,800",税抜,
P2211-0069,2022-11-05,D005,高橋,チラシ,B5,コート90kg,4/4,,PP片面,3000,1,引取,2022-11-19,,18800円,税抜,"1,880"
P2211-0070,2022-11-06,C004,佐藤,チラシ,B5,マットコート110kg,4/4,,,2000,1,引取,2022-11-08,特急,"17,160",内税,"1,560"
P2211-0071,2022-11-06,一般,鈴木,名刺,91x55,ケント220kg,1/0,,,500,5,引取,,,"¥38,500",税込,
P2211-0072,2022-11-06,一般,佐藤,名刺,91x55,ケント220kg,1/0,,,200,1,市外,2022-11-09,,"6,512",税込み,592
P2211-0073,2022-11-06,G006,高橋,チラシ,B4,上質70kg,1/0,,PP片面,5000,3,市内,,,"92,600",税抜,"9,260"
P2211-0074,2022-11-06,D005,佐藤,名刺,91x55,マット220kg,1/0,,,100,1,市内,,,3300円,税込み,
P2211-0075,2022-11-06,C028,佐藤,チラシ,A4,コート90kg,4/0,,穴あけ,5000,1,市内,2022-11-13,,"22,330",税込,
P2211-0076,2022-11-07,C008,佐藤,チラシ,B5,コート135kg,4/0,,PP加工(片面),1000,2,市内,2022-11-28,,"20,800",税抜,
P2211-0077,2022-11-07,一般,田中,冊子,A4,上質70kg,4/4,24,,300,1,市内,,,"35,900",税抜,
P2211-0078,2022-11-07,K011,佐藤,チラシ,B5,コート135kg,1/0,,PP片面,1000,1,引取,2022-11-14,,１１，０００,内税,
P2211-0079,2022-11-07,C011,鈴木,チラシ,A3,上質70kg,1/0,,,500,3,市外,2022-11-14,色校正1回,"24,500",税抜,"2,450"
P2211-0080,2022-11-07,D004,佐藤,冊子,A4,マットコート110kg,1/1,8,,500,1,県外,2022-11-14,前回同様,"¥29,860",税抜,"2,986"
P2211-0081,2022-11-07,C007,佐藤,チラシ,A3,コート135kg,4/0,,,3000,2,県外,2022-11-12,,"44,000",税抜,
P2211-0082,2022-11-08,一般,高橋,チラシ,B5,上質70kg,4/0,,,3000,1,市内,2022-11-11,前回同様 特急,"11,800",税抜,
P2211-0083,2022-11-08,G002,佐藤,封筒,角2,ケント100g,2/0,,,300,1,市外,2022-11-10,データ入稿済,"12,030",,
P2211-0084,2022-11-08,D006,高橋,冊子,A5,上質70kg,4/4,16,,500,1,県外,,,"39,000",税抜,
P2211-0085,2022-11-09,C004,田中,封筒,角2,クラフト85g,2/0,,,2000,1,市内,,納品書同封,"23,980",税込,
P2211-0086,2022-11-09,C030,高橋,名刺,91x55,マット220kg,1/1,,,200,3,市内,2022-11-12,特急,"¥16,400",税抜,"1,640"
P2211-0087,2022-11-09,K010,高橋,名刺,91x55,ケント220kg,1/0,,,500,8,市外,2022-11-19,色校正1回,"68,750",内税,
P2211-0088,2022-11-09,K010,佐藤,チラシ,B5,マットコート110kg,4/4,,,5000,1,引取,,データ入稿済,"24,000",税抜,
P2211-0089,2022-11-10,D003,高橋,リーフレット,A3,コート90kg,4/4,,,5000,1,引取,2022-11-24,前回同様,36410円,税込,"3,310"
P2211-0090,2022-11-10,一般,高橋,チラシ,A3,コート135kg,4/4,,,3000,3,引取,2022-11-24,納品書同封,75000円,税抜,"7,500"
P2211-0091,2022-11-10,C001,田中,名刺,91x55,ケント220kg,1/1,,,500,1,引取,2022-11-13,特急,９，１００,,
P2211-0092,2022-11-10,C011,高橋,リーフレット,A4,コート90kg,4/4,,,2000,2,市内,,データ修正あり,"¥33,000",税抜,
P2211-0093,2022-11-10,C006,鈴木,チラシ,A4,コート135kg,4/4,,,500,3,県外,2022-11-13,納品書同封,"31,130",,
P2211-0094,2022-11-10,C003,田中,封筒,長3,クラフト85g,2/0,,,500,1,市外,2022-11-13,データ修正あり,"¥13,750",税込み,"1,250"
P2211-0081-R2,2022-11-11,C007,佐藤,チラシ,A3,コート135kg,4/0,,,6000,2,県外,2022-11-16,,"44,000",税抜,
P2211-0095,2022-11-11,C021,田中,リーフレット,A3,コート90kg,4/0,,,2000,1,引取,,色校正1回,"20,600",税抜,"2,060"
P2211-0096,2022-11-12,C033,鈴木,名刺,91x55,ケント220kg,4/4,,,100,8,県外,,,"22,660",,
P2211-0097,2022-11-12,D009,田中,冊子,A4,上質70kg,4/4,12,,100,1,県外,2022-11-17,納品書同封,"17,700",,
P2211-0098,2022-11-12,D006,佐藤,チラシ,A3,上質70kg,4/0,,,1000,1,引取,2022-11-19,データ修正あり,"10,285",,
P2211-0099,2022-11-12,C009,高橋,冊子,A5,上質70kg,1/1,20,,200,1,市内,2022-11-19,データ修正あり,26200円,税抜,"2,620"
P2211-0100,2022-11-13,一般,高橋,チラシ,B5,上質70kg,4/0,,,10000,1,県外,,,"22,000",,
P2211-0101,2022-11-13,C003,田中,チラシ,A3,コート135kg,1/0,,,500,3,引取,,データ修正あり,23200円,,
P2211-0102,2022-11-13,K007,佐藤,封筒,角2,クラフト85g,2/0,,,1000,1,市内,,,14080円,税込,
P2211-0103,2022-11-15,K005,田中,封筒,長3,ケント100g,1/0,,,1500,1,引取,2022-11-22,前回同様,"14,850",,
P2211-0104,2022-11-15,C006,高橋,名刺,91x55,マット220kg,1/0,,,300,2,市外,2022-11-22,納品書同封,"¥12,500",税抜,"1,250"
P2211-0105,2022-11-15,G002,佐藤,チラシ,B5,コート90kg,4/0,,,5000,1,引取,,,"13,442",内税,
P2211-0106,2022-11-15,C036,鈴木,冊子,A5,マットコート110kg,4/4,40,,200,1,県外,2022-11-25,,"40,260",税込み,
P2211-0107,2022-11-16,G004,田中,名刺,91x55,ケント220kg,1/1,,,100,1,市内,2022-11-30,納品書同封,"3,300",内税,300
P2211-0108,2022-11-16,D003,佐藤,名刺,91x55,ケント220kg,1/0,,,200,8,県外,,,"28,732",,
P2211-0109,2022-11-16,C020,田中,リーフレット,A4,コート135kg,4/0,,穴あけ,10000,1,引取,2022-11-21,色校正1回,"¥61,600",内税,"5,600"
P2211-0110,2022-11-17,C016,鈴木,チラシ,B5,コート90kg,4/0,,,1000,1,市外,2022-11-22,,"7,300",税抜,730
P2211-0111,2022-11-19,C014,田中,名刺,91x55,ケント220kg,4/4,,,100,8,市外,,データ修正あり,"22,100",税抜,
P2211-0112,2022-11-19,C006,鈴木,リーフレット,A3,コート90kg,1/0,,PP加工(片面),500,1,市外,2022-12-03,納品書同封,１１，６６０,税込み,"1,060"
P2211-0113,2022-11-19,C002,田中,名刺,91x55,ケント220kg,4/0,,,300,1,県外,2022-12-03,,7600円,,
P2211-0114,2022-11-20,C011,高橋,名刺,91x55,ケント220kg,1/1,,,500,1,県外,2022-12-04,色校正1回,16500円,内税,"1,500"
P2211-0115,2022-11-20,一般,高橋,封筒,角2,ケント100g,2/0,,,500,1,市内,,,"10,780",税込み,
P2211-0116,2022-11-20,C005,鈴木,名刺,91x55,マット220kg,1/1,,,500,1,引取,2022-12-04,,9350円,税込,850
P2211-0117,2022-11-20,C034,田中,リーフレット,A4,コート90kg,1/0,,,2000,1,引取,,データ入稿済,"11,600",税抜,
P2211-0118,2022-11-22,K008,鈴木,名刺,91x55,マット220kg,4/0,,,100,8,引取,2022-12-06,データ入稿済,22000円,,
P2211-0119,2022-11-22,K009,高橋,名刺,91x55,ケント220kg,4/4,,,500,1,引取,2022-12-02,データ修正あり,"11,000",税込,
P2211-0120,2022-11-22,一般,高橋,リーフレット,A3,マットコート110kg,4/0,,,5000,2,市外,2022-11-24,データ入稿済 特急,"89,900",税抜,
P2211-0121,2022-11-22,一般,佐藤,チラシ,B4,上質70kg,4/4,,PP片面,1000,1,市外,,,１３，９１５,,
P2211-0122,2022-11-22,K014,田中,チラシ,A3,コート135kg,4/0,,PP加工(片面),1000,1,市外,,,12600円,税抜,
P2211-0123,2022-11-22,D002,佐藤,チラシ,B4,上質70kg,4/0,,PP片面,2000,1,市内,2022-12-06,,"15,389",税込,
P2211-0124,2022-11-22,一般,佐藤,チラシ,B5,コート90kg,4/0,,穴あけ,500,1,県外,,データ修正あり,"¥13,670",税抜,
P2211-0125,2022-11-23,C005,鈴木,封筒,長3,ケント100g,2/0,,,2000,1,市外,2022-12-07,納品書同封,"18,500",税抜,
P2211-0126,2022-11-23,C001,佐藤,チラシ,B4,コート90kg,4/4,,PP加工(片面),10000,1,市内,,,"82,280",税抜,"8,228"
P2211-0127,2022-11-24,D001,田中,チラシ,B4,コート135kg,4/0,,PP片面,1000,1,市内,2022-11-27,データ入稿済,"14,410",税込,
P2211-0128,2022-11-25,C001,鈴木,リーフレット,A3,マットコート110kg,4/0,,穴あけ,3000,1,引取,2022-11-30,,"25,400",税抜,
P2211-0129,2022-11-26,一般,鈴木,リーフレット,A3,コート135kg,4/0,,PP加工(片面),5000,1,市内,2022-11-28,データ修正あり,７１，６００,税抜,
P2211-0130,2022-11-26,D006,佐藤,リーフレット,A3,コート135kg,4/4,,,3000,3,引取,2022-12-03,納品書同封,79662円,,
P2211-0131,2022-11-26,C006,高橋,名刺,91x55,マット220kg,1/0,,,500,8,引取,2022-12-10,,"68,000",税抜,
P2211-0132,2022-11-28,C012,高橋,名刺,91x55,マット220kg,4/4,,,500,3,引取,2022-11-30,データ入稿済,"33,100",税抜,"3,310"
P2211-0133,2022-11-29,K009,鈴木,チラシ,B4,コート135kg,1/1,,,10000,1,県外,2022-12-09,前回同様,"¥55,300",税抜,"5,530"
P2211-0134,2022-11-29,C002,田中,チラシ,A3,コート135kg,4/0,,PP加工(片面),5000,1,市内,,,"45,900",税抜,
P2212-0135,2022-12-01,C031,田中,名刺,91x55,ケント220kg,4/0,,,100,5,引取,2022-12-11,前回同様,"11,000",税抜,
P2212-0136,2022-12-01,一般,鈴木,名刺,91x55,マット220kg,1/0,,,500,3,引取,2022-12-15,データ入稿済,"28,050",税込み,
P2212-0137,2022-12-02,C004,田中,名刺,91x55,マット220kg,1/1,,,300,1,引取,2022-12-16,前回同様,6050円,税込,550
P2212-0138,2022-12-02,K006,鈴木,封筒,長3,ケント100g,1/0,,,500,1,引取,2022-12-16,データ修正あり,"10,450",税込,
P2212-0139,2022-12-03,G005,高橋,リーフレット,A3,コート90kg,4/4,,,2000,1,市外,,前回同様,"18,200",税抜,
P2212-0140,2022-12-05,K002,田中,チラシ,A4,コート135kg,4/0,,,10000,1,引取,2022-12-07,色校正1回,"¥57,200",税抜,
P2212-0141,2022-12-05,C005,田中,冊子,A5,上質70kg,4/4,12,,50,1,引取,2022-12-10,,"16,060",,
P2212-0142,2022-12-06,K006,佐藤,封筒,角2,ケント100g,1/0,,,500,1,引取,,,"9,900",税込,900
P2212-0143,2022-12-06,一般,佐藤,リーフレット,A4,コート90kg,1/1,,PP加工(片面),2000,1,引取,2022-12-16,,"18,600",税抜,
P2212-0144,2022-12-06,C040,佐藤,名刺,91x55,ケント220kg,4/0,,,200,1,引取,,納品書同封,"3,400",税抜,
P2212-0145,2022-12-06,C015,高橋,冊子,A4,マットコート110kg,1/1,16,,100,1,市外,,,１８，１００,税抜,
P2212-0146,2022-12-06,一般,高橋,冊子,A5,上質70kg,4/4,48,,1000,1,市外,2022-12-08,特急,"176,200",税抜,
P2212-0147,2022-12-07,C002,高橋,名刺,91x55,ケント220kg,1/1,,,200,3,引取,2022-12-21,データ入稿済,"¥10,200",税抜,
P2212-0148,2022-12-07,一般,高橋,チラシ,A4,コート135kg,4/4,,,500,1,引取,,データ入稿済,6500円,,
P2212-0149,2022-12-07,C012,高橋,チラシ,A4,コート90kg,4/4,,,5000,3,市内,2022-12-12,,"80,080",税込,
P2212-0150,2022-12-07,K004,田中,冊子,A4,上質70kg,4/4,20,,100,1,市外,2022-12-10,色校正1回,"32,700",,
P2212-0151,2022-12-08,C005,田中,チラシ,A3,コート135kg,4/0,,,3000,3,引取,,,"61,500",税抜,"6,150"
P2212-0152,2022-12-09,C018,田中,チラシ,A3,コート90kg,1/1,,,3000,1,市内,2022-12-12,前回同様 特急,"25,500",税抜,
P2212-0153,2022-12-09,C005,佐藤,冊子,A4,マットコート110kg,4/4,12,,1000,1,引取,2022-12-12,前回同様,"93,808",,
P2212-0154,2022-12-09,一般,鈴木,チラシ,A4,コート90kg,4/0,,,10000,1,市外,2022-12-16,納品書同封,"30,500",,
P2212-0155,2022-12-09,C001,鈴木,チラシ,B4,マットコート110kg,4/0,,,500,1,引取,2022-12-11,,"¥7,800",税抜,
P2212-0156,2022-12-10,C001,鈴木,チラシ,A4,コート90kg,4/0,,,10000,1,県外,,,"32,000",税抜,
P2212-0157,2022-12-12,一般,田中,リーフレット,A3,コート135kg,1/0,,穴あけ,5000,2,市外,2023-01-02,データ修正あり,"80,500",税抜,"8,050"
P2212-0158,2022-12-12,K012,佐藤,チラシ,B5,マットコート110kg,4/0,,PP片面,10000,1,市内,2023-01-02,,"59,800",,
P2212-0159,2022-12-12,一般,佐藤,冊子,A5,上質70kg,1/1,20,,1000,1,市内,2022-12-15,,"84,000",税抜,
P2212-0160,2022-12-15,一般,田中,リーフレット,A4,マットコート110kg,1/1,,PP片面,5000,1,市外,2023-01-05,納品書同封,"¥47,300",税込み,"4,300"
P2212-0161,2022-12-15,C001,佐藤,封筒,長3,ケント100g,1/0,,,3000,1,引取,,,"¥24,000",税抜,"2,400"
P2212-0162,2022-12-15,C033,佐藤,チラシ,B4,コート135kg,1/0,,,500,1,引取,2022-12-18,色校正1回,"15,598",税込み,
P2212-0163,2022-12-15,一般,高橋,リーフレット,A3,マットコート110kg,4/4,,PP片面,10000,3,県外,2022-12-17,,"466,620",,
P2212-0164,2022-12-16,C033,佐藤,名刺,91x55,ケント220kg,4/4,,,500,5,引取,2022-12-21,色校正1回,"40,000",税抜,
P2212-0165,2022-12-16,一般,田中,チラシ,A3,マットコート110kg,4/0,,,1000,1,市内,,データ修正あり,"13,640",,
P2212-0166,2022-12-16,一般,佐藤,チラシ,A3,コート90kg,1/1,,PP片面,10000,2,市内,2022-12-19,,"251,064",内税,
P2212-0167,2022-12-17,一般,高橋,冊子,A5,上質70kg,4/4,24,,1000,1,引取,2022-12-20,前回同様 特急,115900円,,
P2212-0168,2022-12-17,一般,鈴木,チラシ,B4,上質70kg,1/0,,,10000,1,市内,2023-01-07,納品書同封,"37,070",税込,"3,370"
P2212-0169,2022-12-18,C002,高橋,冊子,B5,上質70kg,1/1,16,,1000,1,市内,,,"65,120",,
P2212-0170,2022-12-19,C006,田中,封筒,長3,クラフト85g,2/0,,,500,1,引取,,データ入稿済,5500円,税抜,
P2212-0171,2022-12-19,一般,鈴木,チラシ,A3,コート135kg,4/4,,,1000,1,引取,2022-12-26,,１０，６００,税抜,"1,060"
P2212-0172,2022-12-19,K020,高橋,冊子,B5,マットコート110kg,4/4,8,,1000,1,市外,,,"59,900",,
P2212-0173,2022-12-20,K020,鈴木,封筒,長3,クラフト85g,2/0,,,1000,1,市外,,,９，５００,税抜,
P2212-0174,2022-12-21,C033,田中,冊子,B5,マットコート110kg,4/4,24,,50,1,市外,2023-01-04,色校正1回,"24,530",,
P2212-0175,2022-12-21,一般,佐藤,封筒,角2,ケント100g,2/0,,,300,1,市内,,,9800円,税抜,
P2212-0176,2022-12-22,一般,鈴木,名刺,91x55,マット220kg,4/4,,,300,2,県外,2023-01-05,,14000円,税抜,
P2212-0177,2022-12-22,C007,田中,名刺,91x55,マット220kg,4/4,,,300,1,引取,2022-12-25,特急,"7,100",税抜,710
P2212-0178,2022-12-22,D004,高橋,封筒,角2,ケント100g,2/0,,,1500,1,市外,2022-12-29,納品書同封,19300円,税抜,
P2212-0179,2022-12-25,C007,鈴木,冊子,B5,マットコート110kg,1/1,32,,1000,1,市外,2023-01-08,色校正1回,"81,300",税抜,
P2212-0180,2022-12-25,C012,高橋,封筒,角2,ケント100g,2/0,,,3000,1,市外,,,"40,500",税抜,"4,050"
P2212-0181,2022-12-25,C039,佐藤,リーフレット,A3,コート90kg,4/0,,,1000,1,引取,2022-12-27,特急,"13,390",税抜,"1,339"
P2212-0182,2022-12-25,K015,鈴木,チラシ,B5,コート135kg,4/4,,PP加工(片面),2000,1,市外,,,"¥19,900",税抜,"1,990"
P2212-0183,2022-12-26,C011,佐藤,チラシ,A3,上質70kg,4/0,,,1000,1,市内,2023-01-05,,"¥8,560",税抜,
P2212-0184,2022-12-26,D002,鈴木,チラシ,B4,上質70kg,4/0,,,500,3,市内,,,"15,840",,
P2212-0185,2022-12-26,一般,田中,チラシ,A4,コート135kg,4/4,,,3000,1,市外,2023-01-02,データ入稿済,21890円,税込,"1,990"
P2212-0186,2022-12-27,C006,田中,名刺,91x55,マット220kg,1/0,,,200,1,市内,2023-01-06,納品書同封,"5,280",税込み,
P2212-0187,2022-12-27,一般,高橋,チラシ,B4,上質70kg,1/1,,PP加工(片面),1000,1,引取,2023-01-03,,"¥11,110",,
P2212-0188,2022-12-27,G001,田中,チラシ,A4,マットコート110kg,1/0,,PP加工(片面),1000,1,市内,2023-01-03,データ修正あり,12100円,税抜,
P2212-0189,2022-12-27,K006,鈴木,名刺,91x55,ケント220kg,4/0,,,100,1,引取,,,"3,000",税抜,300
P2212-0190,2022-12-28,G005,田中,チラシ,B4,マットコート110kg,4/4,,,10000,1,市内,2023-01-07,,57530円,税込み,"5,230"
P2212-0191,2022-12-28,C001,鈴木,リーフレット,A4,マットコート110kg,1/0,,PP加工(片面),1000,1,市外,2023-01-04,,"13,300",税抜,"1,330"
P2212-0192,2022-12-28,K011,田中,封筒,角2,クラフト85g,2/0,,,300,1,引取,,データ修正あり,１５，０００,税抜,
P2212-0193,2022-12-29,C040,鈴木,冊子,A4,マットコート110kg,4/4,40,,100,1,引取,,前回同様,"21,600",,
P2212-0194,2022-12-30,D004,田中,リーフレット,A4,コート90kg,4/4,,,10000,1,引取,2023-01-06,データ修正あり,"47,600",税抜,"4,760"
P2212-0195,2022-12-30,K005,佐藤,封筒,角2,クラフト85g,2/0,,,500,1,引取,2023-01-13,色校正1回,"¥12,500",税抜,
P2212-0196,2022-12-31,C003,田中,冊子,A4,マットコート110kg,1/1,8,,100,1,県外,2023-01-05,,"20,790",,
P2212-0197,2022-12-31,C023,田中,チラシ,B5,コート90kg,1/1,,,2000,3,引取,2023-01-03,納品書同封,"31,300",税抜,"3,130"
P2301-0198,2023-01-01,C011,田中,チラシ,A3,コート90kg,4/4,,PP片面,500,1,引取,2023-01-22,,"8,500",税抜,
P2301-0199,2023-01-01,一般,田中,リーフレット,A4,コート90kg,1/0,,,1000,1,市内,2023-01-06,データ修正あり,12100円,税抜,"1,210"
P2301-0200,2023-01-01,C010,田中,名刺,91x55,ケント220kg,4/0,,,500,8,市外,2023-01-03,特急,"74,300",税抜,"7,430"
P2301-0201,2023-01-01,C010,高橋,封筒,長3,クラフト85g,2/0,,,300,1,市内,,,６，９３０,,
P2301-0202,2023-01-01,C002,佐藤,チラシ,A4,マットコート110kg,1/0,,,10000,2,引取,,データ入稿済,"¥74,800",内税,
P2301-0203,2023-01-02,C001,高橋,冊子,A4,マットコート110kg,4/4,40,,50,1,市内,2023-01-09,色校正1回,"23,200",税抜,
P2301-0204,2023-01-03,一般,佐藤,名刺,91x55,マット220kg,1/0,,,100,2,引取,2023-01-06,データ修正あり,10400円,,
P2301-0205,2023-01-03,C008,鈴木,チラシ,B4,コート135kg,4/0,,PP片面,10000,1,引取,2023-01-10,,"86,900",税込み,
P2301-0206,2023-01-03,一般,佐藤,封筒,長3,クラフト85g,2/0,,,3000,1,県外,2023-01-06,前回同様,"¥26,400",税抜,
P2301-0207,2023-01-03,C001,佐藤,封筒,角2,クラフト85g,2/0,,,300,1,引取,2023-01-06,特急,"¥9,750",税抜,
P2301-0208,2023-01-04,一般,佐藤,名刺,91x55,マット220kg,1/0,,,300,2,市内,2023-01-18,納品書同封,１１，８００,税抜,
P2301-0209,2023-01-04,G002,田中,名刺,91x55,ケント220kg,4/4,,,100,5,引取,2023-01-07,,"14,080",,
P2301-0210,2023-01-04,C005,高橋,チラシ,B5,コート135kg,4/0,,穴あけ,2000,1,県外,,,"16,000",税抜,
P2301-0211,2023-01-05,一般,佐藤,チラシ,A4,コート135kg,4/0,,,500,1,引取,,,"¥6,325",内税,
P2301-0212,2023-01-05,C028,田中,チラシ,A4,コート90kg,4/0,,穴あけ,3000,1,引取,2023-01-08,,"18,800",,
P2301-0213,2023-01-05,一般,高橋,リーフレット,A4,マットコート110kg,4/4,,,5000,2,市内,2023-01-26,色校正1回,７５，６８０,内税,"6,880"
P2301-0214,2023-01-06,C026,田中,チラシ,A3,マットコート110kg,4/0,,,5000,3,引取,,前回同様,"80,000",税抜,
P2301-0215,2023-01-06,一般,鈴木,チラシ,B5,上質70kg,4/4,,PP加工(片面),3000,1,引取,2023-01-08,納品書同封 特急,"¥24,300",税抜,"2,430"
P2301-0216,2023-01-06,一般,佐藤,リーフレット,A3,マットコート110kg,4/0,,,3000,1,引取,,,"22,400",税抜,
P2301-0217,2023-01-07,K009,高橋,名刺,91x55,ケント220kg,4/0,,,100,1,市内,,,3300円,,
P2301-0218,2023-01-07,C003,田中,冊子,A4,マットコート110kg,1/1,12,,50,1,県外,2023-01-14,前回同様,"17,100",税抜,"1,710"
P2301-0219,2023-01-07,C008,田中,チラシ,A4,コート135kg,4/0,,PP加工(片面),1000,1,引取,,,"10,500",税抜,
P2301-0220,2023-01-08,C009,高橋,リーフレット,A3,マットコート110kg,4/0,,,3000,2,市内,,,"45,600",税抜,
P2301-0221,2023-01-09,C018,鈴木,チラシ,B5,コート90kg,1/0,,PP片面,500,1,県外,2023-01-23,データ修正あり,"¥13,750",税込,
P2301-0222,2023-01-09,G003,佐藤,チラシ,B4,マットコート110kg,4/0,,,500,1,引取,2023-01-12,データ修正あり,"10,530",税抜,
P2301-0223,2023-01-09,C016,田中,名刺,91x55,マット220kg,1/0,,,300,5,市内,,色校正1回,"¥36,630",税込み,
P2301-0224,2023-01-09,一般,高橋,チラシ,A3,上質70kg,4/4,,穴あけ,3000,1,引取,2023-01-16,納品書同封,"23,500",税抜,"2,350"
P2301-0225,2023-01-10,一般,鈴木,チラシ,A3,コート135kg,1/1,,穴あけ,10000,1,引取,,,"73,700",税込,"6,700"
P2301-0226,2023-01-10,K010,高橋,リーフレット,A4,コート135kg,4/0,,PP片面,5000,2,市内,2023-01-24,,"92,180",税込み,
P2301-0227,2023-01-10,C006,鈴木,名刺,91x55,ケント220kg,4/0,,,500,8,市外,2023-01-20,,"57,500",,
P2301-0228,2023-01-10,C010,高橋,リーフレット,A4,コート135kg,1/0,,,2000,1,市内,2023-01-20,納品書同封,"14,400",,
P2301-0229,2023-01-10,一般,佐藤,封筒,長3,ケント100g,2/0,,,1500,1,引取,2023-01-15,データ修正あり,"¥18,150",税込み,
P2301-0230,2023-01-10,C023,鈴木,名刺,91x55,マット220kg,1/1,,,500,3,引取,,データ入稿済,"25,740",,
P2301-0231,2023-01-11,G003,田中,名刺,91x55,ケント220kg,4/4,,,300,1,市外,2023-01-25,色校正1回,"10,100",税抜,"1,010"
P2301-0232,2023-01-11,C010,田中,チラシ,B4,コート135kg,4/0,,PP片面,3000,1,引取,,,２６，５００,税抜,"2,650"
P2301-0233,2023-01-11,C031,鈴木,リーフレット,A3,コート90kg,4/0,,PP加工(片面),1000,1,引取,,,"12,430",税込み,"1,130"
P2301-0234,2023-01-11,C007,佐藤,名刺,91x55,マット220kg,4/0,,,300,1,市外,2023-01-25,,７，０００,税抜,700
P2301-0235,2023-01-12,一般,佐藤,チラシ,A4,マットコート110kg,4/0,,PP片面,5000,2,市内,2023-02-02,データ修正あり,71800円,税抜,"7,180"
P2301-0236,2023-01-14,D009,田中,チラシ,A4,マットコート110kg,4/0,,穴あけ,3000,1,市内,2023-02-04,前回同様,"15,840",税込,"1,440"
P2301-0237,2023-01-14,K018,佐藤,チラシ,B4,コート90kg,4/0,,PP加工(片面),2000,1,引取,2023-02-04,,"¥18,700",内税,"1,700"
P2301-0238,2023-01-15,C008,鈴木,チラシ,A3,コート90kg,1/1,,穴あけ,10000,1,県外,2023-01-22,データ修正あり,"61,200",,
P2301-0239,2023-01-15,一般,高橋,チラシ,B4,コート90kg,4/0,,PP加工(片面),2000,2,引取,,色校正1回,37800円,税抜,
P2301-0240,2023-01-15,C022,佐藤,名刺,91x55,マット220kg,4/4,,,200,2,市内,2023-02-05,,9680円,税込み,
P2301-0241,2023-01-16,一般,鈴木,封筒,角2,クラフト85g,2/0,,,500,1,市外,2023-01-23,前回同様,"9,900",税込み,
P2301-0242,2023-01-16,一般,田中,リーフレット,A3,コート90kg,4/4,,,10000,1,引取,2023-01-21,,"80,300",,
P2301-0243,2023-01-17,C012,田中,チラシ,B5,上質70kg,1/0,,,500,1,市内,,,"5,400",,
P2301-0244,2023-01-17,C021,佐藤,封筒,角2,クラフト85g,2/0,,,300,1,市内,2023-01-31,,"8,300",,
P2301-0245,2023-01-17,G003,鈴木,チラシ,B5,コート135kg,4/4,,,5000,1,市内,2023-01-24,データ修正あり,"¥29,150",税込み,
P2301-0246,2023-01-18,一般,鈴木,リーフレット,A4,コート90kg,1/0,,穴あけ,10000,2,市内,2023-01-25,データ修正あり,"82,800",税抜,
P2301-0247,2023-01-18,一般,鈴木,封筒,角2,クラフト85g,2/0,,,3000,1,市内,,前回同様,"33,880",税込,
P2301-0248,2023-01-18,D003,鈴木,リーフレット,A3,マットコート110kg,4/0,,穴あけ,2000,3,引取,2023-01-21,データ入稿済 特急,58300円,税抜,"5,830"
P2301-0249,2023-01-19,C010,田中,リーフレット,A3,コート135kg,1/0,,,500,1,引取,2023-01-22,色校正1回 特急,"18,700",内税,"1,700"
P2301-0250,2023-01-20,一般,田中,封筒,長3,クラフト85g,1/0,,,500,1,市外,2023-01-23,納品書同封 特急,９，４６０,税込,860
P2301-0251,2023-01-20,C011,佐藤,リーフレット,A4,マットコート110kg,4/0,,,500,1,引取,2023-01-23,,"8,970",税抜,
P2301-0252,2023-01-21,C009,佐藤,チラシ,A4,マットコート110kg,1/0,,,1000,2,市内,,納品書同封,"¥14,380",,
P2301-0253,2023-01-21,一般,鈴木,冊子,A5,上質70kg,1/1,32,,50,1,市内,,納品書同封,"15,900",税抜,
P2301-0254,2023-01-21,G001,佐藤,チラシ,A3,コート90kg,1/0,,,10000,2,引取,,納品書同封,"¥94,105",内税,"8,555"
P2301-0255,2023-01-22,D004,鈴木,チラシ,B5,マットコート110kg,4/4,,,3000,1,市内,,前回同様,"13,900",税抜,
P2301-0256,2023-01-22,C003,田中,チラシ,B5,コート90kg,4/4,,,500,1,引取,2023-01-25,前回同様 特急,"8,030",内税,
P2301-0257,2023-01-23,C006,田中,名刺,91x55,ケント220kg,4/4,,,300,1,引取,2023-01-26,,"5,900",税抜,
P2301-0258,2023-01-23,一般,高橋,冊子,A4,上質70kg,4/4,24,,1000,1,市外,,,"90,700",税抜,
P2301-0259,2023-01-23,一般,鈴木,名刺,91x55,ケント220kg,1/0,,,300,1,引取,2023-02-06,データ修正あり,"7,600",税抜,
P2301-0260,2023-01-24,一般,田中,チラシ,B4,マットコート110kg,4/0,,穴あけ,10000,2,引取,2023-01-27,色校正1回,"121,000",税抜,
P2301-0261,2023-01-24,K002,佐藤,チラシ,B5,マットコート110kg,1/1,,,500,1,引取,2023-02-03,色校正1回,"10,180",税抜,
P2301-0262,2023-01-24,K010,田中,封筒,角2,ケント100g,1/0,,,300,1,市内,,データ修正あり,"14,080",内税,"1,280"
P2301-0263,2023-01-25,C010,鈴木,冊子,A5,マットコート110kg,4/4,16,,1000,1,引取,2023-02-15,前回同様,"72,800",税抜,"7,280"
P2301-0264,2023-01-25,C010,高橋,リーフレット,A4,コート135kg,4/0,,,2000,3,市内,,,４１，６００,税抜,"4,160"
P2301-0265,2023-01-26,D002,高橋,リーフレット,A4,コート90kg,4/0,,,5000,3,市内,,色校正1回,"59,800",税抜,"5,980"
P2301-0266,2023-01-26,K004,佐藤,名刺,91x55,マット220kg,4/4,,,200,8,市外,2023-02-09,,33500円,税抜,"3,350"
P2301-0267,2023-01-26,一般,高橋,リーフレット,A4,コート90kg,1/0,,,5000,2,市外,2023-01-28,特急,57400円,税抜,"5,740"
P2301-0268,2023-01-26,C004,高橋,チラシ,B5,コート135kg,1/0,,PP加工(片面),2000,1,市内,2023-01-29,データ修正あり 特急,"¥24,700",税抜,"2,470"
P2301-0269,2023-01-27,一般,鈴木,リーフレット,A3,コート90kg,1/0,,,3000,2,市内,2023-02-06,前回同様,"¥42,600",税抜,"4,260"
P2301-0270,2023-01-27,C008,田中,チラシ,B5,マットコート110kg,1/0,,穴あけ,10000,2,県外,2023-02-03,データ入稿済,"68,310",内税,
P2301-0271,2023-01-27,一般,鈴木,リーフレット,A4,マットコート110kg,4/0,,,3000,1,市内,,,"18,920",税込,
P2301-0272,2023-01-27,D005,高橋,チラシ,A4,コート90kg,1/1,,穴あけ,3000,1,引取,2023-02-06,,１２，４００,税抜,
P2301-0273,2023-01-27,一般,高橋,封筒,角2,ケント100g,1/0,,,2000,1,引取,2023-02-03,納品書同封,27000円,税抜,
P2301-0274,2023-01-28,G006,鈴木,封筒,角2,ケント100g,1/0,,,2000,1,市内,2023-02-04,データ修正あり,"27,800",税抜,"2,780"
P2301-0275,2023-01-28,一般,鈴木,チラシ,A3,コート135kg,4/0,,PP加工(片面),5000,3,市内,2023-01-31,特急,194370円,税込み,
P2301-0276,2023-01-28,C026,田中,チラシ,B5,マットコート110kg,4/4,,,2000,1,市外,2023-02-11,データ修正あり,"¥17,600",税込み,
P2301-0277,2023-01-28,一般,鈴木,封筒,長3,ケント100g,2/0,,,500,1,市内,,データ修正あり,"¥11,330",税込,
P2301-0278,2023-01-28,K009,高橋,名刺,91x55,マット220kg,1/1,,,500,1,市内,2023-01-30,データ入稿済,12980円,税込み,"1,180"
P2301-0279,2023-01-28,C014,佐藤,チラシ,A4,コート90kg,4/4,,,5000,1,引取,2023-02-04,,"25,608",内税,"2,328"
P2301-0280,2023-01-28,C001,佐藤,チラシ,B5,マットコート110kg,4/0,,,2000,3,引取,2023-02-04,納品書同封,"28,809",,
P2301-0281,2023-01-28,C012,佐藤,名刺,91x55,マット220kg,1/1,,,200,1,市内,2023-02-11,納品書同封,"4,800",税抜,
P2301-0282,2023-01-30,C008,高橋,封筒,長3,ケント100g,1/0,,,300,1,引取,,,"¥7,150",,
P2301-0283,2023-01-30,K013,田中,チラシ,B5,マットコート110kg,4/0,,穴あけ,5000,1,市内,,データ入稿済,１９，７００,税抜,
P2301-0284,2023-01-30,C005,田中,リーフレット,A4,コート90kg,1/1,,,1000,1,引取,2023-02-13,色校正1回,"13,800",,
P2301-0285,2023-01-31,C005,佐藤,冊子,A5,マットコート110kg,4/4,24,,1000,1,市外,2023-02-10,前回同様,"90,700",,
P2301-0286,2023-01-31,一般,佐藤,冊子,A4,上質70kg,4/4,8,,1000,1,引取,2023-02-10,色校正1回,"63,400",,
P2301-0287,2023-01-31,C031,高橋,封筒,角2,ケント100g,2/0,,,300,1,市内,2023-02-14,納品書同封,"9,800",税抜,
P2302-0288,2023-02-01,C006,佐藤,名刺,91x55,ケント220kg,1/1,,,200,3,市外,,,"11,700",税抜,"1,170"
P2302-0289,2023-02-01,一般,鈴木,封筒,角2,ケント100g,1/0,,,300,1,市内,2023-02-06,色校正1回,"¥14,800",税抜,
P2302-0290,2023-02-02,K019,高橋,名刺,91x55,ケント220kg,1/0,,,500,3,市内,2023-02-12,色校正1回,"29,480",内税,"2,680"
P2302-0291,2023-02-05,G001,田中,チラシ,B5,コート90kg,4/0,,PP加工(片面),1000,3,市外,2023-02-08,データ修正あり,３６，６００,税抜,
P2302-0292,2023-02-05,K010,高橋,冊子,B5,上質70kg,1/1,20,,100,1,県外,2023-02-15,,"20,200",税抜,
P2302-0293,2023-02-05,C005,高橋,冊子,A5,マットコート110kg,1/1,16,,300,1,引取,2023-02-08,データ入稿済,"¥33,600",税抜,"3,360"
P2301-0285-R2,2023-02-07,C005,佐藤,冊子,A5,マットコート110kg,4/4,24,,1000,1,市外,2023-02-17,前回同様,"90,700",税抜,
P2302-0294,2023-02-07,C017,鈴木,名刺,91x55,ケント220kg,1/1,,,200,1,県外,2023-02-28,色校正1回,"11,990",,
P2302-0295,2023-02-07,K014,田中,名刺,91x55,ケント220kg,4/4,,,500,8,市内,,色校正1回,"¥61,800",税抜,"6,180"
P2302-0296,2023-02-08,K018,田中,チラシ,A3,コート90kg,1/0,,,3000,2,市外,2023-02-10,データ入稿済 特急,"47,000",税抜,"4,700"
P2302-0297,2023-02-08,一般,鈴木,リーフレット,A4,コート135kg,4/0,,,10000,1,市外,2023-02-15,,"49,500",税抜,
P2302-0298,2023-02-09,G005,田中,名刺,91x55,ケント220kg,4/4,,,100,3,市内,2023-02-16,,７，３７０,税込み,
P2302-0299,2023-02-09,C004,田中,チラシ,B4,コート90kg,1/1,,PP加工(片面),500,1,市内,2023-02-16,前回同様,"8,300",,
P2302-0300,2023-02-10,C006,佐藤,封筒,角2,ケント100g,2/0,,,300,1,市内,2023-02-17,,"9,800",税抜,
P2302-0301,2023-02-10,C022,鈴木,名刺,91x55,マット220kg,1/0,,,500,1,市外,2023-03-03,,１０，０００,税抜,
P2302-0302,2023-02-10,C026,高橋,名刺,91x55,マット220kg,4/4,,,300,5,市外,2023-02-15,前回同様,"29,000",税抜,
P2302-0303,2023-02-11,K020,鈴木,リーフレット,A4,マットコート110kg,4/4,,,3000,1,県外,,データ修正あり,26900円,税抜,
P2302-0304,2023-02-11,C002,佐藤,リーフレット,A3,コート135kg,4/0,,,10000,3,市内,,,"225,280",税込み,
P2302-0305,2023-02-11,C001,鈴木,リーフレット,A4,コート90kg,4/4,,,500,1,引取,,前回同様,"¥7,400",税抜,740
P2302-0306,2023-02-12,一般,田中,チラシ,A4,コート135kg,4/4,,,3000,1,引取,2023-02-26,納品書同封,"19,000",税抜,
P2302-0307,2023-02-12,C010,田中,リーフレット,A4,コート135kg,1/1,,PP加工(片面),10000,1,市外,2023-02-14,,"109,400",税抜,
P2302-0308,2023-02-13,G002,佐藤,封筒,長3,ケント100g,1/0,,,500,1,引取,2023-02-27,,"5,850",税抜,585
P2302-0309,2023-02-13,D005,佐藤,封筒,長3,ケント100g,2/0,,,500,1,市内,2023-02-20,,"¥6,600",内税,
P2302-0310,2023-02-15,C003,田中,封筒,角2,クラフト85g,2/0,,,300,1,市内,,,9130円,内税,830
P2302-0311,2023-02-15,C007,鈴木,チラシ,B4,コート135kg,4/0,,,10000,1,引取,2023-02-20,,47500円,税抜,
P2302-0312,2023-02-15,C002,佐藤,名刺,91x55,マット220kg,1/0,,,300,1,市内,2023-02-17,特急,８，７４５,,
P2302-0313,2023-02-17,C039,佐藤,チラシ,B5,コート135kg,4/0,,,5000,1,市外,2023-03-03,,"21,923",内税,
P2302-0314,2023-02-18,一般,鈴木,リーフレット,A3,マットコート110kg,1/0,,PP加工(片面),10000,1,県外,2023-02-21,データ修正あり 特急,"140,580",税込み,
P2302-0315,2023-02-20,K017,鈴木,名刺,91x55,ケント220kg,1/1,,,100,3,市外,2023-02-27,納品書同封,8910円,税込み,
P2302-0316,2023-02-20,C033,佐藤,リーフレット,A3,コート90kg,4/0,,,5000,2,引取,2023-03-06,色校正1回,"68,000",税抜,"6,800"
P2302-0317,2023-02-21,C010,高橋,冊子,B5,マットコート110kg,4/4,32,,500,1,市外,2023-02-28,,"59,300",,
P2302-0318,2023-02-21,一般,鈴木,冊子,A4,マットコート110kg,4/4,16,,200,1,市内,2023-02-24,データ入稿済,"32,200",税抜,
P2302-0319,2023-02-22,C038,高橋,リーフレット,A3,コート135kg,4/0,,,1000,2,市内,,色校正1回,"31,240",税込,
P2302-0320,2023-02-22,一般,高橋,冊子,A4,上質70kg,1/1,32,,300,1,市内,2023-02-25,色校正1回,"52,030",税込み,"4,730"
P2302-0321,2023-02-22,C023,田中,冊子,B5,マットコート110kg,4/4,32,,300,1,引取,,データ入稿済,"36,300",税抜,
P2302-0322,2023-02-23,C002,高橋,チラシ,B4,コート90kg,1/0,,穴あけ,5000,1,引取,,色校正1回,"28,600",税抜,
P2302-0323,2023-02-23,K004,高橋,チラシ,B4,コート90kg,1/0,,,10000,1,引取,2023-03-09,データ入稿済,"37,800",税抜,"3,780"
P2302-0324,2023-02-23,K011,鈴木,チラシ,B4,上質70kg,4/4,,PP加工(片面),500,2,引取,2023-03-09,納品書同封,"15,000",税抜,
P2302-0325,2023-02-24,K010,田中,封筒,角2,ケント100g,2/0,,,2000,1,市内,2023-03-03,,"30,580",税込,
P2302-0326,2023-02-24,C010,田中,名刺,91x55,マット220kg,4/4,,,200,3,市外,2023-03-10,,"¥14,850",税込,
P2302-0327,2023-02-24,C005,鈴木,チラシ,B5,コート90kg,1/0,,,3000,1,県外,,,"12,700",税抜,"1,270"
P2302-0328,2023-02-24,C012,鈴木,チラシ,B5,マットコート110kg,4/0,,,1000,1,市内,2023-03-03,色校正1回,11900円,税抜,"1,190"
P2302-0329,2023-02-25,一般,田中,封筒,長3,クラフト85g,1/0,,,1000,1,市内,2023-03-07,,"¥8,800",税抜,
P2302-0330,2023-02-25,C020,田中,チラシ,B4,コート90kg,4/0,,,1000,1,市内,2023-02-28,特急,"10,200",税抜,"1,020"
P2302-0331,2023-02-25,C001,鈴木,リーフレット,A3,コート90kg,4/4,,PP加工(片面),3000,1,市内,2023-03-02,,"38,720",税込み,"3,520"
P2302-0332,2023-02-26,一般,高橋,リーフレット,A3,コート90kg,4/0,,,1000,3,引取,2023-03-12,色校正1回,"39,490",内税,
P2302-0333,2023-02-26,K017,高橋,チラシ,B5,コート135kg,4/0,,穴あけ,500,1,市内,2023-03-12,色校正1回,１５，１８０,,
P2302-0334,2023-02-27,D009,鈴木,封筒,長3,ケント100g,2/0,,,500,1,市外,2023-03-02,,"8,600",税抜,
P2302-0335,2023-02-27,C023,鈴木,リーフレット,A4,コート90kg,4/0,,,5000,1,引取,2023-03-01,納品書同封,"28,270",内税,
P2302-0336,2023-02-27,C035,田中,冊子,A5,上質70kg,4/4,8,,100,1,引取,,前回同様,"16,600",税抜,"1,660"
P2302-0337,2023-02-28,C022,鈴木,チラシ,A4,コート135kg,1/0,,PP片面,2000,1,引取,2023-03-21,色校正1回,"23,430",,
P2302-0338,2023-02-28,C001,佐藤,名刺,91x55,ケント220kg,4/4,,,200,1,引取,2023-03-03,色校正1回,"10,920",税抜,
P2303-0339,2023-03-01,C003,田中,封筒,長3,ケント100g,1/0,,,2000,1,市内,2023-03-15,前回同様,１９，５８０,,
P2303-0340,2023-03-01,一般,佐藤,冊子,B5,上質70kg,1/1,16,,300,1,市外,,色校正1回,"32,420",税抜,
P2303-0341,2023-03-02,C037,鈴木,チラシ,B5,コート90kg,4/0,,PP加工(片面),10000,1,引取,2023-03-09,,"59,400",税込み,
P2303-0342,2023-03-02,C033,高橋,名刺,91x55,マット220kg,4/4,,,500,1,市内,,前回同様,"10,230",税込,930
P2303-0343,2023-03-02,G004,高橋,リーフレット,A3,マットコート110kg,4/4,,穴あけ,10000,1,市外,,色校正1回,"86,790",,
P2303-0344,2023-03-03,C005,高橋,チラシ,A4,コート135kg,4/4,,,2000,1,市内,,前回同様,"16,280",内税,
P2303-0345,2023-03-04,C008,鈴木,リーフレット,A3,コート90kg,4/0,,,5000,2,市外,,,"64,500",税抜,
P2303-0346,2023-03-04,一般,鈴木,冊子,A4,上質70kg,4/4,12,,200,1,引取,2023-03-07,納品書同封,"¥32,450",,
P2303-0347,2023-03-04,C010,高橋,冊子,A5,上質70kg,1/1,16,,200,1,市外,,,"21,450",税込み,
P2303-0348,2023-03-04,C005,佐藤,リーフレット,A3,マットコート110kg,4/0,,,500,1,市外,,,"9,400",税抜,
P2303-0349,2023-03-05,C008,田中,封筒,角2,クラフト85g,1/0,,,1500,1,引取,2023-03-15,,16500円,税抜,
P2303-0350,2023-03-05,C008,佐藤,チラシ,B5,コート90kg,4/4,,PP片面,5000,3,引取,2023-03-26,,109500円,税抜,"10,950"
P2303-0351,2023-03-05,C010,田中,チラシ,A4,コート90kg,4/0,,PP加工(片面),500,1,引取,,データ入稿済,"6,700",税抜,
P2303-0352,2023-03-06,C010,田中,封筒,角2,クラフト85g,2/0,,,500,1,引取,2023-03-20,前回同様,"8,250",税込み,750
P2303-0353,2023-03-08,C006,佐藤,封筒,長3,ケント100g,2/0,,,300,1,県外,,色校正1回,"14,500",税抜,
P2303-0354,2023-03-08,C023,鈴木,チラシ,A4,コート90kg,1/1,,,1000,1,県外,2023-03-11,前回同様,"11,300",税抜,"1,130"
P2303-0355,2023-03-08,C004,高橋,封筒,長3,ケント100g,2/0,,,300,1,市内,2023-03-11,前回同様,"¥9,200",税抜,
P2303-0356,2023-03-09,C024,鈴木,リーフレット,A3,コート90kg,4/4,,,10000,3,引取,2023-03-16,,"219,000",税抜,"21,900"
P2303-0357,2023-03-09,G007,高橋,チラシ,B4,コート135kg,1/0,,,2000,1,市内,,納品書同封,"13,750",税込,
P2302-0326-R2,2023-03-10,C010,田中,名刺,91x55,マット220kg,4/4,,,200,3,市外,2023-03-24,,"13,500",税抜,
P2303-0358,2023-03-10,C017,田中,チラシ,A3,コート90kg,4/0,,,10000,1,市外,2023-03-13,特急,"62,000",税抜,
P2303-0359,2023-03-11,一般,田中,チラシ,B4,コート135kg,4/4,,,5000,3,引取,,色校正1回,107000円,税抜,
P2303-0360,2023-03-12,D006,鈴木,チラシ,A3,コート135kg,4/0,,,2000,1,引取,2023-04-02,色校正1回,"¥17,000",税抜,
P2303-0361,2023-03-12,D006,高橋,冊子,B5,上質70kg,4/4,16,,50,1,市内,2023-03-15,納品書同封,"17,400",税抜,
P2303-0362,2023-03-12,K019,田中,チラシ,A4,マットコート110kg,4/0,,PP加工(片面),5000,1,市外,2023-04-02,納品書同封,３９，０５０,内税,"3,550"
P2303-0363,2023-03-12,C011,田中,リーフレット,A4,コート135kg,4/0,,穴あけ,3000,1,市外,,色校正1回,27400円,税抜,
P2303-0364,2023-03-12,一般,田中,チラシ,A4,コート90kg,4/4,,,3000,3,引取,,納品書同封,"48,000",税抜,
P2303-0365,2023-03-13,C002,鈴木,封筒,角2,クラフト85g,2/0,,,300,1,県外,2023-03-16,データ入稿済,"13,970",税込み,
P2303-0366,2023-03-14,C004,高橋,名刺,91x55,マット220kg,4/4,,,100,1,引取,2023-04-04,データ入稿済,"3,000",,
P2303-0367,2023-03-14,C005,田中,名刺,91x55,ケント220kg,4/4,,,200,3,引取,2023-03-17,データ入稿済 特急,"13,200",税抜,
P2303-0368,2023-03-14,一般,田中,名刺,91x55,ケント220kg,1/1,,,200,1,市内,2023-03-21,色校正1回,"9,200",税抜,920
P2303-0369,2023-03-15,C032,田中,名刺,91x55,マット220kg,4/4,,,200,8,引取,2023-03-18,,"45,760",,
P2303-0370,2023-03-16,D008,佐藤,チラシ,B4,上質70kg,1/0,,穴あけ,500,1,市内,2023-04-06,色校正1回,"13,123",,
P2303-0371,2023-03-17,C009,田中,チラシ,B4,コート135kg,4/0,,,2000,1,市外,,,"¥15,510",,
P2303-0372,2023-03-17,一般,田中,リーフレット,A3,コート135kg,1/0,,穴あけ,500,3,市内,2023-03-22,データ修正あり,34320円,内税,"3,120"
P2303-0373,2023-03-17,G006,田中,名刺,91x55,マット220kg,1/1,,,500,2,引取,,,１６，８３０,内税,
P2303-0374,2023-03-18,G001,佐藤,冊子,A5,上質70kg,1/1,40,,300,1,市内,,データ入稿済,"31,040",税抜,"3,104"
P2303-0375,2023-03-18,C006,佐藤,チラシ,B4,上質70kg,4/0,,PP加工(片面),10000,1,引取,2023-03-25,,"¥62,080",税抜,"6,208"
P2303-0376,2023-03-19,G005,田中,チラシ,B5,上質70kg,4/0,,穴あけ,10000,2,引取,,,３５，７００,税抜,
P2303-0377,2023-03-19,C006,田中,名刺,91x55,マット220kg,1/0,,,500,3,市内,,色校正1回,31300円,税抜,
P2303-0378,2023-03-19,K006,佐藤,名刺,91x55,マット220kg,1/0,,,300,1,市内,2023-03-21,特急,"8,745",税込み,795
P2303-0379,2023-03-19,C002,田中,チラシ,B4,コート135kg,4/4,,穴あけ,10000,1,市内,,,６５，７００,税抜,
P2303-0380,2023-03-19,C011,高橋,封筒,長3,クラフト85g,1/0,,,3000,1,引取,2023-04-09,,18000円,税抜,"1,800"
P2303-0381,2023-03-20,C012,鈴木,冊子,A4,マットコート110kg,4/4,20,,200,1,引取,2023-04-03,,"26,000",税抜,"2,600"
P2303-0382,2023-03-21,D009,田中,チラシ,B5,上質70kg,1/0,,PP片面,3000,2,市内,,データ修正あり,３２，１００,税抜,
P2303-0383,2023-03-22,G008,高橋,名刺,91x55,マット220kg,1/1,,,300,1,引取,2023-03-25,データ入稿済 特急,６，４００,税抜,
P2303-0384,2023-03-22,C004,佐藤,チラシ,A3,上質70kg,4/0,,,10000,1,市外,,色校正1回,"53,933",税込み,"4,903"
P2303-0385,2023-03-22,C012,鈴木,チラシ,B4,上質70kg,4/4,,PP片面,500,3,市内,2023-03-25,データ入稿済 特急,"33,110",税込み,
P2303-0386,2023-03-23,一般,田中,チラシ,B5,マットコート110kg,4/0,,,3000,2,引取,2023-03-26,データ修正あり 特急,"35,970",,
P2303-0387,2023-03-24,一般,田中,リーフレット,A3,コート135kg,1/0,,,3000,1,市外,,,"25,400",税抜,
P2303-0388,2023-03-24,C002,鈴木,チラシ,A4,上質70kg,1/1,,,10000,1,引取,2023-03-26,特急,"36,500",税抜,
P2303-0389,2023-03-25,一般,鈴木,リーフレット,A3,コート90kg,4/4,,,1000,2,引取,2023-03-28,納品書同封,３０，６００,税抜,"3,060"
P2303-0390,2023-03-25,一般,高橋,チラシ,A3,マットコート110kg,1/1,,PP加工(片面),10000,1,引取,2023-03-28,前回同様 特急,"112,200",税抜,
P2303-0391,2023-03-25,C006,高橋,リーフレット,A3,コート135kg,4/0,,PP加工(片面),10000,2,市外,,,"197,500",税抜,"19,750"
P2303-0392,2023-03-26,C001,佐藤,封筒,角2,クラフト85g,1/0,,,2000,1,引取,2023-04-02,,"23,100",内税,
P2303-0393,2023-03-28,一般,田中,チラシ,A4,上質70kg,1/1,,,10000,1,引取,2023-04-11,色校正1回,"32,900",税抜,
P2303-0394,2023-03-28,D009,高橋,チラシ,A3,上質70kg,4/4,,,3000,1,引取,2023-04-04,データ修正あり,"21,230",,
P2303-0395,2023-03-28,一般,高橋,リーフレット,A4,コート135kg,4/0,,穴あけ,5000,1,市外,2023-03-31,データ入稿済 特急,"¥43,780",,
P2303-0396,2023-03-30,一般,鈴木,リーフレット,A3,マットコート110kg,4/4,,,1000,1,引取,2023-04-04,データ修正あり,15300円,税抜,
P2303-0397,2023-03-30,C031,鈴木,チラシ,B5,上質70kg,4/0,,,3000,1,引取,2023-04-02,前回同様 特急,"11,770",税込,"1,070"
P2303-0398,2023-03-30,C009,鈴木,名刺,91x55,マット220kg,1/1,,,300,1,市外,,データ入稿済,7000円,税抜,700
P2303-0399,2023-03-30,C006,佐藤,チラシ,A4,上質70kg,4/4,,,3000,1,市内,2023-04-02,特急,19080円,税抜,"1,908"
P2303-0400,2023-03-30,C007,佐藤,名刺,91x55,ケント220kg,4/0,,,100,2,引取,,,"4,840",税込み,
P2303-0401,2023-03-31,一般,鈴木,名刺,91x55,マット220kg,4/0,,,500,2,引取,2023-04-07,データ修正あり,"¥20,000",税抜,
P2303-0402,2023-03-31,C023,高橋,チラシ,A4,上質70kg,4/0,,PP加工(片面),500,1,市内,,納品書同封,6600円,税抜,660
P2304-0403,2023-04-01,一般,佐藤,チラシ,A4,マットコート110kg,4/0,,PP片面,2000,2,市内,2023-04-15,データ修正あり,"¥39,380",,
P2304-0404,2023-04-01,C036,鈴木,名刺,91x55,マット220kg,1/0,,,300,8,引取,2023-04-22,データ修正あり,"¥47,000",税抜,
P2304-0405,2023-04-01,C027,鈴木,チラシ,B4,上質70kg,1/0,,,3000,1,引取,2023-04-08,データ修正あり,１７，６００,,
P2304-0406,2023-04-01,C025,高橋,冊子,A4,上質70kg,4/4,12,,200,1,引取,2023-04-15,,"24,970",税込,
P2304-0407,2023-04-01,C017,佐藤,チラシ,A4,コート135kg,4/0,,,3000,1,市内,2023-04-22,前回同様,16027円,,
P2304-0408,2023-04-02,C001,鈴木,リーフレット,A3,コート135kg,1/0,,PP加工(片面),5000,1,市外,2023-04-09,データ修正あり,"56,000",税抜,"5,600"
P2304-0409,2023-04-02,一般,田中,冊子,A5,上質70kg,1/1,40,,50,1,引取,2023-04-16,,"15,600",税抜,
P2304-0410,2023-04-03,K015,鈴木,名刺,91x55,ケント220kg,4/0,,,300,1,引取,2023-04-13,色校正1回,9600円,税抜,960
P2304-0411,2023-04-03,C006,田中,チラシ,A4,コート135kg,4/0,,穴あけ,5000,1,市内,2023-04-05,前回同様 特急,32600円,,
P2304-0412,2023-04-03,C004,高橋,リーフレット,A3,マットコート110kg,4/0,,,500,1,市内,2023-04-24,データ修正あり,12870円,,
P2304-0413,2023-04-04,D005,高橋,名刺,91x55,ケント220kg,1/0,,,500,2,県外,2023-04-14,データ入稿済,"14,200",税抜,
P2304-0414,2023-04-04,C037,鈴木,チラシ,B5,コート135kg,4/0,,,500,2,引取,2023-04-07,,"14,300",税抜,"1,430"
P2304-0415,2023-04-05,G002,佐藤,チラシ,B4,コート135kg,4/0,,,2000,1,市内,2023-04-12,データ修正あり,"¥16,720",内税,
P2304-0416,2023-04-06,C012,高橋,リーフレット,A3,マットコート110kg,4/4,,PP片面,2000,1,市外,2023-04-27,,"27,100",税抜,
P2304-0417,2023-04-06,C023,高橋,チラシ,B4,コート135kg,1/0,,,1000,1,市内,,,"8,600",税抜,
P2304-0418,2023-04-07,K003,高橋,冊子,A5,マットコート110kg,4/4,8,,200,1,市内,2023-04-14,,22000円,税抜,
P2304-0419,2023-04-07,C009,鈴木,冊子,A5,マットコート110kg,4/4,24,,1000,1,市内,2023-04-21,色校正1回,"104,500",税込,"9,500"
P2304-0420,2023-04-08,一般,鈴木,冊子,A5,上質70kg,1/1,16,,500,1,市内,2023-04-22,,"36,000",税抜,
P2304-0421,2023-04-08,D008,高橋,チラシ,A3,マットコート110kg,4/4,,,10000,1,市内,2023-04-11,特急,"84,700",税込み,"7,700"
P2304-0422,2023-04-08,C008,鈴木,封筒,角2,ケント100g,2/0,,,1000,1,引取,,納品書同封,"15,000",税抜,"1,500"
P2304-0423,2023-04-08,D007,田中,チラシ,B5,コート135kg,4/0,,PP加工(片面),10000,3,市内,,,164000円,税抜,"16,400"
P2304-0424,2023-04-09,C010,佐藤,リーフレット,A4,マットコート110kg,1/1,,,2000,2,引取,2023-04-30,,"¥29,920",,
P2304-0425,2023-04-09,K008,田中,名刺,91x55,ケント220kg,4/0,,,200,5,市内,,,"19,580",内税,"1,780"
P2304-0426,2023-04-09,K008,佐藤,チラシ,B4,コート90kg,4/4,,,5000,3,引取,2023-04-14,,"87,000",税抜,
P2304-0427,2023-04-09,K013,佐藤,チラシ,A3,上質70kg,4/4,,,500,1,市内,2023-04-16,納品書同封,"8,305",税込み,
P2304-0428,2023-04-10,C007,鈴木,名刺,91x55,マット220kg,1/1,,,200,1,市内,2023-04-13,納品書同封,6600円,内税,
P2304-0429,2023-04-10,一般,高橋,封筒,角2,クラフト85g,2/0,,,2000,1,市内,,納品書同封,"23,980",内税,"2,180"
P2304-0430,2023-04-10,C028,佐藤,チラシ,B4,上質70kg,4/0,,,10000,1,市内,2023-04-20,前回同様,34800円,税抜,
P2304-0431,2023-04-10,C037,鈴木,封筒,角2,クラフト85g,1/0,,,300,1,引取,,データ修正あり,10500円,税抜,
P2304-0432,2023-04-11,一般,佐藤,名刺,91x55,ケント220kg,1/0,,,500,8,市内,2023-04-18,前回同様,"56,800",税抜,
P2304-0433,2023-04-12,C036,田中,リーフレット,A3,コート90kg,4/0,,PP加工(片面),5000,1,引取,2023-04-14,データ入稿済,６０，４００,,
P2304-0434,2023-04-12,K014,鈴木,チラシ,B5,上質70kg,4/0,,,3000,1,市内,2023-04-26,データ入稿済,"9,300",税抜,930
P2304-0435,2023-04-13,D005,鈴木,名刺,91x55,ケント220kg,4/0,,,500,8,市内,2023-04-27,色校正1回,"49,600",,
P2304-0436,2023-04-13,C005,鈴木,名刺,91x55,ケント220kg,1/0,,,500,5,引取,2023-04-15,データ修正あり,"54,340",税込,"4,940"
P2304-0437,2023-04-13,C029,鈴木,冊子,A4,マットコート110kg,4/4,32,,50,1,引取,2023-04-16,,"23,650",税込,"2,150"
P2304-0438,2023-04-14,一般,田中,名刺,91x55,マット220kg,1/1,,,300,2,市内,2023-04-28,前回同様,１１，２００,税抜,
P2304-0439,2023-04-14,C011,佐藤,封筒,長3,ケント100g,1/0,,,3000,1,引取,2023-04-28,データ修正あり,"27,000",,
P2304-0440,2023-04-14,D006,田中,リーフレット,A3,コート135kg,4/4,,穴あけ,2000,1,市内,2023-05-05,データ修正あり,"23,400",税抜,
P2304-0441,2023-04-15,C007,田中,封筒,角2,ケント100g,2/0,,,1000,1,市内,,,17380円,内税,"1,580"
P2304-0442,2023-04-15,D002,田中,チラシ,B5,コート135kg,4/0,,,2000,1,引取,2023-04-18,データ修正あり,"¥13,900",税抜,"1,390"
P2304-0443,2023-04-15,K006,高橋,名刺,91x55,ケント220kg,4/4,,,100,1,県外,2023-04-17,前回同様,"5,800",税抜,580
P2304-0444,2023-04-16,D006,鈴木,リーフレット,A3,マットコート110kg,4/0,,,10000,1,市内,2023-04-18,納品書同封,７０，４００,税抜,
P2304-0445,2023-04-17,一般,高橋,チラシ,A3,コート135kg,4/0,,PP加工(片面),500,1,市外,2023-04-20,特急,"¥11,900",税抜,"1,190"
P2304-0446,2023-04-17,C002,田中,チラシ,B5,コート90kg,4/0,,,10000,1,県外,,,"28,820",税込み,
P2304-0447,2023-04-17,一般,田中,封筒,長3,ケント100g,2/0,,,300,1,市外,2023-04-24,,"8,000",税抜,
P2304-0448,2023-04-17,C001,鈴木,チラシ,B5,コート90kg,1/0,,PP片面,5000,1,市内,2023-05-01,データ入稿済,"28,900",税抜,
P2304-0449,2023-04-18,一般,田中,名刺,91x55,マット220kg,4/4,,,300,2,県外,,,"15,400",税込,
P2304-0450,2023-04-18,C002,田中,チラシ,B4,マットコート110kg,4/4,,,1000,1,市外,,納品書同封,１１，７７０,,
P2304-0451,2023-04-18,C001,佐藤,チラシ,A4,コート90kg,4/0,,PP加工(片面),500,1,引取,2023-04-21,,"8,510",税抜,851
P2304-0452,2023-04-18,C026,佐藤,リーフレット,A3,コート135kg,4/4,,穴あけ,1000,1,市内,2023-05-09,データ修正あり,"21,560",内税,
P2304-0453,2023-04-19,一般,高橋,名刺,91x55,ケント220kg,4/4,,,300,8,引取,2023-04-26,データ修正あり,"39,800",税抜,
P2304-0454,2023-04-19,D007,鈴木,冊子,A4,マットコート110kg,1/1,8,,500,1,県外,2023-04-29,,"29,800",税抜,"2,980"
P2304-0455,2023-04-19,G005,高橋,名刺,91x55,マット220kg,4/4,,,100,3,引取,2023-04-22,前回同様 特急,8700円,税抜,
P2304-0456,2023-04-20,D009,佐藤,封筒,長3,ケント100g,2/0,,,300,1,市外,,データ修正あり,"¥9,570",税抜,
P2304-0457,2023-04-20,C010,高橋,封筒,角2,クラフト85g,1/0,,,300,1,市内,2023-05-11,納品書同封,"¥8,300",税抜,830
P2304-0458,2023-04-21,C004,田中,名刺,91x55,ケント220kg,4/4,,,300,1,引取,2023-05-01,データ入稿済,5060円,,
P2304-0459,2023-04-22,K007,鈴木,チラシ,A3,コート135kg,4/0,,,2000,1,市外,,色校正1回,２０，９００,税抜,"2,090"
P2304-0460,2023-04-25,D005,鈴木,リーフレット,A4,コート135kg,4/0,,,5000,1,県外,2023-05-09,データ修正あり,"26,600",税抜,
P2304-0461,2023-04-25,K009,鈴木,冊子,A4,上質70kg,1/1,32,,50,1,市外,2023-04-28,前回同様 特急,２１，１００,税抜,
P2304-0462,2023-04-25,C036,佐藤,名刺,91x55,ケント220kg,1/0,,,500,1,市内,2023-05-09,納品書同封,８，５８０,税込み,780
P2304-0463,2023-04-25,C019,佐藤,名刺,91x55,ケント220kg,4/0,,,200,8,引取,2023-04-27,,"38,896",税込,
P2304-0464,2023-04-25,C013,佐藤,チラシ,B4,上質70kg,4/0,,PP片面,3000,1,引取,2023-05-16,データ入稿済,"21,340",税抜,
P2304-0465,2023-04-26,D006,鈴木,封筒,長3,ケント100g,2/0,,,300,1,引取,,データ修正あり,"8,000",,
P2304-0466,2023-04-26,D010,鈴木,冊子,B5,上質70kg,1/1,40,,300,1,引取,,前回同様,"28,500",税抜,"2,850"
P2304-0467,2023-04-26,C019,鈴木,チラシ,A3,上質70kg,4/4,,,5000,1,市内,2023-04-29,特急,"40,500",,
P2304-0468,2023-04-27,K008,高橋,名刺,91x55,ケント220kg,4/4,,,200,3,市内,,前回同様,１１，０００,,
P2304-0469,2023-04-27,C022,高橋,チラシ,A3,上質70kg,4/0,,PP片面,5000,1,引取,2023-05-11,色校正1回,"42,600",税抜,
P2304-0470,2023-04-28,C023,田中,チラシ,A4,コート90kg,4/0,,,2000,1,県外,2023-05-05,データ入稿済,"12,100",内税,"1,100"
P2304-0471,2023-04-28,G008,高橋,名刺,91x55,ケント220kg,1/0,,,300,1,引取,,前回同様,"4,100",税抜,
P2304-0472,2023-04-29,D005,佐藤,名刺,91x55,ケント220kg,4/4,,,100,8,市内,2023-05-09,,"16,368",内税,
P2304-0473,2023-04-29,C006,佐藤,チラシ,A3,コート135kg,4/0,,穴あけ,500,2,市内,2023-05-09,納品書同封,"¥18,480",税込,
P2304-0474,2023-04-30,G008,鈴木,封筒,角2,ケント100g,1/0,,,1500,1,市外,2023-05-07,,"20,400",税抜,"2,040"
P2304-0475,2023-04-30,C009,佐藤,チラシ,B4,マットコート110kg,4/0,,PP加工(片面),500,1,引取,2023-05-05,納品書同封,"7,270",税抜,
P2304-0476,2023-04-30,C017,田中,チラシ,A4,コート135kg,4/4,,,3000,2,市内,,色校正1回,"44,440",税込,
P2304-0477,2023-04-30,一般,高橋,名刺,91x55,マット220kg,4/0,,,100,2,市内,,,5800円,税抜,
P2305-0478,2023-05-01,G003,鈴木,名刺,91x55,マット220kg,1/0,,,300,8,引取,2023-05-04,特急,"56,540",内税,
P2305-0479,2023-05-03,G004,高橋,名刺,91x55,ケント220kg,1/0,,,100,8,県外,2023-05-17,前回同様,20680円,内税,"1,880"
P2305-0480,2023-05-04,C006,田中,チラシ,B5,コート135kg,4/0,,PP加工(片面),3000,3,市外,,,６７，５００,税抜,
P2305-0481,2023-05-04,D008,佐藤,リーフレット,A3,マットコート110kg,4/4,,PP加工(片面),10000,1,引取,2023-05-25,,１００，９８０,内税,
P2305-0482,2023-05-04,C008,田中,封筒,角2,ケント100g,1/0,,,1000,1,引取,,データ修正あり,"18,000",税抜,
P2305-0483,2023-05-04,C004,佐藤,名刺,91x55,ケント220kg,4/0,,,500,5,市内,,,39380円,内税,"3,580"
P2305-0484,2023-05-05,一般,高橋,チラシ,A4,コート90kg,1/0,,PP加工(片面),1000,1,県外,,納品書同封,１３，７５０,税込み,"1,250"
P2305-0485,2023-05-06,C002,高橋,名刺,91x55,ケント220kg,1/0,,,500,1,引取,,データ入稿済,"7,700",,
P2305-0486,2023-05-06,C036,鈴木,名刺,91x55,マット220kg,1/0,,,500,1,市内,2023-05-11,色校正1回,"¥15,730",内税,"1,430"
P2305-0487,2023-05-06,一般,高橋,名刺,91x55,マット220kg,4/4,,,100,1,市内,2023-05-13,,"¥3,630",内税,
P2305-0488,2023-05-07,C025,鈴木,チラシ,A3,コート135kg,4/0,,PP加工(片面),5000,1,県外,2023-05-28,納品書同封,"54,450",,
P2305-0489,2023-05-08,C005,田中,チラシ,A3,上質70kg,4/0,,,2000,3,市外,2023-05-15,データ修正あり,４０，５００,税抜,"4,050"
P2305-0490,2023-05-08,一般,高橋,冊子,B5,マットコート110kg,4/4,8,,500,1,市外,2023-05-18,,40370円,内税,
P2305-0491,2023-05-08,C007,田中,封筒,角2,クラフト85g,2/0,,,2000,1,市外,2023-05-18,前回同様,"22,500",税抜,
P2305-0492,2023-05-08,G008,高橋,チラシ,B5,コート90kg,4/0,,穴あけ,1000,1,引取,2023-05-22,,８，９１０,内税,810
P2305-0493,2023-05-09,D008,鈴木,冊子,A5,マットコート110kg,1/1,32,,1000,1,市外,,,７１，６１０,,
P2305-0494,2023-05-09,C003,鈴木,冊子,B5,上質70kg,4/4,32,,300,1,市外,,データ修正あり,"43,900",,
P2305-0495,2023-05-10,C012,佐藤,冊子,A5,マットコート110kg,4/4,48,,200,1,引取,2023-05-15,,36480円,税抜,
P2305-0496,2023-05-10,一般,鈴木,リーフレット,A4,マットコート110kg,4/0,,PP加工(片面),3000,1,市内,2023-05-31,,２８，８２０,税込み,"2,620"
P2305-0497,2023-05-11,C038,佐藤,名刺,91x55,マット220kg,4/0,,,100,2,市外,2023-05-18,データ修正あり,"10,450",,
P2305-0498,2023-05-11,C008,田中,名刺,91x55,マット220kg,4/0,,,200,1,市外,,データ修正あり,"9,350",内税,850
P2305-0499,2023-05-12,C003,高橋,名刺,91x55,ケント220kg,1/1,,,300,5,市内,,,"26,180",税込,
P2305-0500,2023-05-12,C018,田中,チラシ,A3,コート90kg,4/4,,PP加工(片面),2000,3,引取,2023-05-17,納品書同封,"72,600",税込,"6,600"
P2305-0501,2023-05-13,一般,佐藤,リーフレット,A4,コート90kg,4/4,,PP加工(片面),10000,1,引取,2023-06-03,データ入稿済,"¥83,000",税抜,
P2305-0502,2023-05-14,C002,佐藤,冊子,A5,マットコート110kg,1/1,20,,200,1,市外,2023-05-17,前回同様 特急,"¥30,620",税抜,
P2305-0503,2023-05-15,一般,佐藤,冊子,B5,マットコート110kg,4/4,20,,200,1,市内,,,"29,480",税込み,
P2305-0504,2023-05-15,一般,佐藤,チラシ,B4,上質70kg,4/4,,,1000,1,引取,,納品書同封,"9,064",内税,
P2305-0505,2023-05-16,K015,鈴木,名刺,91x55,マット220kg,1/0,,,200,1,市外,2023-05-23,データ入稿済,5500円,税抜,
P2305-0506,2023-05-16,一般,高橋,リーフレット,A4,マットコート110kg,1/0,,,3000,1,市内,2023-05-19,納品書同封 特急,22100円,税抜,
P2305-0507,2023-05-16,C002,佐藤,チラシ,A3,コート90kg,1/0,,,5000,1,市外,,データ修正あり,"33,121",税込,"3,011"
P2305-0508,2023-05-16,G004,鈴木,リーフレット,A3,コート90kg,4/4,,,1000,1,引取,2023-05-30,納品書同封,10600円,税抜,"1,060"
P2305-0509,2023-05-17,D006,鈴木,チラシ,A4,コート135kg,4/4,,PP片面,5000,1,市内,,,"37,000",,
P2305-0510,2023-05-18,C003,高橋,チラシ,A3,マットコート110kg,1/0,,,2000,1,引取,2023-05-28,,14850円,税込,
P2305-0511,2023-05-18,C034,佐藤,封筒,長3,クラフト85g,2/0,,,1500,1,引取,2023-05-21,データ入稿済,"13,650",税抜,"1,365"
P2305-0512,2023-05-19,一般,高橋,名刺,91x55,マット220kg,4/4,,,500,3,市内,2023-05-24,,"28,930",,
P2305-0513,2023-05-19,C001,佐藤,名刺,91x55,マット220kg,1/0,,,100,1,引取,2023-05-29,納品書同封,"3,300",,
P2305-0514,2023-05-19,C002,高橋,チラシ,A4,上質70kg,4/4,,,1000,1,引取,,前回同様,７，９２０,内税,720
P2305-0515,2023-05-19,D002,高橋,名刺,91x55,ケント220kg,4/4,,,100,2,市内,,色校正1回,"9,570",,
P2305-0516,2023-05-19,C012,佐藤,名刺,91x55,マット220kg,1/0,,,500,1,引取,,,8500円,,
P2305-0517,2023-05-20,C003,鈴木,封筒,角2,ケント100g,1/0,,,3000,1,市外,,データ入稿済,"44,550",税込,
P2305-0518,2023-05-20,一般,田中,リーフレット,A3,コート90kg,4/4,,,5000,2,市内,2023-05-27,,"86,680",税込,"7,880"
P2305-0519,2023-05-21,C006,田中,リーフレット,A3,コート135kg,4/4,,,1000,3,引取,2023-05-24,色校正1回 特急,"62,040",税込,
P2305-0520,2023-05-21,C007,田中,チラシ,B4,上質70kg,4/4,,PP加工(片面),10000,3,市内,,納品書同封,"253,660",税込み,
P2305-0521,2023-05-22,一般,鈴木,リーフレット,A4,コート135kg,4/0,,PP片面,500,2,市外,2023-06-01,前回同様,"18,800",,
P2305-0522,2023-05-23,C035,佐藤,チラシ,B5,コート90kg,4/4,,PP片面,500,1,市内,2023-05-25,,"10,934",税込,994
P2305-0523,2023-05-24,D004,田中,冊子,A4,マットコート110kg,1/1,8,,500,1,県外,2023-05-31,納品書同封,３２，７８０,内税,"2,980"
P2305-0524,2023-05-24,一般,高橋,名刺,91x55,ケント220kg,4/0,,,100,2,引取,2023-06-07,,"4,400",税抜,440
P2305-0525,2023-05-24,一般,田中,チラシ,A3,マットコート110kg,4/0,,,500,2,引取,2023-05-27,データ修正あり,"20,100",,
P2305-0526,2023-05-24,C032,田中,リーフレット,A3,マットコート110kg,4/0,,,3000,2,引取,2023-06-03,色校正1回,"54,780",内税,
P2305-0527,2023-05-24,C040,鈴木,名刺,91x55,マット220kg,4/4,,,300,1,市外,,,"7,000",,
P2305-0528,2023-05-26,C032,田中,冊子,A4,マットコート110kg,4/4,16,,1000,1,引取,2023-06-02,,72800円,税抜,"7,280"
P2305-0529,2023-05-26,K002,佐藤,名刺,91x55,ケント220kg,4/0,,,500,8,県外,2023-06-09,,"¥59,000",税抜,"5,900"
P2305-0530,2023-05-26,G008,鈴木,リーフレット,A3,コート90kg,1/1,,穴あけ,3000,2,市内,,前回同様,48180円,税込,
P2305-0531,2023-05-27,C001,佐藤,名刺,91x55,ケント220kg,1/0,,,300,3,市外,,,"15,300",税抜,
P2305-0532,2023-05-28,一般,鈴木,リーフレット,A4,コート90kg,1/0,,,5000,2,市内,,,"43,800",税抜,
P2305-0533,2023-05-28,D002,田中,名刺,91x55,マット220kg,1/1,,,300,1,引取,2023-05-31,,6000円,,
P2305-0534,2023-05-28,K010,田中,封筒,角2,クラフト85g,2/0,,,500,1,市内,2023-06-02,納品書同封,"¥8,300",税抜,
P2305-0535,2023-05-28,K014,田中,冊子,A4,上質70kg,1/1,40,,50,1,市外,2023-06-02,,17820円,税込み,"1,620"
P2305-0536,2023-05-28,一般,佐藤,チラシ,B4,マットコート110kg,4/0,,PP片面,3000,1,市内,,,"25,050",税抜,
P2305-0537,2023-05-28,C037,佐藤,名刺,91x55,マット220kg,4/4,,,500,1,県外,,,"12,650",内税,"1,150"
P2305-0538,2023-05-29,D004,田中,リーフレット,A3,コート135kg,1/1,,穴あけ,3000,1,市内,2023-06-01,納品書同封,３２，１００,,
P2305-0539,2023-05-29,C013,高橋,名刺,91x55,ケント220kg,1/0,,,200,1,市内,2023-06-01,納品書同封,"5,720",内税,
P2305-0540,2023-05-29,K001,佐藤,チラシ,B5,マットコート110kg,4/0,,,1000,1,市内,2023-06-08,データ修正あり,"10,010",税抜,
P2305-0541,2023-05-31,C004,高橋,名刺,91x55,ケント220kg,4/4,,,500,8,市外,2023-06-10,色校正1回,"¥62,500",税抜,
P2306-0542,2023-06-01,C035,田中,チラシ,A3,コート90kg,4/0,,PP片面,1000,1,引取,2023-06-08,データ入稿済,"¥11,000",,
P2306-0543,2023-06-01,K012,田中,冊子,A4,マットコート110kg,4/4,16,,50,1,引取,2023-06-15,,"15,600",内税,
P2306-0544,2023-06-01,C024,佐藤,冊子,A4,マットコート110kg,4/4,12,,100,1,引取,,納品書同封,"17,360",税抜,
P2306-0545,2023-06-02,C008,高橋,チラシ,A3,マットコート110kg,4/0,,PP片面,2000,1,引取,,,"20,000",税抜,"2,000"
P2306-0546,2023-06-02,一般,田中,チラシ,A4,コート90kg,4/0,,PP加工(片面),10000,1,市内,2023-06-09,色校正1回,"71,280",内税,"6,480"
P2306-0547,2023-06-02,一般,高橋,封筒,長3,クラフト85g,2/0,,,500,1,市内,2023-06-07,データ入稿済,６，３００,,
P2306-0548,2023-06-03,一般,田中,封筒,角2,ケント100g,1/0,,,3000,1,引取,2023-06-17,,"39,000",税抜,"3,900"
P2306-0549,2023-06-03,C006,田中,チラシ,B5,マットコート110kg,4/0,,,10000,1,県外,2023-06-10,色校正1回,"¥37,000",税抜,"3,700"
P2306-0550,2023-06-03,C012,佐藤,チラシ,B4,上質70kg,4/4,,,10000,1,市内,,,"¥54,780",,
P2306-0551,2023-06-03,一般,佐藤,冊子,B5,マットコート110kg,1/1,48,,1000,1,引取,2023-06-08,データ入稿済,91200円,税抜,
P2306-0552,2023-06-04,一般,鈴木,封筒,角2,ケント100g,1/0,,,1500,1,市内,2023-06-25,データ入稿済,21800円,税抜,"2,180"
P2306-0553,2023-06-04,一般,鈴木,冊子,A4,上質70kg,4/4,12,,500,1,市内,2023-06-11,納品書同封,"39,600",税抜,
P2306-0554,2023-06-04,G004,佐藤,リーフレット,A3,マットコート110kg,4/4,,,3000,3,市外,,前回同様,"¥81,543",税込み,
P2306-0555,2023-06-05,一般,田中,名刺,91x55,ケント220kg,4/4,,,200,3,市内,2023-06-12,データ修正あり,"10,400",税抜,
P2306-0556,2023-06-05,C018,鈴木,名刺,91x55,マット220kg,1/0,,,200,2,引取,2023-06-19,前回同様,"8,800",税込み,
P2306-0557,2023-06-05,一般,高橋,リーフレット,A4,マットコート110kg,1/0,,,1000,3,引取,2023-06-19,,"26,400",,
P2306-0558,2023-06-05,D006,鈴木,チラシ,B4,コート90kg,4/0,,穴あけ,5000,1,市内,,納品書同封,"24,211",税込み,"2,201"
P2306-0559,2023-06-06,一般,佐藤,チラシ,A3,コート90kg,4/4,,,5000,1,市内,2023-06-16,,"34,800",税抜,
P2306-0560,2023-06-06,K005,高橋,チラシ,A3,マットコート110kg,1/0,,PP加工(片面),3000,1,市外,2023-06-20,前回同様,"32,450",,
P2306-0561,2023-06-07,C009,田中,チラシ,A4,上質70kg,4/4,,,500,1,引取,,前回同様,"6,270",,
P2306-0562,2023-06-07,C013,田中,名刺,91x55,ケント220kg,4/4,,,500,3,引取,,,"23,100",,
P2306-0563,2023-06-09,K008,田中,リーフレット,A3,コート135kg,4/0,,PP加工(片面),5000,1,引取,,,"56,100",税込,"5,100"
P2306-0564,2023-06-09,C019,鈴木,チラシ,A4,コート135kg,4/4,,,1000,2,引取,2023-06-16,納品書同封,"¥19,800",内税,"1,800"
P2306-0565,2023-06-10,C006,鈴木,封筒,角2,ケント100g,2/0,,,500,1,県外,2023-06-20,前回同様,"12,000",税抜,"1,200"
P2306-0566,2023-06-10,C006,佐藤,名刺,91x55,ケント220kg,4/0,,,300,5,市内,2023-06-24,色校正1回,２８，８００,,
P2306-0567,2023-06-11,C007,鈴木,名刺,91x55,ケント220kg,1/1,,,500,8,引取,2023-06-18,,"56,000",,
P2306-0568,2023-06-12,C003,佐藤,チラシ,A3,コート135kg,4/0,,,500,3,引取,2023-07-03,前回同様,"22,275",税込み,
P2306-0569,2023-06-12,K006,高橋,チラシ,A3,マットコート110kg,4/0,,PP加工(片面),3000,1,県外,,前回同様,"31,000",税抜,"3,100"
P2306-0570,2023-06-12,一般,高橋,名刺,91x55,マット220kg,4/4,,,300,3,市外,2023-07-03,,"19,800",内税,
P2306-0571,2023-06-12,C004,高橋,封筒,長3,ケント100g,1/0,,,1500,1,引取,2023-06-17,前回同様,１３，５００,税抜,"1,350"
P2306-0572,2023-06-12,一般,高橋,名刺,91x55,マット220kg,1/1,,,300,5,市内,2023-06-22,,"28,300",税抜,
P2306-0573,2023-06-13,一般,佐藤,名刺,91x55,マット220kg,4/4,,,100,5,市外,,色校正1回,19000円,税抜,
P2306-0574,2023-06-13,G007,佐藤,リーフレット,A3,コート90kg,4/0,,穴あけ,10000,1,市内,2023-06-20,前回同様,55700円,税抜,
P2306-0575,2023-06-14,一般,鈴木,チラシ,B4,マットコート110kg,1/0,,,5000,1,引取,2023-07-05,データ修正あり,２７，０００,税抜,
P2306-0576,2023-06-14,一般,田中,チラシ,A4,マットコート110kg,4/0,,,10000,3,市内,,,"¥102,800",税抜,
P2306-0577,2023-06-15,C039,田中,封筒,長3,ケント100g,1/0,,,500,1,市外,2023-06-20,,"8,000",税抜,
P2306-0578,2023-06-15,C008,鈴木,封筒,角2,クラフト85g,2/0,,,1500,1,県外,2023-06-22,,"¥21,450",税込,
P2306-0579,2023-06-16,D008,高橋,冊子,A4,マットコート110kg,1/1,24,,200,1,市内,2023-06-23,色校正1回,34980円,税込,
P2306-0580,2023-06-17,C011,佐藤,チラシ,B5,上質70kg,4/0,,PP片面,1000,2,引取,2023-06-20,納品書同封 特急,"23,573",内税,
P2306-0581,2023-06-17,一般,佐藤,リーフレット,A4,コート135kg,4/0,,PP加工(片面),2000,1,引取,2023-06-19,,"25,480",税抜,
P2306-0582,2023-06-19,一般,鈴木,名刺,91x55,ケント220kg,1/0,,,200,3,引取,,,10200円,税抜,
P2306-0583,2023-06-19,C018,佐藤,冊子,A5,上質70kg,1/1,20,,200,1,市内,2023-06-21,,"29,920",,
P2306-0584,2023-06-19,C026,高橋,リーフレット,A3,コート135kg,4/4,,,500,2,引取,2023-06-24,,"19,580",税込み,
P2306-0585,2023-06-19,C002,佐藤,冊子,A4,上質70kg,4/4,16,,1000,1,引取,2023-06-24,,"80,080",税込,"7,280"
P2306-0586,2023-06-20,C011,高橋,チラシ,B5,コート135kg,4/0,,PP片面,1000,3,市内,2023-07-11,色校正1回,"38,170",税込み,
P2306-0587,2023-06-20,C007,佐藤,チラシ,B5,コート90kg,4/4,,PP加工(片面),3000,1,市内,2023-07-04,前回同様,"¥23,590",税抜,"2,359"
P2306-0588,2023-06-21,C037,佐藤,封筒,角2,クラフト85g,2/0,,,3000,1,引取,2023-07-01,データ入稿済,"30,000",税抜,
P2306-0589,2023-06-21,C002,鈴木,リーフレット,A4,マットコート110kg,4/4,,PP加工(片面),500,3,市外,2023-06-28,,"28,900",税抜,"2,890"
P2306-0590,2023-06-22,C018,佐藤,リーフレット,A3,コート135kg,1/0,,,1000,3,市外,2023-07-02,納品書同封,"¥38,940",税込み,
P2306-0591,2023-06-22,一般,鈴木,チラシ,A4,上質70kg,4/0,,PP片面,10000,2,市外,2023-06-29,,"106,200",税抜,
P2306-0592,2023-06-23,K017,田中,チラシ,B4,コート135kg,1/0,,,3000,1,市外,2023-07-03,,"¥20,240",税込み,"1,840"
P2306-0593,2023-06-23,C012,鈴木,リーフレット,A4,マットコート110kg,4/0,,,2000,1,市内,2023-07-07,,１３，４００,税抜,
P2306-0594,2023-06-23,一般,鈴木,冊子,B5,マットコート110kg,4/4,32,,500,1,市内,2023-06-28,データ入稿済,58600円,税抜,
P2306-0595,2023-06-23,C008,高橋,リーフレット,A3,マットコート110kg,4/4,,,1000,3,市外,2023-07-14,色校正1回,47740円,税込み,
P2306-0596,2023-06-23,C019,佐藤,チラシ,A3,上質70kg,4/4,,PP加工(片面),500,3,市外,2023-06-25,特急,"35,970",,
P2306-0597,2023-06-24,C022,佐藤,名刺,91x55,マット220kg,4/0,,,300,8,市外,2023-06-26,特急,"¥64,570",税込み,"5,870"
P2306-0598,2023-06-24,C004,佐藤,チラシ,B4,マットコート110kg,4/4,,,2000,1,引取,2023-07-01,,"¥16,005",税込み,"1,455"
P2306-0599,2023-06-24,K003,田中,リーフレット,A3,コート90kg,1/0,,PP片面,5000,1,引取,,,"51,150",内税,
P2306-0600,2023-06-24,C002,高橋,冊子,A5,マットコート110kg,4/4,16,,300,1,市外,,納品書同封,"34,870",税込,"3,170"
P2306-0601,2023-06-25,C002,田中,封筒,長3,クラフト85g,1/0,,,1500,1,市内,2023-07-02,データ入稿済,"11,300",税抜,
P2306-0602,2023-06-25,C008,高橋,チラシ,A3,コート135kg,4/4,,PP加工(片面),2000,1,市外,2023-07-09,,"¥24,700",税抜,"2,470"
P2306-0603,2023-06-25,C032,田中,リーフレット,A4,コート135kg,1/1,,穴あけ,2000,1,市内,2023-06-28,,"25,960",内税,"2,360"
P2306-0604,2023-06-25,C008,田中,名刺,91x55,マット220kg,1/0,,,500,1,市外,2023-06-27,データ修正あり,"16,400",税抜,"1,640"
P2306-0605,2023-06-25,一般,佐藤,名刺,91x55,ケント220kg,1/0,,,500,1,引取,2023-07-09,データ修正あり,"11,000",内税,"1,000"
P2306-0606,2023-06-27,K019,鈴木,チラシ,A3,マットコート110kg,4/4,,PP加工(片面),10000,1,引取,2023-07-18,色校正1回,"¥100,800",税抜,"10,080"
P2306-0607,2023-06-27,一般,佐藤,封筒,長3,ケント100g,2/0,,,2000,1,県外,2023-07-04,データ入稿済,"20,000",税抜,
P2306-0608,2023-06-27,C009,高橋,リーフレット,A4,マットコート110kg,4/4,,,2000,1,市外,2023-07-11,データ修正あり,"20,100",税抜,
P2306-0609,2023-06-28,C030,鈴木,封筒,角2,クラフト85g,2/0,,,3000,1,市内,2023-07-12,,"33,880",税込み,
P2306-0610,2023-06-28,一般,鈴木,冊子,A4,上質70kg,4/4,16,,1000,1,市内,,,"73,600",税抜,"7,360"
P2306-0611,2023-06-28,一般,高橋,チラシ,A4,マットコート110kg,4/4,,穴あけ,5000,1,市外,2023-07-12,,"30,100",,
P2306-0612,2023-06-28,C010,高橋,冊子,A5,マットコート110kg,4/4,16,,100,1,市外,2023-07-08,,１９，５００,税抜,"1,950"
P2306-0613,2023-06-29,C003,高橋,チラシ,B5,マットコート110kg,1/1,,穴あけ,2000,1,市外,2023-07-04,,"14,100",税抜,
P2306-0614,2023-06-29,C035,鈴木,リーフレット,A4,マットコート110kg,4/0,,,5000,1,引取,,,"26,400",税込み,
P2306-0615,2023-06-30,C022,鈴木,チラシ,A4,コート90kg,4/4,,穴あけ,5000,1,市外,,データ入稿済,"27,600",税抜,
P2306-0616,2023-06-30,C011,田中,封筒,長3,クラフト85g,2/0,,,1500,1,市外,2023-07-14,データ修正あり,"16,500",内税,
P2307-0617,2023-07-01,K014,高橋,リーフレット,A3,コート135kg,1/1,,,1000,1,市内,2023-07-06,データ入稿済,"12,600",税抜,
P2307-0618,2023-07-01,C002,鈴木,リーフレット,A4,コート135kg,4/0,,PP片面,10000,1,引取,2023-07-03,,"111,540",内税,"10,140"
P2307-0619,2023-07-02,D005,田中,リーフレット,A3,コート90kg,4/0,,,1000,1,市内,2023-07-23,,"9,900",税込,900
P2307-0620,2023-07-02,K016,鈴木,リーフレット,A4,コート135kg,4/4,,,1000,1,県外,2023-07-09,データ修正あり,"¥18,480",,
P2307-0621,2023-07-02,C012,佐藤,リーフレット,A3,コート90kg,4/4,,,2000,2,市内,2023-07-16,色校正1回,43000円,税抜,
P2307-0622,2023-07-02,C001,佐藤,リーフレット,A4,コート90kg,4/4,,,2000,2,市外,2023-07-05,,"¥39,460",税抜,
P2306-0611-R2,2023-07-03,一般,高橋,チラシ,A4,マットコート110kg,4/4,,穴あけ,10000,1,市外,2023-07-17,,"30,100",,
P2307-0623,2023-07-04,C002,鈴木,名刺,91x55,ケント220kg,4/0,,,500,1,引取,2023-07-09,データ入稿済,"7,000",税抜,
P2306-0607-R2,2023-07-05,一般,佐藤,封筒,長3,ケント100g,2/0,,,4000,1,県外,2023-07-12,データ入稿済,"20,000",税抜,
P2307-0624,2023-07-06,C016,鈴木,チラシ,A3,コート90kg,1/0,,,2000,1,引取,2023-07-27,色校正1回,"18,000",税抜,
P2307-0625,2023-07-07,C009,田中,冊子,A5,マットコート110kg,1/1,8,,500,1,市内,2023-07-10,特急,"¥45,980",内税,
P2307-0626,2023-07-08,一般,佐藤,チラシ,A3,コート135kg,4/4,,,500,1,引取,2023-07-15,データ修正あり,"11,550",税込,"1,050"
P2307-0627,2023-07-09,D009,鈴木,チラシ,B4,マットコート110kg,4/4,,,500,1,引取,2023-07-30,納品書同封,５，７００,税抜,
P2307-0628,2023-07-10,一般,佐藤,冊子,B5,上質70kg,4/4,40,,1000,1,市外,2023-07-15,,"121,500",税抜,
P2307-0629,2023-07-10,C002,高橋,冊子,B5,上質70kg,1/1,12,,50,1,市内,2023-07-13,,19100円,税抜,
P2307-0630,2023-07-11,一般,田中,名刺,91x55,マット220kg,4/0,,,100,5,引取,,納品書同封,"13,750",税込,
P2307-0631,2023-07-12,C034,鈴木,名刺,91x55,ケント220kg,1/1,,,500,8,市内,2023-07-17,前回同様,"¥56,800",税抜,"5,680"
P2307-0632,2023-07-12,C027,佐藤,リーフレット,A3,コート90kg,4/0,,PP片面,2000,1,市内,,色校正1回,"27,400",税抜,
P2307-0633,2023-07-12,C015,佐藤,チラシ,B5,コート90kg,4/0,,,3000,3,引取,2023-07-26,,"¥33,000",,
P2307-0634,2023-07-13,一般,田中,チラシ,A3,上質70kg,4/4,,,1000,1,市内,2023-07-27,データ入稿済,１０，３００,税抜,"1,030"
P2307-0635,2023-07-14,一般,佐藤,リーフレット,A3,コート135kg,4/4,,PP加工(片面),10000,2,県外,,データ修正あり,"232,000",,
P2307-0636,2023-07-14,一般,佐藤,名刺,91x55,ケント220kg,1/0,,,300,8,引取,2023-07-17,特急,"¥47,840",,
P2307-0637,2023-07-15,一般,佐藤,チラシ,A4,コート90kg,1/0,,穴あけ,3000,2,引取,2023-07-20,前回同様,"25,220",,
P2307-0638,2023-07-15,一般,鈴木,名刺,91x55,ケント220kg,1/1,,,200,8,県外,2023-07-29,,"¥33,220",,
P2307-0639,2023-07-16,C001,田中,チラシ,A3,コート135kg,4/0,,穴あけ,5000,1,引取,,,33400円,税抜,"3,340"
P2307-0624-R2,2023-07-18,C016,鈴木,チラシ,A3,コート90kg,1/0,,,4000,1,引取,2023-08-08,色校正1回,"18,000",税抜,
P2307-0640,2023-07-18,C001,田中,封筒,角2,クラフト85g,2/0,,,1000,1,引取,2023-07-25,色校正1回,"17,000",税抜,
P2307-0641,2023-07-18,D002,田中,封筒,角2,クラフト85g,1/0,,,2000,1,市外,,納品書同封,21230円,税込,
P2307-0642,2023-07-19,C008,佐藤,冊子,A4,上質70kg,4/4,48,,1000,1,市内,,前回同様,"148,720",内税,
P2307-0643,2023-07-19,一般,鈴木,チラシ,B4,コート135kg,4/4,,穴あけ,3000,3,引取,,納品書同封,66900円,税抜,
P2307-0644,2023-07-20,C011,佐藤,チラシ,A3,コート135kg,4/4,,PP加工(片面),2000,1,引取,2023-08-03,前回同様,２２，１００,税抜,
P2307-0645,2023-07-21,一般,佐藤,リーフレット,A3,コート90kg,1/0,,PP加工(片面),500,1,県外,2023-07-31,,13365円,税込み,
P2307-0646,2023-07-21,C001,佐藤,封筒,角2,ケント100g,2/0,,,1500,1,市外,2023-07-28,データ修正あり,"25,500",税抜,
P2307-0647,2023-07-22,D004,高橋,封筒,長3,クラフト85g,1/0,,,2000,1,市内,2023-07-29,,１３，８００,税抜,"1,380"
P2307-0648,2023-07-22,C011,佐藤,名刺,91x55,マット220kg,1/1,,,500,3,引取,,納品書同封,"25,500",税抜,
P2307-0649,2023-07-22,K003,鈴木,名刺,91x55,マット220kg,1/0,,,200,8,市内,2023-07-25,前回同様,"46,640",税込み,"4,240"
P2307-0650,2023-07-23,C021,鈴木,チラシ,B4,コート135kg,4/0,,,10000,1,市内,2023-08-06,,"¥48,300",税抜,"4,830"
P2307-0651,2023-07-23,D004,佐藤,名刺,91x55,マット220kg,1/1,,,300,1,引取,2023-07-30,,"5,137",税込,
P2307-0652,2023-07-24,C006,田中,チラシ,A3,マットコート110kg,4/4,,PP加工(片面),2000,3,引取,2023-07-27,特急,"95,700",税込み,"8,700"
P2307-0653,2023-07-24,K006,鈴木,名刺,91x55,ケント220kg,1/1,,,200,1,引取,2023-07-31,,"3,400",税抜,
P2307-0654,2023-07-24,K004,佐藤,名刺,91x55,ケント220kg,4/0,,,100,8,引取,2023-07-31,,"19,360",税込み,
P2307-0655,2023-07-24,C019,鈴木,名刺,91x55,ケント220kg,4/4,,,300,2,引取,2023-07-31,,"9,200",税抜,920
P2307-0656,2023-07-24,C011,佐藤,封筒,長3,ケント100g,2/0,,,1000,1,県外,,データ修正あり,"16,000",税抜,
P2307-0657,2023-07-25,C007,鈴木,リーフレット,A4,コート135kg,4/0,,,3000,3,引取,2023-07-28,,６９，８００,,
P2307-0658,2023-07-25,C012,田中,リーフレット,A3,マットコート110kg,4/0,,PP加工(片面),5000,1,引取,2023-08-08,,"49,000",税抜,"4,900"
P2307-0659,2023-07-25,C008,高橋,冊子,A4,上質70kg,1/1,12,,50,1,県外,,,１８，８１０,税込,"1,710"
P2307-0660,2023-07-25,K011,鈴木,冊子,A5,上質70kg,4/4,12,,1000,1,市外,,,"73,810",税込,"6,710"
P2307-0661,2023-07-26,C006,佐藤,冊子,A4,上質70kg,4/4,24,,200,1,引取,2023-08-09,,"30,184",税込,"2,744"
P2307-0662,2023-07-26,C010,鈴木,冊子,B5,マットコート110kg,1/1,16,,100,1,引取,2023-07-31,,"¥18,260",,
P2307-0663,2023-07-26,D002,鈴木,冊子,B5,上質70kg,4/4,8,,1000,1,県外,2023-07-29,,"67,500",税抜,
P2307-0664,2023-07-27,C012,鈴木,封筒,長3,クラフト85g,1/0,,,500,1,市外,2023-08-03,データ修正あり,"¥11,000",内税,
P2307-0665,2023-07-28,一般,鈴木,名刺,91x55,マット220kg,1/0,,,500,1,市外,2023-08-04,データ修正あり,"13,000",税抜,"1,300"
P2307-0666,2023-07-28,一般,鈴木,リーフレット,A3,マットコート110kg,4/4,,,500,1,引取,2023-07-31,,"11,200",税抜,
P2307-0667,2023-07-28,D005,佐藤,リーフレット,A3,コート90kg,4/4,,PP加工(片面),1000,1,市外,,前回同様,１３，３４０,税抜,
P2307-0668,2023-07-29,C008,佐藤,名刺,91x55,ケント220kg,1/1,,,200,1,市内,2023-08-01,,"¥5,742",税込み,
P2307-0669,2023-07-29,一般,鈴木,チラシ,A4,コート90kg,1/0,,PP加工(片面),500,1,市内,,データ入稿済,７，３００,税抜,730
P2307-0670,2023-07-29,一般,鈴木,名刺,91x55,マット220kg,4/4,,,100,1,引取,,,"3,000",,
P2307-0671,2023-07-29,C010,高橋,チラシ,B5,上質70kg,1/0,,,1000,1,引取,2023-08-12,,"¥5,300",税抜,530
P2307-0672,2023-07-30,C006,佐藤,冊子,B5,上質70kg,1/1,40,,100,1,引取,2023-08-13,,１９，２００,税抜,"1,920"
P2307-0673,2023-07-30,G002,佐藤,名刺,91x55,ケント220kg,1/1,,,200,2,引取,,,"6,732",内税,
P2307-0674,2023-07-31,C004,鈴木,冊子,B5,上質70kg,4/4,20,,1000,1,引取,2023-08-02,前回同様,"106,600",税抜,
P2307-0675,2023-07-31,一般,鈴木,封筒,長3,クラフト85g,1/0,,,500,1,県外,,納品書同封,"¥8,500",税抜,
P2307-0676,2023-07-31,C034,高橋,チラシ,B4,マットコート110kg,1/1,,PP加工(片面),5000,2,市内,,前回同様,"89,430",内税,
P2308-0677,2023-08-01,C010,佐藤,チラシ,A4,コート90kg,4/0,,,5000,1,市内,,,"19,030",税込み,
P2308-0678,2023-08-02,C012,高橋,チラシ,B5,コート135kg,4/4,,,10000,3,県外,2023-08-09,データ修正あり,１５３，０００,税抜,"15,300"
P2308-0679,2023-08-02,C003,佐藤,冊子,A5,マットコート110kg,1/1,24,,50,1,引取,2023-08-05,データ修正あり 特急,"25,421",,
P2308-0680,2023-08-02,C001,高橋,封筒,角2,ケント100g,2/0,,,1500,1,引取,2023-08-16,,"21,000",税抜,"2,100"
P2308-0681,2023-08-04,K011,鈴木,チラシ,B5,マットコート110kg,4/4,,,1000,3,市内,2023-08-18,,"24,800",税抜,
P2308-0682,2023-08-04,K008,田中,冊子,B5,上質70kg,4/4,20,,100,1,引取,,色校正1回,"¥26,400",税込み,
P2308-0683,2023-08-04,C005,鈴木,冊子,A5,上質70kg,4/4,40,,300,1,引取,,,"¥44,400",税抜,
P2308-0684,2023-08-04,K014,田中,チラシ,B4,コート90kg,1/1,,PP加工(片面),10000,1,市外,2023-08-07,データ入稿済,"97,700",税抜,
P2308-0685,2023-08-05,C011,佐藤,チラシ,B5,コート90kg,4/4,,PP片面,3000,1,市内,,,"26,730",内税,
P2308-0686,2023-08-05,一般,田中,チラシ,A4,コート135kg,4/0,,,2000,2,県外,,データ入稿済,"27,500",,
P2308-0687,2023-08-06,一般,鈴木,封筒,長3,クラフト85g,1/0,,,300,1,引取,2023-08-09,特急,"7,100",税抜,
P2308-0688,2023-08-07,C032,鈴木,チラシ,B4,マットコート110kg,1/1,,,5000,1,県外,2023-08-14,納品書同封,32450円,,
P2308-0689,2023-08-08,C006,佐藤,リーフレット,A3,コート135kg,4/4,,PP加工(片面),500,1,市内,2023-08-22,,１２，３２０,,
P2308-0690,2023-08-09,K010,田中,封筒,角2,クラフト85g,2/0,,,1000,1,市外,2023-08-16,,"14,850",税込,
P2308-0691,2023-08-09,一般,佐藤,名刺,91x55,マット220kg,1/1,,,300,5,県外,2023-08-23,納品書同封,33550円,内税,"3,050"
P2308-0692,2023-08-09,一般,田中,チラシ,B5,コート135kg,1/0,,,5000,3,引取,2023-08-16,,"57,000",税抜,
P2308-0693,2023-08-09,K013,田中,名刺,91x55,マット220kg,4/0,,,500,5,市外,,前回同様,"48,400",,
P2308-0694,2023-08-10,C024,佐藤,リーフレット,A3,コート90kg,1/0,,,500,1,引取,2023-08-17,前回同様,"7,650",税抜,765
P2308-0687-R2,2023-08-11,一般,鈴木,封筒,長3,クラフト85g,1/0,,,600,1,引取,2023-08-14,特急,"7,100",税抜,
P2308-0695,2023-08-11,K011,高橋,冊子,A4,マットコート110kg,1/1,40,,50,1,市外,2023-08-18,,"17,100",税抜,
P2308-0696,2023-08-11,C008,佐藤,名刺,91x55,マット220kg,4/4,,,300,3,市外,2023-08-18,,"18,000",,
P2308-0697,2023-08-11,D005,田中,チラシ,B5,マットコート110kg,4/4,,PP加工(片面),500,1,市外,2023-09-01,納品書同封,"¥7,500",税抜,750
P2308-0698,2023-08-12,C001,高橋,封筒,長3,ケント100g,1/0,,,2000,1,引取,,納品書同封,"18,700",内税,
P2308-0699,2023-08-13,C001,田中,チラシ,A3,コート135kg,4/4,,穴あけ,2000,3,市外,2023-08-15,特急,"75,600",税抜,"7,560"
P2308-0700,2023-08-13,K010,田中,冊子,A5,マットコート110kg,4/4,20,,1000,1,引取,,,90200円,,
P2308-0701,2023-08-13,一般,高橋,リーフレット,A3,コート135kg,4/0,,PP片面,500,1,県外,,,"12,600",税抜,
P2308-0702,2023-08-13,K001,佐藤,チラシ,A3,コート90kg,4/0,,,1000,2,市内,2023-08-27,,"¥19,580",税込み,"1,780"
P2308-0703,2023-08-13,G004,高橋,冊子,A4,マットコート110kg,4/4,40,,50,1,引取,,,17160円,税込,
P2308-0704,2023-08-13,K018,高橋,チラシ,B4,コート135kg,4/0,,,1000,1,市内,,前回同様,"9,300",税抜,930
P2308-0705,2023-08-15,C010,田中,チラシ,A4,コート90kg,4/0,,,5000,1,市内,2023-08-17,,"21,600",税抜,
P2308-0706,2023-08-16,C020,高橋,リーフレット,A3,コート135kg,4/0,,,10000,2,市内,,前回同様,"¥150,480",税込,"13,680"
P2308-0707,2023-08-16,G001,鈴木,名刺,91x55,マット220kg,4/0,,,100,1,市内,,色校正1回,"7,500",,
P2308-0708,2023-08-16,D009,佐藤,冊子,A4,マットコート110kg,4/4,12,,50,1,市外,2023-08-19,データ入稿済 特急,"17,720",税抜,
P2308-0709,2023-08-18,C015,田中,名刺,91x55,ケント220kg,4/0,,,300,2,市外,2023-08-21,特急,"13,400",,
P2308-0710,2023-08-18,C005,佐藤,封筒,長3,ケント100g,1/0,,,3000,1,県外,2023-08-21,色校正1回,"44,770",内税,
P2308-0711,2023-08-18,D005,田中,冊子,A4,上質70kg,4/4,48,,1000,1,市外,2023-09-01,データ入稿済,"109,000",税抜,
P2308-0712,2023-08-18,K008,鈴木,名刺,91x55,ケント220kg,1/1,,,500,5,引取,2023-08-21,特急,50050円,税込,"4,550"
P2308-0713,2023-08-19,一般,田中,封筒,角2,ケント100g,2/0,,,2000,1,市内,2023-09-09,,"27,800",,
P2308-0714,2023-08-19,C002,田中,チラシ,B5,コート135kg,4/0,,,10000,3,引取,2023-08-26,データ入稿済,"98,900",税抜,
P2308-0715,2023-08-21,D002,佐藤,チラシ,A4,コート135kg,4/0,,,2000,1,引取,2023-09-04,,"¥9,060",税抜,906
P2308-0716,2023-08-21,C002,田中,リーフレット,A3,コート135kg,4/0,,,3000,1,市内,,,"27,170",税込,
P2308-0717,2023-08-22,C015,田中,リーフレット,A4,マットコート110kg,4/4,,,500,1,市内,2023-08-29,データ修正あり,"12,540",税込,"1,140"
P2308-0718,2023-08-22,C003,佐藤,チラシ,A3,コート90kg,4/4,,PP加工(片面),5000,1,引取,2023-09-01,納品書同封,５２，２８３,,
P2308-0719,2023-08-23,C010,田中,リーフレット,A4,コート135kg,4/0,,,1000,1,引取,2023-09-13,前回同様,"¥9,300",税抜,930
P2308-0720,2023-08-23,C011,佐藤,チラシ,A3,上質70kg,1/0,,PP加工(片面),500,1,引取,2023-08-30,,"7,270",税抜,
P2308-0721,2023-08-23,C008,田中,チラシ,A3,コート135kg,1/1,,,10000,1,引取,2023-09-06,,"61,000",税抜,
P2308-0722,2023-08-24,C029,佐藤,リーフレット,A4,コート135kg,4/0,,,5000,3,市内,2023-09-14,データ修正あり,"91,630",税込,"8,330"
P2308-0723,2023-08-24,一般,佐藤,チラシ,B4,コート135kg,4/0,,穴あけ,5000,2,引取,2023-09-14,色校正1回,"59,170",税抜,"5,917"
P2308-0724,2023-08-25,一般,高橋,冊子,A5,マットコート110kg,4/4,32,,300,1,市外,2023-08-27,納品書同封,５２，８００,税抜,"5,280"
P2308-0725,2023-08-25,一般,田中,名刺,91x55,ケント220kg,4/0,,,500,1,市外,2023-09-15,納品書同封,"10,600",,
P2308-0726,2023-08-26,C024,鈴木,冊子,A4,マットコート110kg,4/4,8,,1000,1,市外,,データ入稿済,５９，９００,税抜,"5,990"
P2308-0727,2023-08-26,K019,佐藤,チラシ,B4,マットコート110kg,4/0,,穴あけ,500,2,引取,2023-09-09,データ入稿済,１５，１８０,税込み,"1,380"
P2308-0728,2023-08-28,G005,田中,リーフレット,A4,マットコート110kg,4/4,,,2000,2,市外,2023-08-30,特急,"41,800",税込,"3,800"
P2308-0729,2023-08-29,C020,高橋,封筒,角2,ケント100g,2/0,,,3000,1,市内,2023-08-31,データ入稿済 特急,５１，５００,税抜,
P2308-0730,2023-08-30,C039,高橋,冊子,A4,マットコート110kg,1/1,20,,1000,1,市外,2023-09-13,納品書同封,72050円,税込,
P2308-0731,2023-08-30,C029,高橋,名刺,91x55,ケント220kg,4/4,,,500,3,引取,2023-09-06,,"21,000",税抜,"2,100"
P2308-0732,2023-08-31,K019,鈴木,チラシ,A4,上質70kg,4/4,,穴あけ,3000,2,市外,2023-09-21,納品書同封,32500円,税抜,
P2308-0733,2023-08-31,C038,高橋,冊子,A5,上質70kg,4/4,32,,1000,1,市外,,,"¥105,100",税抜,"10,510"
P2308-0734,2023-08-31,C012,高橋,チラシ,A4,コート90kg,4/4,,PP加工(片面),3000,1,県外,2023-09-14,データ修正あり,"30,100",税抜,
P2309-0735,2023-09-01,C025,高橋,冊子,B5,上質70kg,4/4,12,,1000,1,引取,,,"65,600",税抜,
P2309-0736,2023-09-01,D001,高橋,チラシ,B5,上質70kg,1/0,,,500,3,県外,2023-09-06,,"15,100",税抜,
P2309-0737,2023-09-02,C039,田中,冊子,A4,マットコート110kg,1/1,12,,300,1,市外,,,２６，３００,税抜,
P2309-0738,2023-09-03,C023,鈴木,チラシ,B5,コート135kg,4/0,,PP加工(片面),2000,1,市内,2023-09-06,前回同様 特急,"21,890",,
P2309-0739,2023-09-05,D005,高橋,名刺,91x55,マット220kg,4/4,,,100,1,引取,,納品書同封,"3,000",税抜,300
P2309-0740,2023-09-06,C024,高橋,名刺,91x55,ケント220kg,4/4,,,200,1,県外,2023-09-13,データ修正あり,"9,400",税抜,
P2309-0741,2023-09-06,C004,田中,チラシ,B5,マットコート110kg,4/4,,,5000,1,市内,,,２７，２８０,内税,"2,480"
P2309-0742,2023-09-06,C004,鈴木,封筒,長3,ケント100g,1/0,,,2000,1,市外,2023-09-13,前回同様,18500円,,
P2309-0743,2023-09-08,C005,鈴木,チラシ,B5,コート90kg,4/4,,,1000,1,市内,2023-09-29,納品書同封,"9,130",,
P2309-0744,2023-09-08,K013,田中,チラシ,B5,マットコート110kg,4/4,,,3000,1,市内,2023-09-18,,"18,480",内税,
P2309-0745,2023-09-08,一般,高橋,冊子,A4,マットコート110kg,1/1,12,,200,1,引取,,データ入稿済,"22,550",税込み,
P2309-0746,2023-09-09,K012,鈴木,リーフレット,A3,コート135kg,4/4,,穴あけ,10000,1,市外,,,８７，５００,税抜,
P2309-0747,2023-09-09,C008,高橋,名刺,91x55,ケント220kg,4/0,,,500,8,市内,2023-09-16,納品書同封,"¥56,800",税抜,"5,680"
P2309-0748,2023-09-11,C012,鈴木,リーフレット,A3,マットコート110kg,4/0,,穴あけ,10000,1,引取,,,"¥72,600",税込,
P2309-0749,2023-09-12,D001,高橋,チラシ,A3,コート135kg,4/0,,,3000,1,市外,2023-09-22,,"18,900",税抜,
P2309-0750,2023-09-14,C014,高橋,名刺,91x55,マット220kg,1/1,,,200,2,市内,2023-09-28,色校正1回,"15,180",税込み,
P2309-0751,2023-09-14,K012,佐藤,チラシ,A3,コート90kg,1/1,,PP加工(片面),3000,1,引取,,前回同様,"30,800",税込,"2,800"
P2309-0752,2023-09-14,C005,佐藤,名刺,91x55,ケント220kg,4/0,,,100,1,市内,2023-10-05,データ修正あり,"6,000",税抜,600
P2309-0753,2023-09-14,C005,鈴木,冊子,A4,マットコート110kg,1/1,40,,100,1,引取,2023-09-17,,"¥24,900",税抜,
P2309-0754,2023-09-15,C014,佐藤,チラシ,A4,コート90kg,4/4,,,1000,1,市内,2023-09-22,データ修正あり,"12,617",内税,
P2309-0755,2023-09-15,K019,佐藤,冊子,B5,マットコート110kg,4/4,16,,100,1,引取,2023-09-17,納品書同封 特急,"23,500",税抜,"2,350"
P2309-0756,2023-09-15,C006,高橋,封筒,角2,クラフト85g,1/0,,,300,1,引取,2023-10-06,データ修正あり,１１，５５０,税込,
P2309-0757,2023-09-15,C008,鈴木,チラシ,A3,上質70kg,4/0,,穴あけ,1000,2,市内,2023-09-29,,"19,200",,
P2309-0758,2023-09-16,一般,田中,封筒,角2,クラフト85g,1/0,,,500,1,市外,,色校正1回,"15,400",内税,"1,400"
P2309-0759,2023-09-16,C004,田中,名刺,91x55,マット220kg,1/1,,,300,3,市内,2023-09-19,納品書同封 特急,"24,420",税込み,"2,220"
P2309-0760,2023-09-16,C016,田中,チラシ,B4,マットコート110kg,4/4,,穴あけ,3000,3,市内,2023-09-19,,"82,100",税抜,"8,210"
P2309-0761,2023-09-17,一般,鈴木,チラシ,A3,コート90kg,4/0,,PP加工(片面),3000,1,市内,,納品書同封,"29,150",,
P2309-0762,2023-09-19,一般,高橋,名刺,91x55,マット220kg,1/0,,,300,1,引取,,,5500円,税抜,
P2309-0763,2023-09-19,C009,鈴木,チラシ,A4,マットコート110kg,1/0,,PP片面,1000,3,市外,,データ入稿済,33660円,内税,"3,060"
P2309-0764,2023-09-19,C006,鈴木,リーフレット,A4,マットコート110kg,4/0,,,1000,1,市内,2023-09-22,データ入稿済,"13,420",,
P2309-0765,2023-09-19,一般,鈴木,チラシ,B4,コート135kg,4/4,,,10000,1,市内,2023-10-03,データ入稿済,"¥69,080",内税,
P2309-0766,2023-09-20,一般,鈴木,冊子,B5,マットコート110kg,4/4,8,,500,1,市内,2023-09-23,,"¥51,150",税込,
P2309-0767,2023-09-21,K008,鈴木,チラシ,B4,上質70kg,4/0,,PP片面,5000,1,市外,2023-09-24,納品書同封,"48,840",税込み,
P2309-0768,2023-09-21,一般,鈴木,チラシ,A3,上質70kg,4/0,,,10000,1,引取,2023-10-05,,"¥42,600",,
P2309-0769,2023-09-21,C007,高橋,名刺,91x55,マット220kg,4/4,,,100,3,市内,2023-10-05,,8300円,,
P2309-0764-R2,2023-09-22,C006,鈴木,リーフレット,A4,マットコート110kg,4/0,,,2000,1,市内,2023-09-25,データ入稿済,"13,420",,
P2309-0770,2023-09-23,C003,高橋,チラシ,A3,マットコート110kg,4/0,,,10000,3,市内,,色校正1回,178970円,税込,
P2309-0771,2023-09-23,C013,佐藤,名刺,91x55,ケント220kg,4/4,,,200,5,市外,2023-09-30,色校正1回,"23,500",税抜,
P2309-0772,2023-09-23,一般,佐藤,名刺,91x55,ケント220kg,4/0,,,200,8,市内,2023-10-07,色校正1回,36300円,税込み,"3,300"
P2309-0773,2023-09-23,C001,佐藤,リーフレット,A4,マットコート110kg,4/0,,PP片面,500,1,引取,,納品書同封,８，４００,税抜,840
P2309-0774,2023-09-23,C036,鈴木,名刺,91x55,ケント220kg,1/1,,,100,3,市内,2023-09-30,,7400円,税抜,
P2309-0775,2023-09-24,C005,高橋,チラシ,A4,コート90kg,1/0,,,2000,2,引取,2023-10-01,前回同様,１７，４００,,
P2309-0776,2023-09-24,G002,高橋,名刺,91x55,ケント220kg,4/0,,,500,1,引取,2023-10-08,,"6,300",税抜,630
P2309-0777,2023-09-25,C008,鈴木,名刺,91x55,ケント220kg,1/1,,,200,1,市内,2023-10-16,,4200円,,
P2309-0778,2023-09-26,C020,田中,封筒,角2,クラフト85g,1/0,,,3000,1,市外,2023-10-10,前回同様,"34,650",,
P2309-0779,2023-09-26,C003,佐藤,チラシ,B4,上質70kg,1/1,,穴あけ,10000,1,市外,2023-10-10,納品書同封,"46,464",税込み,
P2309-0780,2023-09-26,K008,鈴木,冊子,A5,上質70kg,1/1,40,,300,1,引取,2023-09-29,特急,"43,600",税抜,
P2309-0781,2023-09-26,C003,鈴木,チラシ,A4,コート90kg,4/4,,,5000,3,市内,2023-10-03,,70600円,税抜,"7,060"
P2309-0782,2023-09-27,C021,佐藤,チラシ,A4,コート135kg,1/0,,,3000,1,市外,2023-09-30,納品書同封 特急,"19,780",税抜,"1,978"
P2309-0783,2023-09-27,K018,田中,名刺,91x55,マット220kg,1/0,,,500,1,市外,,納品書同封,11000円,税込み,"1,000"
P2309-0784,2023-09-27,C009,鈴木,チラシ,B4,コート90kg,1/0,,,10000,3,県外,2023-10-11,納品書同封,116400円,税抜,
P2309-0785,2023-09-28,C011,鈴木,名刺,91x55,マット220kg,4/4,,,100,1,市外,,,"¥4,400",税込み,400
P2309-0786,2023-09-28,C019,鈴木,冊子,A4,上質70kg,4/4,40,,50,1,県外,,データ入稿済,"20,400",税抜,
P2309-0787,2023-09-29,C008,鈴木,名刺,91x55,ケント220kg,1/0,,,100,3,市外,2023-10-13,,"8,100",税抜,
P2309-0788,2023-09-29,C023,高橋,チラシ,B5,上質70kg,4/0,,PP片面,500,1,市内,2023-10-09,色校正1回,"10,800",税抜,"1,080"
P2309-0789,2023-09-29,K018,田中,名刺,91x55,マット220kg,1/0,,,300,1,引取,2023-10-13,色校正1回,11550円,内税,
P2309-0790,2023-09-29,K016,鈴木,名刺,91x55,ケント220kg,1/1,,,300,8,市内,2023-10-13,データ修正あり,４４，６６０,税込,"4,060"
P2309-0791,2023-09-30,K013,鈴木,リーフレット,A4,マットコート110kg,4/4,,PP加工(片面),10000,1,県外,2023-10-02,,"117,400",税抜,"11,740"
P2309-0792,2023-09-30,C018,鈴木,チラシ,A3,コート90kg,4/4,,,10000,1,引取,2023-10-07,色校正1回,"73,590",,
P2310-0793,2023-10-01,C026,佐藤,チラシ,A4,マットコート110kg,4/0,,,5000,1,市内,2023-10-04,特急,"28,050",,
P2310-0794,2023-10-03,K011,佐藤,封筒,角2,ケント100g,1/0,,,1000,1,市内,2023-10-17,,"¥15,800",税抜,"1,580"
P2310-0795,2023-10-04,C022,田中,封筒,角2,ケント100g,2/0,,,1000,1,市内,2023-10-14,色校正1回,"¥22,880",内税,"2,080"
P2310-0796,2023-10-05,C019,鈴木,冊子,A4,上質70kg,1/1,8,,200,1,県外,2023-10-19,納品書同封,22800円,税抜,
P2310-0797,2023-10-05,C009,田中,チラシ,B5,コート90kg,1/0,,,5000,1,市内,2023-10-26,,16280円,税込,
P2310-0798,2023-10-05,C028,鈴木,冊子,B5,上質70kg,1/1,32,,200,1,市内,2023-10-19,,25300円,税抜,"2,530"
P2310-0799,2023-10-06,D002,高橋,チラシ,A3,マットコート110kg,1/1,,,1000,3,市内,2023-10-13,色校正1回,"29,200",税抜,
P2310-0800,2023-10-06,C025,佐藤,チラシ,A3,コート135kg,4/4,,,3000,2,市外,2023-10-11,,"51,500",税抜,
P2310-0801,2023-10-06,C038,佐藤,チラシ,A4,マットコート110kg,4/0,,,10000,3,市内,,,"113,080",,
P2310-0802,2023-10-07,一般,田中,チラシ,B4,コート90kg,4/0,,穴あけ,5000,1,県外,2023-10-12,,"26,100",税抜,
P2310-0803,2023-10-07,C021,田中,封筒,角2,クラフト85g,2/0,,,2000,1,引取,2023-10-17,,"21,000",税抜,
P2310-0804,2023-10-07,K013,高橋,名刺,91x55,ケント220kg,4/0,,,500,1,市内,2023-10-10,特急,"¥9,900",税抜,990
P2310-0805,2023-10-08,K004,鈴木,チラシ,A4,コート135kg,4/4,,,500,1,引取,,データ入稿済,"7,150",内税,650
P2310-0806,2023-10-08,C005,鈴木,チラシ,B4,マットコート110kg,4/4,,PP片面,3000,1,引取,,納品書同封,"32,450",,
P2310-0807,2023-10-08,C020,佐藤,チラシ,B5,マットコート110kg,1/0,,PP片面,10000,1,引取,2023-10-22,データ修正あり,"62,000",税抜,
P2310-0808,2023-10-08,C009,田中,リーフレット,A4,コート90kg,4/0,,PP片面,10000,3,県外,,,"207,000",税抜,
P2310-0809,2023-10-08,D009,田中,名刺,91x55,マット220kg,4/0,,,300,2,市内,2023-10-11,,"12,900",税抜,
P2309-0779-R2,2023-10-09,C003,佐藤,チラシ,B4,上質70kg,1/1,,穴あけ,20000,1,市外,2023-10-23,納品書同封,"46,464",税込み,
P2310-0810,2023-10-09,一般,佐藤,名刺,91x55,ケント220kg,4/4,,,500,1,市内,,,"¥8,580",,
P2310-0811,2023-10-10,C030,田中,チラシ,A4,マットコート110kg,4/4,,,3000,1,市内,2023-10-24,色校正1回,"25,630",税込,
P2310-0812,2023-10-10,K004,田中,冊子,A5,上質70kg,4/4,16,,50,1,引取,,,"15,000",税抜,"1,500"
P2310-0813,2023-10-11,C020,高橋,名刺,91x55,マット220kg,1/1,,,500,5,引取,,,"46,750",税込,
P2310-0814,2023-10-11,一般,佐藤,冊子,A5,上質70kg,1/1,24,,200,1,県外,,データ入稿済,"¥28,732",内税,
P2310-0815,2023-10-11,C028,高橋,名刺,91x55,マット220kg,4/0,,,300,1,県外,2023-10-21,,"¥8,500",税抜,
P2310-0816,2023-10-12,K016,佐藤,封筒,長3,ケント100g,1/0,,,300,1,市内,2023-10-26,前回同様,７，３００,,
P2310-0817,2023-10-12,一般,鈴木,チラシ,B4,コート90kg,1/0,,,3000,1,県外,2023-10-26,データ入稿済,"19,250",税込み,"1,750"
P2310-0818,2023-10-13,C025,高橋,封筒,長3,クラフト85g,1/0,,,2000,1,市外,2023-11-03,,"¥14,500",税抜,"1,450"
P2310-0819,2023-10-14,K009,高橋,チラシ,B5,マットコート110kg,4/4,,PP加工(片面),2000,1,引取,2023-10-17,,"25,740",内税,
P2310-0820,2023-10-14,一般,鈴木,封筒,長3,クラフト85g,1/0,,,1500,1,市外,2023-10-24,データ入稿済,"12,000",税抜,"1,200"
P2310-0821,2023-10-15,K002,高橋,名刺,91x55,マット220kg,1/1,,,100,3,市外,2023-10-25,前回同様,"¥9,000",税抜,900
P2310-0822,2023-10-15,C004,佐藤,封筒,角2,ケント100g,1/0,,,500,1,引取,2023-10-22,前回同様,"¥9,000",税抜,900
P2310-0823,2023-10-15,K010,高橋,チラシ,A4,コート135kg,4/4,,PP加工(片面),500,1,市外,2023-10-20,納品書同封,9200円,税抜,920
P2310-0824,2023-10-15,K016,佐藤,封筒,長3,クラフト85g,2/0,,,1000,1,市内,2023-10-22,データ入稿済,"8,800",税抜,880
P2310-0825,2023-10-15,K002,田中,封筒,長3,クラフト85g,1/0,,,2000,1,引取,2023-10-29,納品書同封,"13,000",税抜,"1,300"
P2310-0826,2023-10-16,C020,高橋,チラシ,A4,コート135kg,4/4,,,2000,1,市外,2023-10-21,,"15,000",税抜,"1,500"
P2310-0827,2023-10-16,一般,鈴木,封筒,長3,ケント100g,1/0,,,300,1,市内,2023-11-06,,"8,030",税込み,730
P2310-0828,2023-10-16,一般,佐藤,名刺,91x55,マット220kg,1/1,,,300,3,引取,2023-10-23,データ修正あり,"¥19,500",税抜,
P2310-0829,2023-10-17,C026,高橋,封筒,角2,ケント100g,1/0,,,3000,1,引取,2023-10-19,データ入稿済,"50,700",税抜,"5,070"
P2310-0830,2023-10-17,C013,鈴木,チラシ,A4,上質70kg,1/0,,,5000,1,市外,2023-10-24,,15000円,税抜,"1,500"
P2310-0831,2023-10-18,C001,鈴木,封筒,長3,クラフト85g,1/0,,,3000,1,県外,2023-11-08,データ入稿済,21000円,税抜,"2,100"
P2310-0832,2023-10-19,一般,佐藤,リーフレット,A3,コート90kg,4/0,,,500,2,市内,2023-11-02,データ入稿済,16100円,税抜,
P2310-0833,2023-10-20,一般,高橋,チラシ,A3,マットコート110kg,4/4,,,5000,3,市内,2023-10-23,データ入稿済,"¥152,680",税込,"13,880"
P2310-0834,2023-10-20,C012,田中,封筒,長3,クラフト85g,1/0,,,500,1,引取,,,"6,050",税込,550
P2310-0835,2023-10-22,K002,田中,名刺,91x55,マット220kg,1/0,,,100,3,引取,2023-10-29,データ入稿済,"7,500",税抜,750
P2310-0836,2023-10-22,K001,田中,リーフレット,A3,コート135kg,1/1,,,1000,1,県外,2023-11-12,,"16,280",内税,
P2310-0837,2023-10-22,C004,佐藤,名刺,91x55,ケント220kg,4/4,,,300,1,市外,2023-10-29,前回同様,"6,100",,
P2310-0838,2023-10-24,C010,鈴木,チラシ,B4,上質70kg,4/0,,,1000,3,引取,2023-10-31,納品書同封,"20,300",税抜,
P2310-0839,2023-10-24,C002,田中,チラシ,A4,マットコート110kg,4/0,,PP片面,1000,3,市内,2023-10-27,データ入稿済,"38,600",税抜,
P2310-0840,2023-10-25,C040,田中,チラシ,A4,コート90kg,4/4,,PP片面,10000,3,市内,2023-11-08,,216100円,税抜,
P2310-0841,2023-10-26,C023,田中,チラシ,A4,コート90kg,1/1,,PP片面,10000,1,市外,2023-11-09,,"64,460",内税,
P2310-0842,2023-10-26,一般,田中,チラシ,B5,上質70kg,1/0,,PP加工(片面),2000,1,県外,,納品書同封,１７，１６０,,
P2310-0843,2023-10-26,C008,田中,冊子,B5,上質70kg,4/4,8,,1000,1,県外,,色校正1回,"73,040",税込,
P2310-0844,2023-10-27,K012,佐藤,チラシ,A3,コート135kg,4/4,,穴あけ,2000,1,引取,2023-11-06,色校正1回,"25,220",税抜,
P2310-0845,2023-10-27,一般,鈴木,チラシ,B4,上質70kg,4/0,,,500,2,市外,2023-11-10,,"¥12,100",税抜,"1,210"
P2310-0846,2023-10-27,C004,佐藤,チラシ,A3,マットコート110kg,4/0,,,500,3,県外,2023-10-30,納品書同封,２７，５８０,税抜,
P2310-0847,2023-10-27,K004,佐藤,チラシ,A3,コート90kg,4/4,,,3000,1,市内,,色校正1回,"29,689",内税,
P2310-0848,2023-10-27,C035,田中,冊子,B5,マットコート110kg,4/4,40,,300,1,市内,2023-11-06,色校正1回,"50,200",税抜,
P2310-0849,2023-10-27,C003,高橋,名刺,91x55,マット220kg,4/4,,,100,5,引取,2023-11-03,色校正1回,"¥17,500",税抜,
P2310-0850,2023-10-28,K013,佐藤,冊子,B5,上質70kg,4/4,40,,200,1,市内,2023-11-18,,"34,400",税抜,
P2310-0851,2023-10-28,K007,鈴木,名刺,91x55,ケント220kg,4/0,,,300,8,引取,2023-11-18,,"36,800",税抜,"3,680"
P2310-0852,2023-10-28,G002,佐藤,封筒,角2,クラフト85g,2/0,,,3000,1,県外,2023-10-30,納品書同封 特急,"38,100",,
P2310-0853,2023-10-29,一般,鈴木,名刺,91x55,マット220kg,1/1,,,200,5,市外,2023-11-03,前回同様,"23,650",税込,"2,150"
P2310-0854,2023-10-29,K011,田中,名刺,91x55,ケント220kg,4/4,,,100,1,市内,2023-11-08,,"3,300",内税,
P2310-0855,2023-10-29,C031,高橋,チラシ,B5,コート135kg,1/0,,,500,3,市内,2023-11-12,,"16,800",税抜,
P2310-0856,2023-10-29,K019,鈴木,チラシ,A4,コート90kg,1/1,,,2000,1,引取,,,"9,700",税抜,970
P2310-0857,2023-10-31,C008,鈴木,リーフレット,A4,コート90kg,1/0,,PP片面,2000,1,引取,2023-11-03,特急,"22,800",税抜,"2,280"
P2310-0858,2023-10-31,C011,佐藤,名刺,91x55,ケント220kg,4/4,,,500,2,県外,2023-11-07,,18700円,税込み,
P2311-0859,2023-11-01,一般,鈴木,封筒,角2,クラフト85g,2/0,,,2000,1,市内,2023-11-08,,21800円,税抜,"2,180"
P2311-0860,2023-11-01,K003,鈴木,冊子,B5,上質70kg,1/1,16,,100,1,市外,2023-11-04,特急,"25,410",税込,
P2311-0861,2023-11-02,C002,田中,名刺,91x55,ケント220kg,4/4,,,300,8,市外,,色校正1回,"47,630",,
P2311-0862,2023-11-02,C009,田中,チラシ,B4,コート135kg,4/4,,穴あけ,3000,1,県外,,色校正1回,"¥28,500",税抜,"2,850"
P2311-0863,2023-11-02,一般,高橋,チラシ,B5,コート135kg,4/0,,PP片面,500,2,市内,2023-11-23,,14800円,税抜,"1,480"
P2311-0864,2023-11-02,C019,佐藤,チラシ,B4,コート135kg,4/4,,,1000,1,引取,2023-11-16,納品書同封,"10,000",税抜,"1,000"
P2311-0865,2023-11-02,C020,鈴木,冊子,A4,上質70kg,4/4,12,,1000,1,県外,,,68600円,税抜,
P2311-0866,2023-11-02,D009,鈴木,チラシ,A3,コート135kg,4/4,,,5000,3,引取,2023-11-05,納品書同封,142120円,税込,"12,920"
P2311-0867,2023-11-02,G004,田中,封筒,角2,クラフト85g,1/0,,,2000,1,市外,2023-11-04,データ入稿済 特急,"26,000",税抜,
P2311-0868,2023-11-03,G007,田中,チラシ,B4,上質70kg,4/0,,,2000,2,市外,,前回同様,19500円,税抜,"1,950"
P2311-0869,2023-11-03,G005,鈴木,冊子,A5,マットコート110kg,1/1,20,,100,1,市外,2023-11-05,色校正1回 特急,"30,140",税込,"2,740"
P2311-0870,2023-11-03,一般,佐藤,名刺,91x55,マット220kg,4/0,,,500,8,引取,,,"¥74,800",内税,"6,800"
P2311-0871,2023-11-03,一般,田中,リーフレット,A4,マットコート110kg,4/0,,,1000,1,市内,2023-11-10,データ入稿済,９，６００,税抜,960
P2310-0857-R2,2023-11-04,C008,鈴木,リーフレット,A4,コート90kg,1/0,,PP片面,2000,1,引取,2023-11-07,特急,"22,800",税抜,
P2311-0872,2023-11-05,一般,佐藤,チラシ,A3,コート135kg,1/0,,穴あけ,1000,1,県外,,色校正1回,20500円,税抜,"2,050"
P2311-0873,2023-11-07,C001,鈴木,封筒,角2,クラフト85g,1/0,,,300,1,引取,,,"8,250",,
P2311-0874,2023-11-08,D008,鈴木,名刺,91x55,ケント220kg,1/0,,,300,3,県外,,,16170円,税込み,
P2311-0875,2023-11-09,一般,田中,冊子,A5,上質70kg,4/4,20,,500,1,県外,2023-11-14,,５０，０００,税抜,
P2311-0876,2023-11-10,C007,田中,チラシ,A4,コート90kg,4/4,,,5000,1,市内,2023-11-24,納品書同封,"24,800",税抜,"2,480"
P2311-0877,2023-11-10,K009,佐藤,冊子,A5,上質70kg,1/1,32,,100,1,県外,,,"¥21,280",税抜,"2,128"
P2311-0878,2023-11-11,C006,佐藤,名刺,91x55,ケント220kg,1/1,,,100,3,引取,2023-11-14,,"¥9,438",,
P2311-0861-R2,2023-11-12,C002,田中,名刺,91x55,ケント220kg,4/4,,,300,8,市外,,色校正1回,"43,300",税抜,
P2311-0879,2023-11-12,C007,佐藤,冊子,A5,上質70kg,4/4,8,,1000,1,引取,2023-11-17,納品書同封,"58,400",,
P2311-0866-R2,2023-11-13,D009,鈴木,チラシ,A3,コート135kg,4/4,,,10000,3,引取,2023-11-16,納品書同封,142120円,税込,"12,920"
P2311-0880,2023-11-13,一般,田中,チラシ,B4,上質70kg,4/4,,PP片面,3000,1,市内,2023-11-15,色校正1回,"41,700",税抜,
P2311-0881,2023-11-13,G006,田中,チラシ,A3,マットコート110kg,4/4,,,500,2,市内,,,"13,800",,
P2311-0882,2023-11-13,C023,田中,冊子,A4,上質70kg,4/4,12,,1000,1,市外,2023-12-04,,"67,980",,
P2311-0883,2023-11-14,一般,鈴木,チラシ,A4,コート135kg,4/4,,PP加工(片面),3000,1,市内,,,"28,800",税抜,"2,880"
P2311-0884,2023-11-15,C039,鈴木,リーフレット,A3,コート90kg,4/4,,PP片面,500,1,引取,2023-11-22,データ修正あり,"12,900",税抜,"1,290"
P2311-0885,2023-11-15,C003,佐藤,名刺,91x55,マット220kg,4/4,,,300,1,市外,2023-11-18,納品書同封,"¥9,515",,
P2311-0886,2023-11-16,一般,田中,名刺,91x55,マット220kg,4/0,,,200,3,市内,2023-11-19,前回同様 特急,"¥16,400",,
P2311-0887,2023-11-20,D003,佐藤,リーフレット,A4,コート90kg,4/4,,PP加工(片面),5000,2,市外,2023-12-11,前回同様,76300円,税抜,"7,630"
P2311-0888,2023-11-20,C040,鈴木,チラシ,B5,上質70kg,4/0,,PP加工(片面),10000,3,引取,,色校正1回,"147,400",,
P2311-0889,2023-11-21,G003,佐藤,冊子,A5,マットコート110kg,1/1,32,,100,1,引取,2023-12-01,,"16,450",税抜,
P2311-0890,2023-11-21,D005,高橋,名刺,91x55,ケント220kg,1/0,,,200,5,市外,2023-11-26,データ修正あり,"¥19,250",税込み,"1,750"
P2311-0891,2023-11-21,K008,高橋,封筒,長3,クラフト85g,1/0,,,3000,1,引取,2023-11-28,データ入稿済,"18,000",税抜,
P2311-0892,2023-11-21,C017,鈴木,名刺,91x55,ケント220kg,4/0,,,200,8,県外,2023-11-24,納品書同封 特急,"¥40,150",,
P2311-0893,2023-11-22,C011,田中,名刺,91x55,ケント220kg,4/0,,,300,1,市外,2023-11-25,特急,8140円,内税,740
P2311-0894,2023-11-23,C002,佐藤,チラシ,A4,マットコート110kg,4/4,,PP加工(片面),10000,1,引取,,色校正1回,"¥81,480",税抜,
P2311-0895,2023-11-23,K004,田中,チラシ,B4,コート90kg,4/4,,PP加工(片面),2000,1,市内,2023-12-03,色校正1回,"27,500",,
P2311-0896,2023-11-23,一般,田中,リーフレット,A3,マットコート110kg,4/0,,,3000,1,引取,,データ修正あり,"¥25,400",,
P2311-0897,2023-11-24,C029,鈴木,名刺,91x55,ケント220kg,4/0,,,300,1,県外,,色校正1回,"13,860",,
P2311-0898,2023-11-25,K001,佐藤,リーフレット,A4,コート135kg,4/0,,,1000,1,市外,2023-12-05,,"¥10,800",税抜,
P2311-0899,2023-11-25,D006,佐藤,冊子,A4,マットコート110kg,4/4,16,,100,1,市外,2023-12-02,前回同様,"¥16,860",税抜,"1,686"
P2311-0900,2023-11-27,C024,鈴木,名刺,91x55,ケント220kg,1/0,,,500,5,市内,2023-12-02,,"39,380",税込み,
P2311-0901,2023-11-28,C011,佐藤,リーフレット,A4,マットコート110kg,4/0,,,5000,2,市内,2023-12-01,データ修正あり,67100円,税抜,"6,710"
P2311-0902,2023-11-28,C006,佐藤,封筒,角2,ケント100g,1/0,,,500,1,県外,2023-12-03,納品書同封,"12,000",税抜,"1,200"
P2311-0903,2023-11-29,一般,高橋,封筒,長3,ケント100g,2/0,,,300,1,県外,,納品書同封,"9,500",税抜,950
P2311-0904,2023-11-29,C023,佐藤,チラシ,B5,上質70kg,4/0,,PP片面,2000,1,市内,2023-12-13,色校正1回,"18,546",税込,
P2311-0905,2023-11-29,G001,鈴木,名刺,91x55,ケント220kg,1/1,,,200,5,引取,2023-12-13,,"15,300",,
P2311-0906,2023-11-30,一般,田中,封筒,角2,ケント100g,2/0,,,3000,1,市外,,納品書同封,"44,550",,
P2311-0907,2023-11-30,D009,田中,チラシ,A4,コート90kg,1/0,,,1000,3,県外,2023-12-07,前回同様,"19,000",税抜,"1,900"
P2311-0908,2023-11-30,K013,鈴木,リーフレット,A4,コート90kg,1/0,,PP加工(片面),10000,1,市内,,,68800円,税抜,
P2311-0909,2023-11-30,C001,佐藤,リーフレット,A4,マットコート110kg,4/4,,,3000,2,市内,2023-12-03,前回同様 特急,"55,140",税抜,
P2311-0910,2023-11-30,K010,佐藤,冊子,A5,上質70kg,1/1,12,,500,1,市内,,データ修正あり,"40,920",税込,"3,720"
P2312-0911,2023-12-01,一般,鈴木,チラシ,B4,マットコート110kg,4/0,,PP片面,5000,1,市外,2023-12-04,,"52,200",,
P2312-0912,2023-12-01,C028,佐藤,名刺,91x55,マット220kg,4/0,,,300,3,市内,2023-12-04,前回同様 特急,22250円,税抜,
P2312-0913,2023-12-01,C033,佐藤,チラシ,B4,マットコート110kg,4/0,,,1000,1,引取,2023-12-04,データ入稿済,"11,440",税込み,
P2312-0914,2023-12-02,一般,鈴木,冊子,B5,マットコート110kg,4/4,8,,1000,1,市外,2023-12-12,納品書同封,"¥65,890",税込,
P2312-0915,2023-12-03,C027,鈴木,リーフレット,A3,コート90kg,4/0,,穴あけ,1000,1,引取,2023-12-06,データ入稿済,17200円,税抜,"1,720"
P2312-0916,2023-12-04,C009,鈴木,冊子,B5,上質70kg,4/4,8,,50,1,市内,2023-12-07,データ入稿済 特急,21340円,税込,
P2312-0917,2023-12-04,一般,鈴木,チラシ,B5,マットコート110kg,4/0,,,3000,1,県外,2023-12-14,前回同様,"14,500",,
P2312-0918,2023-12-04,C003,佐藤,封筒,角2,クラフト85g,2/0,,,500,1,県外,,,"11,550",内税,"1,050"
P2312-0919,2023-12-05,C011,田中,チラシ,A3,コート135kg,1/1,,,2000,1,市内,2023-12-08,,２３，７６０,税込,
P2312-0920,2023-12-05,K014,高橋,チラシ,A4,コート90kg,4/4,,穴あけ,500,1,市内,,色校正1回,"16,280",税込,
P2312-0921,2023-12-05,C006,田中,リーフレット,A3,マットコート110kg,4/0,,,10000,1,市外,2023-12-19,,"70,950",内税,
P2312-0922,2023-12-05,一般,佐藤,名刺,91x55,マット220kg,1/0,,,500,3,引取,2023-12-15,前回同様,"¥25,500",,
P2312-0923,2023-12-06,一般,高橋,チラシ,B4,コート135kg,1/0,,PP片面,2000,1,引取,2023-12-27,前回同様,２０，９００,税込,"1,900"
P2312-0924,2023-12-06,一般,田中,封筒,角2,ケント100g,2/0,,,300,1,市内,2023-12-13,データ修正あり,"12,800",税抜,
P2312-0925,2023-12-08,一般,鈴木,チラシ,B4,上質70kg,4/0,,,2000,1,市内,,前回同様,"11,880",税込み,"1,080"
P2312-0926,2023-12-08,C008,田中,名刺,91x55,ケント220kg,4/4,,,200,2,県外,,データ入稿済,"¥9,800",税抜,
P2312-0927,2023-12-09,C007,鈴木,封筒,長3,ケント100g,2/0,,,500,1,市内,2023-12-12,,10120円,税込,920
P2312-0928,2023-12-10,C002,鈴木,チラシ,B4,上質70kg,4/4,,PP片面,3000,1,引取,2023-12-31,,"26,500",,
P2312-0929,2023-12-11,C009,田中,名刺,91x55,ケント220kg,4/4,,,300,1,市内,2023-12-21,,５，９４０,内税,540
P2312-0930,2023-12-11,C009,鈴木,名刺,91x55,ケント220kg,1/0,,,100,5,引取,2023-12-18,データ入稿済,"11,000",税抜,"1,100"
P2312-0931,2023-12-11,一般,田中,リーフレット,A3,マットコート110kg,4/0,,PP加工(片面),10000,1,引取,,,102300円,税込,"9,300"
P2312-0932,2023-12-11,C025,高橋,冊子,B5,マットコート110kg,1/1,16,,100,1,県外,2024-01-01,色校正1回,"24,600",税抜,
P2312-0933,2023-12-12,K008,田中,名刺,91x55,マット220kg,4/0,,,500,3,引取,2023-12-15,納品書同封,"33,100",税抜,"3,310"
P2312-0934,2023-12-12,C018,高橋,チラシ,A3,コート90kg,4/4,,PP片面,5000,2,市外,2023-12-15,データ入稿済 特急,141790円,税込,
P2312-0935,2023-12-12,C012,佐藤,チラシ,A3,コート90kg,4/4,,PP加工(片面),5000,3,県外,2023-12-19,納品書同封,"165,000",,
P2312-0936,2023-12-12,一般,高橋,冊子,B5,上質70kg,4/4,16,,50,1,市内,2023-12-15,,２０，３００,税抜,
P2312-0937,2023-12-13,C005,鈴木,チラシ,A3,コート135kg,4/4,,PP片面,10000,3,市外,2023-12-20,,"344,850",,
P2312-0938,2023-12-14,一般,佐藤,チラシ,B5,コート135kg,1/0,,穴あけ,10000,2,市内,2023-12-21,,"71,800",税抜,
P2312-0939,2023-12-14,K015,佐藤,名刺,91x55,ケント220kg,1/1,,,300,1,市内,,データ修正あり,8400円,税抜,
P2312-0940,2023-12-14,C010,高橋,リーフレット,A3,マットコート110kg,4/4,,PP加工(片面),3000,2,市外,2023-12-24,,73300円,税抜,
P2312-0941,2023-12-14,C008,佐藤,チラシ,B5,マットコート110kg,4/4,,,5000,1,引取,2024-01-04,データ修正あり,"¥29,700",税込み,
P2312-0942,2023-12-15,D007,鈴木,封筒,角2,クラフト85g,1/0,,,500,1,市内,,,"7,810",税込み,
P2312-0943,2023-12-15,C031,田中,冊子,A5,マットコート110kg,4/4,40,,200,1,市内,,色校正1回,"43,340",税込,
P2312-0944,2023-12-15,C004,佐藤,封筒,長3,クラフト85g,2/0,,,3000,1,市外,2023-12-17,データ入稿済 特急,"27,390",,
P2312-0945,2023-12-16,C010,高橋,封筒,角2,クラフト85g,1/0,,,300,1,市内,2023-12-18,,１０，５００,税抜,"1,050"
P2312-0946,2023-12-16,C005,佐藤,封筒,長3,ケント100g,1/0,,,300,1,県外,2023-12-19,データ修正あり 特急,"16,885",内税,"1,535"
P2312-0947,2023-12-16,一般,田中,名刺,91x55,ケント220kg,4/0,,,500,1,市内,2023-12-30,,7800円,税抜,780
P2312-0948,2023-12-16,D010,佐藤,チラシ,A4,マットコート110kg,4/4,,,2000,1,引取,,データ入稿済,"11,781",,
P2312-0949,2023-12-17,D008,佐藤,リーフレット,A3,マットコート110kg,1/0,,穴あけ,10000,2,引取,2023-12-22,前回同様,"120,615",,
P2312-0950,2023-12-17,D005,田中,チラシ,B5,マットコート110kg,4/4,,PP加工(片面),10000,1,県外,2023-12-20,色校正1回 特急,"¥90,860",,
P2312-0951,2023-12-17,一般,高橋,リーフレット,A3,マットコート110kg,4/4,,,500,1,市内,2023-12-20,,"¥13,200",税込,
P2312-0952,2023-12-17,C008,田中,名刺,91x55,ケント220kg,1/1,,,300,1,引取,2023-12-24,納品書同封,"4,600",税抜,460
P2312-0953,2023-12-18,C007,佐藤,封筒,長3,ケント100g,2/0,,,1000,1,市外,2023-12-20,色校正1回 特急,"21,000",,
P2312-0954,2023-12-18,C022,高橋,チラシ,A4,上質70kg,4/4,,PP加工(片面),1000,3,市外,2023-12-20,,"41,200",,
P2312-0955,2023-12-19,C006,高橋,封筒,角2,ケント100g,1/0,,,300,1,引取,2023-12-24,,"9,000",税抜,
P2312-0956,2023-12-19,一般,田中,冊子,B5,マットコート110kg,4/4,24,,200,1,市内,2023-12-24,色校正1回,36520円,,
P2312-0957,2023-12-19,K018,高橋,チラシ,B5,上質70kg,4/0,,,1000,1,市外,2023-12-24,納品書同封,"7,480",税込み,
P2312-0958,2023-12-21,D002,鈴木,リーフレット,A3,マットコート110kg,1/1,,PP片面,500,1,引取,,,"9,020",内税,820
P2312-0930-R2,2023-12-22,C009,鈴木,名刺,91x55,ケント220kg,1/0,,,200,5,引取,2023-12-29,データ入稿済,"11,000",税抜,"1,100"
P2312-0959,2023-12-22,C032,佐藤,チラシ,B5,コート135kg,4/4,,,5000,1,引取,,納品書同封,"¥25,700",税抜,
P2312-0960,2023-12-22,D002,田中,チラシ,A4,コート90kg,4/0,,,5000,1,引取,,,13600円,税抜,
P2312-0961,2023-12-22,C002,田中,リーフレット,A3,コート90kg,4/0,,PP片面,500,1,引取,2023-12-25,色校正1回 特急,"18,300",税抜,
P2312-0962,2023-12-22,C012,田中,冊子,A5,上質70kg,1/1,32,,50,1,引取,,,15100円,税抜,
P2312-0963,2023-12-23,G003,鈴木,チラシ,B4,上質70kg,1/1,,,500,1,引取,,,5500円,,
P2312-0964,2023-12-23,C002,田中,冊子,B5,上質70kg,4/4,8,,500,1,市内,2023-12-25,色校正1回,58300円,,
P2312-0965,2023-12-23,C001,高橋,名刺,91x55,ケント220kg,1/0,,,100,3,市内,,データ修正あり,10400円,税抜,"1,040"
P2312-0966,2023-12-23,C009,高橋,リーフレット,A4,コート135kg,4/4,,,500,2,引取,2023-12-28,データ修正あり,"20,680",内税,"1,880"
P2312-0967,2023-12-24,C007,高橋,封筒,長3,クラフト85g,1/0,,,2000,1,引取,2024-01-03,,"14,300",,
P2312-0968,2023-12-24,K008,田中,名刺,91x55,マット220kg,4/0,,,300,1,市内,,データ修正あり,１０，２３０,税込,
P2312-0969,2023-12-24,C024,佐藤,封筒,角2,クラフト85g,2/0,,,500,1,引取,,,"8,250",税込み,
P2312-0970,2023-12-25,G006,高橋,名刺,91x55,マット220kg,1/0,,,200,3,市内,2024-01-01,納品書同封,"11,600",,
P2312-0971,2023-12-25,一般,鈴木,名刺,91x55,マット220kg,4/0,,,100,5,引取,2023-12-28,データ入稿済 特急,"16,200",税抜,
P2312-0972,2023-12-25,C011,佐藤,チラシ,A4,マットコート110kg,4/4,,穴あけ,3000,1,市内,2024-01-01,前回同様,"22,748",,
P2312-0973,2023-12-25,C026,高橋,チラシ,B4,上質70kg,1/0,,PP片面,10000,1,市内,2024-01-01,色校正1回,"¥67,700",,
P2312-0974,2023-12-26,C006,鈴木,チラシ,B4,マットコート110kg,4/0,,,5000,1,県外,2024-01-02,データ入稿済,"28,820",内税,
P2312-0975,2023-12-27,一般,田中,チラシ,A4,上質70kg,1/1,,,3000,3,県外,2024-01-06,色校正1回,"41,300",,
P2312-0976,2023-12-27,K009,高橋,チラシ,B4,上質70kg,4/0,,PP片面,2000,1,引取,2024-01-10,データ修正あり,"¥18,400",税抜,
P2312-0977,2023-12-28,K016,田中,封筒,角2,クラフト85g,1/0,,,300,1,県外,,,10500円,税抜,
P2312-0978,2023-12-28,C005,佐藤,名刺,91x55,ケント220kg,1/0,,,300,3,市内,2024-01-04,色校正1回,"19,600",税抜,
P2312-0979,2023-12-28,C038,佐藤,チラシ,B5,コート90kg,1/0,,PP片面,5000,1,市内,2024-01-04,データ入稿済,"31,823",税込,
P2312-0980,2023-12-29,K013,鈴木,名刺,91x55,マット220kg,1/0,,,100,5,引取,,色校正1回,"¥17,500",税抜,
P2312-0981,2023-12-30,一般,田中,名刺,91x55,ケント220kg,1/1,,,100,5,市内,2024-01-13,,"11,800",税抜,"1,180"
P2312-0982,2023-12-31,D002,鈴木,チラシ,A3,コート135kg,4/0,,PP加工(片面),2000,1,引取,2024-01-03,色校正1回,"27,800",税抜,"2,780"
P2312-0983,2023-12-31,K015,田中,チラシ,A3,上質70kg,4/0,,PP加工(片面),3000,1,引取,,,"24,200",,
P2401-0984,2024-01-01,C009,鈴木,名刺,91x55,ケント220kg,4/4,,,100,1,市外,2024-01-15,納品書同封,４，０７０,税込,370
P2401-0985,2024-01-01,C005,佐藤,名刺,91x55,ケント220kg,4/0,,,200,1,市外,2024-01-08,前回同様,4900円,税抜,490
P2401-0986,2024-01-01,K001,高橋,封筒,長3,ケント100g,2/0,,,3000,1,市外,,データ入稿済,"¥28,050",,
P2401-0987,2024-01-01,C012,田中,封筒,長3,クラフト85g,2/0,,,2000,1,市内,,,１５，１８０,,
P2401-0988,2024-01-02,C031,佐藤,チラシ,B4,コート135kg,1/1,,穴あけ,2000,1,県外,,データ修正あり,"23,000",税抜,
P2401-0989,2024-01-02,D009,鈴木,チラシ,A3,コート90kg,4/0,,,10000,1,市外,,,"43,100",税抜,
P2401-0990,2024-01-03,D009,鈴木,リーフレット,A4,コート90kg,4/4,,穴あけ,1000,3,市内,2024-01-13,データ入稿済,"28,300",税抜,"2,830"
P2401-0991,2024-01-04,C013,高橋,チラシ,B5,上質70kg,1/0,,PP加工(片面),2000,2,引取,2024-01-09,納品書同封,"26,000",税抜,
P2401-0992,2024-01-04,K001,鈴木,チラシ,B5,マットコート110kg,4/4,,,1000,1,市外,2024-01-14,,"10,450",税込,
P2401-0993,2024-01-05,C013,高橋,封筒,角2,クラフト85g,2/0,,,3000,1,市内,2024-01-26,,"30,800",税抜,"3,080"
P2401-0994,2024-01-06,G001,田中,封筒,角2,クラフト85g,1/0,,,300,1,市内,,,7500円,税抜,
P2401-0995,2024-01-07,D001,高橋,名刺,91x55,ケント220kg,1/0,,,100,8,市外,2024-01-14,,"16,400",税抜,"1,640"
P2401-0996,2024-01-07,G002,鈴木,チラシ,B5,コート135kg,4/4,,穴あけ,5000,3,市内,,納品書同封,"75,000",税抜,
P2401-0997,2024-01-08,K013,高橋,チラシ,A4,上質70kg,1/0,,PP片面,10000,1,市内,2024-01-13,,"54,800",税抜,
P2401-0998,2024-01-09,C011,佐藤,名刺,91x55,ケント220kg,1/1,,,500,3,市内,2024-01-23,色校正1回,"¥29,480",,
P2401-0999,2024-01-09,C002,佐藤,封筒,角2,クラフト85g,1/0,,,300,1,引取,,,"¥7,500",税抜,750
P2401-1000,2024-01-09,C008,鈴木,リーフレット,A4,コート135kg,4/0,,PP片面,5000,1,市内,2024-01-14,データ入稿済,"42,300",税抜,"4,230"
P2401-1001,2024-01-10,G008,高橋,名刺,91x55,ケント220kg,4/4,,,300,5,市外,2024-01-13,データ入稿済 特急,２８，４００,,
P2401-1002,2024-01-11,C003,佐藤,封筒,長3,クラフト85g,2/0,,,1000,1,市内,,データ入稿済,"¥9,680",,
P2401-1003,2024-01-12,C007,田中,リーフレット,A4,コート135kg,4/4,,PP片面,10000,3,引取,2024-01-17,,３０６，９００,税込,
P2401-1004,2024-01-12,C020,佐藤,リーフレット,A3,マットコート110kg,4/4,,,5000,1,市内,,,42300円,税抜,"4,230"
P2401-1005,2024-01-13,K002,高橋,名刺,91x55,ケント220kg,4/0,,,300,1,市内,2024-02-03,,5400円,税抜,
P2401-1006,2024-01-14,C026,田中,冊子,A4,マットコート110kg,1/1,20,,500,1,引取,2024-01-17,特急,４９，４００,税抜,"4,940"
P2401-1007,2024-01-14,C003,田中,チラシ,A4,マットコート110kg,1/0,,PP片面,1000,1,市内,,,"11,880",内税,"1,080"
P2401-1008,2024-01-15,K016,佐藤,チラシ,A3,上質70kg,4/0,,穴あけ,500,1,県外,2024-01-22,,１１，７３０,税抜,"1,173"
P2401-1009,2024-01-15,C003,佐藤,封筒,長3,ケント100g,2/0,,,2000,1,市外,,,"18,500",税抜,
P2401-1010,2024-01-16,C012,佐藤,チラシ,A4,コート135kg,4/0,,PP片面,1000,1,市内,2024-01-26,データ修正あり,13900円,税抜,
P2401-1011,2024-01-17,C012,佐藤,チラシ,B4,上質70kg,4/0,,,10000,1,市外,2024-01-19,色校正1回,"50,670",,
P2401-0991-R2,2024-01-18,C013,高橋,チラシ,B5,上質70kg,1/0,,PP加工(片面),4000,2,引取,2024-01-23,納品書同封,"26,000",税抜,
P2401-1012,2024-01-18,K015,田中,名刺,91x55,ケント220kg,1/1,,,300,2,市内,,,"11,000",税込,"1,000"
P2401-1013,2024-01-18,K019,佐藤,封筒,角2,ケント100g,1/0,,,3000,1,市内,2024-01-20,特急,"51,500",税抜,"5,150"
P2401-1014,2024-01-18,K012,高橋,名刺,91x55,ケント220kg,4/4,,,100,2,市外,2024-01-21,データ入稿済,"7,200",,
P2401-1015,2024-01-18,C004,佐藤,チラシ,A3,上質70kg,4/4,,PP片面,500,2,市内,2024-02-01,,"16,800",税抜,"1,680"
P2401-1016,2024-01-18,C027,佐藤,チラシ,A3,上質70kg,4/0,,PP加工(片面),5000,1,市内,,データ修正あり,"41,540",税抜,"4,154"
P2401-1017,2024-01-20,C012,佐藤,チラシ,A3,上質70kg,4/0,,,3000,1,引取,2024-01-30,,"14,540",,
P2401-1018,2024-01-21,C003,鈴木,チラシ,A4,コート90kg,4/4,,,500,3,市内,,,20020円,税込,"1,820"
P2401-1019,2024-01-21,C010,田中,冊子,A4,上質70kg,4/4,20,,50,1,市内,,納品書同封,"16,000",税抜,
P2401-1020,2024-01-21,一般,佐藤,チラシ,A3,上質70kg,4/4,,,1000,2,引取,2024-01-28,,２０，２７３,,
P2401-1021,2024-01-22,G003,高橋,冊子,A5,マットコート110kg,4/4,32,,500,1,引取,2024-02-05,色校正1回,"56,500",税抜,"5,650"
P2401-1022,2024-01-23,C002,佐藤,チラシ,B5,コート135kg,4/4,,穴あけ,500,3,市外,2024-01-26,納品書同封 特急,"31,812",内税,
P2401-1023,2024-01-23,C002,田中,冊子,A5,上質70kg,1/1,40,,50,1,市内,2024-02-06,前回同様,"18,040",税込み,"1,640"
P2401-1024,2024-01-25,C010,鈴木,チラシ,B5,コート90kg,4/4,,,5000,2,引取,2024-01-28,色校正1回 特急,"60,500",税抜,"6,050"
P2401-1025,2024-01-26,K003,鈴木,リーフレット,A4,コート135kg,1/1,,穴あけ,1000,3,引取,2024-02-09,,"32,400",税抜,
P2401-1026,2024-01-26,C024,田中,名刺,91x55,ケント220kg,4/0,,,100,1,引取,,,"3,000",税抜,
P2401-1027,2024-01-27,C001,田中,封筒,長3,クラフト85g,2/0,,,500,1,県外,2024-02-03,,"8,500",税抜,
P2401-1028,2024-01-27,一般,鈴木,チラシ,A3,マットコート110kg,4/0,,PP加工(片面),500,2,市外,2024-02-10,データ入稿済,"17,000",,
P2401-1029,2024-01-28,C012,鈴木,チラシ,A4,コート90kg,4/0,,PP片面,500,1,県外,2024-02-11,,"9,500",税抜,
P2401-1030,2024-01-30,C008,鈴木,リーフレット,A3,コート135kg,1/1,,PP加工(片面),1000,1,市内,2024-02-13,納品書同封,"15,600",,
P2401-1031,2024-01-30,C011,鈴木,冊子,B5,上質70kg,1/1,16,,500,1,引取,2024-02-06,,"35,200",税抜,"3,520"
P2401-1032,2024-01-31,K019,鈴木,冊子,B5,上質70kg,4/4,40,,500,1,市外,2024-02-14,データ修正あり,66110円,税込,
P2401-1033,2024-01-31,一般,田中,チラシ,A3,コート90kg,4/4,,,10000,1,県外,2024-02-03,特急,"83,700",,
P2402-1034,2024-02-01,C031,高橋,冊子,A5,上質70kg,4/4,12,,50,1,県外,,,"19,360",内税,"1,760"
P2402-1035,2024-02-01,K016,高橋,チラシ,B5,上質70kg,4/4,,PP加工(片面),5000,3,市内,2024-02-11,,102800円,,
P2402-1036,2024-02-02,C006,佐藤,チラシ,B4,コート135kg,4/0,,,10000,2,引取,2024-02-04,前回同様 特急,"133,133",内税,"12,103"
P2402-1037,2024-02-02,一般,高橋,封筒,角2,クラフト85g,1/0,,,2000,1,市内,2024-02-05,特急,"30,910",税込,"2,810"
P2402-1038,2024-02-03,C004,高橋,名刺,91x55,マット220kg,4/0,,,300,1,市内,2024-02-17,データ修正あり,"12,980",税込み,
P2402-1039,2024-02-03,C016,田中,チラシ,B5,上質70kg,4/0,,,1000,2,引取,2024-02-17,データ修正あり,"14,000",税抜,
P2402-1040,2024-02-04,一般,佐藤,チラシ,A3,マットコート110kg,4/4,,,5000,1,市内,2024-02-18,前回同様,"37,300",税抜,
P2402-1041,2024-02-05,C006,佐藤,チラシ,B5,上質70kg,4/4,,,500,3,市外,2024-02-15,,"19,800",税込み,
P2402-1042,2024-02-05,D006,田中,チラシ,B5,コート90kg,4/4,,穴あけ,500,1,市外,2024-02-12,色校正1回,"¥13,100",税抜,
P2402-1043,2024-02-05,D001,田中,チラシ,B4,コート90kg,1/0,,,10000,1,市内,2024-02-07,色校正1回,"49,400",税抜,"4,940"
P2402-1044,2024-02-05,C005,鈴木,チラシ,A3,上質70kg,4/4,,PP加工(片面),2000,1,市外,2024-02-12,,"22,500",税抜,
P2402-1045,2024-02-07,C010,鈴木,封筒,長3,ケント100g,1/0,,,1000,1,引取,2024-02-17,色校正1回,15000円,税抜,
P2402-1046,2024-02-07,K017,鈴木,名刺,91x55,ケント220kg,4/4,,,500,1,市外,2024-02-10,特急,"10,600",税抜,
P2402-1047,2024-02-08,一般,佐藤,リーフレット,A4,コート135kg,1/0,,,1000,1,市内,2024-02-22,,"11,110",内税,"1,010"
P2402-1048,2024-02-08,C014,高橋,封筒,角2,クラフト85g,2/0,,,2000,1,引取,2024-02-11,特急,"30,030",税込,
P2402-1049,2024-02-08,C002,鈴木,チラシ,B4,上質70kg,4/4,,穴あけ,3000,1,市外,2024-02-29,,"22,000",税抜,
P2402-1050,2024-02-08,D005,高橋,名刺,91x55,ケント220kg,1/0,,,500,1,引取,,色校正1回,"¥9,600",税抜,960
P2402-1051,2024-02-10,G006,高橋,チラシ,A3,コート135kg,4/0,,,10000,1,市内,,,"53,900",税抜,
P2402-1052,2024-02-10,C006,田中,冊子,A5,マットコート110kg,4/4,12,,500,1,市外,2024-02-13,納品書同封 特急,"51,900",税抜,"5,190"
P2402-1053,2024-02-10,C022,鈴木,冊子,B5,上質70kg,4/4,24,,300,1,引取,2024-03-02,,"¥38,610",税込み,
P2402-1054,2024-02-11,K001,佐藤,チラシ,A3,コート135kg,4/4,,PP加工(片面),5000,2,市内,2024-03-03,データ入稿済,"119,680",,
P2402-1055,2024-02-11,C009,田中,冊子,B5,マットコート110kg,4/4,48,,100,1,市内,2024-02-25,色校正1回,"30,000",税抜,"3,000"
P2402-1056,2024-02-12,C040,田中,名刺,91x55,マット220kg,1/1,,,200,8,県外,2024-02-22,データ入稿済,"38,500",,
P2402-1057,2024-02-12,C017,佐藤,チラシ,B4,コート90kg,4/0,,PP加工(片面),500,3,市外,2024-02-22,色校正1回,"26,910",,
P2402-1058,2024-02-12,K015,高橋,チラシ,A3,上質70kg,1/1,,,1000,2,引取,,,"18,700",内税,
P2402-1045-R2,2024-02-13,C010,鈴木,封筒,長3,ケント100g,1/0,,,2000,1,引取,2024-02-23,色校正1回,15000円,税抜,
P2402-1059,2024-02-13,C036,田中,チラシ,A4,上質70kg,4/0,,,5000,1,市外,2024-02-27,納品書同封,"17,050",税込,
P2402-1060,2024-02-13,D004,佐藤,チラシ,B5,マットコート110kg,1/0,,,500,3,市内,,前回同様,"15,598",税込み,
P2402-1061,2024-02-14,一般,佐藤,リーフレット,A4,コート135kg,4/4,,PP片面,1000,1,引取,,,"15,180",税込み,
P2402-1062,2024-02-15,C002,田中,チラシ,B4,コート135kg,4/0,,,10000,1,市内,2024-03-07,,53130円,内税,
P2402-1063,2024-02-16,C021,佐藤,冊子,A5,上質70kg,4/4,40,,100,1,市内,,データ入稿済,"25,960",,
P2402-1064,2024-02-17,C007,高橋,封筒,角2,クラフト85g,1/0,,,500,1,引取,2024-02-27,前回同様,８，２５０,,
P2402-1065,2024-02-17,C005,鈴木,名刺,91x55,マット220kg,4/0,,,200,3,引取,,前回同様,"13,200",税込,
P2402-1066,2024-02-17,D005,鈴木,チラシ,A3,上質70kg,4/4,,,500,1,市外,,データ入稿済,"6,700",税抜,
P2402-1067,2024-02-17,一般,高橋,封筒,角2,ケント100g,2/0,,,1500,1,市外,2024-02-20,色校正1回,"35,300",税抜,
P2402-1068,2024-02-17,C038,高橋,冊子,A4,マットコート110kg,4/4,48,,100,1,市外,2024-03-02,,"28,270",税込,"2,570"
P2402-1069,2024-02-18,K020,高橋,冊子,A5,上質70kg,1/1,12,,1000,1,市外,,,"¥61,930",,
P2402-1070,2024-02-18,C008,鈴木,チラシ,A3,コート90kg,4/0,,,1000,3,市内,,前回同様,"28,050",内税,
P2402-1071,2024-02-19,C003,鈴木,チラシ,A3,コート135kg,4/0,,,2000,2,市内,2024-02-26,,３２，８９０,税込み,
P2402-1072,2024-02-19,C026,鈴木,封筒,角2,ケント100g,1/0,,,500,1,県外,2024-02-24,前回同様,"¥12,000",税抜,
P2402-1073,2024-02-19,K013,鈴木,チラシ,B5,マットコート110kg,4/0,,PP加工(片面),2000,1,引取,2024-03-04,色校正1回,"¥19,400",,
P2402-1074,2024-02-20,C011,佐藤,名刺,91x55,ケント220kg,4/4,,,300,2,市外,,,11770円,,
P2402-1075,2024-02-20,C007,田中,チラシ,B4,コート90kg,1/0,,,10000,2,引取,,データ入稿済,"83,160",税込,
P2402-1076,2024-02-20,D007,鈴木,チラシ,A4,マットコート110kg,4/0,,PP片面,10000,1,市内,,前回同様,"53,500",税抜,
P2402-1077,2024-02-20,G007,高橋,名刺,91x55,ケント220kg,1/0,,,200,3,市内,,,"10,890",,
P2402-1078,2024-02-22,C005,田中,チラシ,B5,コート135kg,4/0,,穴あけ,5000,2,引取,,納品書同封,"43,670",,
P2402-1079,2024-02-22,C012,佐藤,封筒,角2,ケント100g,1/0,,,1500,1,市内,2024-02-25,特急,２８，１００,税抜,
P2402-1080,2024-02-22,一般,田中,チラシ,A3,コート90kg,4/0,,PP片面,10000,1,引取,,色校正1回,"¥89,540",,
P2402-1081,2024-02-23,C008,佐藤,冊子,A5,マットコート110kg,4/4,20,,100,1,市内,2024-03-08,,"19,800",税抜,
P2402-1082,2024-02-23,C036,高橋,リーフレット,A3,コート135kg,4/0,,,3000,1,市外,2024-03-15,,"27,940",内税,
P2402-1083,2024-02-24,C033,田中,名刺,91x55,マット220kg,1/1,,,500,2,引取,,納品書同封,"18,700",内税,"1,700"
P2402-1084,2024-02-26,K004,佐藤,チラシ,B5,コート90kg,4/4,,,3000,1,引取,2024-02-29,納品書同封 特急,18280円,,
P2402-1085,2024-02-26,D010,田中,チラシ,B5,コート90kg,4/4,,穴あけ,10000,1,市内,2024-03-02,,"38,940",内税,
P2402-1086,2024-02-26,C039,田中,名刺,91x55,ケント220kg,1/0,,,500,1,県外,2024-02-28,データ入稿済 特急,12100円,,
P2402-1087,2024-02-27,一般,田中,リーフレット,A4,コート135kg,4/4,,PP片面,500,1,県外,,,"12,400",税抜,
P2402-1088,2024-02-27,一般,高橋,封筒,角2,ケント100g,2/0,,,1000,1,市内,2024-03-05,色校正1回,"20,800",,
P2402-1089,2024-02-27,C006,佐藤,封筒,角2,クラフト85g,2/0,,,3000,1,市外,2024-03-19,,"¥31,500",,
P2402-1090,2024-02-27,C015,高橋,チラシ,A3,コート90kg,4/4,,PP加工(片面),1000,1,県外,,納品書同封,"17,160",,
P2402-1091,2024-02-27,C029,高橋,チラシ,B4,マットコート110kg,4/4,,,5000,1,県外,2024-03-12,データ入稿済,"33,500",税抜,"3,350"
P2402-1092,2024-02-27,G003,鈴木,名刺,91x55,マット220kg,4/0,,,500,2,県外,,前回同様,18300円,税抜,
P2402-1093,2024-02-28,C034,高橋,リーフレット,A3,コート135kg,4/0,,穴あけ,2000,1,市内,,前回同様,２３，５４０,内税,
P2402-1094,2024-02-28,一般,田中,チラシ,B4,コート135kg,4/4,,,2000,1,市外,,,"¥17,000",税抜,
P2402-1095,2024-02-28,C010,鈴木,チラシ,B4,上質70kg,4/0,,,10000,1,市外,,色校正1回,"43,230",,
P2402-1096,2024-02-29,C005,佐藤,名刺,91x55,ケント220kg,4/4,,,100,8,市外,2024-03-05,色校正1回,"24,100",税抜,
P2402-1097,2024-02-29,C007,田中,リーフレット,A4,コート135kg,4/4,,PP加工(片面),1000,1,引取,2024-03-14,前回同様,"15,180",税込み,
P2402-1098,2024-02-29,一般,高橋,名刺,91x55,ケント220kg,1/0,,,100,2,引取,,,"¥4,840",税込み,440
P2402-1099,2024-02-29,C007,田中,封筒,長3,ケント100g,2/0,,,3000,1,市外,2024-03-02,データ修正あり,"36,600",税抜,"3,660"
P2403-1100,2024-03-01,C032,鈴木,封筒,長3,クラフト85g,2/0,,,2000,1,引取,,データ修正あり,"16,000",,
P2403-1101,2024-03-02,C009,鈴木,チラシ,B4,マットコート110kg,4/4,,,3000,2,市外,2024-03-05,特急,60280円,税込,
P2403-1102,2024-03-02,K007,鈴木,リーフレット,A4,コート90kg,1/1,,PP加工(片面),1000,3,県外,,データ入稿済,"38,400",税抜,
P2403-1103,2024-03-03,C024,佐藤,名刺,91x55,マット220kg,4/4,,,500,1,引取,,色校正1回,"14,850",税込,
P2403-1104,2024-03-03,C002,鈴木,チラシ,B4,コート135kg,4/0,,PP加工(片面),1000,1,市内,2024-03-10,,"¥12,300",,
P2403-1105,2024-03-04,K003,田中,リーフレット,A4,コート135kg,4/0,,,5000,1,引取,2024-03-11,,26500円,税抜,"2,650"
P2403-1106,2024-03-04,K010,高橋,チラシ,A3,コート90kg,1/1,,穴あけ,2000,1,引取,,納品書同封,１８，７００,税込,
P2403-1107,2024-03-04,C002,佐藤,チラシ,B5,マットコート110kg,4/4,,PP加工(片面),2000,2,県外,2024-03-09,納品書同封,"42,900",,
P2403-1108,2024-03-05,C013,高橋,チラシ,A3,コート90kg,4/0,,PP片面,5000,1,市外,,,"43,000",税抜,
P2403-1109,2024-03-05,K016,田中,チラシ,B4,コート90kg,4/4,,,5000,1,市内,2024-03-19,前回同様,２９，８００,税抜,"2,980"
P2403-1110,2024-03-06,一般,佐藤,チラシ,A4,上質70kg,4/0,,穴あけ,3000,3,市内,2024-03-27,,"¥33,800",税抜,
P2403-1111,2024-03-06,C013,田中,冊子,A4,マットコート110kg,4/4,32,,300,1,市内,2024-03-08,前回同様 特急,"¥52,100",税抜,"5,210"
P2402-1087-R2,2024-03-07,一般,田中,リーフレット,A4,コート135kg,4/4,,PP片面,500,1,県外,,,"12,400",税抜,
P2403-1112,2024-03-07,一般,高橋,チラシ,B5,コート135kg,4/0,,,1000,2,市外,,納品書同封,"15,500",税抜,
P2403-1113,2024-03-07,C012,鈴木,名刺,91x55,ケント220kg,4/4,,,300,1,引取,,,"5,060",内税,
P2403-1114,2024-03-07,C010,高橋,名刺,91x55,マット220kg,4/4,,,300,5,引取,2024-03-17,,"27,500",税抜,"2,750"
P2403-1115,2024-03-08,C012,鈴木,チラシ,B5,上質70kg,1/0,,,3000,3,引取,,納品書同封,"25,500",税抜,
P2403-1116,2024-03-08,D007,佐藤,封筒,長3,クラフト85g,1/0,,,2000,1,市外,,データ修正あり,"15,100",税抜,
P2403-1117,2024-03-08,一般,佐藤,チラシ,A4,上質70kg,4/4,,PP片面,500,2,引取,,納品書同封,"14,500",税抜,
P2402-1083-R2,2024-03-09,C033,田中,名刺,91x55,マット220kg,1/1,,,1000,2,引取,,納品書同封,"18,700",内税,"1,700"
P2403-1118,2024-03-09,K005,鈴木,冊子,A5,上質70kg,4/4,24,,1000,1,市内,,,９０，０００,税抜,
P2403-1119,2024-03-09,K007,鈴木,リーフレット,A4,コート90kg,4/0,,PP加工(片面),3000,2,引取,2024-03-19,データ修正あり,"¥50,800",,
P2403-1120,2024-03-11,C013,高橋,チラシ,A3,コート135kg,1/0,,PP加工(片面),1000,1,県外,,前回同様,"15,500",税抜,"1,550"
P2403-1121,2024-03-11,K005,佐藤,冊子,A5,マットコート110kg,1/1,16,,1000,1,引取,2024-04-01,納品書同封,"¥58,400",税抜,"5,840"
P2403-1122,2024-03-11,K016,田中,チラシ,A4,上質70kg,4/0,,,10000,3,引取,2024-03-18,,"¥72,000",税抜,"7,200"
P2403-1123,2024-03-11,C008,佐藤,名刺,91x55,ケント220kg,1/1,,,300,8,市内,2024-03-14,データ入稿済,"48,640",税抜,"4,864"
P2403-1124,2024-03-11,D004,鈴木,封筒,長3,ケント100g,2/0,,,1500,1,市内,2024-03-21,データ修正あり,16280円,,
P2403-1125,2024-03-15,C027,高橋,チラシ,B4,マットコート110kg,4/0,,,500,1,県外,,データ入稿済,"8,800",税抜,880
P2403-1126,2024-03-15,G008,鈴木,封筒,長3,ケント100g,2/0,,,1000,1,市内,2024-03-22,,"¥10,780",税込み,
P2403-1127,2024-03-15,一般,佐藤,チラシ,B5,コート90kg,1/1,,,5000,3,市内,2024-03-20,,"48,810",,
P2403-1128,2024-03-15,一般,高橋,チラシ,B5,コート90kg,1/1,,PP片面,2000,1,市内,2024-03-29,,"15,300",税抜,
P2403-1101-R2,2024-03-17,C009,鈴木,チラシ,B4,マットコート110kg,4/4,,,3000,2,市外,2024-03-20,特急,"53,200",税抜,
P2403-1129,2024-03-18,C021,田中,冊子,B5,マットコート110kg,4/4,40,,100,1,市内,,データ入稿済,"25,960",内税,
P2403-1130,2024-03-18,一般,鈴木,封筒,角2,クラフト85g,1/0,,,2000,1,引取,,データ修正あり,"¥24,000",税抜,"2,400"
P2403-1131,2024-03-19,C004,佐藤,名刺,91x55,ケント220kg,1/0,,,100,2,市外,2024-03-26,,"6,490",税込み,590
P2403-1132,2024-03-19,C006,佐藤,冊子,A4,上質70kg,1/1,8,,1000,1,市内,2024-03-22,特急,74096円,税込み,
P2403-1133,2024-03-20,C031,鈴木,チラシ,A3,マットコート110kg,4/4,,PP加工(片面),500,1,市外,2024-03-30,データ修正あり,"12,800",,
P2403-1134,2024-03-20,C029,佐藤,封筒,長3,ケント100g,1/0,,,2000,1,引取,,,"17,000",税抜,
P2403-1135,2024-03-20,一般,鈴木,チラシ,A3,上質70kg,4/0,,穴あけ,5000,1,市内,2024-04-10,データ修正あり,"32,890",内税,
P2403-1136,2024-03-20,C005,高橋,名刺,91x55,マット220kg,1/0,,,100,1,県外,2024-03-23,データ入稿済,"6,200",税抜,
P2403-1137,2024-03-21,C029,高橋,チラシ,A3,コート90kg,4/0,,,500,3,引取,2024-04-11,前回同様,18100円,税抜,
P2403-1138,2024-03-21,C025,佐藤,チラシ,A4,マットコート110kg,1/0,,,5000,1,県外,,前回同様,"21,430",税抜,
P2403-1139,2024-03-22,C010,高橋,封筒,長3,ケント100g,2/0,,,2000,1,引取,2024-04-12,,"17,000",税抜,"1,700"
P2403-1140,2024-03-22,K017,佐藤,リーフレット,A4,コート90kg,4/0,,穴あけ,10000,1,引取,2024-03-25,データ入稿済 特急,"53,300",税抜,"5,330"
P2403-1141,2024-03-23,D006,佐藤,チラシ,A4,マットコート110kg,1/0,,穴あけ,2000,1,引取,2024-03-30,,"¥10,710",税抜,
P2403-1142,2024-03-23,一般,佐藤,チラシ,A3,コート90kg,4/4,,PP片面,2000,2,引取,2024-03-30,色校正1回,"¥47,530",税抜,
P2403-1143,2024-03-23,C037,鈴木,チラシ,B5,コート135kg,4/4,,,2000,3,引取,,,37800円,税抜,"3,780"
P2403-1144,2024-03-24,一般,田中,チラシ,B5,上質70kg,4/4,,PP加工(片面),500,1,市外,,データ入稿済,８，２００,税抜,820
P2403-1145,2024-03-24,C008,高橋,封筒,角2,ケント100g,2/0,,,3000,1,市内,,,43780円,税込,
P2403-1146,2024-03-24,G008,佐藤,リーフレット,A4,コート90kg,1/1,,穴あけ,3000,1,市内,,データ修正あり,"20,960",,
P2403-1147,2024-03-24,C008,鈴木,チラシ,B5,マットコート110kg,4/4,,PP加工(片面),2000,3,引取,2024-04-07,データ入稿済,"57,530",税込,"5,230"
P2403-1148,2024-03-24,C006,佐藤,チラシ,A3,コート135kg,1/0,,PP片面,2000,2,市外,2024-03-27,,59906円,,
P2403-1149,2024-03-25,一般,田中,チラシ,B4,コート135kg,4/4,,PP加工(片面),3000,1,引取,,,"30,000",,
P2403-1150,2024-03-26,C002,田中,封筒,長3,クラフト85g,2/0,,,500,1,引取,2024-04-16,納品書同封,"6,050",税込み,550
P2403-1151,2024-03-29,C001,田中,チラシ,B5,コート135kg,1/0,,,1000,1,引取,2024-04-05,前回同様,"7,370",税込,
P2403-1152,2024-03-29,一般,高橋,チラシ,B5,コート135kg,4/0,,,2000,3,市内,2024-03-31,特急,"42,460",税込み,
P2403-1153,2024-03-29,K020,高橋,リーフレット,A3,コート135kg,4/4,,,10000,2,市外,2024-04-05,納品書同封,"184,250",,
P2403-1154,2024-03-30,K014,田中,チラシ,B4,コート135kg,1/0,,,500,1,市外,,前回同様,"8,250",内税,750
P2403-1155,2024-03-30,C018,田中,チラシ,A4,上質70kg,4/4,,PP片面,2000,2,引取,2024-04-06,納品書同封,"32,900",,
P2403-1156,2024-03-30,C040,田中,リーフレット,A4,マットコート110kg,4/4,,PP加工(片面),500,1,市内,,納品書同封,"10,890",税込み,990
P2403-1157,2024-03-31,C009,高橋,名刺,91x55,マット220kg,4/4,,,300,1,市外,2024-04-10,前回同様,"¥7,000",,
P2404-1158,2024-04-01,一般,鈴木,冊子,A5,上質70kg,4/4,48,,200,1,市外,,データ修正あり,41000円,税抜,
P2404-1159,2024-04-01,C012,田中,封筒,長3,クラフト85g,2/0,,,300,1,市外,2024-04-08,前回同様,"7,700",内税,
P2404-1160,2024-04-01,一般,鈴木,名刺,91x55,マット220kg,1/0,,,100,5,県外,2024-04-11,データ入稿済,18700円,内税,"1,700"
P2404-1161,2024-04-01,C008,高橋,チラシ,A3,コート90kg,4/4,,,500,1,市外,2024-04-04,データ修正あり 特急,15900円,税抜,"1,590"
P2404-1162,2024-04-01,D004,佐藤,名刺,91x55,マット220kg,4/4,,,100,1,市外,2024-04-22,データ入稿済,4268円,,
P2404-1163,2024-04-01,C029,高橋,チラシ,B4,マットコート110kg,4/0,,穴あけ,1000,2,市外,2024-04-03,色校正1回,"¥36,000",税抜,
P2404-1164,2024-04-02,C033,高橋,名刺,91x55,マット220kg,4/0,,,100,8,引取,,色校正1回,"30,140",,
P2404-1165,2024-04-03,一般,田中,チラシ,B5,マットコート110kg,4/4,,,3000,3,県外,,,65670円,内税,
P2404-1166,2024-04-03,K005,鈴木,冊子,A4,マットコート110kg,4/4,20,,200,1,引取,2024-04-17,色校正1回,"32,000",税抜,
P2404-1167,2024-04-04,G003,鈴木,チラシ,A3,コート135kg,4/4,,,10000,1,引取,2024-04-11,データ修正あり,８２，３００,税抜,
P2404-1168,2024-04-04,C003,鈴木,チラシ,B4,コート90kg,4/0,,PP片面,10000,1,引取,2024-04-09,,"84,150",,
P2404-1169,2024-04-04,K018,高橋,封筒,角2,クラフト85g,2/0,,,500,1,市内,,前回同様,"9,500",税抜,950
P2404-1170,2024-04-04,C013,鈴木,チラシ,B5,上質70kg,4/0,,PP加工(片面),2000,3,引取,,,"42,300",税抜,
P2404-1171,2024-04-05,C002,鈴木,名刺,91x55,マット220kg,1/1,,,100,8,市外,,,"23,900",税抜,
P2404-1172,2024-04-06,C007,田中,チラシ,A3,マットコート110kg,4/0,,PP片面,1000,2,引取,2024-04-20,色校正1回,32000円,,
P2404-1173,2024-04-06,C014,鈴木,チラシ,B5,上質70kg,4/4,,,1000,1,市内,2024-04-11,前回同様,"¥8,900",税抜,890
P2404-1174,2024-04-06,C011,鈴木,冊子,A4,マットコート110kg,4/4,20,,200,1,引取,2024-04-16,,"29,700",内税,"2,700"
P2404-1175,2024-04-07,C027,田中,チラシ,B4,マットコート110kg,4/0,,,1000,3,引取,,納品書同封,２７，９００,税抜,"2,790"
P2404-1176,2024-04-07,一般,田中,名刺,91x55,マット220kg,1/0,,,100,8,市内,,,23200円,,
P2404-1177,2024-04-08,K008,佐藤,名刺,91x55,ケント220kg,4/4,,,100,5,引取,2024-04-29,納品書同封,"12,200",税抜,"1,220"
P2404-1178,2024-04-08,一般,高橋,名刺,91x55,ケント220kg,1/0,,,500,5,市内,,前回同様,"35,800",税抜,"3,580"
P2404-1179,2024-04-09,K006,鈴木,冊子,A5,マットコート110kg,1/1,8,,100,1,引取,2024-04-19,納品書同封,"16,900",,
P2404-1180,2024-04-09,C002,高橋,リーフレット,A3,コート90kg,4/0,,PP加工(片面),5000,2,市内,2024-04-12,特急,148170円,税込,
P2404-1181,2024-04-09,G005,田中,名刺,91x55,マット220kg,1/1,,,300,8,市外,2024-04-14,,"45,210",税込,
P2404-1182,2024-04-10,K005,佐藤,封筒,角2,ケント100g,1/0,,,1000,1,県外,2024-04-17,データ修正あり,23700円,,
P2404-1183,2024-04-10,C020,高橋,名刺,91x55,マット220kg,4/0,,,300,1,引取,,納品書同封,"6,400",税抜,
P2404-1184,2024-04-10,一般,高橋,名刺,91x55,マット220kg,1/1,,,100,5,引取,,データ入稿済,15400円,,
P2404-1185,2024-04-10,C029,佐藤,冊子,B5,上質70kg,4/4,20,,500,1,市内,2024-04-13,,６３，２００,税抜,
P2404-1186,2024-04-11,C021,鈴木,名刺,91x55,マット220kg,4/4,,,100,5,引取,2024-04-25,,"¥15,400",,
P2404-1187,2024-04-12,C013,佐藤,封筒,長3,ケント100g,2/0,,,3000,1,市外,,,３０，０００,税抜,
P2404-1188,2024-04-12,K001,佐藤,名刺,91x55,マット220kg,1/1,,,200,8,市内,,前回同様,48640円,税抜,"4,864"
P2404-1189,2024-04-12,一般,田中,リーフレット,A3,コート90kg,1/0,,,3000,3,引取,,データ入稿済,79530円,税込み,"7,230"
P2404-1190,2024-04-12,一般,田中,封筒,角2,ケント100g,2/0,,,300,1,市内,,色校正1回,１６，３００,税抜,"1,630"
P2404-1191,2024-04-12,一般,鈴木,チラシ,B5,マットコート110kg,1/0,,,2000,1,市内,2024-04-15,,"14,400",税抜,"1,440"
P2404-1192,2024-04-13,C028,鈴木,チラシ,B5,上質70kg,4/4,,穴あけ,3000,1,引取,2024-04-16,納品書同封 特急,"23,700",税抜,
P2404-1193,2024-04-13,C003,高橋,冊子,A5,マットコート110kg,4/4,12,,1000,1,市内,2024-04-15,,96030円,内税,"8,730"
P2404-1194,2024-04-13,C038,鈴木,封筒,長3,ケント100g,1/0,,,1500,1,引取,2024-04-15,,"22,660",内税,"2,060"
P2404-1195,2024-04-13,K015,佐藤,リーフレット,A3,マットコート110kg,4/4,,PP加工(片面),5000,1,市内,2024-04-16,納品書同封,"83,350",税抜,
P2404-1196,2024-04-15,C005,鈴木,封筒,角2,クラフト85g,2/0,,,500,1,市内,,,10450円,税込み,950
P2404-1197,2024-04-15,K017,高橋,名刺,91x55,マット220kg,4/4,,,500,3,市内,2024-04-18,データ入稿済,３９，８００,税抜,
P2404-1198,2024-04-16,C004,鈴木,チラシ,A4,コート135kg,4/4,,,2000,2,市内,,データ修正あり,"39,270",税込み,
P2404-1199,2024-04-16,C012,佐藤,封筒,角2,ケント100g,2/0,,,1500,1,市内,,,25700円,税抜,
P2404-1200,2024-04-16,C034,高橋,名刺,91x55,マット220kg,4/0,,,500,2,引取,,納品書同封,２２，０００,税込み,"2,000"
P2404-1201,2024-04-17,D007,佐藤,チラシ,A4,コート135kg,1/0,,PP加工(片面),10000,3,市外,2024-04-19,,"247,480",税抜,"24,748"
P2404-1202,2024-04-18,K016,田中,冊子,B5,マットコート110kg,1/1,24,,300,1,市内,,,"33,440",税込み,"3,040"
P2404-1203,2024-04-18,一般,田中,名刺,91x55,ケント220kg,1/0,,,200,3,市外,2024-04-28,データ入稿済,"14,410",税込,
P2404-1204,2024-04-18,C025,佐藤,名刺,91x55,ケント220kg,1/0,,,500,2,市内,,前回同様,"17,200",税抜,"1,720"
P2404-1205,2024-04-18,G002,高橋,チラシ,B5,コート135kg,4/0,,PP加工(片面),10000,1,市内,,納品書同封,"68,530",,
P2404-1206,2024-04-18,K019,田中,名刺,91x55,マット220kg,1/0,,,300,5,市外,,,36850円,税込,
P2404-1207,2024-04-19,C012,鈴木,冊子,A5,マットコート110kg,4/4,12,,200,1,引取,,データ入稿済,"23,700",,
P2404-1208,2024-04-19,C032,高橋,冊子,A4,上質70kg,4/4,12,,300,1,引取,2024-05-03,,３１，９００,内税,
P2404-1209,2024-04-19,C026,佐藤,封筒,長3,ケント100g,2/0,,,300,1,市内,2024-05-03,,"8,300",税抜,
P2404-1210,2024-04-20,K015,鈴木,封筒,長3,クラフト85g,2/0,,,500,1,市内,,データ入稿済,７，８１０,,
P2404-1211,2024-04-23,C032,鈴木,名刺,91x55,ケント220kg,1/0,,,200,1,引取,2024-04-28,前回同様,"¥3,800",税抜,380
P2404-1212,2024-04-23,C026,佐藤,名刺,91x55,マット220kg,1/1,,,500,2,市外,,データ入稿済,"23,650",内税,"2,150"
P2404-1213,2024-04-23,D003,佐藤,チラシ,A4,上質70kg,4/4,,PP片面,10000,1,市外,2024-05-07,色校正1回,"¥68,690",税抜,
P2404-1214,2024-04-23,C005,佐藤,名刺,91x55,マット220kg,1/0,,,100,3,引取,2024-04-25,前回同様,"10,920",税抜,"1,092"
P2404-1215,2024-04-23,D006,田中,封筒,長3,クラフト85g,2/0,,,300,1,県外,2024-04-28,,"9,130",内税,
P2404-1216,2024-04-24,K003,田中,チラシ,B4,コート90kg,4/4,,,3000,2,引取,2024-05-15,,43600円,税抜,"4,360"
P2404-1217,2024-04-24,C011,鈴木,封筒,角2,クラフト85g,1/0,,,3000,1,県外,,前回同様,"38,700",税抜,"3,870"
P2404-1218,2024-04-25,C004,佐藤,名刺,91x55,ケント220kg,1/0,,,500,1,引取,2024-05-09,納品書同封,"8,200",税抜,
P2404-1219,2024-04-26,一般,高橋,封筒,長3,ケント100g,2/0,,,3000,1,引取,2024-05-10,,28500円,税抜,"2,850"
P2404-1220,2024-04-26,K005,鈴木,封筒,長3,ケント100g,2/0,,,3000,1,市内,,前回同様,"¥29,300",税抜,"2,930"
P2404-1221,2024-04-26,一般,佐藤,封筒,角2,クラフト85g,1/0,,,1000,1,市外,,納品書同封,１７，１６０,税込み,"1,560"
P2404-1222,2024-04-26,C019,田中,チラシ,A4,コート90kg,4/0,,PP加工(片面),2000,1,県外,,,"20,900",税込み,"1,900"
P2404-1223,2024-04-26,K003,佐藤,冊子,A5,上質70kg,4/4,48,,300,1,市内,,,"50,520",税抜,"5,052"
P2404-1224,2024-04-26,C011,高橋,名刺,91x55,ケント220kg,4/0,,,100,3,県外,2024-05-17,データ入稿済,"9,600",,
P2404-1225,2024-04-27,一般,高橋,チラシ,A4,コート90kg,4/0,,穴あけ,500,1,市内,2024-05-11,納品書同封,"10,450",税込,950
P2404-1226,2024-04-27,C004,佐藤,リーフレット,A4,マットコート110kg,4/4,,PP加工(片面),500,1,県外,2024-04-29,特急,"¥17,743",税込み,
P2404-1227,2024-04-27,C001,高橋,チラシ,B5,マットコート110kg,4/0,,,5000,1,県外,2024-04-30,,"27,500",税抜,
P2404-1228,2024-04-28,K009,鈴木,チラシ,B4,上質70kg,4/0,,,3000,2,引取,,データ修正あり,"35,750",内税,
P2404-1229,2024-04-28,K003,高橋,冊子,A4,マットコート110kg,1/1,48,,1000,1,引取,2024-05-19,,"90,460",税抜,
P2404-1230,2024-04-28,D005,高橋,封筒,長3,クラフト85g,1/0,,,300,1,市外,,,"7,150",内税,
P2404-1231,2024-04-28,D005,佐藤,チラシ,B5,コート135kg,4/0,,穴あけ,5000,1,引取,2024-05-05,データ修正あり,"19,400",税抜,"1,940"
P2404-1232,2024-04-28,C003,佐藤,冊子,A4,上質70kg,4/4,40,,300,1,市内,2024-05-03,,５０，８２０,税込,"4,620"
P2404-1233,2024-04-29,K008,高橋,チラシ,A4,コート135kg,4/4,,PP片面,10000,2,市外,,,"203,280",内税,
P2404-1234,2024-04-30,K006,佐藤,名刺,91x55,マット220kg,4/0,,,300,2,市内,2024-05-07,データ入稿済,"13,600",税抜,
P2405-1235,2024-05-02,C017,田中,リーフレット,A3,マットコート110kg,4/4,,PP片面,1000,2,市外,2024-05-07,前回同様,33900円,,
P2405-1236,2024-05-02,C011,鈴木,チラシ,B4,コート90kg,1/0,,,10000,1,市内,2024-05-09,,"47,300",税抜,
P2405-1237,2024-05-03,一般,佐藤,チラシ,B4,コート135kg,1/1,,,10000,1,引取,2024-05-08,前回同様,"59,400",税込み,
P2405-1238,2024-05-03,C040,高橋,チラシ,A4,コート135kg,1/1,,,1000,1,引取,,納品書同封,９，２００,税抜,
P2405-1239,2024-05-04,C004,佐藤,リーフレット,A4,コート135kg,4/4,,PP加工(片面),1000,1,市内,,データ入稿済,"17,710",,
P2405-1240,2024-05-04,D008,高橋,リーフレット,A3,コート135kg,4/0,,PP加工(片面),3000,3,引取,2024-05-07,データ入稿済,"121,600",税抜,"12,160"
P2405-1241,2024-05-06,一般,鈴木,チラシ,B5,上質70kg,4/0,,PP加工(片面),10000,3,引取,2024-05-08,色校正1回 特急,197600円,税抜,
P2405-1242,2024-05-07,C040,田中,冊子,A5,マットコート110kg,1/1,16,,200,1,引取,2024-05-14,色校正1回,"¥27,200",税抜,"2,720"
P2405-1243,2024-05-07,C005,佐藤,冊子,A5,マットコート110kg,1/1,12,,50,1,県外,2024-05-12,前回同様,"19,954",,
P2405-1244,2024-05-08,C015,佐藤,チラシ,B4,上質70kg,4/4,,穴あけ,1000,1,引取,,色校正1回,19690円,税込み,"1,790"
P2405-1245,2024-05-09,C038,佐藤,名刺,91x55,ケント220kg,1/1,,,300,5,市外,2024-05-11,,"36,080",税抜,
P2405-1246,2024-05-10,C012,佐藤,封筒,角2,クラフト85g,2/0,,,500,1,市内,,,"10,450",税込,
P2405-1247,2024-05-10,C014,田中,リーフレット,A3,コート135kg,4/0,,,10000,1,市内,,前回同様,88330円,税込み,
P2405-1248,2024-05-10,C009,佐藤,名刺,91x55,ケント220kg,4/0,,,300,5,引取,,,"¥29,260",内税,"2,660"
P2405-1249,2024-05-11,C010,鈴木,チラシ,A3,コート135kg,4/4,,,500,1,引取,2024-05-25,色校正1回,"15,070",,
P2405-1250,2024-05-12,一般,鈴木,リーフレット,A3,コート90kg,4/4,,穴あけ,5000,2,市内,2024-05-26,色校正1回,"109,780",税込み,"9,980"
P2405-1251,2024-05-12,一般,佐藤,チラシ,A4,マットコート110kg,4/0,,PP加工(片面),10000,1,県外,2024-05-15,前回同様,"104,115",内税,"9,465"
P2405-1252,2024-05-13,C006,高橋,名刺,91x55,マット220kg,4/0,,,300,1,市内,2024-05-16,色校正1回,１５，６００,,
P2405-1253,2024-05-13,K016,高橋,チラシ,A3,マットコート110kg,4/4,,PP加工(片面),500,3,市内,2024-05-16,納品書同封 特急,43340円,税込,
P2405-1254,2024-05-15,C011,鈴木,チラシ,A3,マットコート110kg,1/0,,PP加工(片面),5000,1,市外,2024-05-20,前回同様,"49,500",税抜,
P2405-1255,2024-05-16,C009,田中,名刺,91x55,ケント220kg,1/0,,,100,1,引取,2024-05-30,,３，３００,内税,
P2405-1256,2024-05-17,一般,田中,リーフレット,A3,マットコート110kg,1/1,,,3000,1,市内,2024-05-27,データ入稿済,"28,200",税抜,"2,820"
P2405-1257,2024-05-17,C005,田中,チラシ,B5,コート90kg,1/0,,,500,1,引取,,データ入稿済,"6,050",税込み,
P2405-1258,2024-05-17,一般,田中,チラシ,A3,コート90kg,1/0,,PP加工(片面),3000,1,市内,2024-05-22,色校正1回,"¥37,840",税込,
P2405-1259,2024-05-18,K015,田中,チラシ,A4,コート90kg,4/4,,穴あけ,2000,1,市内,2024-06-01,,19030円,,
P2405-1260,2024-05-19,一般,佐藤,名刺,91x55,マット220kg,4/0,,,500,2,引取,2024-06-02,,22000円,税込み,"2,000"
P2405-1261,2024-05-19,K009,田中,封筒,角2,クラフト85g,1/0,,,300,1,引取,2024-06-09,,９，５７０,税込み,
P2405-1262,2024-05-21,C002,高橋,リーフレット,A4,コート135kg,4/0,,PP加工(片面),1000,1,県外,,データ入稿済,"¥16,500",税抜,
P2405-1263,2024-05-21,C019,田中,冊子,A4,上質70kg,4/4,16,,50,1,引取,2024-06-11,前回同様,１７，６００,,
P2405-1264,2024-05-23,C012,鈴木,名刺,91x55,ケント220kg,1/1,,,100,3,市内,2024-06-06,,７，４００,税抜,
P2405-1265,2024-05-23,C015,田中,リーフレット,A3,マットコート110kg,4/0,,PP加工(片面),3000,1,県外,2024-05-26,特急,"48,300",税抜,"4,830"
P2405-1266,2024-05-24,一般,田中,リーフレット,A3,マットコート110kg,4/4,,穴あけ,5000,1,引取,2024-06-07,色校正1回,"56,000",税抜,
P2405-1267,2024-05-25,C001,鈴木,名刺,91x55,マット220kg,4/0,,,500,3,市外,2024-05-28,色校正1回,"47,000",税抜,
P2405-1268,2024-05-25,C010,田中,チラシ,A3,コート90kg,1/0,,,10000,1,市内,2024-06-08,,"63,250",税込,
P2405-1269,2024-05-26,D008,高橋,チラシ,A4,コート90kg,1/0,,PP片面,10000,1,市外,2024-06-02,,"60,060",,
P2405-1270,2024-05-26,K008,田中,封筒,角2,クラフト85g,1/0,,,2000,1,引取,2024-06-05,,"24,900",税抜,"2,490"
P2405-1271,2024-05-26,G003,佐藤,チラシ,A3,コート135kg,1/0,,穴あけ,1000,1,市外,2024-05-28,特急,17850円,税抜,
P2405-1272,2024-05-27,一般,佐藤,封筒,角2,クラフト85g,2/0,,,1000,1,引取,2024-06-17,納品書同封,"15,510",内税,
P2405-1273,2024-05-27,一般,高橋,封筒,長3,クラフト85g,2/0,,,500,1,市内,2024-06-17,,7100円,税抜,710
P2405-1274,2024-05-28,一般,田中,チラシ,A4,マットコート110kg,4/0,,穴あけ,10000,3,引取,2024-06-07,データ修正あり,"123,700",税抜,"12,370"
P2405-1275,2024-05-29,C034,高橋,封筒,長3,ケント100g,2/0,,,3000,1,引取,,前回同様,"28,500",税抜,"2,850"
P2405-1276,2024-05-30,C009,高橋,チラシ,A4,コート135kg,1/1,,,2000,1,市外,2024-06-04,,"¥16,390",,
P2405-1277,2024-05-30,K009,田中,封筒,長3,クラフト85g,1/0,,,500,1,引取,,データ修正あり,"10,230",税込,930
P2405-1278,2024-05-30,C002,田中,名刺,91x55,マット220kg,1/0,,,200,1,市内,2024-06-02,特急,"6,700",税抜,
P2405-1279,2024-05-30,一般,鈴木,チラシ,B5,コート90kg,4/4,,穴あけ,10000,1,引取,2024-06-20,納品書同封,"52,800",,
P2406-1280,2024-06-01,一般,田中,名刺,91x55,ケント220kg,4/4,,,100,1,引取,,,"¥3,300",税込,300
P2406-1281,2024-06-01,C002,鈴木,名刺,91x55,ケント220kg,4/4,,,200,8,引取,2024-06-15,データ修正あり,34000円,税抜,
P2406-1282,2024-06-01,C035,田中,名刺,91x55,マット220kg,4/4,,,500,5,市内,2024-06-08,前回同様,"¥50,800",税抜,
P2406-1283,2024-06-02,一般,鈴木,封筒,長3,クラフト85g,1/0,,,2000,1,市内,,データ修正あり,"19,100",税抜,
P2406-1284,2024-06-02,K019,佐藤,チラシ,B4,マットコート110kg,4/4,,穴あけ,5000,2,引取,2024-06-12,データ修正あり,"81,000",税抜,"8,100"
P2406-1285,2024-06-03,C027,高橋,封筒,角2,ケント100g,2/0,,,1500,1,市内,,前回同様,"25,700",税抜,"2,570"
P2406-1286,2024-06-03,一般,田中,チラシ,B5,コート90kg,4/4,,PP片面,5000,1,引取,2024-06-05,前回同様 特急,"57,860",税込,
P2406-1287,2024-06-04,C003,高橋,リーフレット,A4,コート135kg,4/0,,,2000,2,市外,2024-06-18,データ修正あり,３５，５００,,
P2406-1288,2024-06-04,一般,鈴木,リーフレット,A3,マットコート110kg,4/0,,,500,3,市内,,色校正1回,"32,500",税抜,
P2406-1289,2024-06-05,C022,鈴木,チラシ,A4,コート90kg,1/1,,,5000,2,引取,2024-06-19,データ入稿済,"44,000",税抜,"4,400"
P2406-1290,2024-06-05,一般,鈴木,冊子,A5,上質70kg,4/4,40,,50,1,市内,2024-06-26,納品書同封,"¥21,120",内税,
P2406-1291,2024-06-05,一般,田中,チラシ,A4,コート90kg,1/0,,PP加工(片面),10000,1,引取,2024-06-08,特急,"83,800",税抜,"8,380"
P2406-1292,2024-06-06,C006,鈴木,チラシ,A3,コート135kg,4/0,,,5000,3,引取,2024-06-13,,"123,750",税込み,"11,250"
P2406-1293,2024-06-06,一般,田中,封筒,長3,ケント100g,2/0,,,2000,1,市内,,色校正1回,"¥25,900",税抜,"2,590"
P2406-1294,2024-06-07,一般,佐藤,リーフレット,A3,コート90kg,4/0,,PP加工(片面),10000,3,引取,2024-06-17,前回同様,321750円,税込,
P2406-1295,2024-06-07,C003,鈴木,リーフレット,A3,マットコート110kg,4/4,,,3000,2,引取,2024-06-17,,"62,600",税抜,
P2406-1296,2024-06-08,C035,高橋,リーフレット,A4,マットコート110kg,4/4,,PP加工(片面),10000,1,市内,2024-06-11,特急,"140,250",内税,"12,750"
P2406-1297,2024-06-08,K010,鈴木,チラシ,A3,マットコート110kg,1/0,,,10000,1,引取,2024-06-18,,"64,500",税抜,
P2406-1298,2024-06-09,K019,高橋,封筒,角2,クラフト85g,2/0,,,3000,1,県外,2024-06-14,データ修正あり,"41,700",税抜,
P2406-1299,2024-06-09,C015,鈴木,リーフレット,A4,マットコート110kg,4/4,,穴あけ,2000,1,引取,2024-06-16,,２０，９００,税抜,
P2406-1300,2024-06-09,G006,鈴木,リーフレット,A4,コート135kg,4/0,,,2000,3,市内,,,"46,860",,
P2406-1301,2024-06-09,C002,鈴木,チラシ,B5,マットコート110kg,1/0,,,5000,1,引取,2024-06-30,前回同様,"16,500",税抜,
P2406-1302,2024-06-10,D003,鈴木,チラシ,B5,コート90kg,4/4,,PP加工(片面),10000,2,引取,,データ入稿済,"130,000",税抜,
P2406-1303,2024-06-10,C012,田中,チラシ,B5,コート135kg,4/0,,,5000,3,市内,2024-06-24,,"75,130",税込み,
P2406-1304,2024-06-10,C035,鈴木,リーフレット,A3,コート90kg,4/4,,,1000,2,県外,2024-06-20,,30000円,税抜,"3,000"
P2406-1305,2024-06-11,G003,田中,名刺,91x55,マット220kg,4/4,,,500,1,市内,2024-06-25,,"10,780",税込,980
P2406-1306,2024-06-11,C009,高橋,リーフレット,A4,コート135kg,4/4,,PP片面,3000,1,引取,2024-06-21,,３８，３９０,内税,
P2406-1307,2024-06-11,C009,田中,冊子,B5,上質70kg,4/4,16,,300,1,市外,2024-06-14,,"42,100",税抜,
P2406-1308,2024-06-12,D001,佐藤,チラシ,B4,マットコート110kg,4/0,,,5000,1,引取,2024-06-26,,"24,220",税抜,"2,422"
P2406-1309,2024-06-12,C008,鈴木,名刺,91x55,マット220kg,4/0,,,500,5,市内,,前回同様,"55,880",税込み,
P2406-1310,2024-06-12,一般,高橋,名刺,91x55,ケント220kg,4/0,,,500,8,県外,2024-06-22,データ入稿済,"¥68,600",税抜,
P2406-1311,2024-06-12,一般,佐藤,チラシ,A3,マットコート110kg,4/0,,,3000,3,市内,2024-06-26,色校正1回,"73,300",税抜,
P2405-1270-R2,2024-06-13,K008,田中,封筒,角2,クラフト85g,1/0,,,2000,1,引取,2024-06-23,,"24,900",税抜,
P2406-1312,2024-06-13,D005,田中,冊子,A4,上質70kg,1/1,8,,50,1,市内,,,１２，７００,税抜,
P2406-1313,2024-06-13,K009,鈴木,チラシ,B4,マットコート110kg,4/0,,PP片面,3000,1,市外,2024-06-23,,"32,340",税込,"2,940"
P2406-1314,2024-06-14,C002,田中,冊子,A5,上質70kg,1/1,16,,50,1,引取,,,"15,300",税抜,
P2406-1315,2024-06-14,C039,佐藤,リーフレット,A4,コート135kg,4/0,,,5000,1,市外,2024-06-17,データ修正あり 特急,"¥49,555",内税,
P2406-1316,2024-06-14,C015,高橋,名刺,91x55,マット220kg,4/4,,,500,8,市内,,色校正1回,"¥85,800",税抜,
P2406-1305-R2,2024-06-15,G003,田中,名刺,91x55,マット220kg,4/4,,,1000,1,市内,2024-06-29,,"10,780",税込,980
P2406-1317,2024-06-15,C023,佐藤,リーフレット,A4,コート135kg,4/4,,PP片面,2000,1,市内,2024-06-20,,"26,279",税込み,
P2406-1318,2024-06-15,C011,佐藤,名刺,91x55,ケント220kg,1/0,,,200,8,市外,2024-06-17,データ修正あり 特急,"45,750",税抜,
P2406-1319,2024-06-15,一般,田中,封筒,長3,クラフト85g,1/0,,,2000,1,県外,,,"¥18,300",税抜,"1,830"
P2406-1320,2024-06-15,C010,鈴木,チラシ,A3,コート90kg,4/0,,PP片面,2000,1,引取,,,"20,600",税抜,"2,060"
P2406-1321,2024-06-16,C031,高橋,名刺,91x55,マット220kg,4/0,,,500,2,市外,2024-06-26,,２１，５００,税抜,"2,150"
P2406-1322,2024-06-16,C028,鈴木,リーフレット,A3,マットコート110kg,4/4,,,10000,3,引取,2024-06-18,,392480円,税込み,"35,680"
P2406-1323,2024-06-17,C029,高橋,チラシ,B4,コート90kg,4/4,,PP片面,2000,2,市外,,色校正1回,"55,000",,
P2406-1324,2024-06-18,C006,佐藤,リーフレット,A3,コート135kg,1/0,,,5000,2,引取,2024-06-23,,"85,000",税抜,
P2406-1325,2024-06-18,一般,佐藤,封筒,長3,ケント100g,1/0,,,2000,1,市内,2024-07-02,,"26,930",税抜,
P2406-1326,2024-06-18,一般,鈴木,チラシ,B5,コート90kg,4/4,,,5000,1,市内,,,"¥25,500",,
P2406-1327,2024-06-18,D001,鈴木,名刺,91x55,ケント220kg,1/0,,,500,1,引取,2024-06-25,,"7,700",税込,
P2406-1328,2024-06-18,G004,高橋,封筒,長3,クラフト85g,1/0,,,3000,1,県外,2024-06-25,,"21,120",内税,"1,920"
P2406-1329,2024-06-18,C006,佐藤,チラシ,A3,上質70kg,1/0,,,500,1,県外,2024-06-23,,"¥8,820",税抜,
P2406-1330,2024-06-18,C005,鈴木,リーフレット,A3,コート90kg,1/0,,PP加工(片面),5000,2,引取,2024-06-21,前回同様,"147,290",税込み,
P2406-1331,2024-06-18,C004,鈴木,封筒,角2,クラフト85g,1/0,,,1000,1,引取,2024-06-28,,１５，５１０,内税,"1,410"
P2406-1332,2024-06-19,G004,田中,チラシ,A3,マットコート110kg,4/4,,,10000,2,市内,,,"159,280",内税,"14,480"
P2406-1333,2024-06-19,C026,田中,チラシ,A4,上質70kg,4/4,,,5000,1,市内,,,"25,500",税抜,
P2406-1334,2024-06-21,C020,鈴木,名刺,91x55,ケント220kg,4/0,,,500,3,市内,2024-06-28,,"25,400",,
P2406-1335,2024-06-21,K010,鈴木,冊子,A4,上質70kg,1/1,48,,200,1,市内,2024-07-12,データ入稿済,"32,560",,
P2406-1336,2024-06-22,D004,佐藤,封筒,長3,クラフト85g,1/0,,,1000,1,市外,2024-07-02,前回同様,10340円,内税,
P2406-1337,2024-06-22,C035,高橋,冊子,A5,上質70kg,4/4,8,,300,1,市外,2024-07-06,,"31,240",,
P2406-1338,2024-06-23,C016,鈴木,チラシ,B4,コート135kg,4/0,,穴あけ,2000,2,市内,2024-07-14,,"31,790",,
P2406-1339,2024-06-23,C018,佐藤,封筒,長3,クラフト85g,2/0,,,500,1,引取,2024-06-30,,"6,930",,
P2406-1340,2024-06-23,C012,佐藤,チラシ,A3,コート135kg,4/0,,PP加工(片面),10000,3,市内,,データ入稿済,"293,250",税抜,"29,325"
P2406-1341,2024-06-23,C031,高橋,冊子,B5,マットコート110kg,4/4,12,,500,1,県外,2024-06-25,色校正1回 特急,６１，２００,税抜,
P2406-1342,2024-06-23,一般,田中,リーフレット,A4,マットコート110kg,4/4,,PP片面,2000,1,引取,2024-06-26,特急,"34,100",,
P2406-1343,2024-06-25,C019,鈴木,チラシ,A4,上質70kg,4/0,,穴あけ,2000,1,市内,,データ入稿済,"¥12,700",税抜,"1,270"
P2406-1344,2024-06-25,一般,佐藤,冊子,A4,上質70kg,4/4,48,,500,1,市内,2024-07-09,データ入稿済,"75,000",税抜,
P2406-1345,2024-06-26,C011,高橋,チラシ,A4,コート90kg,1/0,,PP加工(片面),10000,1,県外,2024-06-28,色校正1回,"92,070",税込み,
P2406-1346,2024-06-26,C032,佐藤,名刺,91x55,マット220kg,4/4,,,200,8,市外,2024-06-29,データ入稿済,"49,340",税抜,"4,934"
P2406-1347,2024-06-27,C002,高橋,チラシ,A4,コート90kg,4/0,,穴あけ,10000,1,引取,,データ入稿済,３９，９３０,内税,
P2406-1348,2024-06-27,G003,高橋,冊子,A4,マットコート110kg,4/4,16,,300,1,市内,2024-07-02,,"28,900",税抜,"2,890"
P2406-1349,2024-06-27,一般,佐藤,チラシ,A4,上質70kg,4/0,,,1000,1,引取,,データ修正あり,"10,560",税込,
P2406-1350,2024-06-27,C003,高橋,チラシ,B5,上質70kg,4/0,,,5000,3,市内,2024-07-11,,"44,000",内税,
P2406-1351,2024-06-27,一般,佐藤,名刺,91x55,ケント220kg,1/1,,,500,1,市外,,色校正1回,"14,700",税抜,
P2406-1352,2024-06-28,一般,高橋,チラシ,A3,コート135kg,4/4,,PP片面,1000,3,市内,,色校正1回,"57,090",内税,"5,190"
P2406-1353,2024-06-29,D003,鈴木,チラシ,A3,コート135kg,4/0,,,10000,3,市内,2024-07-02,前回同様,"227,400",税抜,
P2406-1354,2024-06-29,C035,佐藤,チラシ,B4,マットコート110kg,4/0,,,5000,1,市外,2024-07-02,納品書同封,"37,430",,
P2406-1355,2024-06-29,C001,佐藤,リーフレット,A4,コート135kg,4/0,,PP片面,1000,2,市内,2024-07-13,,"27,800",税抜,
P2406-1356,2024-06-30,C019,高橋,冊子,A5,上質70kg,4/4,8,,200,1,市外,2024-07-05,前回同様,23700円,税抜,
P2407-1357,2024-07-01,C040,佐藤,名刺,91x55,ケント220kg,1/1,,,200,1,市外,2024-07-04,色校正1回,"13,040",税抜,
P2407-1358,2024-07-02,C001,佐藤,封筒,長3,クラフト85g,2/0,,,1000,1,引取,,データ修正あり,"13,530",税込,
P2407-1359,2024-07-05,一般,佐藤,チラシ,B4,コート90kg,1/0,,,5000,2,県外,2024-07-19,,"54,000",税抜,
P2407-1360,2024-07-06,C033,田中,名刺,91x55,ケント220kg,4/4,,,300,1,市内,2024-07-27,前回同様,6710円,内税,610
P2407-1361,2024-07-06,C014,田中,冊子,A5,マットコート110kg,4/4,24,,200,1,県外,2024-07-20,色校正1回,"40,040",内税,"3,640"
P2407-1362,2024-07-06,C007,佐藤,名刺,91x55,マット220kg,4/4,,,200,1,引取,2024-07-13,データ入稿済,"¥4,600",税抜,
P2407-1363,2024-07-07,C013,佐藤,チラシ,B5,コート90kg,4/4,,PP片面,5000,1,引取,2024-07-14,前回同様,"40,500",税抜,
P2407-1364,2024-07-07,K017,鈴木,チラシ,B4,上質70kg,1/0,,,10000,1,引取,,,"40,500",,
P2407-1365,2024-07-08,G007,鈴木,名刺,91x55,ケント220kg,4/0,,,300,8,引取,,データ入稿済,"38,300",税抜,
P2407-1366,2024-07-08,C017,鈴木,チラシ,B4,コート135kg,4/4,,,2000,1,市内,2024-07-18,納品書同封,１７，６００,内税,
P2407-1367,2024-07-09,C007,佐藤,冊子,A4,マットコート110kg,4/4,24,,1000,1,引取,,データ修正あり,"93,200",税抜,
P2407-1368,2024-07-09,C027,鈴木,チラシ,A4,コート90kg,1/0,,穴あけ,3000,1,引取,2024-07-12,特急,"¥21,400",,
P2407-1369,2024-07-09,C001,佐藤,チラシ,B4,上質70kg,4/0,,PP片面,10000,1,引取,,納品書同封,"70,500",税抜,"7,050"
P2407-1370,2024-07-11,C009,田中,リーフレット,A4,コート90kg,4/4,,,10000,3,引取,2024-07-21,データ修正あり,"206,250",税込,
P2407-1360-R2,2024-07-12,C033,田中,名刺,91x55,ケント220kg,4/4,,,600,1,市内,2024-08-02,前回同様,6710円,内税,610
P2407-1371,2024-07-12,C006,田中,チラシ,A4,コート90kg,1/0,,PP片面,3000,1,市内,,データ修正あり,"28,930",,
P2407-1372,2024-07-12,C010,田中,名刺,91x55,ケント220kg,4/0,,,200,1,市内,,,"¥4,600",税抜,
P2407-1373,2024-07-12,K018,佐藤,冊子,A5,マットコート110kg,4/4,12,,500,1,市内,,前回同様,"¥44,660",,
P2407-1374,2024-07-13,G001,鈴木,封筒,長3,ケント100g,1/0,,,500,1,引取,2024-07-27,,７，３７０,税込み,670
P2407-1375,2024-07-13,C022,鈴木,冊子,A5,マットコート110kg,4/4,40,,100,1,引取,2024-07-27,,"23,800",税抜,
P2407-1376,2024-07-13,一般,鈴木,リーフレット,A4,コート135kg,4/0,,PP片面,500,1,市外,2024-07-27,前回同様,"12,100",税込み,"1,100"
P2407-1377,2024-07-13,C002,田中,リーフレット,A3,コート90kg,4/4,,,500,1,市外,2024-07-20,前回同様,"¥11,000",税抜,"1,100"
P2407-1378,2024-07-13,C030,田中,冊子,B5,マットコート110kg,4/4,48,,500,1,引取,2024-07-15,前回同様 特急,96400円,税抜,"9,640"
P2407-1379,2024-07-15,一般,高橋,リーフレット,A3,マットコート110kg,1/0,,,10000,1,引取,,,73500円,税抜,
P2407-1380,2024-07-15,K006,高橋,封筒,長3,ケント100g,2/0,,,500,1,引取,,前回同様,"7,500",税抜,750
P2407-1381,2024-07-15,C011,田中,名刺,91x55,ケント220kg,1/1,,,300,3,市内,2024-07-29,,18370円,税込み,"1,670"
P2407-1382,2024-07-16,C005,鈴木,冊子,A5,マットコート110kg,4/4,48,,200,1,市内,2024-07-23,納品書同封,"54,450",税込,
P2407-1383,2024-07-17,C004,佐藤,チラシ,B5,コート90kg,4/0,,穴あけ,10000,1,市外,,,"32,050",税抜,"3,205"
P2407-1384,2024-07-18,K008,田中,チラシ,B4,コート135kg,4/4,,,5000,1,市内,,データ入稿済,"33,700",税抜,
P2407-1385,2024-07-18,一般,鈴木,名刺,91x55,マット220kg,1/0,,,500,1,市内,2024-07-25,,"10,800",税抜,
P2407-1386,2024-07-18,C010,佐藤,チラシ,B5,上質70kg,1/1,,PP片面,3000,1,市外,2024-07-25,色校正1回,"28,743",内税,"2,613"
P2407-1387,2024-07-18,C017,田中,リーフレット,A3,コート90kg,4/4,,,3000,1,県外,2024-07-20,,"39,400",税抜,
P2407-1388,2024-07-19,C011,鈴木,名刺,91x55,マット220kg,1/0,,,300,1,県外,2024-07-26,,"10,340",税込み,
P2407-1389,2024-07-19,C005,鈴木,リーフレット,A3,マットコート110kg,1/0,,PP加工(片面),500,2,市外,2024-07-24,データ入稿済,２２，３００,,
P2407-1390,2024-07-19,C011,田中,リーフレット,A4,コート135kg,1/0,,,10000,1,引取,2024-07-22,データ入稿済 特急,"79,310",,
P2407-1391,2024-07-20,C003,佐藤,チラシ,A4,コート90kg,4/0,,,5000,1,市内,,前回同様,"¥21,681",税込,
P2407-1392,2024-07-20,一般,鈴木,リーフレット,A4,マットコート110kg,4/0,,,2000,1,県外,2024-07-23,,"¥21,500",,
P2407-1393,2024-07-21,C025,田中,名刺,91x55,マット220kg,1/1,,,200,1,引取,2024-07-28,納品書同封,"4,600",税抜,460
P2407-1394,2024-07-21,K017,鈴木,チラシ,B5,コート135kg,1/0,,,5000,3,県外,,,６８，４００,,
P2407-1395,2024-07-21,D009,佐藤,封筒,角2,クラフト85g,1/0,,,3000,1,引取,2024-08-11,前回同様,"33,374",内税,
P2407-1396,2024-07-22,C010,佐藤,名刺,91x55,ケント220kg,4/4,,,200,3,引取,2024-08-12,,"11,640",税抜,
P2407-1397,2024-07-22,C025,鈴木,封筒,長3,ケント100g,1/0,,,1500,1,市外,2024-08-05,データ修正あり,"20,400",,
P2407-1398,2024-07-22,C001,佐藤,封筒,角2,ケント100g,1/0,,,300,1,市外,2024-07-27,,"12,000",税抜,"1,200"
P2407-1399,2024-07-22,C026,鈴木,冊子,A4,マットコート110kg,1/1,24,,300,1,引取,2024-07-25,納品書同封,"42,350",税込,
P2407-1400,2024-07-23,C026,鈴木,封筒,角2,ケント100g,1/0,,,1500,1,県外,2024-07-30,色校正1回,"¥32,900",税抜,
P2407-1401,2024-07-23,C010,佐藤,封筒,長3,クラフト85g,1/0,,,1000,1,引取,2024-08-06,納品書同封,"10,230",税込,
P2407-1402,2024-07-23,C025,高橋,名刺,91x55,ケント220kg,4/0,,,100,5,引取,2024-08-13,色校正1回,１８，９２０,内税,"1,720"
P2407-1403,2024-07-23,C016,高橋,チラシ,B4,コート90kg,4/4,,,10000,1,引取,2024-07-26,データ修正あり 特急,"¥85,100",税抜,"8,510"
P2407-1404,2024-07-24,K019,田中,名刺,91x55,マット220kg,1/1,,,100,1,引取,2024-07-27,データ入稿済,"3,960",内税,360
P2407-1405,2024-07-24,一般,高橋,リーフレット,A3,マットコート110kg,4/4,,PP加工(片面),5000,3,引取,2024-07-27,特急,"¥272,360",税込,"24,760"
P2407-1406,2024-07-25,C003,鈴木,リーフレット,A4,マットコート110kg,4/4,,,3000,1,県外,2024-07-30,,"29,810",税込み,
P2407-1407,2024-07-25,K003,田中,リーフレット,A4,コート90kg,4/0,,,2000,1,市内,2024-08-08,色校正1回,"¥20,790",,
P2407-1408,2024-07-25,一般,佐藤,封筒,長3,クラフト85g,2/0,,,1000,1,引取,2024-08-01,データ入稿済,"¥10,230",税込,930
P2407-1409,2024-07-26,C004,田中,冊子,A5,マットコート110kg,1/1,32,,50,1,市外,2024-08-16,納品書同封,"¥19,360",,
P2407-1410,2024-07-26,一般,田中,冊子,A5,上質70kg,1/1,40,,50,1,市外,,前回同様,"17,100",税抜,
P2407-1411,2024-07-26,C025,佐藤,チラシ,B5,上質70kg,4/0,,穴あけ,3000,1,引取,,納品書同封,"12,510",税抜,
P2407-1412,2024-07-27,G002,鈴木,名刺,91x55,ケント220kg,4/0,,,300,3,市外,2024-08-01,データ入稿済,"¥15,800",税抜,
P2407-1413,2024-07-27,C005,高橋,封筒,角2,クラフト85g,2/0,,,3000,1,市内,2024-07-30,前回同様,"¥39,800",税抜,"3,980"
P2407-1414,2024-07-28,C003,高橋,名刺,91x55,ケント220kg,1/1,,,200,1,引取,2024-08-07,,"3,800",税抜,
P2407-1415,2024-07-28,C005,鈴木,チラシ,A4,上質70kg,4/4,,穴あけ,1000,1,市内,2024-08-07,データ入稿済,１２，１００,税抜,
P2407-1416,2024-07-29,C011,鈴木,チラシ,A4,コート135kg,1/0,,,3000,1,引取,2024-08-05,納品書同封,１６，５００,税抜,"1,650"
P2407-1417,2024-07-29,K006,佐藤,リーフレット,A3,コート135kg,1/1,,穴あけ,5000,1,市外,2024-08-19,,"54,450",税込み,
P2407-1418,2024-07-31,C021,鈴木,冊子,A4,上質70kg,4/4,12,,300,1,引取,2024-08-07,前回同様,30800円,,
P2408-1419,2024-08-01,C004,高橋,名刺,91x55,マット220kg,4/0,,,200,3,市外,2024-08-15,色校正1回,"20,300",税抜,
P2408-1420,2024-08-01,C031,田中,冊子,A4,マットコート110kg,1/1,24,,500,1,市内,,,"45,760",税込み,"4,160"
P2408-1421,2024-08-01,K014,高橋,チラシ,B5,コート90kg,4/4,,,500,3,市内,2024-08-04,色校正1回,"33,000",税抜,
P2408-1422,2024-08-01,K014,高橋,チラシ,A4,マットコート110kg,4/4,,穴あけ,2000,1,市外,,,"19,800",税抜,
P2408-1423,2024-08-02,一般,鈴木,リーフレット,A4,コート135kg,4/4,,穴あけ,2000,1,市内,2024-08-05,データ修正あり 特急,"¥33,400",税抜,
P2408-1424,2024-08-02,C010,田中,冊子,A5,上質70kg,4/4,48,,300,1,引取,2024-08-16,納品書同封,"49,700",税抜,"4,970"
P2408-1425,2024-08-02,D004,鈴木,チラシ,A4,上質70kg,4/0,,,1000,1,市外,,,"¥8,030",,
P2408-1426,2024-08-02,C005,鈴木,チラシ,B5,マットコート110kg,4/4,,PP片面,5000,3,市内,2024-08-09,データ修正あり,"147,730",,
P2408-1427,2024-08-03,D008,佐藤,リーフレット,A3,コート135kg,4/0,,穴あけ,2000,3,市内,2024-08-13,データ入稿済,60621円,,
P2408-1428,2024-08-04,C008,佐藤,リーフレット,A4,コート135kg,4/0,,,1000,1,市外,2024-08-25,,"12,000",税抜,
P2408-1429,2024-08-06,C009,佐藤,名刺,91x55,ケント220kg,4/0,,,100,1,引取,2024-08-09,納品書同封 特急,"3,487",内税,
P2408-1430,2024-08-06,C032,佐藤,チラシ,A3,上質70kg,1/0,,,1000,1,市外,2024-08-09,,"13,590",税抜,"1,359"
P2408-1431,2024-08-07,K014,佐藤,名刺,91x55,マット220kg,1/1,,,200,3,市内,2024-08-14,データ修正あり,"17,600",税抜,"1,760"
P2408-1432,2024-08-07,C011,佐藤,チラシ,A4,コート90kg,1/0,,PP片面,5000,1,引取,2024-08-14,,"34,500",税抜,
P2408-1433,2024-08-08,D004,鈴木,名刺,91x55,ケント220kg,4/4,,,500,8,引取,2024-08-11,特急,79640円,内税,
P2408-1434,2024-08-08,C003,高橋,冊子,A4,上質70kg,1/1,16,,300,1,引取,2024-08-22,,２６，９００,,
P2408-1435,2024-08-08,一般,高橋,名刺,91x55,マット220kg,1/1,,,200,2,市内,2024-08-22,,"10,000",税抜,"1,000"
P2408-1436,2024-08-08,C031,高橋,冊子,A5,上質70kg,1/1,8,,200,1,県外,2024-08-15,前回同様,"23,800",税抜,"2,380"
P2408-1437,2024-08-09,一般,佐藤,名刺,91x55,マット220kg,1/1,,,200,8,引取,2024-08-23,納品書同封,36800円,税抜,
P2408-1438,2024-08-09,一般,田中,名刺,91x55,ケント220kg,4/0,,,200,2,引取,2024-08-11,特急,"11,000",税込み,
P2408-1439,2024-08-10,一般,鈴木,チラシ,A3,コート135kg,4/4,,,3000,1,県外,,前回同様,35970円,,
P2408-1440,2024-08-10,一般,高橋,チラシ,B5,コート90kg,4/0,,,500,1,引取,2024-08-24,,"5,700",税抜,
P2408-1441,2024-08-10,C008,田中,封筒,長3,ケント100g,2/0,,,1000,1,市内,,,12500円,,
P2408-1442,2024-08-11,C032,高橋,封筒,長3,ケント100g,1/0,,,1500,1,県外,,データ修正あり,"19,500",,
P2408-1443,2024-08-13,C005,鈴木,封筒,角2,ケント100g,1/0,,,300,1,市内,2024-08-18,,"11,300",税抜,
P2408-1444,2024-08-13,K003,鈴木,チラシ,B5,マットコート110kg,4/0,,,1000,1,県外,2024-08-18,前回同様,"11,550",税込み,"1,050"
P2408-1445,2024-08-13,C002,高橋,チラシ,B4,コート135kg,4/0,,PP片面,10000,1,引取,2024-08-15,特急,"115,000",税抜,"11,500"
P2408-1446,2024-08-13,一般,田中,リーフレット,A4,コート90kg,4/0,,,10000,1,市内,2024-08-27,色校正1回,43800円,,
P2408-1447,2024-08-13,C010,田中,リーフレット,A4,コート90kg,4/4,,PP片面,10000,1,市内,,前回同様,"¥92,300",税抜,
P2408-1448,2024-08-14,C005,田中,名刺,91x55,ケント220kg,4/0,,,200,1,引取,2024-08-21,データ修正あり,7480円,,
P2408-1449,2024-08-15,D005,田中,チラシ,B4,コート135kg,4/0,,PP片面,5000,2,引取,2024-08-29,,"79,310",内税,
P2408-1450,2024-08-15,一般,佐藤,冊子,A4,上質70kg,1/1,12,,300,1,県外,,,28840円,,
P2408-1451,2024-08-15,K004,鈴木,封筒,長3,ケント100g,2/0,,,3000,1,引取,2024-08-22,色校正1回,"¥33,500",税抜,"3,350"
P2408-1439-R2,2024-08-16,一般,鈴木,チラシ,A3,コート135kg,4/4,,,3000,1,県外,,前回同様,"31,800",税抜,
P2408-1452,2024-08-16,K011,佐藤,チラシ,B5,コート90kg,4/4,,穴あけ,3000,2,市外,2024-08-30,,"37,580",,
P2408-1453,2024-08-16,C011,田中,リーフレット,A4,コート135kg,4/0,,,2000,1,引取,2024-08-26,データ入稿済,15500円,税抜,
P2408-1454,2024-08-16,一般,鈴木,名刺,91x55,ケント220kg,4/4,,,500,2,引取,2024-08-19,特急,23430円,,
P2408-1455,2024-08-16,C009,田中,名刺,91x55,マット220kg,1/1,,,100,1,市外,,,"4,300",,
P2408-1456,2024-08-17,一般,田中,封筒,長3,ケント100g,2/0,,,2000,1,引取,2024-08-24,,"20,100",税抜,
P2408-1457,2024-08-17,一般,田中,名刺,91x55,ケント220kg,4/0,,,300,5,市内,2024-09-07,,"27,400",,
P2408-1458,2024-08-17,K020,高橋,封筒,長3,クラフト85g,1/0,,,2000,1,市外,2024-08-27,データ入稿済,16800円,,
P2408-1459,2024-08-18,G004,鈴木,チラシ,A3,コート135kg,1/0,,穴あけ,10000,1,市内,2024-09-01,前回同様,"¥71,390",税込み,
P2408-1460,2024-08-18,C030,佐藤,冊子,B5,マットコート110kg,4/4,20,,100,1,市内,,前回同様,"20,800",税抜,
P2408-1461,2024-08-19,C020,佐藤,冊子,B5,上質70kg,1/1,12,,1000,1,引取,,納品書同封,"55,800",税抜,
P2408-1462,2024-08-20,G005,佐藤,リーフレット,A3,コート135kg,4/0,,,5000,2,引取,2024-08-23,特急,"99,450",税抜,
P2408-1463,2024-08-20,C030,佐藤,チラシ,B4,マットコート110kg,4/4,,,3000,1,引取,2024-08-27,,"25,927",内税,"2,357"
P2408-1464,2024-08-21,一般,田中,リーフレット,A4,コート135kg,4/0,,穴あけ,3000,3,市外,2024-08-23,,"¥85,300",税抜,
P2408-1465,2024-08-21,C027,鈴木,チラシ,B5,上質70kg,1/0,,PP加工(片面),2000,1,市内,,,14400円,税抜,
P2408-1466,2024-08-21,C003,田中,冊子,A4,上質70kg,1/1,48,,300,1,市内,2024-09-04,,37500円,税抜,"3,750"
P2408-1467,2024-08-22,K012,鈴木,封筒,長3,ケント100g,2/0,,,500,1,市内,2024-09-01,データ修正あり,"9,200",税抜,
P2408-1468,2024-08-22,C006,高橋,チラシ,B5,コート90kg,4/4,,,3000,1,引取,,データ入稿済,"18,150",税込み,"1,650"
P2408-1469,2024-08-23,G007,佐藤,冊子,B5,マットコート110kg,4/4,32,,200,1,引取,,,"28,180",税抜,
P2408-1470,2024-08-23,K010,高橋,リーフレット,A4,マットコート110kg,4/0,,PP加工(片面),10000,1,市外,2024-08-26,,"104,800",,
P2408-1471,2024-08-24,C010,高橋,リーフレット,A3,マットコート110kg,4/4,,,1000,1,引取,2024-09-03,納品書同封,"15,510",税込み,"1,410"
P2408-1472,2024-08-24,C020,高橋,名刺,91x55,ケント220kg,1/0,,,100,3,県外,,色校正1回,"16,830",,
P2408-1473,2024-08-24,C018,田中,チラシ,A3,コート135kg,1/0,,穴あけ,5000,1,引取,,前回同様,43120円,税込み,
P2408-1474,2024-08-24,一般,田中,リーフレット,A4,コート135kg,1/0,,穴あけ,1000,1,市外,2024-08-26,,１９，０００,税抜,"1,900"
P2408-1475,2024-08-26,一般,佐藤,チラシ,A4,上質70kg,4/0,,,5000,1,県外,,,"¥16,580",税抜,
P2408-1476,2024-08-26,K020,鈴木,名刺,91x55,ケント220kg,1/0,,,200,1,市内,2024-09-16,色校正1回,"¥10,560",内税,
P2408-1477,2024-08-26,C008,田中,チラシ,A3,マットコート110kg,4/4,,,500,1,市内,2024-08-29,,"10,890",,
P2408-1478,2024-08-26,C025,田中,リーフレット,A4,コート90kg,4/4,,,2000,1,引取,2024-09-09,,"16,060",内税,"1,460"
P2408-1479,2024-08-27,C003,高橋,冊子,A4,上質70kg,1/1,24,,300,1,市内,,データ修正あり,"33,400",税抜,"3,340"
P2408-1480,2024-08-28,一般,鈴木,名刺,91x55,マット220kg,4/0,,,500,3,引取,,データ入稿済,"30,000",税抜,
P2408-1481,2024-08-28,C023,鈴木,チラシ,A4,コート135kg,4/0,,,1000,2,市内,2024-09-02,,"¥17,930",,
P2408-1482,2024-08-28,一般,佐藤,冊子,B5,上質70kg,4/4,32,,100,1,市内,2024-09-11,データ修正あり,"25,960",税抜,
P2408-1483,2024-08-28,一般,高橋,名刺,91x55,ケント220kg,1/1,,,300,8,市内,2024-09-11,色校正1回,"53,130",税込,
P2408-1484,2024-08-28,D002,高橋,チラシ,A4,マットコート110kg,1/1,,,3000,1,引取,2024-09-04,色校正1回,"¥17,900",税抜,
P2408-1485,2024-08-28,C006,高橋,封筒,長3,ケント100g,1/0,,,3000,1,市内,2024-09-02,前回同様,"32,230",内税,
P2408-1486,2024-08-28,C009,高橋,名刺,91x55,ケント220kg,1/0,,,500,1,市内,,納品書同封,"9,000",税抜,
P2408-1487,2024-08-29,C007,鈴木,名刺,91x55,マット220kg,4/4,,,100,1,市外,2024-09-01,特急,５，６１０,税込,
P2408-1488,2024-08-30,C013,佐藤,封筒,長3,ケント100g,1/0,,,1500,1,市内,,データ入稿済,"18,370",税込,
P2408-1489,2024-08-30,一般,鈴木,名刺,91x55,ケント220kg,4/0,,,500,1,引取,2024-09-02,データ修正あり 特急,"14,500",税抜,"1,450"
P2408-1490,2024-08-31,D006,高橋,リーフレット,A3,コート135kg,4/4,,,5000,1,県外,,前回同様,"51,370",税込み,
P2408-1491,2024-08-31,K003,佐藤,リーフレット,A3,コート135kg,4/0,,PP片面,3000,1,市外,,色校正1回,"47,520",税込み,"4,320"
P2408-1492,2024-08-31,一般,佐藤,名刺,91x55,ケント220kg,1/1,,,100,1,引取,2024-09-03,,"3,487",税込み,317
P2409-1493,2024-09-01,C010,鈴木,チラシ,A3,コート135kg,4/4,,,5000,2,市内,2024-09-15,,"103,180",税込,"9,380"
P2409-1494,2024-09-01,C018,田中,リーフレット,A3,コート135kg,1/0,,PP片面,2000,1,引取,2024-09-15,,"26,300",,
P2409-1495,2024-09-02,C016,佐藤,名刺,91x55,ケント220kg,4/4,,,300,5,市外,2024-09-07,データ修正あり,31100円,,
P2409-1496,2024-09-02,D003,鈴木,名刺,91x55,マット220kg,4/0,,,500,1,引取,2024-09-23,,"7,200",税抜,
P2409-1497,2024-09-02,一般,鈴木,チラシ,A3,コート90kg,4/0,,穴あけ,1000,2,引取,2024-09-04,特急,"29,600",税抜,
P2409-1498,2024-09-03,C011,高橋,チラシ,B5,マットコート110kg,4/4,,,10000,1,市外,2024-09-06,データ入稿済 特急,"76,670",税込み,
P2409-1499,2024-09-04,C015,田中,チラシ,B4,上質70kg,4/4,,PP加工(片面),3000,1,引取,2024-09-14,データ入稿済,"29,700",税抜,
P2408-1471-R2,2024-09-06,C010,高橋,リーフレット,A3,マットコート110kg,4/4,,,1000,1,引取,2024-09-16,納品書同封,"14,100",税抜,
P2409-1500,2024-09-06,C001,高橋,チラシ,B5,コート90kg,4/0,,穴あけ,10000,1,市内,2024-09-08,前回同様 特急,"41,700",,
P2409-1501,2024-09-06,一般,高橋,リーフレット,A3,マットコート110kg,4/0,,,500,2,市外,2024-09-20,,"¥19,300",税抜,
P2409-1502,2024-09-07,C003,田中,リーフレット,A3,コート135kg,4/4,,,2000,1,市内,2024-09-10,特急,"31,900",税抜,"3,190"
P2409-1503,2024-09-08,C027,鈴木,名刺,91x55,マット220kg,1/0,,,300,8,引取,2024-09-10,特急,66500円,税抜,
P2409-1504,2024-09-08,C012,鈴木,チラシ,A3,マットコート110kg,4/0,,穴あけ,1000,2,引取,2024-09-22,前回同様,26400円,税込み,
P2409-1505,2024-09-08,一般,高橋,冊子,A5,マットコート110kg,1/1,24,,100,1,市内,2024-09-18,,"19,300",税抜,
P2409-1506,2024-09-09,C006,鈴木,名刺,91x55,ケント220kg,1/1,,,500,5,市内,,納品書同封,"45,980",内税,
P2409-1507,2024-09-09,D009,田中,リーフレット,A3,マットコート110kg,1/0,,,500,1,市内,2024-09-30,,８，３００,税抜,
P2409-1508,2024-09-09,C003,佐藤,チラシ,A4,コート135kg,4/4,,PP加工(片面),2000,3,県外,,,77550円,税込み,
P2409-1509,2024-09-09,C022,高橋,チラシ,B4,コート135kg,4/4,,PP片面,500,2,市内,2024-09-16,,"22,000",,
P2409-1510,2024-09-09,C016,高橋,封筒,角2,ケント100g,2/0,,,500,1,市内,2024-09-16,色校正1回,"¥20,900",税抜,
P2409-1511,2024-09-09,C006,佐藤,チラシ,B5,上質70kg,4/4,,PP加工(片面),10000,1,県外,,前回同様,"73,500",税抜,
P2409-1512,2024-09-10,K003,佐藤,チラシ,A4,コート90kg,4/0,,,10000,1,市内,2024-10-01,,３５，３００,税抜,"3,530"
P2409-1513,2024-09-11,K008,田中,冊子,A5,マットコート110kg,1/1,40,,50,1,引取,2024-09-16,,18260円,内税,"1,660"
P2409-1514,2024-09-11,C016,佐藤,チラシ,A3,コート90kg,4/0,,PP片面,2000,1,市外,2024-09-14,前回同様,"32,109",税込,"2,919"
P2409-1515,2024-09-11,C003,高橋,チラシ,A4,コート90kg,1/1,,,3000,1,引取,2024-09-25,納品書同封,"15,000",税抜,
P2409-1516,2024-09-11,K017,高橋,冊子,A4,上質70kg,1/1,16,,200,1,引取,2024-09-21,色校正1回,"27,200",税抜,"2,720"
P2409-1517,2024-09-11,C010,田中,冊子,A4,上質70kg,1/1,48,,300,1,引取,2024-09-25,データ修正あり,"43,670",税込,"3,970"
P2409-1518,2024-09-12,C016,田中,冊子,A5,上質70kg,4/4,48,,200,1,市内,2024-09-26,納品書同封,３８，２００,税抜,
P2409-1519,2024-09-12,一般,田中,チラシ,B4,マットコート110kg,4/4,,,5000,1,引取,,前回同様,３７，５００,税抜,"3,750"
P2409-1520,2024-09-13,一般,佐藤,名刺,91x55,ケント220kg,4/0,,,100,8,引取,2024-09-18,,19520円,税抜,"1,952"
P2409-1521,2024-09-13,G008,鈴木,リーフレット,A3,コート90kg,4/0,,PP加工(片面),2000,2,市内,,データ修正あり,46500円,税抜,"4,650"
P2409-1522,2024-09-14,C011,佐藤,チラシ,B5,コート90kg,4/0,,PP加工(片面),1000,1,市内,,,"11,770",内税,"1,070"
P2409-1523,2024-09-14,C006,高橋,冊子,A5,マットコート110kg,4/4,16,,300,1,市外,2024-09-19,納品書同封,"35,970",,
P2409-1524,2024-09-15,D010,田中,チラシ,A4,上質70kg,4/4,,,1000,1,引取,2024-09-25,色校正1回,"11,200",税抜,"1,120"
P2409-1525,2024-09-15,C018,鈴木,名刺,91x55,ケント220kg,4/4,,,100,5,市内,2024-09-17,納品書同封,"16,600",税抜,
P2409-1526,2024-09-15,C001,田中,冊子,A5,上質70kg,1/1,40,,200,1,市内,,,"28,200",,
P2409-1527,2024-09-15,一般,鈴木,チラシ,B4,マットコート110kg,4/4,,,2000,3,引取,2024-09-29,,"56,650",税込,"5,150"
P2409-1528,2024-09-18,一般,田中,チラシ,A3,上質70kg,4/4,,,500,1,市内,2024-09-28,,"¥8,030",,
P2409-1529,2024-09-18,C010,鈴木,チラシ,A4,コート135kg,4/4,,PP加工(片面),3000,1,県外,2024-09-21,特急,"42,700",税抜,
P2409-1530,2024-09-19,D005,佐藤,封筒,長3,ケント100g,2/0,,,500,1,引取,2024-09-29,データ修正あり,"8,400",税抜,
P2409-1531,2024-09-20,一般,佐藤,名刺,91x55,マット220kg,4/4,,,200,2,市内,,,８，８００,税抜,
P2409-1532,2024-09-21,C006,田中,冊子,A4,上質70kg,4/4,20,,50,1,市外,2024-09-28,,"19,800",税込,"1,800"
P2409-1533,2024-09-21,C007,鈴木,チラシ,A4,上質70kg,1/1,,,1000,2,市内,,前回同様,"¥15,100",税抜,"1,510"
P2409-1534,2024-09-21,C007,高橋,冊子,A5,上質70kg,1/1,32,,50,1,引取,2024-09-23,納品書同封 特急,"20,900",,
P2409-1535,2024-09-22,C023,鈴木,リーフレット,A3,マットコート110kg,4/0,,PP片面,2000,1,県外,2024-09-25,納品書同封 特急,33000円,税抜,
P2409-1536,2024-09-22,一般,田中,封筒,角2,クラフト85g,1/0,,,300,1,県外,,データ入稿済,11550円,税込,"1,050"
P2409-1537,2024-09-23,C012,田中,封筒,角2,ケント100g,2/0,,,3000,1,引取,,色校正1回,"56,650",税込,
P2409-1538,2024-09-24,C019,佐藤,チラシ,A4,上質70kg,4/4,,PP片面,3000,1,市外,2024-10-08,,"¥26,810",税抜,
P2409-1539,2024-09-24,K011,佐藤,冊子,B5,マットコート110kg,4/4,48,,50,1,市外,2024-10-04,,"20,620",税抜,
P2409-1540,2024-09-24,K008,高橋,チラシ,B4,コート135kg,4/0,,PP片面,1000,3,市内,2024-10-08,,"38,300",税抜,
P2409-1541,2024-09-24,C004,田中,名刺,91x55,ケント220kg,4/4,,,200,3,県外,2024-10-15,データ入稿済,"14,600",税抜,"1,460"
P2409-1542,2024-09-24,一般,鈴木,名刺,91x55,ケント220kg,4/0,,,500,2,市内,,データ入稿済,１７，２００,,
P2409-1535-R2,2024-09-25,C023,鈴木,リーフレット,A3,マットコート110kg,4/0,,PP片面,4000,1,県外,2024-09-28,納品書同封 特急,33000円,税抜,
P2409-1543,2024-09-25,一般,田中,リーフレット,A3,マットコート110kg,4/4,,穴あけ,2000,1,引取,,データ修正あり,"31,570",内税,
P2409-1544,2024-09-25,D004,高橋,名刺,91x55,マット220kg,1/0,,,300,3,引取,2024-09-30,データ入稿済,"¥16,300",税抜,
P2409-1545,2024-09-26,C030,田中,チラシ,A4,マットコート110kg,4/0,,,1000,1,市内,2024-09-29,特急,"11,000",税抜,"1,100"
P2409-1546,2024-09-26,C001,田中,封筒,角2,ケント100g,2/0,,,300,1,県外,2024-10-10,,"14,850",,
P2409-1547,2024-09-27,C006,佐藤,冊子,A4,上質70kg,4/4,40,,1000,1,引取,,,"133,100",税込,
P2409-1548,2024-09-27,一般,高橋,チラシ,B4,コート135kg,4/0,,PP加工(片面),10000,1,市内,2024-10-18,,"86,600",税抜,
P2409-1549,2024-09-28,D003,鈴木,封筒,長3,ケント100g,1/0,,,1500,1,引取,2024-10-12,前回同様,13500円,税抜,
P2409-1550,2024-09-28,C008,高橋,チラシ,A3,コート90kg,4/0,,,1000,1,市内,2024-09-30,前回同様,"14,520",,
P2409-1551,2024-09-29,C006,鈴木,チラシ,A4,コート135kg,4/4,,PP片面,10000,1,市外,2024-10-09,,"102,410",,
P2409-1552,2024-09-29,一般,鈴木,リーフレット,A4,マットコート110kg,4/0,,,5000,2,市外,2024-10-06,データ入稿済,"56,500",税抜,"5,650"
P2409-1553,2024-09-30,一般,鈴木,封筒,長3,ケント100g,2/0,,,300,1,市内,2024-10-02,前回同様,1500円,税抜,"1,050"
P2410-1554,2024-10-01,一般,田中,封筒,角2,クラフト85g,2/0,,,2000,1,引取,2024-10-08,,27390円,税込み,
P2410-1555,2024-10-01,一般,鈴木,名刺,91x55,ケント220kg,1/0,,,200,3,引取,,,"12,760",,
P2410-1556,2024-10-02,一般,佐藤,リーフレット,A3,マットコート110kg,4/4,,穴あけ,1000,2,市外,2024-10-05,特急,"42,060",税抜,
P2410-1557,2024-10-03,C033,鈴木,チラシ,A3,マットコート110kg,4/0,,,500,1,県外,2024-10-06,特急,"13,970",税込み,
P2410-1558,2024-10-03,K002,高橋,チラシ,A3,コート90kg,1/1,,PP加工(片面),2000,2,市内,,,"49,940",内税,
P2410-1559,2024-10-03,C011,田中,封筒,角2,ケント100g,2/0,,,3000,1,県外,2024-10-10,,"54,450",税込,
P2410-1560,2024-10-03,一般,高橋,チラシ,B5,コート90kg,4/0,,PP加工(片面),2000,1,市内,2024-10-10,,17710円,税込み,"1,610"
P2410-1561,2024-10-04,C021,田中,冊子,B5,マットコート110kg,4/4,48,,100,1,引取,2024-10-18,納品書同封,"25,200",税抜,"2,520"
P2410-1562,2024-10-04,C024,田中,封筒,角2,クラフト85g,1/0,,,2000,1,市内,,,"25,700",税抜,
P2410-1563,2024-10-04,一般,高橋,チラシ,A4,コート90kg,1/0,,PP加工(片面),5000,2,市外,2024-10-14,データ修正あり,７３，５００,,
P2410-1564,2024-10-05,G003,佐藤,封筒,長3,クラフト85g,2/0,,,1500,1,市内,,データ入稿済,"11,870",税抜,
P2410-1565,2024-10-05,C015,高橋,冊子,B5,マットコート110kg,1/1,8,,1000,1,引取,2024-10-08,納品書同封 特急,"74,580",内税,"6,780"
P2410-1566,2024-10-05,C029,佐藤,名刺,91x55,ケント220kg,1/1,,,300,5,市内,2024-10-26,,"27,400",税抜,
P2410-1567,2024-10-05,D006,田中,封筒,長3,ケント100g,2/0,,,3000,1,市内,,,"27,500",内税,
P2410-1568,2024-10-06,一般,田中,チラシ,B5,マットコート110kg,4/0,,,2000,3,引取,,納品書同封,"31,000",税抜,"3,100"
P2410-1569,2024-10-06,C011,高橋,チラシ,B4,コート90kg,4/4,,PP片面,5000,3,市外,2024-10-09,データ修正あり,"¥218,240",税込み,"19,840"
P2410-1570,2024-10-06,一般,鈴木,チラシ,A4,マットコート110kg,1/0,,,500,2,市内,2024-10-13,,"11,800",税抜,
P2410-1571,2024-10-06,一般,佐藤,チラシ,A3,上質70kg,4/4,,,500,1,県外,2024-10-09,特急,"12,947",税込み,"1,177"
P2410-1572,2024-10-07,C010,高橋,チラシ,B4,上質70kg,4/4,,,5000,2,引取,2024-10-17,前回同様,"69,300",税込,"6,300"
P2410-1573,2024-10-07,D006,佐藤,チラシ,A4,コート90kg,4/0,,穴あけ,1000,1,市内,2024-10-21,データ入稿済,"13,640",内税,
P2410-1574,2024-10-08,C036,佐藤,封筒,長3,ケント100g,1/0,,,3000,1,市内,,,"¥32,230",,
P2410-1575,2024-10-09,C004,田中,冊子,A4,上質70kg,1/1,48,,100,1,市内,2024-10-12,,"30,690",,
P2410-1576,2024-10-10,K010,高橋,リーフレット,A4,マットコート110kg,4/0,,穴あけ,500,2,県外,,,"21,400",税抜,
P2410-1577,2024-10-10,一般,田中,チラシ,B5,上質70kg,4/0,,,2000,1,引取,2024-10-15,,"8,910",税込み,
P2410-1578,2024-10-10,C004,佐藤,チラシ,A3,コート90kg,4/4,,,10000,1,引取,,データ修正あり,"87,450",税込,"7,950"
P2410-1579,2024-10-11,C002,田中,封筒,角2,クラフト85g,2/0,,,500,1,市内,2024-10-21,前回同様,"10,450",税込,
P2410-1580,2024-10-12,G007,田中,名刺,91x55,ケント220kg,1/0,,,500,8,市外,,納品書同封,"60,500",税抜,
P2410-1581,2024-10-12,一般,田中,チラシ,A4,コート135kg,1/1,,,2000,1,市内,2024-10-17,,"14,700",税抜,
P2410-1582,2024-10-12,一般,田中,チラシ,A3,マットコート110kg,4/0,,,500,1,県外,,納品書同封,11550円,内税,
P2410-1583,2024-10-12,C002,高橋,封筒,角2,クラフト85g,1/0,,,300,1,引取,2024-10-22,,"8,700",税抜,
P2410-1584,2024-10-12,一般,鈴木,チラシ,B5,上質70kg,4/0,,穴あけ,10000,1,市外,2024-10-15,特急,"34,600",税抜,
P2410-1585,2024-10-12,C025,鈴木,冊子,A4,マットコート110kg,4/4,12,,300,1,引取,,,２９，０００,税抜,
P2410-1586,2024-10-12,一般,鈴木,冊子,A4,マットコート110kg,4/4,8,,1000,1,市内,2024-10-15,,78000円,税抜,"7,800"
P2410-1587,2024-10-12,D009,鈴木,封筒,角2,ケント100g,2/0,,,2000,1,市外,2024-11-02,色校正1回,"33,000",,
P2410-1588,2024-10-12,C004,鈴木,チラシ,B4,上質70kg,1/0,,PP加工(片面),500,1,引取,2024-10-26,,"7,000",,
P2410-1589,2024-10-13,C003,佐藤,リーフレット,A4,コート135kg,1/0,,,1000,2,市内,,データ入稿済,"21,800",税抜,
P2410-1590,2024-10-15,C015,田中,リーフレット,A3,コート90kg,4/4,,,2000,1,市外,2024-10-18,色校正1回 特急,35900円,税抜,
P2410-1591,2024-10-15,一般,佐藤,封筒,長3,クラフト85g,1/0,,,500,1,市内,,前回同様,７，８１０,,
P2410-1592,2024-10-15,C016,鈴木,リーフレット,A4,コート135kg,4/4,,PP片面,10000,2,市外,2024-10-20,データ修正あり,211500円,,
P2410-1593,2024-10-16,C004,田中,チラシ,B5,マットコート110kg,4/0,,,10000,2,引取,2024-10-23,納品書同封,"73,590",税込み,
P2410-1594,2024-10-16,D003,田中,チラシ,A4,コート90kg,4/0,,PP片面,3000,1,市内,2024-11-06,,"19,300",税抜,
P2410-1595,2024-10-16,C023,田中,チラシ,A4,マットコート110kg,4/0,,PP加工(片面),5000,1,引取,2024-10-19,データ入稿済 特急,４３，５００,税抜,"4,350"
P2410-1596,2024-10-17,C008,田中,チラシ,B5,上質70kg,4/0,,穴あけ,5000,1,市外,,前回同様,"19,250",内税,"1,750"
P2410-1597,2024-10-17,K013,高橋,リーフレット,A3,マットコート110kg,1/0,,PP加工(片面),500,2,県外,2024-10-24,データ修正あり,２６，８００,税抜,
P2410-1598,2024-10-18,C002,鈴木,封筒,角2,ケント100g,1/0,,,500,1,県外,2024-11-08,データ修正あり,"18,150",内税,
P2410-1599,2024-10-18,C007,田中,チラシ,A4,マットコート110kg,1/1,,PP片面,500,1,市内,,,"9,460",,
P2410-1592-R2,2024-10-19,C016,鈴木,リーフレット,A4,コート135kg,4/4,,PP片面,20000,2,市外,2024-10-24,データ修正あり,211500円,,
P2410-1600,2024-10-19,C020,高橋,名刺,91x55,マット220kg,1/0,,,100,3,市内,2024-10-26,,"10,120",内税,920
P2410-1601,2024-10-19,一般,高橋,リーフレット,A3,コート90kg,4/4,,PP片面,1000,3,引取,2024-10-22,色校正1回,"77,880",税込み,
P2410-1602,2024-10-20,C001,佐藤,リーフレット,A4,コート90kg,4/4,,PP加工(片面),1000,1,県外,,,"¥17,100",,
P2410-1603,2024-10-20,一般,鈴木,冊子,A4,マットコート110kg,4/4,20,,500,1,引取,2024-10-27,納品書同封,４８，０００,税抜,"4,800"
P2410-1604,2024-10-20,C012,高橋,名刺,91x55,マット220kg,1/0,,,200,5,引取,,データ修正あり,"26,000",税抜,
P2410-1605,2024-10-21,D006,田中,チラシ,A4,コート135kg,4/4,,PP加工(片面),5000,1,市内,,データ修正あり,"44,000",税抜,"4,400"
P2410-1606,2024-10-22,K002,佐藤,封筒,長3,クラフト85g,1/0,,,3000,1,市内,2024-10-25,納品書同封,28490円,,
P2410-1607,2024-10-22,K008,田中,封筒,角2,ケント100g,2/0,,,300,1,市内,2024-10-29,前回同様,"¥11,300",税抜,
P2410-1608,2024-10-22,K011,田中,封筒,長3,ケント100g,2/0,,,3000,1,市内,2024-10-29,,"32,230",,
P2410-1609,2024-10-23,C022,鈴木,チラシ,A3,コート90kg,4/0,,穴あけ,2000,1,引取,2024-10-25,特急,"25,300",税込み,
P2410-1610,2024-10-23,一般,鈴木,チラシ,B5,コート90kg,1/1,,PP片面,5000,1,市内,2024-10-26,,"¥47,960",税込み,
P2410-1611,2024-10-23,一般,鈴木,名刺,91x55,ケント220kg,1/1,,,500,5,市外,2024-11-13,データ修正あり,５０，０５０,,
P2410-1612,2024-10-23,C008,田中,名刺,91x55,マット220kg,4/4,,,100,3,市内,,,"9,200",税抜,920
P2410-1613,2024-10-23,一般,高橋,チラシ,A4,マットコート110kg,4/0,,PP片面,1000,2,市内,,データ入稿済,"22,300",,
P2410-1614,2024-10-24,K005,鈴木,冊子,A4,マットコート110kg,1/1,24,,50,1,市外,,納品書同封,"18,920",内税,
P2410-1615,2024-10-24,C008,鈴木,チラシ,A4,マットコート110kg,4/4,,穴あけ,10000,1,市外,2024-11-03,色校正1回,"66,000",税抜,
P2410-1616,2024-10-24,C014,佐藤,封筒,長3,クラフト85g,2/0,,,300,1,市内,2024-10-31,,7100円,税抜,
P2410-1617,2024-10-25,K001,佐藤,チラシ,A4,コート90kg,4/4,,穴あけ,1000,3,市外,2024-11-04,色校正1回,"¥39,952",内税,
P2410-1618,2024-10-26,D001,佐藤,名刺,91x55,マット220kg,4/0,,,100,2,市外,2024-11-02,色校正1回,"¥10,000",税抜,"1,000"
P2410-1619,2024-10-26,C022,田中,チラシ,B5,マットコート110kg,4/0,,,500,1,引取,,,"6,380",税込み,
P2410-1620,2024-10-28,一般,田中,冊子,A4,上質70kg,4/4,32,,200,1,市内,,データ修正あり,"35,100",税抜,
P2410-1621,2024-10-29,D008,佐藤,封筒,長3,ケント100g,2/0,,,1000,1,市外,2024-11-08,色校正1回,"¥15,690",税抜,
P2410-1622,2024-10-29,G003,高橋,チラシ,B5,マットコート110kg,4/0,,穴あけ,2000,1,市内,,,13750円,,
P2410-1623,2024-10-31,K001,田中,チラシ,A3,マットコート110kg,4/0,,,1000,1,市内,2024-11-21,データ入稿済,"11,990",,
P2410-1624,2024-10-31,C017,田中,チラシ,A4,マットコート110kg,4/4,,穴あけ,2000,1,引取,2024-11-14,,"16,800",税抜,
P2411-1625,2024-11-01,C009,鈴木,リーフレット,A3,コート90kg,4/0,,PP片面,3000,1,県外,,納品書同封,"36,100",税抜,"3,610"
P2411-1626,2024-11-01,C008,高橋,名刺,91x55,ケント220kg,1/0,,,300,5,市内,,前回同様,"30,140",,
P2411-1627,2024-11-01,C005,田中,チラシ,B4,コート90kg,1/1,,PP加工(片面),1000,1,市内,2024-11-11,データ修正あり,"¥17,600",,
P2411-1628,2024-11-02,C040,田中,名刺,91x55,マット220kg,4/0,,,500,1,県外,2024-11-12,,"14,300",,
P2411-1629,2024-11-02,K003,高橋,名刺,91x55,マット220kg,1/1,,,500,3,県外,2024-11-09,,"33,000",税抜,
P2411-1630,2024-11-02,C022,鈴木,封筒,角2,ケント100g,2/0,,,2000,1,市内,2024-11-16,,"36,190",税込,
P2411-1631,2024-11-02,K018,高橋,リーフレット,A4,マットコート110kg,4/0,,,500,1,引取,2024-11-05,色校正1回 特急,"16,500",税抜,"1,650"
P2411-1632,2024-11-03,C018,鈴木,チラシ,A3,コート90kg,4/0,,,10000,1,県外,2024-11-17,前回同様,"57,200",税込み,
P2411-1633,2024-11-03,C015,鈴木,チラシ,B5,上質70kg,4/4,,,10000,1,市内,2024-11-17,,"¥41,300",,
P2411-1634,2024-11-04,一般,高橋,チラシ,A3,マットコート110kg,4/0,,PP片面,3000,2,引取,2024-11-18,,"63,000",税抜,"6,300"
P2411-1635,2024-11-04,C011,佐藤,チラシ,B4,マットコート110kg,4/0,,穴あけ,3000,1,引取,,データ入稿済,"¥21,900",税抜,"2,190"
P2411-1636,2024-11-04,K015,田中,名刺,91x55,ケント220kg,1/1,,,300,2,引取,,データ修正あり,"13,600",税抜,"1,360"
P2411-1637,2024-11-05,C040,鈴木,リーフレット,A4,コート135kg,4/0,,,5000,3,市内,2024-11-12,データ入稿済,"92,300",税抜,"9,230"
P2411-1638,2024-11-05,一般,高橋,チラシ,A4,コート90kg,1/0,,穴あけ,2000,1,引取,2024-11-10,,"14,850",税込み,"1,350"
P2410-1620-R2,2024-11-06,一般,田中,冊子,A4,上質70kg,4/4,32,,400,1,市内,,データ修正あり,"35,100",税抜,
P2411-1639,2024-11-06,K006,鈴木,チラシ,A3,コート135kg,4/0,,,5000,1,引取,2024-11-11,,"37,500",税抜,
P2411-1640,2024-11-07,一般,高橋,リーフレット,A3,コート135kg,4/4,,,5000,1,市内,,,５２，３００,税抜,
P2411-1641,2024-11-07,C003,田中,名刺,91x55,ケント220kg,4/4,,,200,2,県外,2024-11-10,前回同様 特急,"14,300",内税,
P2411-1625-R2,2024-11-08,C009,鈴木,リーフレット,A3,コート90kg,4/0,,PP片面,3000,1,県外,,納品書同封,"36,100",税抜,
P2411-1642,2024-11-08,C007,田中,冊子,A5,上質70kg,4/4,20,,100,1,市外,,色校正1回,"29,150",税込,"2,650"
P2411-1643,2024-11-08,C022,田中,名刺,91x55,マット220kg,1/0,,,100,2,県外,2024-11-18,データ修正あり,"11,600",税抜,
P2411-1644,2024-11-08,C002,田中,冊子,A4,上質70kg,4/4,12,,300,1,県外,2024-11-11,納品書同封 特急,"¥40,800",税抜,"4,080"
P2411-1645,2024-11-08,G005,高橋,リーフレット,A3,マットコート110kg,4/0,,,10000,3,引取,,色校正1回,"223,190",税込み,"20,290"
P2411-1646,2024-11-08,K001,鈴木,名刺,91x55,ケント220kg,4/4,,,300,1,引取,2024-11-18,,"5,300",税抜,
P2411-1647,2024-11-10,一般,田中,リーフレット,A4,コート135kg,4/0,,穴あけ,5000,3,市内,,,"104,830",内税,
P2411-1648,2024-11-10,C021,佐藤,チラシ,A3,上質70kg,4/0,,,500,1,引取,2024-11-20,データ修正あり,"9,000",税抜,
P2411-1649,2024-11-10,C012,鈴木,チラシ,A3,コート135kg,4/0,,,5000,1,市内,2024-11-20,色校正1回,"43,300",税抜,"4,330"
P2411-1650,2024-11-10,C031,田中,封筒,角2,ケント100g,1/0,,,500,1,市外,2024-11-17,,"¥13,200",税込み,
P2411-1651,2024-11-10,C003,佐藤,チラシ,B5,コート90kg,4/4,,PP加工(片面),500,2,市内,,前回同様,"18,700",,
P2411-1652,2024-11-10,C018,鈴木,名刺,91x55,ケント220kg,1/1,,,100,5,市外,2024-11-13,,"19,030",税込,
P2411-1653,2024-11-11,D010,鈴木,リーフレット,A3,コート90kg,4/0,,,3000,1,引取,,納品書同封,"¥22,440",内税,
P2411-1654,2024-11-11,G002,鈴木,名刺,91x55,マット220kg,4/0,,,300,1,市外,2024-11-13,,"9,790",,
P2411-1655,2024-11-11,C028,高橋,チラシ,B4,コート135kg,4/4,,穴あけ,1000,1,県外,,,"19,470",内税,
P2411-1656,2024-11-11,C033,佐藤,リーフレット,A3,コート135kg,4/4,,PP加工(片面),10000,1,市内,,,"128,300",税抜,"12,830"
P2411-1657,2024-11-12,K018,鈴木,封筒,長3,ケント100g,1/0,,,300,1,県外,2024-11-15,,"13,200",,
P2411-1658,2024-11-12,一般,高橋,チラシ,B4,マットコート110kg,1/0,,,2000,1,市内,2024-11-15,データ修正あり 特急,25300円,,
P2411-1659,2024-11-14,C008,鈴木,名刺,91x55,ケント220kg,4/0,,,200,5,引取,2024-11-17,前回同様 特急,"25,200",税抜,"2,520"
P2411-1660,2024-11-14,K012,鈴木,チラシ,B5,上質70kg,4/0,,PP加工(片面),5000,1,市内,2024-11-21,,"30,030",税込,"2,730"
P2411-1661,2024-11-15,C002,田中,チラシ,B5,上質70kg,4/0,,,1000,1,引取,,,6100円,税抜,
P2411-1662,2024-11-15,一般,佐藤,チラシ,B4,コート90kg,4/0,,PP片面,1000,1,市外,2024-11-22,データ修正あり,"17,325",税込,"1,575"
P2411-1663,2024-11-17,一般,佐藤,チラシ,B4,上質70kg,4/0,,,2000,3,県外,2024-11-27,前回同様,"40,744",税込み,"3,704"
P2411-1664,2024-11-18,C002,田中,リーフレット,A3,マットコート110kg,4/4,,PP加工(片面),5000,1,引取,,,"63,500",税抜,"6,350"
P2411-1665,2024-11-19,C007,田中,リーフレット,A3,マットコート110kg,4/4,,,2000,1,引取,2024-11-21,,"32,450",,
P2411-1666,2024-11-19,C032,高橋,チラシ,A3,上質70kg,4/0,,PP加工(片面),2000,1,市内,2024-11-26,,"26,100",税抜,"2,610"
P2411-1667,2024-11-19,K005,田中,名刺,91x55,ケント220kg,1/0,,,200,3,市内,2024-12-10,納品書同封,"12,400",税抜,"1,240"
P2411-1668,2024-11-19,一般,佐藤,封筒,角2,クラフト85g,2/0,,,300,1,引取,2024-11-21,データ入稿済 特急,"11,310",税抜,"1,131"
P2411-1669,2024-11-19,K004,田中,名刺,91x55,ケント220kg,4/0,,,200,5,市外,,前回同様,"20,900",税抜,"2,090"
P2411-1670,2024-11-20,C039,田中,リーフレット,A4,コート90kg,4/4,,,5000,1,市内,2024-11-22,,"¥44,300",税抜,
P2411-1671,2024-11-20,C032,高橋,冊子,A5,上質70kg,1/1,40,,50,1,市内,2024-11-30,色校正1回,"21,400",税抜,
P2411-1672,2024-11-21,D010,鈴木,冊子,B5,上質70kg,4/4,40,,50,1,県外,2024-11-28,前回同様,"18,600",税抜,
P2411-1673,2024-11-21,C003,田中,チラシ,B5,上質70kg,4/0,,穴あけ,1000,1,市内,2024-11-24,特急,"¥12,500",税抜,
P2411-1674,2024-11-21,C025,鈴木,冊子,A4,上質70kg,4/4,20,,1000,1,市内,2024-11-24,特急,"108,700",税抜,"10,870"
P2411-1675,2024-11-22,C010,鈴木,リーフレット,A4,コート90kg,4/0,,PP片面,3000,1,県外,,色校正1回,"31,900",税抜,"3,190"
P2411-1676,2024-11-23,一般,佐藤,封筒,角2,ケント100g,2/0,,,300,1,市内,2024-11-25,前回同様 特急,"14,450",税抜,
P2411-1677,2024-11-24,C003,田中,名刺,91x55,ケント220kg,4/0,,,500,5,市外,2024-12-08,前回同様,46750円,税込,
P2411-1678,2024-11-24,C004,鈴木,チラシ,A3,上質70kg,4/0,,穴あけ,3000,3,引取,2024-11-29,データ修正あり,"66,880",税込み,
P2411-1679,2024-11-25,G005,高橋,チラシ,B5,コート90kg,4/4,,,3000,3,市内,,納品書同封,"¥50,050",内税,"4,550"
P2411-1680,2024-11-25,C005,佐藤,リーフレット,A4,コート135kg,1/0,,,1000,1,引取,2024-11-27,納品書同封,"15,015",税込,
P2411-1681,2024-11-25,C002,田中,リーフレット,A3,コート90kg,1/0,,PP片面,5000,3,引取,2024-12-05,データ修正あり,"157,500",税抜,
P2411-1682,2024-11-25,C005,高橋,冊子,B5,マットコート110kg,4/4,32,,100,1,引取,2024-12-09,,"24,310",,
P2411-1683,2024-11-26,C036,田中,チラシ,A4,コート135kg,4/0,,PP片面,1000,1,引取,,,"¥12,430",内税,
P2411-1684,2024-11-27,C020,高橋,チラシ,B5,コート135kg,1/0,,PP加工(片面),1000,3,引取,2024-11-30,納品書同封 特急,"41,900",税抜,"4,190"
P2411-1685,2024-11-27,C010,鈴木,名刺,91x55,マット220kg,1/1,,,300,1,引取,2024-12-04,,"7,040",内税,640
P2411-1686,2024-11-27,C030,鈴木,名刺,91x55,マット220kg,4/0,,,200,8,市内,,,"37,600",税抜,
P2411-1687,2024-11-27,G006,佐藤,冊子,B5,上質70kg,4/4,32,,500,1,引取,,,"52,920",税抜,
P2411-1688,2024-11-27,K015,高橋,チラシ,A4,マットコート110kg,1/0,,,2000,3,市内,2024-12-02,,"32,890",税込,"2,990"
P2411-1689,2024-11-28,D009,鈴木,封筒,角2,クラフト85g,2/0,,,500,1,県外,,,"10,300",税抜,
P2411-1690,2024-11-28,C002,田中,名刺,91x55,ケント220kg,4/4,,,200,1,市内,,,４，６００,税抜,
P2411-1691,2024-11-29,D002,鈴木,チラシ,B5,マットコート110kg,4/0,,,10000,3,引取,2024-12-06,,85300円,税抜,"8,530"
P2411-1692,2024-11-29,K003,高橋,チラシ,B4,コート135kg,4/4,,,2000,2,市外,,,"¥41,910",,
P2411-1693,2024-11-30,一般,佐藤,名刺,91x55,ケント220kg,4/4,,,300,1,市内,2024-12-02,,"8,481",税込,
P2412-1694,2024-12-01,一般,佐藤,チラシ,A4,コート135kg,1/0,,,10000,1,市内,,,"52,030",内税,"4,730"
P2412-1695,2024-12-01,K004,田中,チラシ,A3,コート90kg,4/0,,PP片面,500,1,市内,2024-12-04,前回同様 特急,"13,310",税込み,"1,210"
P2412-1696,2024-12-01,K017,高橋,チラシ,A4,上質70kg,4/4,,穴あけ,3000,1,市内,2024-12-03,前回同様 特急,"26,900",税抜,"2,690"
P2412-1697,2024-12-01,C011,田中,冊子,A5,上質70kg,1/1,48,,100,1,引取,,,19900円,税抜,"1,990"
P2412-1698,2024-12-02,一般,高橋,チラシ,A4,マットコート110kg,4/0,,,2000,1,市外,2024-12-12,,"13,200",,
P2412-1699,2024-12-02,C004,佐藤,チラシ,A3,マットコート110kg,4/4,,,10000,1,市内,2024-12-04,納品書同封,１０８，０５０,税抜,
P2412-1700,2024-12-03,K017,佐藤,チラシ,A4,マットコート110kg,1/0,,,10000,1,市内,2024-12-08,,"41,300",,
P2412-1701,2024-12-03,C011,田中,封筒,長3,クラフト85g,1/0,,,1000,1,市内,2024-12-17,,"10,100",税抜,
P2412-1702,2024-12-03,C009,高橋,チラシ,A4,マットコート110kg,4/0,,PP加工(片面),10000,1,市外,2024-12-13,データ修正あり,"75,350",,
P2412-1703,2024-12-04,C021,鈴木,チラシ,A3,マットコート110kg,4/4,,,5000,1,県外,2024-12-18,前回同様,"¥42,970",税抜,"4,297"
P2412-1704,2024-12-04,一般,高橋,冊子,A4,マットコート110kg,4/4,20,,500,1,市内,2024-12-11,色校正1回,"53,800",税抜,
P2412-1705,2024-12-04,C001,田中,冊子,B5,上質70kg,4/4,16,,200,1,引取,2024-12-11,色校正1回,"30,100",税抜,"3,010"
P2411-1688-R2,2024-12-06,K015,高橋,チラシ,A4,マットコート110kg,1/0,,,2000,3,市内,2024-12-11,,"35,900",税抜,
P2412-1706,2024-12-06,G002,高橋,名刺,91x55,ケント220kg,1/0,,,300,5,市内,2024-12-09,特急,３１，９００,税抜,
P2412-1707,2024-12-06,C006,田中,名刺,91x55,マット220kg,4/0,,,200,1,引取,2024-12-08,色校正1回,"12,400",税抜,"1,240"
P2412-1708,2024-12-06,C035,鈴木,チラシ,B5,コート90kg,4/0,,,5000,3,市外,,データ入稿済,51000円,税抜,
P2411-1692-R2,2024-12-07,K003,高橋,チラシ,B4,コート135kg,4/4,,,4000,2,市外,,,"¥41,910",,
P2412-1709,2024-12-07,C031,佐藤,名刺,91x55,ケント220kg,1/1,,,300,1,引取,,前回同様,５，３２０,税抜,532
P2412-1710,2024-12-08,C019,高橋,冊子,A5,マットコート110kg,4/4,16,,300,1,市外,,データ入稿済,"¥32,700",税抜,
P2412-1711,2024-12-08,C008,高橋,チラシ,B4,マットコート110kg,4/0,,PP片面,500,1,引取,2024-12-22,,９，２４０,,
P2412-1712,2024-12-08,K014,佐藤,名刺,91x55,マット220kg,4/4,,,500,1,市内,2024-12-13,,10800円,,
P2412-1713,2024-12-08,一般,鈴木,名刺,91x55,ケント220kg,1/0,,,500,3,引取,2024-12-22,色校正1回,"¥32,560",,
P2412-1714,2024-12-09,C032,鈴木,名刺,91x55,ケント220kg,4/0,,,500,8,引取,2024-12-16,,"72,160",税込,
P2412-1715,2024-12-09,C019,高橋,冊子,A5,マットコート110kg,1/1,32,,1000,1,市内,,,７６，６００,税抜,"7,660"
P2412-1716,2024-12-09,C033,高橋,冊子,B5,上質70kg,1/1,8,,1000,1,県外,,,"60,720",税込み,
P2412-1717,2024-12-09,C003,鈴木,チラシ,B4,上質70kg,4/0,,PP片面,10000,1,引取,2024-12-14,,"64,000",税抜,
P2412-1718,2024-12-09,C039,高橋,封筒,角2,ケント100g,2/0,,,1500,1,引取,2024-12-16,,"27,390",税込み,"2,490"
P2412-1719,2024-12-10,C004,佐藤,チラシ,B5,上質70kg,4/4,,PP加工(片面),500,3,市内,2024-12-20,色校正1回,"29,200",税抜,
P2412-1720,2024-12-10,C021,高橋,冊子,A4,マットコート110kg,4/4,32,,50,1,市内,2024-12-24,納品書同封,"18,400",税抜,
P2412-1721,2024-12-12,C008,田中,チラシ,A4,コート135kg,4/4,,,2000,3,引取,2024-12-19,,５４，４５０,税込み,
P2412-1722,2024-12-12,C011,高橋,チラシ,B4,コート135kg,4/0,,PP加工(片面),500,3,引取,2024-12-22,,28710円,内税,
P2412-1723,2024-12-12,一般,佐藤,名刺,91x55,ケント220kg,1/1,,,200,3,市内,,データ入稿済,13684円,税込み,"1,244"
P2412-1724,2024-12-13,C005,田中,名刺,91x55,ケント220kg,4/0,,,100,2,市外,,データ修正あり,"10,230",税込み,930
P2412-1725,2024-12-14,C009,高橋,リーフレット,A3,マットコート110kg,4/0,,PP加工(片面),3000,1,県外,2024-12-16,データ入稿済 特急,４８，３００,税抜,
P2412-1726,2024-12-14,一般,鈴木,チラシ,A4,上質70kg,4/0,,PP加工(片面),10000,1,県外,2024-12-19,,"79,000",税抜,
P2412-1727,2024-12-14,一般,佐藤,チラシ,B5,マットコート110kg,4/0,,PP片面,1000,1,引取,2024-12-17,前回同様,１５，０１５,,
P2412-1728,2024-12-15,C004,佐藤,チラシ,A3,コート90kg,1/0,,,3000,2,市内,2024-12-18,,"53,010",税抜,"5,301"
P2412-1729,2024-12-16,一般,田中,チラシ,A4,コート135kg,4/0,,PP片面,3000,3,市外,2024-12-23,データ修正あり,"80,300",税抜,"8,030"
P2412-1730,2024-12-16,C009,佐藤,チラシ,A3,コート135kg,4/0,,PP片面,2000,1,引取,2024-12-30,,"¥25,278",,
P2412-1731,2024-12-16,G004,高橋,冊子,B5,マットコート110kg,4/4,20,,100,1,市内,2024-12-19,特急,26620円,税込,"2,420"
P2412-1732,2024-12-16,D005,佐藤,チラシ,B5,マットコート110kg,4/0,,PP加工(片面),500,1,引取,2025-01-06,前回同様,"6,402",税込み,
P2412-1733,2024-12-16,K002,鈴木,名刺,91x55,マット220kg,1/0,,,200,1,市内,2024-12-21,,"5,400",税抜,540
P2412-1734,2024-12-19,一般,佐藤,名刺,91x55,マット220kg,4/0,,,100,8,市内,2024-12-26,色校正1回,"¥31,020",税込,"2,820"
P2412-1735,2024-12-19,C012,佐藤,チラシ,B5,マットコート110kg,1/0,,PP加工(片面),10000,1,引取,2024-12-26,,62560円,税抜,
P2412-1736,2024-12-19,C017,佐藤,冊子,A4,マットコート110kg,4/4,48,,200,1,引取,2024-12-26,納品書同封,"34,650",税抜,"3,465"
P2412-1737,2024-12-20,一般,鈴木,封筒,角2,クラフト85g,2/0,,,500,1,市内,2025-01-03,色校正1回,"15,950",内税,"1,450"
P2412-1738,2024-12-21,一般,鈴木,チラシ,A4,上質70kg,4/4,,PP片面,3000,3,引取,2024-12-28,,"75,900",税抜,"7,590"
P2412-1739,2024-12-21,C001,高橋,リーフレット,A3,コート135kg,4/4,,,500,1,市外,,,"11,600",税抜,
P2412-1740,2024-12-21,C004,田中,名刺,91x55,ケント220kg,4/0,,,200,5,市内,,データ修正あり,"23,200",,
P2412-1741,2024-12-22,C022,高橋,名刺,91x55,ケント220kg,1/0,,,200,3,引取,2024-12-24,前回同様,"15,100",,
P2412-1742,2024-12-24,C005,鈴木,名刺,91x55,ケント220kg,4/0,,,500,8,市内,2024-12-27,納品書同封 特急,86000円,税抜,"8,600"
P2412-1743,2024-12-25,C014,鈴木,名刺,91x55,ケント220kg,1/0,,,500,2,市内,2025-01-04,納品書同封,18920円,税込,
P2412-1744,2024-12-25,一般,佐藤,封筒,長3,ケント100g,2/0,,,1500,1,引取,,,"15,900",税抜,
P2412-1745,2024-12-27,C016,田中,名刺,91x55,マット220kg,4/0,,,300,2,県外,2025-01-10,,"15,800",税抜,
P2412-1746,2024-12-27,一般,高橋,チラシ,B4,マットコート110kg,4/0,,PP加工(片面),500,1,市外,2025-01-06,納品書同封,"9,600",税抜,
P2412-1747,2024-12-27,C004,高橋,名刺,91x55,マット220kg,1/1,,,500,1,引取,,,"10,000",税抜,"1,000"
P2412-1748,2024-12-27,D002,高橋,封筒,角2,クラフト85g,2/0,,,1500,1,引取,,,"16,500",,
P2412-1749,2024-12-27,C004,佐藤,チラシ,A4,マットコート110kg,4/0,,,2000,1,県外,2025-01-10,,"¥15,785",内税,
P2412-1750,2024-12-27,K004,高橋,チラシ,B4,マットコート110kg,1/1,,PP加工(片面),10000,1,市外,,前回同様,86300円,税抜,"8,630"
P2412-1751,2024-12-28,K019,田中,チラシ,B4,コート135kg,1/1,,穴あけ,5000,1,県外,2025-01-04,,"¥42,680",内税,
P2412-1752,2024-12-28,D006,田中,チラシ,B4,コート135kg,4/4,,PP片面,10000,1,引取,,,"87,800",,
P2412-1753,2024-12-29,一般,鈴木,名刺,91x55,マット220kg,1/0,,,500,1,引取,2025-01-01,特急,"14,300",,
P2412-1754,2024-12-29,C012,田中,チラシ,A3,マットコート110kg,4/4,,PP片面,5000,1,市外,2025-01-05,,58200円,税抜,"5,820"
P2412-1755,2024-12-30,C004,高橋,冊子,A5,マットコート110kg,1/1,48,,1000,1,引取,2025-01-13,,"92,200",税抜,
P2412-1756,2024-12-30,C009,高橋,冊子,B5,上質70kg,4/4,12,,100,1,県外,,,"¥23,430",,
P2412-1757,2024-12-31,C011,高橋,冊子,A5,上質70kg,4/4,16,,1000,1,市外,2025-01-05,,"74,300",税抜,
P2501-1758,2025-01-01,C022,鈴木,チラシ,A4,コート135kg,4/4,,,1000,1,引取,2025-01-06,,"10,500",税抜,"1,050"
P2501-1759,2025-01-02,C021,高橋,冊子,A4,上質70kg,4/4,16,,50,1,引取,2025-01-09,前回同様,"15,000",税抜,"1,500"
P2501-1760,2025-01-03,一般,高橋,名刺,91x55,ケント220kg,1/0,,,500,8,引取,2025-01-17,データ入稿済,"72,160",税込,"6,560"
P2501-1761,2025-01-04,C034,高橋,チラシ,A4,マットコート110kg,4/0,,,1000,3,市外,,データ入稿済,"28,380",内税,"2,580"
P2501-1762,2025-01-04,C005,田中,チラシ,A4,コート135kg,4/4,,PP片面,1000,2,引取,2025-01-18,色校正1回,"32,000",税抜,"3,200"
P2501-1763,2025-01-05,G008,鈴木,チラシ,B4,コート135kg,4/4,,穴あけ,3000,1,引取,,,"28,710",,
P2501-1764,2025-01-05,C010,鈴木,冊子,A5,マットコート110kg,4/4,48,,500,1,引取,2025-01-10,,"74,200",,
P2501-1765,2025-01-06,C017,田中,名刺,91x55,マット220kg,1/1,,,500,8,引取,2025-01-16,色校正1回,"88,770",内税,"8,070"
P2501-1766,2025-01-07,C004,田中,封筒,角2,クラフト85g,1/0,,,1000,1,県外,2025-01-12,,17600円,,
P2501-1767,2025-01-07,D005,高橋,チラシ,B5,コート135kg,1/0,,,1000,1,市内,2025-01-28,前回同様,７，２００,税抜,720
P2501-1768,2025-01-07,C025,佐藤,リーフレット,A3,コート135kg,4/0,,,2000,1,県外,2025-01-21,,"23,800",税抜,
P2501-1769,2025-01-07,C002,高橋,チラシ,B4,コート135kg,4/0,,,3000,1,市内,2025-01-28,データ入稿済,２３，６５０,内税,
P2501-1770,2025-01-07,C007,田中,チラシ,B5,マットコート110kg,4/0,,PP加工(片面),5000,2,県外,2025-01-10,,"¥93,200",税抜,"9,320"
P2501-1771,2025-01-07,C007,佐藤,チラシ,A3,マットコート110kg,4/4,,穴あけ,10000,1,市外,2025-01-10,納品書同封,112650円,税抜,
P2501-1772,2025-01-08,C038,佐藤,名刺,91x55,ケント220kg,4/4,,,100,1,市外,2025-01-11,,４，６７０,税抜,467
P2501-1773,2025-01-08,一般,佐藤,冊子,A4,マットコート110kg,4/4,20,,500,1,引取,,,"¥52,800",税込み,"4,800"
P2501-1774,2025-01-08,一般,佐藤,リーフレット,A3,コート90kg,1/1,,,5000,1,引取,,,"39,000",,
P2501-1775,2025-01-08,C003,高橋,チラシ,A3,上質70kg,4/0,,PP加工(片面),3000,1,市内,2025-01-13,,"¥28,700",税抜,
P2501-1776,2025-01-08,K017,佐藤,チラシ,B5,コート135kg,1/1,,PP片面,3000,1,市外,,前回同様,30030円,,
P2501-1777,2025-01-08,一般,田中,リーフレット,A4,マットコート110kg,4/4,,穴あけ,500,1,引取,2025-01-11,データ入稿済 特急,"16,500",内税,
P2501-1778,2025-01-08,C006,田中,名刺,91x55,ケント220kg,4/0,,,500,3,引取,,,"24,600",税抜,
P2501-1779,2025-01-09,C010,田中,チラシ,A4,コート135kg,4/4,,PP片面,1000,3,市外,,色校正1回,５１，７００,内税,
P2501-1780,2025-01-09,D005,田中,リーフレット,A3,コート90kg,1/0,,PP加工(片面),3000,1,市内,2025-01-23,,"29,920",内税,
P2501-1781,2025-01-09,一般,田中,名刺,91x55,マット220kg,4/0,,,100,1,市内,,納品書同封,"3,600",税抜,360
P2501-1782,2025-01-09,C006,高橋,封筒,長3,クラフト85g,2/0,,,2000,1,引取,,色校正1回,"22,330",内税,"2,030"
P2501-1783,2025-01-09,一般,田中,名刺,91x55,マット220kg,4/4,,,500,5,市内,2025-01-16,,"50,800",税抜,
P2501-1784,2025-01-10,C012,田中,チラシ,A3,コート135kg,1/1,,穴あけ,500,1,市外,2025-01-13,色校正1回 特急,"22,300",税抜,
P2501-1785,2025-01-10,C001,高橋,封筒,長3,クラフト85g,2/0,,,500,1,市外,2025-01-24,納品書同封,"¥8,580",,
P2501-1786,2025-01-10,C007,田中,名刺,91x55,マット220kg,4/0,,,200,5,引取,,データ入稿済,"23,000",税抜,"2,300"
P2501-1787,2025-01-11,C010,高橋,冊子,B5,上質70kg,4/4,8,,200,1,引取,2025-01-18,,"22,200",税抜,"2,220"
P2501-1788,2025-01-11,G001,田中,チラシ,B4,コート135kg,4/4,,PP片面,1000,1,市外,,データ修正あり,"17,400",税抜,"1,740"
P2501-1789,2025-01-12,C040,高橋,チラシ,A4,コート135kg,4/0,,,1000,1,市内,2025-01-15,納品書同封,１３，３１０,税込み,
P2501-1790,2025-01-12,一般,鈴木,チラシ,B5,マットコート110kg,1/0,,,3000,1,引取,,,"¥13,500",税抜,"1,350"
P2501-1791,2025-01-13,C005,佐藤,チラシ,A3,コート135kg,4/4,,,500,2,引取,,前回同様,"17,400",税抜,"1,740"
P2501-1792,2025-01-13,C001,佐藤,封筒,長3,クラフト85g,1/0,,,2000,1,県外,2025-01-27,,"20,680",,
P2501-1793,2025-01-13,C004,高橋,冊子,A5,マットコート110kg,1/1,16,,300,1,引取,2025-02-03,,"29,590",税込,
P2501-1794,2025-01-14,G005,田中,チラシ,A4,コート90kg,1/0,,穴あけ,500,1,市内,,,"8,900",税抜,
P2501-1795,2025-01-16,D005,田中,封筒,角2,クラフト85g,1/0,,,3000,1,市外,2025-01-30,,"30,000",税抜,
P2501-1796,2025-01-16,K011,田中,リーフレット,A3,コート135kg,1/1,,,2000,1,市内,2025-01-23,,"22,100",税抜,
P2501-1797,2025-01-17,一般,田中,冊子,B5,マットコート110kg,1/1,40,,300,1,引取,2025-01-27,納品書同封,34600円,税抜,
P2501-1798,2025-01-17,G001,田中,チラシ,A4,コート135kg,4/0,,穴あけ,2000,1,市内,,色校正1回,"¥19,000",税抜,"1,900"
P2501-1799,2025-01-18,C003,田中,冊子,A4,マットコート110kg,1/1,32,,1000,1,市外,,色校正1回,９０，５３０,税込み,"8,230"
P2501-1800,2025-01-18,C026,高橋,冊子,A5,上質70kg,4/4,16,,100,1,市内,2025-01-20,,"28,160",内税,
P2501-1801,2025-01-18,D005,高橋,チラシ,B4,コート90kg,4/0,,穴あけ,3000,1,引取,2025-01-25,,"17,050",,
P2501-1802,2025-01-19,一般,鈴木,冊子,A4,上質70kg,4/4,16,,1000,1,引取,2025-02-02,,"73,800",税抜,
P2501-1803,2025-01-19,C014,鈴木,チラシ,B5,上質70kg,4/4,,穴あけ,1000,1,市外,2025-01-26,色校正1回,"17,000",税抜,"1,700"
P2501-1804,2025-01-19,K007,田中,名刺,91x55,マット220kg,1/1,,,300,1,市内,,色校正1回,"13,420",税込,
P2501-1805,2025-01-19,C003,田中,チラシ,B4,マットコート110kg,4/0,,,10000,1,引取,2025-01-26,,"50,900",,
P2501-1806,2025-01-20,D010,鈴木,チラシ,A4,上質70kg,1/0,,,10000,1,県外,,納品書同封,26900円,税抜,
P2501-1807,2025-01-20,C004,鈴木,名刺,91x55,ケント220kg,1/1,,,200,5,引取,2025-02-03,色校正1回,"26,840",,
P2501-1808,2025-01-22,一般,佐藤,チラシ,A4,上質70kg,1/0,,,2000,1,引取,2025-01-27,,９，９２２,内税,902
P2501-1809,2025-01-22,D003,鈴木,リーフレット,A4,マットコート110kg,4/4,,,3000,1,市外,2025-01-29,,21900円,税抜,"2,190"
P2501-1810,2025-01-22,一般,鈴木,名刺,91x55,ケント220kg,1/0,,,200,8,引取,,納品書同封,"31,000",税抜,
P2501-1811,2025-01-22,C018,高橋,名刺,91x55,マット220kg,4/0,,,300,1,引取,,データ修正あり,"10,340",税込み,940
P2501-1812,2025-01-22,C010,鈴木,名刺,91x55,マット220kg,4/0,,,200,1,市外,2025-01-24,納品書同封 特急,6700円,税抜,
P2501-1813,2025-01-22,G007,田中,リーフレット,A3,コート135kg,4/4,,PP加工(片面),1000,1,引取,,色校正1回,"20,400",税抜,
P2501-1814,2025-01-23,一般,田中,リーフレット,A4,コート135kg,4/0,,PP加工(片面),5000,2,市外,2025-01-30,,"¥101,750",,
P2501-1815,2025-01-23,G003,田中,チラシ,B5,マットコート110kg,4/0,,PP片面,500,1,市内,2025-01-26,前回同様 特急,９，３００,税抜,930
P2501-1816,2025-01-23,C006,鈴木,名刺,91x55,マット220kg,4/0,,,200,3,市内,2025-02-13,,"¥14,600",税抜,
P2501-1817,2025-01-23,一般,佐藤,名刺,91x55,ケント220kg,1/1,,,500,8,県外,2025-02-13,前回同様,７６，０１０,,
P2501-1818,2025-01-25,一般,高橋,チラシ,B4,上質70kg,4/4,,PP加工(片面),1000,1,引取,2025-01-28,,17820円,内税,
P2501-1819,2025-01-25,C009,佐藤,チラシ,A4,コート135kg,4/4,,,3000,1,市外,,,"23,320",税抜,
P2501-1820,2025-01-26,C010,田中,封筒,長3,クラフト85g,1/0,,,3000,1,引取,,,"21,300",税抜,
P2501-1821,2025-01-26,C002,鈴木,チラシ,B5,コート135kg,1/0,,,5000,1,引取,2025-01-29,,"31,130",税込み,
P2501-1822,2025-01-26,K012,高橋,チラシ,B5,コート90kg,4/0,,PP片面,10000,1,市内,,データ入稿済,"57,500",税抜,"5,750"
P2501-1823,2025-01-26,一般,田中,名刺,91x55,ケント220kg,4/0,,,100,8,市外,2025-02-09,,"21,000",税抜,
P2501-1824,2025-01-27,C002,高橋,リーフレット,A4,コート135kg,4/4,,,5000,3,引取,2025-02-10,データ入稿済,"130,350",内税,
P2501-1825,2025-01-27,K010,高橋,封筒,長3,クラフト85g,2/0,,,3000,1,引取,2025-01-29,前回同様,"27,600",税抜,
P2501-1826,2025-01-27,C006,佐藤,チラシ,B4,コート135kg,4/0,,PP片面,1000,1,県外,2025-01-29,,１９，７６０,税抜,
P2501-1827,2025-01-27,K009,高橋,封筒,角2,クラフト85g,2/0,,,1500,1,市内,2025-02-03,,"22,330",,
P2501-1828,2025-01-28,一般,鈴木,封筒,長3,ケント100g,1/0,,,500,1,市内,2025-02-02,データ入稿済,"¥9,130",,
P2501-1829,2025-01-28,C005,鈴木,チラシ,A3,コート90kg,4/0,,,1000,1,市外,,データ修正あり,"15,400",税込み,"1,400"
P2501-1830,2025-01-28,C037,高橋,リーフレット,A3,コート90kg,4/0,,,5000,3,引取,2025-02-04,データ入稿済,"120,450",税込み,"10,950"
P2501-1831,2025-01-28,C011,佐藤,封筒,角2,ケント100g,1/0,,,1000,1,市内,,データ入稿済,１８，５００,税抜,
P2501-1832,2025-01-29,C019,高橋,名刺,91x55,マット220kg,1/0,,,200,1,市外,2025-02-01,,8140円,,
P2501-1833,2025-01-29,一般,田中,チラシ,B4,マットコート110kg,1/1,,,2000,1,引取,,納品書同封,"14,600",税抜,
P2501-1834,2025-01-30,K001,佐藤,チラシ,B4,コート135kg,4/0,,,1000,1,市内,2025-02-02,データ修正あり,"17,060",,
P2501-1835,2025-01-30,C007,高橋,冊子,A4,マットコート110kg,4/4,32,,1000,1,引取,2025-02-13,,"115,060",税込,"10,460"
P2501-1836,2025-01-30,G004,佐藤,名刺,91x55,マット220kg,1/0,,,300,3,市内,2025-02-13,,"18,080",税抜,"1,808"
P2501-1837,2025-01-30,C002,佐藤,チラシ,A3,コート135kg,1/0,,,2000,1,市外,,データ入稿済,"¥20,526",税込み,
P2501-1838,2025-01-31,C002,佐藤,チラシ,A3,上質70kg,1/0,,,10000,1,引取,2025-02-21,データ入稿済,"50,920",税抜,
P2501-1791-R2,2025-02-01,C005,佐藤,チラシ,A3,コート135kg,4/4,,,500,2,引取,,前回同様,"17,400",税抜,
P2502-1839,2025-02-01,C027,佐藤,名刺,91x55,ケント220kg,4/0,,,200,1,市内,2025-02-04,,"5,500",税抜,550
P2502-1840,2025-02-01,D001,高橋,封筒,角2,ケント100g,2/0,,,300,1,市内,2025-02-04,特急,"¥12,400",税抜,"1,240"
P2502-1841,2025-02-01,C007,鈴木,名刺,91x55,ケント220kg,1/0,,,200,1,市内,2025-02-04,データ入稿済,６，３８０,税込み,
P2502-1842,2025-02-01,一般,田中,チラシ,B4,上質70kg,4/4,,PP加工(片面),3000,3,引取,2025-02-08,前回同様,"98,010",税込,"8,910"
P2502-1843,2025-02-02,C027,鈴木,名刺,91x55,マット220kg,1/0,,,200,1,市内,2025-02-04,特急,"6,700",税抜,
P2502-1844,2025-02-02,C005,高橋,チラシ,B5,コート135kg,4/4,,,5000,3,市外,2025-02-16,データ修正あり,１０８，９００,税込,
P2502-1845,2025-02-03,C032,佐藤,リーフレット,A4,マットコート110kg,4/4,,,500,1,引取,2025-02-06,特急,11180円,,
P2502-1846,2025-02-03,一般,鈴木,名刺,91x55,マット220kg,4/0,,,300,8,市内,2025-02-10,データ修正あり,"¥55,000",税抜,"5,500"
P2502-1847,2025-02-04,C030,田中,チラシ,A3,上質70kg,4/0,,PP片面,1000,1,県外,,データ修正あり,18800円,税抜,"1,880"
P2502-1848,2025-02-04,D010,佐藤,リーフレット,A3,コート135kg,4/0,,PP片面,1000,2,市内,2025-02-11,色校正1回,"35,288",税込み,
P2502-1849,2025-02-04,C011,高橋,チラシ,B5,マットコート110kg,4/0,,,5000,1,引取,2025-02-11,前回同様,"17,900",,
P2502-1850,2025-02-04,K015,佐藤,冊子,B5,マットコート110kg,4/4,16,,300,1,市内,2025-02-06,データ修正あり,45310円,税抜,"4,531"
P2502-1851,2025-02-04,G001,佐藤,チラシ,B5,上質70kg,4/4,,,5000,3,市外,2025-02-14,納品書同封,62250円,,
P2502-1852,2025-02-04,一般,高橋,リーフレット,A3,マットコート110kg,4/0,,,3000,2,市内,2025-02-11,データ修正あり,"55,600",税抜,"5,560"
P2502-1853,2025-02-06,K004,田中,名刺,91x55,ケント220kg,1/1,,,500,1,市外,2025-02-13,色校正1回,"14,700",税抜,
P2502-1854,2025-02-06,C006,高橋,封筒,長3,クラフト85g,1/0,,,3000,1,引取,2025-02-20,,23430円,,
P2502-1855,2025-02-06,一般,高橋,名刺,91x55,マット220kg,1/1,,,100,3,市内,,データ修正あり,"12,200",税抜,"1,220"
P2502-1856,2025-02-07,C011,田中,名刺,91x55,マット220kg,1/0,,,200,1,引取,,,４，６００,税抜,
P2502-1857,2025-02-07,C013,高橋,チラシ,A3,マットコート110kg,1/1,,穴あけ,500,1,県外,2025-02-21,色校正1回,19200円,税抜,
P2502-1858,2025-02-07,G007,高橋,チラシ,B5,コート90kg,1/1,,,2000,1,市内,2025-02-10,データ修正あり 特急,"16,300",税抜,
P2502-1859,2025-02-08,C039,田中,封筒,長3,クラフト85g,2/0,,,2000,1,引取,2025-02-11,データ修正あり 特急,"23,700",税抜,
P2502-1860,2025-02-08,K002,佐藤,リーフレット,A4,コート135kg,1/1,,,3000,2,引取,2025-02-22,色校正1回,"43,800",税抜,
P2502-1861,2025-02-08,K005,高橋,チラシ,A4,マットコート110kg,1/0,,,5000,1,市内,2025-02-11,色校正1回,"40,150",税込,
P2502-1862,2025-02-08,一般,鈴木,チラシ,B4,上質70kg,4/4,,穴あけ,500,1,市内,2025-02-15,前回同様,"10,400",税抜,"1,040"
P2502-1863,2025-02-09,K019,田中,リーフレット,A3,コート90kg,4/0,,,1000,3,市内,2025-02-23,,"39,490",内税,
P2502-1864,2025-02-09,C016,高橋,封筒,角2,ケント100g,1/0,,,1000,1,市外,,,１９，２００,税抜,
P2502-1865,2025-02-09,一般,佐藤,名刺,91x55,ケント220kg,1/0,,,200,3,引取,2025-03-02,,"11,640",税抜,
P2502-1866,2025-02-09,K019,鈴木,チラシ,A4,マットコート110kg,4/4,,,5000,2,引取,,納品書同封,"69,300",税込,"6,300"
P2502-1867,2025-02-10,C008,田中,リーフレット,A4,コート90kg,1/0,,,1000,1,引取,2025-02-13,特急,"12,100",税抜,
P2502-1868,2025-02-10,C002,高橋,リーフレット,A4,コート90kg,4/4,,PP加工(片面),10000,1,引取,2025-02-13,データ修正あり 特急,122800円,税抜,
P2502-1869,2025-02-10,K005,高橋,封筒,角2,ケント100g,2/0,,,1000,1,引取,,前回同様,"17,700",税抜,
P2502-1870,2025-02-11,C004,高橋,リーフレット,A3,コート90kg,1/0,,穴あけ,5000,1,市外,2025-02-21,データ修正あり,"44,000",税抜,
P2502-1871,2025-02-11,一般,鈴木,チラシ,B5,コート135kg,4/0,,PP片面,2000,1,引取,,前回同様,17600円,内税,"1,600"
P2502-1872,2025-02-12,一般,高橋,チラシ,B5,上質70kg,4/4,,,2000,1,市外,,,"13,200",税抜,
P2502-1873,2025-02-12,一般,佐藤,チラシ,A3,コート90kg,4/0,,PP加工(片面),10000,1,引取,2025-02-15,,"126,555",,
P2502-1874,2025-02-12,C016,佐藤,名刺,91x55,マット220kg,4/0,,,100,3,県外,2025-02-15,データ修正あり,"18,320",税抜,"1,832"
P2502-1875,2025-02-12,C040,鈴木,名刺,91x55,マット220kg,1/1,,,100,1,県外,2025-02-14,データ入稿済,"7,100",税抜,
P2502-1876,2025-02-12,D009,田中,名刺,91x55,マット220kg,1/1,,,100,1,市内,,色校正1回,７，４００,税抜,
P2502-1877,2025-02-13,C019,田中,チラシ,A4,コート135kg,4/0,,,1000,1,市内,,,"10,450",税込,950
P2502-1878,2025-02-13,C037,高橋,封筒,長3,クラフト85g,1/0,,,1500,1,引取,2025-02-20,,13530円,税込み,"1,230"
P2502-1879,2025-02-13,C005,田中,チラシ,B5,コート90kg,4/4,,,10000,1,市外,,,"48,000",税抜,
P2502-1880,2025-02-14,C005,田中,封筒,角2,ケント100g,1/0,,,300,1,市内,,納品書同封,"11,300",税抜,"1,130"
P2502-1881,2025-02-14,C012,佐藤,名刺,91x55,マット220kg,1/0,,,200,1,引取,2025-02-28,前回同様,"4,600",税抜,460
P2502-1882,2025-02-15,一般,佐藤,冊子,A5,マットコート110kg,4/4,40,,50,1,引取,2025-02-17,納品書同封,"26,312",,
P2502-1883,2025-02-15,K003,高橋,名刺,91x55,ケント220kg,4/0,,,500,2,市内,,,"17,200",税抜,
P2502-1884,2025-02-15,K010,高橋,チラシ,A4,上質70kg,4/0,,穴あけ,5000,1,引取,,,"¥18,900",税抜,
P2502-1885,2025-02-15,一般,鈴木,チラシ,B4,マットコート110kg,4/4,,PP片面,1000,3,引取,,,"45,100",税込,
P2502-1886,2025-02-15,C004,高橋,冊子,A4,マットコート110kg,4/4,16,,1000,1,市外,2025-02-17,色校正1回,103900円,税抜,"10,390"
P2502-1887,2025-02-15,一般,高橋,チラシ,A3,上質70kg,1/0,,PP片面,3000,2,引取,2025-02-22,,"59,510",内税,"5,410"
P2502-1888,2025-02-15,C008,鈴木,名刺,91x55,ケント220kg,1/0,,,200,1,引取,2025-03-01,,"4,180",税込,380
P2502-1889,2025-02-15,K014,鈴木,チラシ,B4,コート90kg,4/0,,PP加工(片面),500,3,引取,2025-02-20,前回同様,"25,850",税込,
P2502-1877-R2,2025-02-16,C019,田中,チラシ,A4,コート135kg,4/0,,,1000,1,市内,,,"9,200",税抜,
P2502-1890,2025-02-16,C020,高橋,チラシ,B5,コート135kg,4/4,,,500,3,引取,2025-02-19,,"27,200",税抜,
P2502-1891,2025-02-17,C001,高橋,チラシ,A3,コート90kg,4/0,,PP片面,5000,3,市内,2025-03-10,前回同様,136100円,税抜,"13,610"
P2502-1892,2025-02-18,C005,高橋,リーフレット,A3,コート90kg,1/0,,PP加工(片面),5000,2,市内,2025-02-28,色校正1回,"108,800",税抜,
P2502-1893,2025-02-19,K015,高橋,チラシ,B5,コート135kg,1/1,,,3000,1,引取,,,"17,820",税込み,"1,620"
P2502-1894,2025-02-19,C001,佐藤,封筒,長3,ケント100g,2/0,,,300,1,市内,2025-03-12,,"¥9,130",内税,
P2502-1895,2025-02-21,C031,田中,リーフレット,A3,マットコート110kg,4/0,,,5000,1,市内,2025-02-24,特急,"¥57,310",税込,"5,210"
P2502-1896,2025-02-21,D007,高橋,冊子,A4,マットコート110kg,4/4,40,,300,1,市内,,,43230円,税込,
P2502-1897,2025-02-22,一般,高橋,チラシ,A3,上質70kg,4/0,,,1000,1,県外,2025-03-08,データ入稿済,１２，５００,税抜,
P2502-1898,2025-02-23,C006,田中,リーフレット,A4,コート90kg,4/4,,PP加工(片面),10000,1,市外,2025-03-16,,"93,000",税抜,"9,300"
P2502-1899,2025-02-23,一般,田中,封筒,角2,クラフト85g,2/0,,,3000,1,引取,,データ入稿済,"35,700",税抜,
P2502-1900,2025-02-23,G001,高橋,封筒,角2,ケント100g,2/0,,,1500,1,市外,,,"23,900",税抜,"2,390"
P2502-1901,2025-02-24,C024,田中,封筒,角2,ケント100g,2/0,,,2000,1,引取,2025-03-03,,"32,100",税抜,"3,210"
P2502-1902,2025-02-24,K015,佐藤,チラシ,A3,マットコート110kg,4/0,,PP加工(片面),3000,2,引取,2025-03-03,,67221円,税込,"6,111"
P2502-1903,2025-02-24,K005,高橋,チラシ,A3,マットコート110kg,4/4,,PP片面,3000,1,引取,2025-03-17,納品書同封,"35,700",税抜,
P2502-1904,2025-02-25,一般,鈴木,チラシ,A3,コート135kg,1/0,,PP片面,1000,3,市外,2025-03-18,,"42,500",税抜,
P2502-1905,2025-02-25,一般,鈴木,名刺,91x55,ケント220kg,1/0,,,100,3,引取,2025-03-02,データ入稿済,"8,030",税込,730
P2502-1906,2025-02-26,C005,佐藤,冊子,A4,上質70kg,1/1,20,,1000,1,市外,2025-03-01,特急,"94,600",税込み,"8,600"
P2502-1907,2025-02-26,G003,鈴木,チラシ,B5,上質70kg,4/0,,穴あけ,3000,1,市外,,,"12,700",税抜,"1,270"
P2502-1908,2025-02-26,C002,田中,冊子,B5,マットコート110kg,1/1,12,,300,1,市外,,,"30,030",税込,
P2502-1909,2025-02-26,K014,高橋,冊子,A4,マットコート110kg,1/1,24,,500,1,市内,2025-03-05,,41600円,税抜,
P2502-1910,2025-02-27,C013,鈴木,チラシ,A4,上質70kg,1/0,,,2000,3,引取,2025-03-09,データ入稿済,"29,700",税込み,"2,700"
P2502-1911,2025-02-27,一般,佐藤,冊子,B5,上質70kg,4/4,8,,50,1,引取,2025-03-02,色校正1回 特急,２６，４１０,税抜,
P2502-1912,2025-02-28,一般,鈴木,チラシ,A3,上質70kg,4/0,,,10000,1,引取,2025-03-14,データ修正あり,"¥59,180",税込み,
P2502-1913,2025-02-28,D009,高橋,チラシ,A3,上質70kg,1/1,,,2000,3,引取,2025-03-07,,"¥37,300",税抜,
P2502-1914,2025-02-28,D006,田中,リーフレット,A3,コート135kg,4/0,,PP加工(片面),500,1,引取,,データ修正あり,"10,700",,
P2502-1915,2025-02-28,C035,佐藤,名刺,91x55,マット220kg,4/0,,,500,3,引取,2025-03-05,前回同様,"25,500",税抜,
P2502-1916,2025-02-28,C032,田中,リーフレット,A3,コート90kg,4/0,,PP片面,500,1,市外,,色校正1回,１８，２６０,税込み,"1,660"
P2503-1917,2025-03-01,C038,鈴木,封筒,角2,クラフト85g,1/0,,,1000,1,市外,2025-03-06,,"15,600",税抜,"1,560"
P2502-1900-R2,2025-03-02,G001,高橋,封筒,角2,ケント100g,2/0,,,3000,1,市外,,,"23,900",税抜,"2,390"
P2503-1918,2025-03-02,K020,鈴木,リーフレット,A4,マットコート110kg,4/4,,PP加工(片面),10000,1,県外,,納品書同封,"¥111,100",,
P2503-1919,2025-03-02,C009,田中,冊子,A5,マットコート110kg,4/4,20,,100,1,引取,2025-03-23,,"22,000",,
P2503-1920,2025-03-02,C003,田中,冊子,A5,上質70kg,4/4,12,,300,1,県外,2025-03-23,,"35,750",,
P2503-1921,2025-03-03,一般,田中,冊子,A5,マットコート110kg,4/4,8,,50,1,市内,,データ修正あり,"21,010",,
P2503-1922,2025-03-04,C013,高橋,チラシ,B5,コート135kg,4/0,,PP加工(片面),2000,3,市内,2025-03-14,前回同様,53900円,税抜,"5,390"
P2503-1923,2025-03-04,D005,鈴木,封筒,角2,ケント100g,2/0,,,1000,1,市外,,データ入稿済,15600円,,
P2503-1924,2025-03-04,C007,佐藤,名刺,91x55,マット220kg,1/1,,,100,1,県外,2025-03-18,データ修正あり,"9,300",税抜,
P2503-1925,2025-03-05,C007,田中,チラシ,B4,上質70kg,4/0,,,3000,2,引取,2025-03-19,データ修正あり,"36,960",内税,
P2503-1926,2025-03-05,K015,田中,リーフレット,A4,コート90kg,1/1,,,5000,1,引取,2025-03-08,データ入稿済 特急,"38,610",内税,"3,510"
P2503-1927,2025-03-06,K008,佐藤,チラシ,B4,コート90kg,4/0,,,500,1,市外,,納品書同封,"8,100",税抜,
P2503-1928,2025-03-07,C035,田中,チラシ,A4,コート135kg,4/4,,,10000,1,引取,2025-03-14,納品書同封,64500円,税抜,"6,450"
P2503-1929,2025-03-07,C030,鈴木,名刺,91x55,ケント220kg,4/0,,,300,1,市内,,,"¥6,100",税抜,
P2503-1930,2025-03-07,一般,佐藤,チラシ,A4,コート90kg,4/0,,,1000,2,県外,,データ入稿済,"16,500",税抜,
P2503-1931,2025-03-08,C014,田中,名刺,91x55,マット220kg,1/1,,,500,1,市内,2025-03-13,データ修正あり,"15,180",,
P2503-1932,2025-03-08,C011,鈴木,封筒,角2,ケント100g,2/0,,,300,1,引取,,,"11,550",税込,
P2503-1933,2025-03-08,一般,高橋,チラシ,B4,コート135kg,4/4,,,5000,1,引取,,納品書同封,"¥44,550",内税,
P2503-1934,2025-03-09,C037,高橋,リーフレット,A4,マットコート110kg,4/4,,穴あけ,5000,1,市内,2025-03-23,,40300円,税抜,
P2503-1935,2025-03-09,一般,田中,チラシ,B4,上質70kg,4/4,,PP片面,1000,1,市内,,,"13,700",税抜,"1,370"
P2503-1936,2025-03-10,D010,田中,リーフレット,A3,コート135kg,4/0,,穴あけ,5000,1,引取,,,"42,460",税込,"3,860"
P2503-1937,2025-03-10,C004,田中,名刺,91x55,マット220kg,4/0,,,500,2,県外,2025-03-24,前回同様,"¥23,500",税抜,
P2503-1938,2025-03-10,C029,田中,名刺,91x55,マット220kg,4/4,,,500,1,市内,2025-03-20,データ入稿済,１１，８８０,税込,"1,080"
P2503-1939,2025-03-10,C001,鈴木,チラシ,B5,コート135kg,4/0,,,500,1,引取,,データ入稿済,"6,930",税込み,630
P2503-1940,2025-03-13,C007,田中,チラシ,A4,上質70kg,1/1,,,10000,2,引取,,データ入稿済,"¥67,000",税抜,"6,700"
P2503-1941,2025-03-14,K011,鈴木,名刺,91x55,ケント220kg,1/0,,,300,5,引取,2025-03-19,,"26,600",税抜,"2,660"
P2503-1942,2025-03-14,C015,佐藤,チラシ,B4,上質70kg,1/1,,PP片面,500,3,県外,2025-03-28,データ修正あり,"28,470",税抜,
P2503-1943,2025-03-15,K002,佐藤,冊子,A4,マットコート110kg,4/4,48,,300,1,引取,2025-03-25,,"49,720",,
P2503-1944,2025-03-15,一般,高橋,チラシ,A4,マットコート110kg,4/4,,,2000,1,引取,2025-04-05,色校正1回,"19,600",税抜,
P2503-1945,2025-03-16,一般,佐藤,封筒,角2,ケント100g,1/0,,,1500,1,県外,,,"¥28,400",税抜,"2,840"
P2503-1946,2025-03-17,C019,田中,冊子,A5,マットコート110kg,4/4,8,,500,1,県外,2025-03-22,,"43,670",税込み,
P2503-1947,2025-03-17,K011,鈴木,名刺,91x55,ケント220kg,4/0,,,200,2,引取,2025-04-07,,"7,700",税抜,
P2503-1948,2025-03-17,C005,高橋,チラシ,A3,コート135kg,1/0,,,5000,2,県外,2025-04-07,前回同様,７６，２００,税抜,
P2503-1949,2025-03-17,一般,鈴木,チラシ,A4,コート90kg,1/0,,,2000,1,引取,2025-03-19,,"¥14,520",税込み,
P2503-1950,2025-03-20,C029,高橋,チラシ,B4,コート135kg,4/0,,穴あけ,500,1,市外,,,"¥12,430",,
P2503-1951,2025-03-20,C012,佐藤,チラシ,B5,コート135kg,4/0,,,5000,1,市内,,,22630円,税抜,"2,263"
P2503-1952,2025-03-20,C005,佐藤,チラシ,B5,マットコート110kg,1/1,,PP片面,1000,1,市外,2025-04-03,,13387円,,
P2503-1953,2025-03-21,C012,佐藤,チラシ,B4,マットコート110kg,4/4,,,10000,1,引取,2025-03-23,納品書同封 特急,"88,900",税抜,
P2503-1954,2025-03-21,一般,鈴木,チラシ,A4,コート90kg,1/0,,PP加工(片面),2000,1,市内,2025-04-11,,"¥16,800",税抜,
P2503-1955,2025-03-21,C001,佐藤,名刺,91x55,ケント220kg,4/0,,,500,3,引取,2025-04-04,,"24,600",,
P2503-1956,2025-03-21,C004,高橋,封筒,角2,クラフト85g,1/0,,,300,1,市外,2025-03-23,特急,１２，８００,税抜,"1,280"
P2503-1957,2025-03-21,C012,佐藤,チラシ,A3,マットコート110kg,4/4,,PP加工(片面),2000,1,県外,2025-03-28,納品書同封,"28,810",税抜,"2,881"
P2503-1958,2025-03-22,G006,佐藤,リーフレット,A4,マットコート110kg,4/0,,穴あけ,2000,1,市内,2025-03-25,,"¥23,144",,
P2503-1959,2025-03-22,C007,高橋,名刺,91x55,ケント220kg,4/0,,,200,1,市外,2025-03-25,データ入稿済 特急,"7,150",税込,
P2503-1960,2025-03-23,C015,佐藤,チラシ,B5,マットコート110kg,4/4,,,500,3,県外,2025-03-26,特急,"26,190",税抜,
P2503-1961,2025-03-24,C002,田中,チラシ,A4,マットコート110kg,1/1,,,5000,1,市内,,,２１，６００,税抜,
P2503-1962,2025-03-25,一般,高橋,冊子,A5,上質70kg,1/1,40,,50,1,引取,,,18260円,,
P2503-1963,2025-03-26,一般,佐藤,チラシ,B4,コート90kg,4/0,,穴あけ,2000,3,引取,2025-04-02,,"40,440",税抜,
P2503-1964,2025-03-26,K011,高橋,チラシ,A3,上質70kg,4/4,,PP加工(片面),10000,3,引取,2025-04-02,データ修正あり,"295,300",税抜,
P2503-1965,2025-03-26,C025,田中,冊子,A4,上質70kg,4/4,40,,200,1,市外,2025-04-09,,"¥36,100",税抜,"3,610"
P2503-1966,2025-03-26,K007,佐藤,封筒,角2,クラフト85g,2/0,,,300,1,引取,2025-04-02,データ入稿済,"9,570",税込み,870
P2503-1967,2025-03-27,一般,佐藤,チラシ,A3,コート90kg,4/4,,,500,2,市外,2025-04-01,,"18,931",内税,
P2503-1968,2025-03-27,一般,田中,チラシ,B5,上質70kg,4/4,,PP加工(片面),500,1,市外,2025-04-10,,"9,000",,
P2503-1969,2025-03-27,一般,田中,チラシ,A3,コート90kg,4/0,,PP加工(片面),500,2,市内,2025-04-10,色校正1回,"22,500",,
P2503-1970,2025-03-27,一般,鈴木,リーフレット,A4,マットコート110kg,4/0,,穴あけ,1000,1,市外,,,"15,840",税込,
P2503-1971,2025-03-27,一般,佐藤,名刺,91x55,ケント220kg,4/4,,,300,1,市外,2025-04-03,データ修正あり,１０，８０２,内税,
P2503-1972,2025-03-27,K019,佐藤,チラシ,A3,コート90kg,4/4,,穴あけ,2000,1,引取,,,"23,364",税込み,
P2503-1973,2025-03-27,C035,佐藤,チラシ,A4,マットコート110kg,1/1,,,5000,1,引取,2025-03-29,前回同様,"31,520",税抜,"3,152"
P2503-1974,2025-03-28,一般,田中,チラシ,B4,マットコート110kg,4/0,,穴あけ,3000,3,引取,,色校正1回,"68,970",税込み,
P2503-1975,2025-03-28,C001,佐藤,チラシ,A3,マットコート110kg,1/1,,PP片面,10000,1,市内,2025-04-02,納品書同封,"107,041",,
P2503-1976,2025-03-29,C009,高橋,冊子,B5,マットコート110kg,4/4,20,,200,1,市内,,,"30,580",,
P2503-1977,2025-03-29,C020,鈴木,チラシ,A4,上質70kg,4/0,,PP加工(片面),5000,2,引取,2025-04-08,データ入稿済,６１，１００,税抜,
P2503-1978,2025-03-29,K008,田中,名刺,91x55,マット220kg,4/0,,,200,8,県外,2025-04-01,,"51,300",税抜,
P2503-1979,2025-03-30,一般,高橋,冊子,B5,マットコート110kg,4/4,20,,50,1,県外,2025-04-13,前回同様,"22,000",税込み,
P2503-1980,2025-03-31,K018,田中,封筒,角2,ケント100g,2/0,,,500,1,市内,,,"9,800",税抜,
P2503-1981,2025-03-31,K004,佐藤,名刺,91x55,ケント220kg,1/0,,,200,1,引取,2025-04-05,,"¥4,268",税込,388
P2503-1982,2025-03-31,C003,高橋,名刺,91x55,ケント220kg,1/1,,,100,1,市内,2025-04-07,,"3,200",,
P2503-1983,2025-03-31,C033,佐藤,チラシ,A3,上質70kg,4/0,,,5000,1,市内,,,28440円,税抜,"2,844"
P2504-1984,2025-04-01,C028,高橋,チラシ,A4,コート90kg,4/0,,,1000,2,県外,2025-04-03,データ入稿済,２３，０００,,
P2504-1985,2025-04-01,C011,田中,チラシ,B4,コート90kg,4/4,,穴あけ,500,1,市外,2025-04-22,,"11,000",,
P2504-1986,2025-04-01,C015,田中,名刺,91x55,マット220kg,4/0,,,500,1,県外,,色校正1回,"20,350",,
P2504-1987,2025-04-01,C010,高橋,冊子,A5,マットコート110kg,1/1,8,,300,1,市外,,,"¥28,820",税込み,"2,620"
P2504-1988,2025-04-01,C004,高橋,名刺,91x55,マット220kg,1/1,,,500,3,引取,2025-04-06,データ修正あり,"34,430",内税,
P2504-1989,2025-04-01,K015,鈴木,冊子,A4,上質70kg,4/4,12,,100,1,市内,2025-04-04,特急,"¥24,600",,
P2504-1990,2025-04-01,D010,鈴木,チラシ,B4,上質70kg,4/0,,PP片面,500,3,市内,,,22660円,内税,
P2504-1991,2025-04-02,K020,田中,チラシ,A4,上質70kg,4/0,,,500,1,市外,,,"7,920",税込み,
P2504-1992,2025-04-02,一般,高橋,チラシ,B4,コート135kg,4/0,,PP片面,3000,1,引取,2025-04-16,データ入稿済,"32,670",税込,"2,970"
P2504-1993,2025-04-02,G008,高橋,名刺,91x55,マット220kg,4/0,,,200,5,引取,2025-04-16,色校正1回,"27,720",内税,"2,520"
P2504-1994,2025-04-04,C008,高橋,チラシ,B4,マットコート110kg,4/4,,穴あけ,2000,3,県外,,前回同様,"¥65,560",税込,
P2504-1995,2025-04-05,D010,佐藤,チラシ,A3,コート135kg,4/0,,,1000,2,市内,2025-04-19,,"21,637",内税,
P2504-1996,2025-04-05,C021,鈴木,名刺,91x55,ケント220kg,1/0,,,300,1,市内,2025-04-08,,"8,470",内税,
P2504-1997,2025-04-06,C035,高橋,チラシ,A4,コート90kg,4/0,,穴あけ,3000,1,引取,2025-04-13,データ修正あり,"19,500",税抜,"1,950"
P2504-1998,2025-04-07,一般,田中,チラシ,A3,マットコート110kg,4/4,,PP片面,3000,1,市外,,色校正1回,"43,400",税抜,"4,340"
P2504-1999,2025-04-07,C005,高橋,チラシ,A4,コート90kg,1/0,,PP加工(片面),2000,1,引取,2025-04-21,前回同様,"18,150",税込み,"1,650"
P2504-2000,2025-04-07,一般,高橋,チラシ,B5,マットコート110kg,4/4,,,3000,2,市外,2025-04-09,特急,"50,600",税抜,
P2504-2001,2025-04-08,D004,田中,冊子,B5,上質70kg,1/1,40,,1000,1,市内,,データ修正あり,"75,600",,
P2504-2002,2025-04-09,一般,田中,名刺,91x55,マット220kg,4/0,,,300,1,市内,2025-04-11,,"¥10,010",,
P2504-2003,2025-04-10,C006,田中,チラシ,B4,マットコート110kg,1/0,,,3000,1,引取,,データ修正あり,"21,900",税抜,
P2504-2004,2025-04-10,C011,高橋,封筒,長3,クラフト85g,2/0,,,500,1,引取,2025-04-17,,"6,930",内税,
P2504-2005,2025-04-10,K005,高橋,名刺,91x55,マット220kg,1/1,,,200,1,県外,,色校正1回,"14,410",内税,"1,310"
P2504-2006,2025-04-10,C003,高橋,名刺,91x55,マット220kg,1/0,,,500,3,市外,2025-04-24,前回同様,"31,500",税抜,
P2504-2007,2025-04-11,C001,田中,チラシ,B4,マットコート110kg,4/0,,,1000,1,市外,2025-04-14,色校正1回,２０，０００,税抜,
P2504-2008,2025-04-12,K018,高橋,名刺,91x55,ケント220kg,4/4,,,300,1,市外,2025-05-03,納品書同封,"6,800",税抜,
P2504-2009,2025-04-12,D008,田中,リーフレット,A3,コート135kg,4/4,,穴あけ,3000,1,引取,2025-04-15,,３９，８００,税抜,
P2504-1989-R2,2025-04-13,K015,鈴木,冊子,A4,上質70kg,4/4,12,,200,1,市内,2025-04-16,特急,"¥24,600",,
P2504-2010,2025-04-13,C012,田中,チラシ,B5,コート135kg,4/0,,PP片面,10000,3,引取,2025-04-27,データ修正あり,"214,500",税抜,"21,450"
P2504-2011,2025-04-13,C002,佐藤,チラシ,B5,コート135kg,4/0,,,1000,1,引取,2025-04-15,色校正1回,"18,733",税込み,"1,703"
P2504-2012,2025-04-14,C014,高橋,チラシ,B5,コート90kg,4/4,,PP加工(片面),10000,2,市外,2025-04-16,色校正1回 特急,"227,590",内税,
P2504-2013,2025-04-14,D009,佐藤,チラシ,B4,コート135kg,4/0,,,5000,2,引取,2025-04-19,,"¥53,550",税抜,
P2504-2014,2025-04-14,K006,高橋,封筒,角2,クラフト85g,2/0,,,1000,1,引取,,データ入稿済,"14,100",税抜,"1,410"
P2504-2015,2025-04-15,C005,高橋,封筒,角2,ケント100g,1/0,,,1500,1,引取,2025-04-25,,"24,900",税抜,
P2504-2016,2025-04-15,C018,田中,チラシ,A4,コート90kg,1/0,,PP加工(片面),10000,2,引取,2025-04-18,データ修正あり,"166,400",税抜,
P2504-2017,2025-04-15,C001,高橋,名刺,91x55,ケント220kg,1/1,,,300,5,引取,2025-04-29,,"29,260",,
P2504-2018,2025-04-15,D007,田中,名刺,91x55,ケント220kg,1/1,,,100,8,引取,,データ修正あり,"21,010",税込,"1,910"
P2504-2019,2025-04-16,一般,佐藤,チラシ,B5,コート135kg,1/0,,PP加工(片面),3000,3,引取,2025-04-19,特急,"¥101,112",税込,
P2504-2020,2025-04-16,C005,田中,チラシ,B5,マットコート110kg,4/4,,PP加工(片面),5000,3,市内,,,"¥127,300",税抜,"12,730"
P2504-2021,2025-04-16,C003,佐藤,チラシ,B4,マットコート110kg,4/4,,,10000,1,引取,,色校正1回,８０，５６４,税込み,"7,324"
P2504-2022,2025-04-17,C036,高橋,リーフレット,A4,コート90kg,4/0,,PP片面,500,2,市内,2025-04-24,色校正1回,"23,600",税抜,
P2504-2023,2025-04-17,C012,高橋,名刺,91x55,ケント220kg,1/0,,,200,1,市内,,,"4,600",税抜,460
P2504-2024,2025-04-17,K008,田中,封筒,長3,ケント100g,1/0,,,500,1,市外,,,9900円,税込,
P2504-2025,2025-04-17,一般,鈴木,チラシ,A3,マットコート110kg,4/4,,PP片面,1000,1,市外,,データ入稿済,"¥17,930",内税,"1,630"
P2504-2026,2025-04-18,C005,田中,名刺,91x55,ケント220kg,4/4,,,500,5,引取,,前回同様,"41,000",,
P2504-2027,2025-04-18,C023,高橋,名刺,91x55,マット220kg,1/1,,,300,5,県外,2025-04-25,,31680円,税込み,"2,880"
P2504-2028,2025-04-18,C010,鈴木,名刺,91x55,マット220kg,4/4,,,300,1,市内,,納品書同封,"6,300",税抜,
P2504-2029,2025-04-18,C012,佐藤,チラシ,B4,コート90kg,1/1,,,3000,3,市外,2025-04-23,データ修正あり,"64,383",,
P2504-2030,2025-04-19,G005,鈴木,封筒,角2,ケント100g,1/0,,,2000,1,市内,2025-04-26,色校正1回,"32,560",税込,"2,960"
P2504-2031,2025-04-20,C003,高橋,封筒,長3,ケント100g,1/0,,,300,1,市外,,色校正1回,"15,400",内税,
P2504-2032,2025-04-20,D007,高橋,リーフレット,A4,コート135kg,4/4,,,1000,1,市内,2025-04-23,データ修正あり 特急,"¥19,470",税込み,
P2504-2033,2025-04-21,K007,高橋,名刺,91x55,ケント220kg,1/0,,,300,1,市内,2025-05-01,色校正1回,"11,100",,
P2504-2034,2025-04-21,K014,高橋,リーフレット,A4,コート90kg,4/0,,,2000,3,市内,2025-05-05,,３５，６００,税抜,
P2504-2035,2025-04-21,C027,高橋,名刺,91x55,マット220kg,4/0,,,500,8,引取,2025-05-12,色校正1回,"93,500",税込,
P2504-2036,2025-04-21,C013,田中,チラシ,B5,コート90kg,4/0,,PP片面,3000,1,市内,2025-04-24,特急,２６，９００,税抜,"2,690"
P2504-2013-R2,2025-04-22,D009,佐藤,チラシ,B4,コート135kg,4/0,,,5000,2,引取,2025-04-27,,"51,940",税抜,
P2504-2037,2025-04-23,一般,佐藤,チラシ,A4,上質70kg,4/4,,PP片面,2000,2,引取,2025-05-03,色校正1回,"45,110",税抜,
P2504-2038,2025-04-24,C025,佐藤,冊子,B5,上質70kg,1/1,20,,300,1,市外,,データ修正あり,"¥33,100",税抜,
P2504-2039,2025-04-24,C005,鈴木,名刺,91x55,マット220kg,1/1,,,100,1,県外,2025-05-04,色校正1回,"¥11,300",税抜,
P2504-2040,2025-04-26,G002,田中,チラシ,A3,上質70kg,1/1,,,10000,3,引取,,データ入稿済,"¥165,550",税込み,
P2504-2041,2025-04-26,C018,鈴木,冊子,A4,マットコート110kg,4/4,8,,500,1,市外,2025-04-29,納品書同封,"48,500",税抜,"4,850"
P2504-2042,2025-04-26,K014,鈴木,封筒,長3,クラフト85g,1/0,,,1000,1,県外,2025-05-10,データ修正あり,"15,800",税抜,"1,580"
P2504-2043,2025-04-27,C012,高橋,封筒,長3,クラフト85g,2/0,,,500,1,市内,2025-04-29,前回同様 特急,8900円,税抜,
P2504-2044,2025-04-27,C006,佐藤,封筒,角2,ケント100g,2/0,,,2000,1,県外,2025-05-04,,３９，１６０,税込み,"3,560"
P2504-2045,2025-04-28,K008,佐藤,チラシ,A3,コート135kg,4/4,,,10000,1,市内,,前回同様,８６，６４０,,
P2504-2046,2025-04-28,一般,佐藤,リーフレット,A4,コート90kg,4/0,,,500,3,市外,2025-05-08,,"26,070",税込,"2,370"
P2504-2047,2025-04-28,一般,高橋,冊子,A4,上質70kg,1/1,12,,100,1,市内,,納品書同封,18000円,税抜,
P2504-2048,2025-04-28,C004,佐藤,名刺,91x55,ケント220kg,1/0,,,200,3,引取,2025-05-05,,１１，６４０,税抜,
P2504-2049,2025-04-29,C010,高橋,名刺,91x55,ケント220kg,1/0,,,200,5,市内,,,"22,220",税込,
P2504-2050,2025-04-29,一般,田中,チラシ,A3,コート135kg,4/4,,,5000,2,市内,2025-05-20,,"91,000",税抜,
P2504-2051,2025-04-29,C006,田中,リーフレット,A3,コート90kg,4/0,,PP加工(片面),1000,1,市外,2025-05-02,納品書同封,"22,660",内税,
P2504-2052,2025-04-30,C009,高橋,冊子,A5,上質70kg,1/1,8,,500,1,県外,,色校正1回,"45,210",内税,
P2504-2053,2025-04-30,C003,鈴木,冊子,B5,マットコート110kg,4/4,48,,1000,1,市内,2025-05-07,データ修正あり,"139,200",税抜,
P2504-2054,2025-04-30,一般,田中,チラシ,B5,コート90kg,4/0,,穴あけ,3000,1,市内,,,"15,000",税抜,
P2504-2055,2025-04-30,K011,鈴木,冊子,A5,上質70kg,4/4,16,,1000,1,市内,2025-05-07,色校正1回,"79,600",,
P2505-2056,2025-05-01,D002,高橋,チラシ,B4,上質70kg,4/4,,,5000,2,引取,2025-05-03,特急,７６，５６０,税込み,"6,960"
P2505-2057,2025-05-02,一般,鈴木,リーフレット,A4,マットコート110kg,4/0,,,2000,1,引取,2025-05-16,,15730円,税込,
P2505-2058,2025-05-02,K018,佐藤,名刺,91x55,マット220kg,1/1,,,100,3,市外,2025-05-12,データ修正あり,"14,190",税込み,
P2504-2023-R2,2025-05-04,C012,高橋,名刺,91x55,ケント220kg,1/0,,,400,1,市内,,,"4,600",税抜,460
P2504-2034-R2,2025-05-06,K014,高橋,リーフレット,A4,コート90kg,4/0,,,2000,3,市内,2025-05-20,,"40,100",税抜,
P2505-2059,2025-05-06,C040,田中,チラシ,A3,コート135kg,4/4,,PP片面,2000,3,市内,2025-05-16,,８２，７００,税抜,
P2505-2060,2025-05-06,C035,佐藤,チラシ,B5,上質70kg,4/0,,,5000,1,市内,2025-05-08,,"¥17,325",税込み,"1,575"
P2505-2061,2025-05-07,C022,佐藤,冊子,A5,上質70kg,4/4,48,,300,1,引取,2025-05-14,データ入稿済,"54,692",税込み,
P2505-2062,2025-05-07,C035,高橋,封筒,角2,クラフト85g,2/0,,,1000,1,市外,,色校正1回,"20,600",税抜,
P2505-2063,2025-05-07,C012,佐藤,リーフレット,A3,コート90kg,4/0,,,2000,1,引取,2025-05-28,納品書同封,"17,900",税抜,
P2505-2064,2025-05-08,C002,佐藤,チラシ,B4,マットコート110kg,1/1,,,5000,1,市内,2025-05-18,データ入稿済,"30,030",税込み,
P2505-2065,2025-05-08,G005,佐藤,リーフレット,A4,マットコート110kg,4/4,,,10000,1,市外,2025-05-22,,６８，４７５,,
P2505-2066,2025-05-09,K004,田中,名刺,91x55,ケント220kg,1/1,,,200,3,市内,2025-05-23,,"12,400",,
P2505-2067,2025-05-09,C002,田中,チラシ,B4,コート90kg,4/0,,,10000,3,引取,,,"139,500",税抜,"13,950"
P2505-2068,2025-05-09,C003,佐藤,封筒,角2,ケント100g,2/0,,,2000,1,引取,2025-05-12,,"35,100",税抜,"3,510"
P2505-2069,2025-05-09,K020,高橋,チラシ,A4,コート90kg,4/0,,PP片面,10000,2,市内,2025-05-16,,"129,800",税抜,"12,980"
P2505-2070,2025-05-10,一般,田中,チラシ,B4,マットコート110kg,4/0,,,500,1,市外,,,"8,250",税込,
P2505-2071,2025-05-11,C032,高橋,チラシ,B5,マットコート110kg,1/0,,PP加工(片面),500,2,引取,2025-05-21,前回同様,"13,500",税抜,
P2505-2072,2025-05-11,D001,田中,リーフレット,A4,コート135kg,4/0,,PP加工(片面),2000,3,県外,,,"58,300",税抜,
P2505-2073,2025-05-12,C011,鈴木,チラシ,B5,上質70kg,4/0,,,5000,1,市内,,色校正1回,"¥21,230",内税,
P2505-2074,2025-05-12,K006,田中,冊子,A5,上質70kg,4/4,40,,1000,1,市内,,色校正1回,"139,480",税込み,"12,680"
P2505-2075,2025-05-12,C017,佐藤,チラシ,A3,コート90kg,4/4,,,2000,3,引取,,,"53,860",税抜,
P2505-2076,2025-05-12,C001,高橋,封筒,角2,クラフト85g,1/0,,,300,1,市外,2025-05-26,データ入稿済,"10,200",税抜,"1,020"
P2505-2077,2025-05-13,C003,田中,チラシ,A4,マットコート110kg,4/0,,PP片面,5000,3,引取,2025-05-20,,112500円,,
P2505-2078,2025-05-13,C025,鈴木,チラシ,A4,コート90kg,1/0,,PP片面,5000,3,市外,2025-06-03,,"96,000",税抜,
P2505-2079,2025-05-14,K001,田中,名刺,91x55,ケント220kg,4/4,,,200,2,市外,2025-05-21,データ入稿済,"10,120",内税,
P2505-2080,2025-05-14,C040,田中,リーフレット,A3,マットコート110kg,1/0,,PP加工(片面),500,1,県外,,納品書同封,１３，９００,,
P2505-2081,2025-05-14,C001,高橋,チラシ,B5,マットコート110kg,4/4,,,10000,2,市内,,色校正1回,"¥110,800",,
P2505-2082,2025-05-15,C001,佐藤,チラシ,B5,コート90kg,4/4,,,500,1,引取,2025-05-22,,"5,570",,
P2505-2083,2025-05-17,G001,鈴木,名刺,91x55,マット220kg,1/0,,,500,1,引取,2025-05-31,,"¥9,000",税抜,
P2505-2084,2025-05-17,C001,佐藤,封筒,長3,ケント100g,2/0,,,1000,1,引取,2025-05-20,特急,"15,210",税抜,
P2505-2085,2025-05-17,C006,田中,名刺,91x55,ケント220kg,4/4,,,100,1,引取,2025-05-20,データ修正あり,"7,000",税抜,
P2505-2086,2025-05-17,C001,鈴木,封筒,長3,ケント100g,2/0,,,3000,1,市内,2025-05-20,,"37,800",税抜,"3,780"
P2505-2087,2025-05-18,C012,田中,冊子,A5,上質70kg,1/1,48,,100,1,引取,,色校正1回,"25,900",税抜,"2,590"
P2505-2088,2025-05-18,C007,佐藤,チラシ,A4,マットコート110kg,4/4,,穴あけ,10000,1,引取,,データ入稿済,"¥59,650",,
P2505-2089,2025-05-19,K017,佐藤,冊子,A5,マットコート110kg,1/1,20,,500,1,市内,,納品書同封,"39,800",税抜,"3,980"
P2505-2090,2025-05-19,一般,高橋,チラシ,B4,コート90kg,4/4,,,1000,3,引取,,前回同様,"30,500",,
P2505-2091,2025-05-19,K012,佐藤,封筒,長3,クラフト85g,1/0,,,1500,1,市内,2025-06-02,データ入稿済,１４，４１０,税込,
P2505-2092,2025-05-19,一般,高橋,リーフレット,A3,コート135kg,4/0,,,5000,1,市外,2025-05-26,納品書同封,"47,300",,
P2505-2093,2025-05-19,C022,鈴木,名刺,91x55,ケント220kg,4/0,,,300,5,市内,,,"35,300",税抜,"3,530"
P2505-2094,2025-05-20,一般,佐藤,チラシ,B4,上質70kg,4/0,,PP加工(片面),5000,2,県外,2025-05-25,データ入稿済,"76,250",税抜,"7,625"
P2505-2095,2025-05-20,C002,高橋,リーフレット,A4,マットコート110kg,4/0,,,2000,1,引取,2025-05-27,,"15,730",税込み,"1,430"
P2505-2096,2025-05-20,K010,佐藤,チラシ,A4,コート135kg,4/4,,,1000,1,県外,2025-06-03,データ入稿済,"12,230",,
P2505-2097,2025-05-21,G001,高橋,チラシ,B4,マットコート110kg,1/0,,,10000,1,県外,2025-05-26,データ修正あり,"51,900",税抜,
P2505-2098,2025-05-22,一般,佐藤,封筒,長3,ケント100g,1/0,,,3000,1,市内,2025-06-01,,"29,300",税抜,"2,930"
P2505-2099,2025-05-22,C006,佐藤,封筒,角2,ケント100g,1/0,,,3000,1,市外,,データ修正あり,"51,000",,
P2505-2100,2025-05-22,一般,田中,名刺,91x55,マット220kg,4/0,,,200,8,引取,,データ修正あり,"42,900",,
P2505-2101,2025-05-23,一般,高橋,名刺,91x55,マット220kg,4/0,,,200,5,引取,2025-06-06,,"25,300",税込,
P2505-2065-R2,2025-05-24,G005,佐藤,リーフレット,A4,マットコート110kg,4/4,,,20000,1,市外,2025-06-07,,６８，４７５,,
P2505-2102,2025-05-24,一般,鈴木,冊子,B5,マットコート110kg,1/1,20,,200,1,市内,2025-05-31,前回同様,"23,200",税抜,
P2505-2103,2025-05-24,C035,佐藤,チラシ,A3,コート90kg,4/0,,PP片面,5000,1,市内,2025-05-29,,５０，４９０,税込み,"4,590"
P2505-2104,2025-05-25,一般,佐藤,チラシ,A3,上質70kg,4/4,,PP片面,1000,1,市内,,データ修正あり,"19,118",税込,"1,738"
P2505-2105,2025-05-25,G003,田中,チラシ,B5,マットコート110kg,4/0,,,500,1,引取,,データ修正あり,"7,800",税抜,780
P2505-2106,2025-05-26,C005,高橋,チラシ,B4,コート135kg,4/4,,,500,1,引取,,データ修正あり,"11,770",,
P2505-2107,2025-05-26,D003,鈴木,チラシ,B5,上質70kg,4/0,,,5000,3,市内,2025-06-05,,"34,100",税抜,"3,410"
P2505-2108,2025-05-26,一般,佐藤,封筒,角2,ケント100g,2/0,,,2000,1,市外,2025-05-31,データ修正あり,"36,600",税抜,
P2505-2109,2025-05-27,C003,鈴木,冊子,B5,上質70kg,4/4,48,,50,1,市内,2025-05-29,色校正1回,"32,100",税抜,
P2505-2110,2025-05-29,G008,佐藤,名刺,91x55,マット220kg,4/4,,,300,1,市外,2025-06-01,特急,８，９８０,税抜,
P2505-2111,2025-05-30,C010,高橋,名刺,91x55,ケント220kg,4/4,,,300,2,市外,2025-06-06,色校正1回,"¥17,100",税抜,
P2505-2112,2025-05-31,D007,田中,リーフレット,A3,コート135kg,4/4,,,2000,1,引取,,,22330円,税込,
P2506-2113,2025-06-01,C003,鈴木,封筒,角2,クラフト85g,1/0,,,500,1,引取,2025-06-04,納品書同封 特急,"11,300",税抜,"1,130"
P2506-2114,2025-06-02,C010,佐藤,チラシ,A3,コート135kg,4/4,,,3000,1,引取,2025-06-05,納品書同封 特急,"42,471",税込,
P2506-2115,2025-06-03,G003,鈴木,リーフレット,A4,コート135kg,1/1,,,1000,1,引取,2025-06-06,,"14,080",税込み,"1,280"
P2506-2116,2025-06-03,K008,佐藤,名刺,91x55,マット220kg,1/1,,,100,2,市内,2025-06-06,データ入稿済,８，８８８,税込,
P2506-2117,2025-06-03,C006,田中,チラシ,A3,コート135kg,1/0,,PP加工(片面),2000,1,県外,2025-06-10,データ修正あり,"33,220",内税,
P2506-2118,2025-06-03,C015,鈴木,チラシ,A4,マットコート110kg,4/0,,,5000,1,市内,2025-06-17,色校正1回,"28,300",税抜,"2,830"
P2506-2119,2025-06-04,C020,鈴木,チラシ,B5,マットコート110kg,4/4,,,5000,3,市内,,データ修正あり,"89,300",税抜,
P2506-2120,2025-06-04,C003,鈴木,チラシ,B4,上質70kg,1/0,,,500,2,引取,,,１２，６００,税抜,
P2506-2121,2025-06-05,C032,田中,冊子,A4,マットコート110kg,4/4,8,,200,1,引取,,,"24,420",内税,"2,220"
P2506-2122,2025-06-05,G002,田中,名刺,91x55,マット220kg,1/0,,,100,3,市外,2025-06-26,,"9,000",税抜,
P2506-2123,2025-06-05,一般,鈴木,チラシ,B4,上質70kg,4/0,,PP加工(片面),5000,1,市内,,,"38,000",税抜,
P2506-2124,2025-06-06,一般,高橋,冊子,A4,上質70kg,4/4,8,,500,1,市内,,,３７，０００,税抜,
P2506-2125,2025-06-07,K012,佐藤,封筒,長3,クラフト85g,1/0,,,1500,1,市外,2025-06-17,,"13,800",税抜,"1,380"
P2506-2126,2025-06-07,C023,佐藤,チラシ,B4,上質70kg,4/4,,,5000,3,引取,2025-06-12,色校正1回,"100,694",内税,
P2506-2127,2025-06-07,一般,鈴木,名刺,91x55,マット220kg,4/4,,,500,1,市外,,,"12,650",内税,
P2506-2128,2025-06-08,C001,鈴木,名刺,91x55,ケント220kg,1/1,,,100,1,市内,,,"3,200",税抜,
P2506-2129,2025-06-09,G005,鈴木,名刺,91x55,マット220kg,1/1,,,200,2,市内,2025-06-11,,"11,500",,
P2506-2130,2025-06-09,C011,佐藤,名刺,91x55,マット220kg,1/0,,,300,1,県外,,,"¥9,900",税抜,
P2506-2131,2025-06-09,C005,鈴木,封筒,長3,クラフト85g,1/0,,,300,1,市外,,,"7,800",税抜,
P2506-2132,2025-06-10,C003,高橋,リーフレット,A4,コート90kg,1/1,,穴あけ,10000,1,市外,2025-06-20,納品書同封,"58,300",税込,
P2506-2133,2025-06-10,一般,田中,チラシ,B5,上質70kg,4/4,,穴あけ,3000,1,市内,2025-06-12,納品書同封 特急,24500円,税抜,
P2506-2134,2025-06-10,C038,田中,チラシ,A3,コート90kg,4/4,,,500,2,市内,2025-06-24,色校正1回,"22,000",,
P2506-2135,2025-06-11,一般,高橋,封筒,長3,クラフト85g,2/0,,,1500,1,引取,2025-06-21,データ入稿済,"11,600",税抜,
P2506-2136,2025-06-13,D005,田中,チラシ,A4,上質70kg,1/0,,,500,2,市内,2025-06-20,,"10,890",,
P2506-2137,2025-06-13,D009,田中,名刺,91x55,ケント220kg,1/1,,,200,1,市内,2025-06-18,,"4,000",税抜,
P2506-2138,2025-06-13,C016,高橋,リーフレット,A4,マットコート110kg,4/4,,PP加工(片面),5000,1,市外,2025-06-23,データ入稿済,"53,000",税抜,
P2506-2139,2025-06-13,C008,高橋,冊子,B5,マットコート110kg,4/4,12,,300,1,県外,2025-06-16,特急,"¥41,300",税抜,"4,130"
P2506-2140,2025-06-14,C029,高橋,冊子,A4,上質70kg,1/1,32,,100,1,市内,2025-06-17,,"25,800",税抜,
P2506-2141,2025-06-14,C005,田中,冊子,A4,上質70kg,1/1,32,,500,1,引取,2025-06-17,,５７，７００,税抜,
P2506-2142,2025-06-14,K008,田中,チラシ,B5,コート90kg,1/1,,,10000,1,市内,2025-07-05,データ修正あり,"37,300",税抜,
P2506-2143,2025-06-14,C008,高橋,チラシ,A3,マットコート110kg,1/0,,穴あけ,2000,1,市内,2025-07-05,,２２，３３０,内税,
P2506-2144,2025-06-14,G002,高橋,封筒,角2,ケント100g,1/0,,,300,1,市外,2025-06-28,色校正1回,"¥16,940",税込み,"1,540"
P2506-2145,2025-06-14,K007,鈴木,リーフレット,A3,コート90kg,1/0,,穴あけ,500,2,引取,2025-06-21,前回同様,"20,000",税抜,"2,000"
P2506-2146,2025-06-15,K020,鈴木,冊子,B5,上質70kg,1/1,16,,100,1,引取,2025-06-18,特急,"25,190",税込,
P2506-2147,2025-06-15,C009,高橋,リーフレット,A4,コート135kg,4/0,,,2000,3,市外,2025-06-18,納品書同封 特急,"61,900",税抜,"6,190"
P2506-2148,2025-06-15,G002,高橋,封筒,長3,クラフト85g,2/0,,,3000,1,市内,,,"21,890",税込,"1,990"
P2506-2149,2025-06-15,C006,鈴木,チラシ,A3,上質70kg,4/4,,PP加工(片面),2000,2,県外,2025-06-17,データ入稿済 特急,"69,520",内税,"6,320"
P2506-2150,2025-06-16,一般,鈴木,チラシ,A4,コート90kg,4/4,,,500,1,市内,2025-07-07,データ入稿済,"8,140",内税,740
P2506-2151,2025-06-17,K010,鈴木,冊子,B5,マットコート110kg,4/4,24,,200,1,引取,2025-06-22,前回同様,"¥31,240",税込み,"2,840"
P2506-2152,2025-06-18,一般,高橋,封筒,長3,クラフト85g,1/0,,,1000,1,引取,,色校正1回,"14,300",税抜,"1,430"
P2506-2153,2025-06-18,C023,鈴木,冊子,A4,マットコート110kg,4/4,48,,300,1,市外,2025-07-02,データ入稿済,"47,200",税抜,
P2506-2154,2025-06-18,C007,田中,リーフレット,A4,コート90kg,4/0,,,500,1,市外,,前回同様,"8,900",税抜,
P2506-2155,2025-06-18,D003,佐藤,封筒,長3,クラフト85g,1/0,,,3000,1,県外,2025-06-28,前回同様,"21,600",税抜,
P2506-2156,2025-06-19,K020,高橋,チラシ,A3,上質70kg,4/0,,,500,1,市内,,,"8,140",内税,740
P2506-2157,2025-06-20,一般,佐藤,冊子,B5,マットコート110kg,1/1,40,,100,1,引取,,納品書同封,"20,200",税抜,"2,020"
P2506-2158,2025-06-20,C009,佐藤,リーフレット,A3,コート90kg,1/0,,PP加工(片面),10000,1,引取,2025-06-27,データ修正あり,"110,550",,
P2506-2159,2025-06-20,D001,高橋,名刺,91x55,ケント220kg,4/0,,,200,1,市内,2025-06-23,データ修正あり 特急,"8,400",税抜,840
P2506-2160,2025-06-21,一般,田中,封筒,角2,ケント100g,2/0,,,2000,1,市外,2025-06-28,,"36,960",税込み,
P2506-2161,2025-06-21,K013,佐藤,チラシ,B4,コート90kg,4/0,,PP加工(片面),500,2,引取,2025-07-12,データ入稿済,"17,281",,
P2506-2162,2025-06-21,C009,鈴木,チラシ,B4,マットコート110kg,4/4,,PP片面,500,1,引取,2025-06-24,納品書同封,"11,700",税抜,
P2506-2163,2025-06-21,D003,佐藤,チラシ,A4,コート90kg,4/0,,,2000,1,市内,,納品書同封,９，４５０,税抜,
P2506-2164,2025-06-22,一般,田中,チラシ,B5,上質70kg,4/0,,,10000,1,引取,2025-06-27,色校正1回,"29,260",税込み,
P2506-2165,2025-06-22,K004,佐藤,チラシ,A4,上質70kg,4/0,,,2000,1,引取,2025-06-29,データ修正あり,"¥11,930",税抜,
P2506-2166,2025-06-22,C002,高橋,リーフレット,A3,マットコート110kg,1/0,,,3000,2,市内,2025-06-25,データ修正あり,79200円,税込,"7,200"
P2506-2167,2025-06-23,K014,佐藤,冊子,A4,マットコート110kg,1/1,40,,300,1,引取,2025-06-26,特急,49478円,税込,
P2506-2168,2025-06-23,C008,鈴木,チラシ,A4,上質70kg,4/4,,PP加工(片面),1000,1,市内,2025-06-30,,"12,100",税抜,
P2506-2169,2025-06-23,一般,田中,チラシ,B5,コート135kg,4/0,,穴あけ,500,1,県外,,,"¥12,500",税抜,
P2506-2170,2025-06-23,C007,高橋,チラシ,B4,コート135kg,4/4,,,3000,1,市外,2025-07-07,データ入稿済,"26,800",税抜,
P2506-2171,2025-06-24,C003,田中,リーフレット,A3,マットコート110kg,4/0,,,1000,1,市内,2025-07-15,データ修正あり,"¥17,710",内税,
P2506-2172,2025-06-24,G005,鈴木,冊子,A5,上質70kg,1/1,40,,200,1,市内,2025-06-26,特急,"32,800",税抜,"3,280"
P2506-2173,2025-06-24,C032,佐藤,冊子,A4,マットコート110kg,1/1,8,,50,1,引取,2025-06-27,前回同様 特急,"19,440",税抜,
P2506-2174,2025-06-24,C007,田中,封筒,角2,ケント100g,2/0,,,3000,1,市内,2025-06-29,納品書同封,"¥47,300",税抜,"4,730"
P2506-2175,2025-06-24,K016,鈴木,名刺,91x55,マット220kg,1/0,,,300,1,市内,2025-07-04,納品書同封,7200円,税抜,
P2506-2176,2025-06-26,C002,佐藤,封筒,角2,クラフト85g,1/0,,,1000,1,引取,2025-06-29,納品書同封,"20,163",内税,
P2506-2177,2025-06-26,一般,鈴木,封筒,角2,ケント100g,2/0,,,2000,1,市内,2025-07-03,,３２，９００,税抜,"3,290"
P2506-2178,2025-06-26,C002,鈴木,冊子,B5,マットコート110kg,4/4,32,,100,1,市内,,,"25,190",,
P2506-2179,2025-06-27,C012,高橋,チラシ,A3,上質70kg,1/0,,,500,1,市内,2025-07-11,,7400円,税抜,740
P2506-2180,2025-06-29,D008,鈴木,リーフレット,A4,コート90kg,4/4,,,2000,2,市内,2025-07-01,,３７，７００,税抜,
P2506-2181,2025-06-30,一般,高橋,チラシ,B4,コート90kg,1/0,,,500,1,引取,2025-07-07,前回同様,"6,400",税抜,
P2506-2182,2025-06-30,一般,田中,冊子,A4,上質70kg,1/1,12,,200,1,引取,2025-07-21,,21500円,税抜,"2,150"
P2507-2183,2025-07-01,一般,高橋,冊子,A4,上質70kg,4/4,12,,100,1,引取,2025-07-06,,"18,300",,
P2507-2184,2025-07-01,C003,田中,チラシ,B5,上質70kg,4/0,,PP片面,3000,1,県外,2025-07-11,色校正1回,"30,140",内税,
P2507-2185,2025-07-01,C013,佐藤,チラシ,B4,マットコート110kg,4/0,,穴あけ,500,1,県外,2025-07-03,色校正1回,２５，１５７,税込み,
P2507-2186,2025-07-02,一般,田中,冊子,A5,マットコート110kg,4/4,32,,200,1,市内,2025-07-16,,３５，３１０,内税,"3,210"
P2507-2187,2025-07-02,一般,佐藤,チラシ,A3,上質70kg,4/0,,,2000,1,市外,,,"17,160",,
P2507-2188,2025-07-02,C030,鈴木,チラシ,B5,コート135kg,4/0,,,3000,3,引取,2025-07-09,データ修正あり,４８，９００,税抜,
P2507-2189,2025-07-02,C006,田中,名刺,91x55,ケント220kg,1/1,,,200,5,市外,,前回同様,"22,990",税込,"2,090"
P2507-2190,2025-07-02,D004,高橋,名刺,91x55,ケント220kg,1/0,,,500,1,引取,2025-07-16,,"7,590",内税,
P2507-2191,2025-07-03,D010,鈴木,名刺,91x55,ケント220kg,4/4,,,500,3,引取,2025-07-24,,"¥20,900",税抜,
P2507-2192,2025-07-03,一般,鈴木,チラシ,A4,マットコート110kg,4/0,,,2000,2,市内,2025-07-10,色校正1回,"29,200",税抜,"2,920"
P2507-2193,2025-07-03,C028,田中,チラシ,A3,上質70kg,1/0,,,1000,3,市内,2025-07-10,,"¥28,700",税抜,
P2507-2194,2025-07-04,C002,鈴木,名刺,91x55,マット220kg,4/4,,,100,1,引取,2025-07-11,,"3,000",税抜,300
P2507-2195,2025-07-05,C014,田中,リーフレット,A3,コート90kg,4/4,,穴あけ,3000,1,引取,2025-07-19,,"¥35,750",税込,"3,250"
P2507-2196,2025-07-05,C008,佐藤,冊子,A5,マットコート110kg,4/4,8,,500,1,市内,2025-07-10,,３７，０００,税抜,"3,700"
P2507-2197,2025-07-06,C012,佐藤,チラシ,A4,マットコート110kg,4/4,,,2000,1,市外,2025-07-13,色校正1回,"23,980",,
P2507-2198,2025-07-06,K006,田中,名刺,91x55,マット220kg,1/0,,,100,1,市内,,色校正1回,"8,600",税抜,860
P2507-2199,2025-07-07,D010,田中,封筒,長3,ケント100g,2/0,,,1500,1,市内,,,"13,400",税抜,
P2507-2200,2025-07-07,C029,高橋,冊子,A5,上質70kg,4/4,20,,50,1,市内,2025-07-14,,"17,300",,
P2507-2201,2025-07-08,C010,鈴木,リーフレット,A4,コート90kg,4/4,,,5000,1,市外,,納品書同封,"35,000",税抜,
P2507-2202,2025-07-08,C017,鈴木,冊子,A5,マットコート110kg,1/1,20,,500,1,市内,2025-07-10,特急,"48,900",税抜,
P2507-2203,2025-07-08,K017,鈴木,冊子,A4,上質70kg,4/4,8,,50,1,市内,2025-07-22,,"16,100",税抜,
P2507-2204,2025-07-08,C017,鈴木,チラシ,B4,コート135kg,1/0,,PP加工(片面),5000,1,引取,2025-07-22,,"48,510",,
P2507-2205,2025-07-08,K018,佐藤,封筒,角2,クラフト85g,1/0,,,1000,1,市内,2025-07-13,,"14,900",税抜,"1,490"
P2507-2206,2025-07-09,D001,鈴木,冊子,B5,マットコート110kg,4/4,20,,300,1,市内,,,29700円,税抜,
P2507-2207,2025-07-10,G001,佐藤,チラシ,A4,上質70kg,4/0,,PP加工(片面),3000,1,引取,2025-07-31,前回同様,"20,493",内税,
P2507-2208,2025-07-10,一般,田中,名刺,91x55,ケント220kg,1/1,,,100,5,県外,2025-07-24,,"15,700",,
P2507-2209,2025-07-11,K017,鈴木,封筒,角2,クラフト85g,2/0,,,2000,1,市内,2025-07-13,,"36,410",税込,"3,310"
P2507-2210,2025-07-11,D009,高橋,名刺,91x55,ケント220kg,4/0,,,500,1,引取,,色校正1回,１２，３２０,税込み,"1,120"
P2507-2211,2025-07-11,C004,鈴木,チラシ,B4,上質70kg,4/4,,穴あけ,10000,1,市内,2025-07-25,データ入稿済,"62,300",税抜,"6,230"
P2507-2212,2025-07-11,D009,佐藤,名刺,91x55,ケント220kg,4/0,,,500,1,市内,2025-07-13,データ修正あり,"14,487",内税,"1,317"
P2507-2213,2025-07-11,C019,高橋,チラシ,A3,上質70kg,4/0,,,3000,1,県外,2025-07-25,前回同様,"22,400",税抜,"2,240"
P2507-2214,2025-07-12,C007,鈴木,封筒,角2,ケント100g,2/0,,,3000,1,市内,2025-07-15,,61200円,税抜,"6,120"
P2507-2215,2025-07-12,C017,田中,冊子,A5,マットコート110kg,1/1,24,,200,1,市内,,納品書同封,"26,070",内税,"2,370"
P2507-2216,2025-07-12,K019,田中,チラシ,A3,上質70kg,4/4,,,500,3,引取,,,"23,400",税抜,
P2507-2217,2025-07-12,C004,鈴木,チラシ,A4,コート90kg,4/4,,穴あけ,2000,1,市内,,データ修正あり,"20,900",税抜,
P2507-2218,2025-07-13,C006,高橋,チラシ,B4,マットコート110kg,1/0,,,2000,1,引取,,,"14,100",税抜,"1,410"
P2507-2219,2025-07-13,一般,鈴木,チラシ,A3,コート90kg,4/0,,,10000,1,市外,,,"66,000",内税,"6,000"
P2507-2220,2025-07-14,C002,高橋,名刺,91x55,ケント220kg,4/4,,,300,1,市外,,,"7,480",税込み,680
P2507-2221,2025-07-14,一般,高橋,チラシ,A4,コート90kg,4/4,,,2000,1,市内,,納品書同封,"¥16,390",税込,
P2507-2222,2025-07-14,一般,高橋,チラシ,B4,コート135kg,4/4,,穴あけ,2000,1,引取,2025-07-21,,"24,090",税込,"2,190"
P2507-2223,2025-07-15,K010,佐藤,冊子,A4,上質70kg,1/1,32,,1000,1,市外,2025-07-29,,"85,030",税込,
P2507-2224,2025-07-15,C006,高橋,リーフレット,A4,コート135kg,1/1,,穴あけ,2000,1,市外,,,"¥21,000",税抜,
P2507-2225,2025-07-15,G005,鈴木,冊子,A5,マットコート110kg,1/1,8,,100,1,市内,,,"16,000",税抜,"1,600"
P2507-2226,2025-07-16,C033,佐藤,冊子,B5,マットコート110kg,4/4,16,,1000,1,引取,2025-07-23,,"73,800",税抜,
P2507-2227,2025-07-16,C011,佐藤,リーフレット,A4,コート90kg,4/4,,,5000,1,市内,2025-08-06,,"¥34,300",税抜,"3,430"
P2507-2228,2025-07-16,C010,田中,チラシ,B5,マットコート110kg,1/0,,PP加工(片面),10000,1,市外,2025-07-26,,"64,000",税抜,"6,400"
P2507-2229,2025-07-16,C037,高橋,冊子,A4,上質70kg,4/4,12,,200,1,引取,2025-07-30,,"¥26,070",税込み,
P2507-2230,2025-07-17,K001,鈴木,名刺,91x55,ケント220kg,1/1,,,200,5,市外,2025-07-27,データ入稿済,"20,900",税抜,"2,090"
P2507-2231,2025-07-18,C040,鈴木,チラシ,A3,上質70kg,4/0,,,2000,2,市内,2025-08-08,,"¥30,910",税込,
P2507-2203-R2,2025-07-20,K017,鈴木,冊子,A4,上質70kg,4/4,8,,50,1,市内,2025-08-03,,"16,100",税抜,
P2507-2232,2025-07-20,一般,田中,封筒,長3,ケント100g,2/0,,,500,1,引取,2025-07-30,,"7,500",税抜,
P2507-2233,2025-07-20,D002,高橋,名刺,91x55,マット220kg,4/0,,,100,2,引取,2025-07-22,前回同様,"6,100",税抜,610
P2507-2234,2025-07-20,K015,高橋,封筒,長3,ケント100g,1/0,,,500,1,市外,2025-07-27,前回同様,"8,000",税抜,
P2507-2235,2025-07-20,C003,佐藤,チラシ,B4,コート135kg,1/1,,穴あけ,5000,1,市外,2025-08-03,前回同様,４１，１２９,,
P2507-2236,2025-07-21,D003,佐藤,チラシ,A4,上質70kg,4/0,,,3000,2,引取,,納品書同封,"¥19,290",税抜,
P2507-2237,2025-07-21,D009,田中,封筒,長3,ケント100g,2/0,,,500,1,市外,,データ入稿済,８，５８０,内税,
P2507-2238,2025-07-21,C011,高橋,冊子,A4,上質70kg,1/1,20,,300,1,引取,2025-07-31,色校正1回,"33,600",税抜,
P2507-2239,2025-07-21,K001,高橋,名刺,91x55,マット220kg,1/0,,,500,3,市内,,色校正1回,"¥39,380",,
P2507-2240,2025-07-21,C004,佐藤,冊子,B5,マットコート110kg,4/4,20,,1000,1,引取,2025-07-28,データ入稿済,"83,000",税抜,
P2507-2241,2025-07-22,C008,鈴木,チラシ,A4,マットコート110kg,4/0,,穴あけ,5000,1,市内,2025-08-05,データ修正あり,31240円,,
P2507-2242,2025-07-22,K004,鈴木,リーフレット,A4,コート90kg,1/1,,穴あけ,2000,2,市内,2025-07-24,,"41,300",税抜,
P2507-2243,2025-07-22,C003,佐藤,冊子,A5,マットコート110kg,1/1,40,,100,1,引取,,データ修正あり,"23,200",税抜,"2,320"
P2507-2244,2025-07-22,C039,田中,封筒,角2,ケント100g,2/0,,,1000,1,引取,,,"17,700",税抜,
P2507-2245,2025-07-22,K009,高橋,名刺,91x55,マット220kg,4/4,,,100,1,市外,2025-08-12,データ修正あり,"8,030",税込み,
P2507-2246,2025-07-23,C007,鈴木,名刺,91x55,ケント220kg,4/4,,,100,1,市外,,データ入稿済,"¥3,900",税抜,
P2507-2247,2025-07-23,一般,佐藤,冊子,B5,マットコート110kg,4/4,40,,100,1,市外,2025-08-02,データ入稿済,"27,830",税込,"2,530"
P2507-2248,2025-07-23,C003,田中,チラシ,B4,コート135kg,4/0,,,3000,1,引取,2025-08-02,データ入稿済,２０，０００,税抜,
P2507-2249,2025-07-24,C007,田中,冊子,B5,マットコート110kg,1/1,32,,200,1,引取,2025-08-03,,"28,050",内税,"2,550"
P2507-2250,2025-07-24,C016,鈴木,チラシ,B5,マットコート110kg,4/4,,,3000,1,市外,2025-07-31,,"19,800",税抜,
P2507-2251,2025-07-25,C008,田中,封筒,角2,ケント100g,1/0,,,2000,1,市内,2025-08-01,,"36,190",税込み,
P2507-2252,2025-07-25,K008,高橋,冊子,A4,マットコート110kg,1/1,12,,50,1,県外,2025-08-04,,"18,600",税抜,
P2507-2253,2025-07-26,D006,高橋,リーフレット,A4,コート90kg,4/0,,PP片面,2000,3,市内,2025-08-02,納品書同封,"49,500",税抜,
P2507-2254,2025-07-26,C002,佐藤,チラシ,A4,コート135kg,4/4,,穴あけ,1000,3,市外,2025-08-16,,34960円,税抜,"3,496"
P2507-2255,2025-07-26,D005,鈴木,チラシ,B4,コート90kg,4/0,,穴あけ,500,1,市内,2025-07-28,データ修正あり 特急,"14,850",税込,
P2507-2256,2025-07-26,C003,鈴木,名刺,91x55,マット220kg,4/4,,,300,3,市外,2025-08-05,,"¥22,770",内税,
P2507-2257,2025-07-27,一般,田中,冊子,B5,上質70kg,4/4,40,,1000,1,市外,2025-07-30,特急,１５８，８００,税抜,"15,880"
P2507-2258,2025-07-28,C006,田中,チラシ,A3,コート135kg,4/0,,,5000,1,引取,2025-07-30,納品書同封 特急,"51,920",税込み,
P2507-2259,2025-07-28,C004,佐藤,封筒,長3,クラフト85g,2/0,,,300,1,市外,,納品書同封,"7,800",税抜,780
P2507-2260,2025-07-28,C030,田中,冊子,B5,マットコート110kg,1/1,48,,1000,1,引取,,,92200円,税抜,
P2507-2261,2025-07-29,一般,佐藤,チラシ,B4,上質70kg,4/4,,,1000,1,県外,,納品書同封,"13,100",,
P2507-2262,2025-07-30,K001,鈴木,封筒,角2,クラフト85g,1/0,,,3000,1,市外,2025-08-06,前回同様,40920円,税込,
P2507-2263,2025-07-31,C023,鈴木,チラシ,A3,上質70kg,4/4,,穴あけ,2000,1,引取,2025-08-07,,１８，４００,税抜,"1,840"
P2507-2264,2025-07-31,一般,高橋,冊子,B5,マットコート110kg,4/4,32,,300,1,市内,2025-08-10,色校正1回,50820円,税込,"4,620"
P2507-2265,2025-07-31,一般,高橋,冊子,A5,マットコート110kg,4/4,20,,1000,1,県外,,,"86,500",,
P2507-2266,2025-07-31,C006,佐藤,リーフレット,A4,マットコート110kg,4/4,,穴あけ,2000,1,引取,2025-08-05,データ修正あり,"23,900",税抜,"2,390"
P2507-2267,2025-07-31,K015,鈴木,名刺,91x55,マット220kg,1/1,,,100,3,引取,2025-08-07,データ修正あり,"11,400",税抜,
P2508-2268,2025-08-01,C018,鈴木,封筒,角2,ケント100g,2/0,,,3000,1,引取,,色校正1回,"¥51,500",,
P2508-2269,2025-08-01,C008,田中,チラシ,A4,マットコート110kg,4/4,,PP加工(片面),10000,1,市内,,,"98,230",税込,"8,930"
P2508-2270,2025-08-01,C002,鈴木,冊子,B5,上質70kg,4/4,40,,100,1,引取,2025-08-06,納品書同封,"26,180",税込み,"2,380"
P2508-2271,2025-08-02,C009,鈴木,封筒,長3,クラフト85g,2/0,,,300,1,市外,,,"7,800",税抜,
P2508-2272,2025-08-03,C003,田中,チラシ,A3,コート135kg,4/0,,PP加工(片面),500,3,県外,2025-08-06,特急,"39,700",,
P2508-2273,2025-08-03,一般,鈴木,名刺,91x55,マット220kg,4/0,,,500,1,市内,2025-08-06,前回同様 特急,１５，１８０,内税,
P2508-2274,2025-08-03,D005,高橋,冊子,A5,上質70kg,4/4,20,,500,1,引取,,データ修正あり,"40,800",税抜,"4,080"
P2508-2275,2025-08-03,C012,佐藤,冊子,A4,上質70kg,1/1,8,,500,1,県外,,データ修正あり,"39,100",,
P2508-2276,2025-08-04,C037,高橋,封筒,長3,クラフト85g,1/0,,,1000,1,引取,2025-08-11,,"10,230",内税,930
P2508-2277,2025-08-04,C036,佐藤,チラシ,A3,コート90kg,4/0,,,1000,1,市内,2025-08-07,特急,13670円,税抜,"1,367"
P2508-2278,2025-08-05,K011,高橋,チラシ,A3,コート90kg,4/4,,,1000,1,引取,,,"¥11,700",,
P2508-2279,2025-08-05,C029,田中,チラシ,A3,マットコート110kg,1/1,,穴あけ,10000,2,市内,,,"¥157,080",税込,
P2508-2280,2025-08-05,K016,佐藤,冊子,A4,マットコート110kg,1/1,16,,300,1,市内,2025-08-08,前回同様,３５，７９０,税抜,"3,579"
P2508-2281,2025-08-05,C019,田中,封筒,角2,ケント100g,2/0,,,1500,1,市内,2025-08-12,,"25,700",税抜,
P2508-2282,2025-08-05,C014,高橋,チラシ,B4,マットコート110kg,4/0,,PP加工(片面),5000,1,引取,2025-08-15,,"47,850",税込み,
P2508-2283,2025-08-06,K012,田中,リーフレット,A3,コート135kg,4/0,,,500,1,県外,2025-08-13,データ修正あり,"17,270",税込み,"1,570"
P2508-2284,2025-08-06,C019,鈴木,名刺,91x55,マット220kg,4/4,,,100,1,市内,2025-08-20,,"3,960",,
P2508-2285,2025-08-06,C013,田中,冊子,A5,上質70kg,4/4,20,,100,1,市内,2025-08-20,データ修正あり,23800円,税抜,"2,380"
P2508-2286,2025-08-07,C012,高橋,チラシ,B5,コート135kg,1/0,,,500,3,市内,2025-08-21,,19700円,,
P2508-2287,2025-08-07,一般,高橋,リーフレット,A4,コート90kg,4/4,,PP加工(片面),500,2,市外,,色校正1回,２６，１００,,
P2508-2288,2025-08-07,C015,鈴木,名刺,91x55,マット220kg,1/1,,,100,1,引取,2025-08-09,,3960円,税込,
P2508-2289,2025-08-08,G004,田中,封筒,長3,クラフト85g,2/0,,,300,1,市内,,色校正1回,"10,900",税抜,"1,090"
P2508-2290,2025-08-08,一般,田中,チラシ,B5,上質70kg,4/0,,PP片面,500,1,市内,2025-08-11,納品書同封 特急,"9,700",税抜,
P2508-2291,2025-08-08,C013,佐藤,封筒,角2,ケント100g,2/0,,,300,1,市内,2025-08-10,特急,１４，４５０,税抜,"1,445"
P2508-2292,2025-08-09,C011,佐藤,冊子,A5,マットコート110kg,4/4,8,,1000,1,市内,,納品書同封,"¥60,200",税抜,
P2508-2293,2025-08-09,C004,鈴木,チラシ,B4,コート90kg,4/0,,,3000,2,市内,2025-08-12,データ入稿済 特急,"¥49,720",税込み,"4,520"
P2508-2294,2025-08-10,一般,佐藤,名刺,91x55,ケント220kg,1/1,,,100,1,市内,,,"3,564",税込み,
P2508-2295,2025-08-10,C001,田中,名刺,91x55,ケント220kg,4/4,,,300,1,市内,2025-08-17,,６，１００,税抜,610
P2508-2296,2025-08-10,C010,田中,チラシ,B5,マットコート110kg,1/0,,PP加工(片面),1000,1,市外,2025-08-12,データ入稿済,"15,100",税抜,"1,510"
P2508-2297,2025-08-10,C020,佐藤,チラシ,B5,マットコート110kg,4/4,,,5000,3,県外,,,89000円,税抜,
P2508-2298,2025-08-13,G003,田中,冊子,A4,上質70kg,1/1,8,,50,1,市内,,,"15,620",内税,
P2508-2299,2025-08-14,C012,佐藤,リーフレット,A4,マットコート110kg,4/4,,,1000,2,市内,2025-08-21,色校正1回,"32,120",,
P2508-2300,2025-08-14,C016,鈴木,チラシ,A3,マットコート110kg,4/0,,PP片面,500,1,市外,2025-08-21,データ修正あり,"13,500",税抜,
P2508-2301,2025-08-14,K014,佐藤,リーフレット,A4,コート135kg,4/0,,,3000,1,市内,,納品書同封,23430円,税込,
P2508-2302,2025-08-15,一般,佐藤,チラシ,B5,コート90kg,1/0,,PP加工(片面),500,1,市内,,納品書同封,"7,780",税抜,
P2508-2303,2025-08-15,C032,田中,チラシ,B5,コート135kg,4/0,,PP加工(片面),3000,3,市内,2025-08-25,データ修正あり,81840円,税込み,"7,440"
P2508-2304,2025-08-15,C003,高橋,名刺,91x55,マット220kg,1/0,,,300,1,市内,2025-08-22,データ修正あり,１１，２２０,税込,"1,020"
P2508-2305,2025-08-17,C011,田中,チラシ,B5,コート90kg,1/0,,,3000,1,市内,,前回同様,"13,310",,
P2508-2306,2025-08-17,K007,佐藤,封筒,長3,クラフト85g,2/0,,,1000,1,市内,2025-08-27,,"11,110",税込,
P2508-2307,2025-08-18,C029,佐藤,チラシ,A3,コート135kg,1/0,,,1000,1,市内,,,12716円,,
P2508-2308,2025-08-18,K013,佐藤,チラシ,B5,コート90kg,4/4,,,3000,1,県外,2025-08-23,,22088円,,
P2508-2309,2025-08-18,K019,鈴木,リーフレット,A3,コート90kg,4/0,,,2000,1,引取,2025-09-08,データ入稿済,１９，６９０,税込み,
P2508-2310,2025-08-19,K012,高橋,チラシ,B5,上質70kg,4/0,,,2000,1,引取,2025-09-09,納品書同封,"7,800",税抜,
P2508-2311,2025-08-20,G005,鈴木,チラシ,A3,マットコート110kg,4/0,,PP片面,3000,1,県外,,前回同様,"33,990",税込み,
P2508-2312,2025-08-20,C026,高橋,チラシ,A3,上質70kg,4/4,,,5000,2,県外,2025-08-27,前回同様,"¥76,200",,
P2508-2313,2025-08-21,C010,鈴木,名刺,91x55,マット220kg,4/4,,,100,2,市内,2025-08-28,,"6,400",税抜,640
P2508-2314,2025-08-21,C005,鈴木,リーフレット,A4,コート135kg,4/0,,,2000,1,引取,2025-08-24,前回同様,"20,100",税抜,"2,010"
P2508-2315,2025-08-21,C005,鈴木,名刺,91x55,ケント220kg,4/4,,,300,5,市内,2025-08-26,納品書同封,"27,400",税抜,
P2508-2316,2025-08-21,C038,田中,チラシ,B5,コート135kg,4/0,,穴あけ,1000,3,引取,,データ修正あり,"32,230",税込み,
P2508-2317,2025-08-21,K001,鈴木,チラシ,B5,コート135kg,4/4,,,5000,3,県外,,,104610円,税込,
P2508-2318,2025-08-22,C031,鈴木,名刺,91x55,ケント220kg,1/1,,,300,8,引取,2025-09-01,,"46,750",税込み,
P2508-2319,2025-08-22,G008,田中,チラシ,A4,上質70kg,4/4,,,5000,1,市内,2025-09-05,納品書同封,23000円,税抜,"2,300"
P2508-2320,2025-08-22,K005,佐藤,チラシ,A3,マットコート110kg,4/4,,,500,3,市内,2025-08-29,,"25,240",税抜,
P2508-2321,2025-08-23,K016,鈴木,名刺,91x55,ケント220kg,4/4,,,100,8,市外,,納品書同封,21000円,税抜,
P2508-2322,2025-08-24,C032,佐藤,冊子,B5,上質70kg,4/4,12,,100,1,市外,2025-08-27,前回同様 特急,２７，８９６,税込,
P2508-2323,2025-08-24,C006,佐藤,冊子,B5,マットコート110kg,1/1,16,,300,1,引取,,データ修正あり,29920円,税抜,"2,992"
P2508-2324,2025-08-24,C007,高橋,名刺,91x55,マット220kg,1/0,,,100,5,引取,,データ入稿済,"14,000",税抜,
P2508-2325,2025-08-26,C009,鈴木,名刺,91x55,ケント220kg,4/4,,,500,8,市内,2025-08-29,データ入稿済 特急,８６，０００,税抜,"8,600"
P2508-2326,2025-08-27,C006,高橋,リーフレット,A3,コート90kg,4/0,,PP加工(片面),5000,1,引取,2025-08-29,色校正1回,"73,400",税抜,
P2508-2327,2025-08-28,C011,佐藤,リーフレット,A3,マットコート110kg,4/0,,PP片面,5000,3,引取,,,１６３，５００,税抜,"16,350"
P2508-2328,2025-08-28,D009,田中,チラシ,A4,上質70kg,4/4,,PP加工(片面),10000,1,引取,2025-09-11,,"69,300",,
P2508-2329,2025-08-29,一般,鈴木,チラシ,B4,コート90kg,1/0,,PP加工(片面),2000,1,県外,,データ修正あり,27170円,内税,
P2508-2330,2025-08-29,一般,佐藤,チラシ,A4,マットコート110kg,4/4,,PP加工(片面),500,3,引取,2025-09-12,,"27,841",税込み,"2,531"
P2508-2331,2025-08-29,C010,鈴木,封筒,角2,ケント100g,2/0,,,500,1,市外,2025-09-05,データ入稿済,12000円,,
P2508-2332,2025-08-30,C037,田中,封筒,長3,クラフト85g,2/0,,,1000,1,県外,2025-09-04,,14080円,税込み,
P2508-2333,2025-08-30,C010,鈴木,封筒,角2,ケント100g,1/0,,,1000,1,市外,2025-09-06,データ修正あり,"22,200",税抜,
P2508-2334,2025-08-31,一般,高橋,リーフレット,A4,コート90kg,4/0,,,1000,1,市内,2025-09-07,,"¥11,110",内税,"1,010"
P2508-2335,2025-08-31,C005,田中,チラシ,B4,上質70kg,4/0,,PP加工(片面),5000,2,県外,2025-09-10,,"¥76,200",,
P2508-2336,2025-08-31,C013,鈴木,冊子,A4,マットコート110kg,4/4,40,,500,1,引取,2025-09-10,,"67,000",,
P2509-2337,2025-09-01,C026,鈴木,名刺,91x55,ケント220kg,1/0,,,300,1,市外,,データ入稿済,７，４８０,,
P2509-2338,2025-09-02,C035,田中,リーフレット,A3,コート90kg,4/4,,穴あけ,10000,3,市内,2025-09-04,特急,"338,100",税抜,"33,810"
P2509-2339,2025-09-02,C012,鈴木,チラシ,B4,上質70kg,1/0,,,3000,1,市内,,色校正1回,２１，１００,,
P2509-2340,2025-09-03,C014,佐藤,チラシ,B4,上質70kg,4/4,,,1000,2,引取,,,"¥19,800",税抜,
P2509-2341,2025-09-03,D009,田中,チラシ,B4,マットコート110kg,1/0,,,2000,1,県外,,,"15,400",税抜,"1,540"
P2509-2342,2025-09-03,C030,鈴木,リーフレット,A3,コート135kg,1/0,,穴あけ,10000,1,引取,2025-09-24,,"¥90,750",税込,
P2509-2343,2025-09-03,D003,高橋,リーフレット,A3,コート135kg,4/4,,PP片面,3000,2,市外,2025-09-24,データ修正あり,"¥83,160",内税,"7,560"
P2509-2344,2025-09-04,一般,佐藤,チラシ,B4,上質70kg,4/0,,,2000,1,市内,2025-09-25,色校正1回,"¥17,500",税抜,
P2509-2345,2025-09-04,一般,田中,冊子,A4,マットコート110kg,4/4,48,,200,1,市外,2025-09-06,納品書同封,"50,200",税抜,
P2509-2346,2025-09-04,一般,鈴木,封筒,長3,ケント100g,1/0,,,2000,1,市外,2025-09-07,データ修正あり 特急,３１，５００,税抜,"3,150"
P2509-2347,2025-09-04,一般,田中,チラシ,A4,マットコート110kg,4/0,,,1000,3,引取,2025-09-09,色校正1回,"29,300",税抜,
P2509-2348,2025-09-04,G004,佐藤,名刺,91x55,ケント220kg,1/1,,,500,3,市内,,納品書同封,"¥22,940",税抜,"2,294"
P2509-2349,2025-09-05,C023,鈴木,名刺,91x55,マット220kg,4/0,,,500,2,市内,2025-09-10,データ修正あり,"¥21,900",税抜,
P2509-2350,2025-09-07,C008,高橋,リーフレット,A3,マットコート110kg,4/0,,,3000,1,市内,2025-09-28,,"29,370",内税,"2,670"
P2509-2351,2025-09-08,C037,鈴木,名刺,91x55,ケント220kg,4/4,,,100,3,引取,2025-09-22,,"8,030",,
P2509-2352,2025-09-08,C009,鈴木,チラシ,B4,上質70kg,4/4,,,1000,3,引取,,,"29,700",税抜,
P2509-2353,2025-09-09,一般,高橋,チラシ,B4,マットコート110kg,4/0,,,2000,2,引取,,前回同様,"28,200",税抜,
P2509-2354,2025-09-09,G001,田中,封筒,角2,ケント100g,2/0,,,2000,1,市内,2025-09-14,データ修正あり,"¥45,980",内税,"4,180"
P2509-2355,2025-09-09,G006,田中,冊子,A4,上質70kg,1/1,40,,1000,1,市内,2025-09-30,,"¥85,030",税込,
P2509-2356,2025-09-09,C009,鈴木,チラシ,A3,コート90kg,1/0,,PP加工(片面),1000,1,引取,2025-09-23,納品書同封,"¥12,900",,
P2509-2357,2025-09-09,C012,鈴木,チラシ,B4,上質70kg,4/4,,,500,1,引取,2025-09-19,,7920円,税込,
P2509-2358,2025-09-09,C011,田中,チラシ,B5,上質70kg,4/0,,PP加工(片面),5000,1,市内,2025-09-19,,29300円,税抜,
P2509-2359,2025-09-10,C005,田中,チラシ,B4,コート90kg,4/4,,,10000,1,引取,,納品書同封,"64,500",税抜,
P2509-2360,2025-09-10,一般,鈴木,リーフレット,A4,コート135kg,4/0,,穴あけ,2000,1,引取,2025-09-15,データ入稿済,"18,500",税抜,
P2509-2361,2025-09-11,D008,鈴木,名刺,91x55,ケント220kg,1/1,,,100,1,引取,2025-09-25,データ入稿済,"3,000",税抜,
P2509-2362,2025-09-12,一般,高橋,チラシ,B4,コート90kg,1/1,,,500,1,市外,2025-09-26,納品書同封,"8,300",税抜,
P2509-2363,2025-09-12,C023,鈴木,封筒,長3,ケント100g,1/0,,,3000,1,引取,2025-09-26,色校正1回,33880円,税込,"3,080"
P2509-2364,2025-09-12,K006,高橋,名刺,91x55,マット220kg,1/0,,,200,3,引取,2025-09-19,前回同様,"13,800",税抜,"1,380"
P2509-2365,2025-09-13,K020,田中,リーフレット,A3,コート90kg,4/0,,穴あけ,5000,1,市外,2025-09-27,色校正1回,"¥46,000",税抜,
P2509-2366,2025-09-13,C032,鈴木,冊子,B5,マットコート110kg,1/1,48,,300,1,市外,2025-09-27,,38200円,税抜,
P2509-2367,2025-09-13,K019,高橋,封筒,長3,ケント100g,1/0,,,300,1,市外,,前回同様,"9,000",税抜,900
P2509-2368,2025-09-13,G004,田中,チラシ,B5,マットコート110kg,4/4,,,10000,1,引取,,前回同様,"42,700",税抜,"4,720"
P2509-2369,2025-09-14,C005,田中,チラシ,A4,上質70kg,4/4,,,3000,3,市外,,データ入稿済,"52,800",,
P2509-2370,2025-09-14,C001,高橋,名刺,91x55,ケント220kg,1/0,,,200,1,市外,,,"5,830",税込み,
P2509-2371,2025-09-14,C004,田中,チラシ,A3,コート135kg,4/4,,穴あけ,5000,1,引取,2025-09-21,,54450円,税込,
P2509-2372,2025-09-15,K010,田中,名刺,91x55,マット220kg,1/1,,,500,3,市内,2025-09-29,データ入稿済,"33,880",税込み,"3,080"
P2509-2373,2025-09-15,C009,田中,名刺,91x55,ケント220kg,4/0,,,100,8,市内,,前回同様,22330円,内税,
P2509-2374,2025-09-15,C011,鈴木,名刺,91x55,マット220kg,4/0,,,200,1,市内,,,5400円,税抜,
P2509-2375,2025-09-15,一般,高橋,チラシ,B5,マットコート110kg,4/4,,,500,1,市外,2025-09-17,前回同様,"10,200",税抜,
P2509-2376,2025-09-15,C010,田中,封筒,長3,ケント100g,1/0,,,3000,1,引取,,データ入稿済,"28,500",税抜,
P2509-2377,2025-09-16,一般,鈴木,冊子,A4,マットコート110kg,4/4,32,,200,1,市内,2025-09-30,データ入稿済,"32,100",,
P2509-2378,2025-09-17,一般,田中,冊子,A5,上質70kg,4/4,16,,200,1,引取,,データ修正あり,"28,100",税抜,
P2509-2379,2025-09-17,一般,田中,チラシ,A4,上質70kg,1/1,,PP片面,2000,1,県外,2025-09-22,色校正1回,"24,100",,
P2509-2380,2025-09-19,D010,鈴木,リーフレット,A4,マットコート110kg,4/4,,穴あけ,2000,3,市内,,,"48,900",税抜,"4,890"
P2509-2381,2025-09-19,一般,佐藤,名刺,91x55,ケント220kg,4/4,,,500,5,市内,2025-10-03,,"41,800",税抜,
P2509-2382,2025-09-19,K011,田中,リーフレット,A3,コート135kg,4/0,,,10000,1,市外,2025-09-21,データ入稿済,"115,280",税込,
P2509-2383,2025-09-20,C013,田中,チラシ,A3,マットコート110kg,1/1,,PP片面,3000,1,市内,2025-09-22,特急,"42,400",税抜,
P2509-2384,2025-09-20,C029,高橋,チラシ,B5,コート135kg,4/0,,,10000,1,市内,2025-09-27,納品書同封,"40,000",税抜,
P2509-2385,2025-09-20,C006,佐藤,チラシ,A4,コート90kg,1/0,,穴あけ,10000,1,県外,2025-09-25,前回同様,３９，８７０,税抜,
P2509-2386,2025-09-21,一般,田中,チラシ,A3,上質70kg,1/1,,,2000,1,県外,,データ修正あり,"21,000",税抜,
P2509-2387,2025-09-21,K018,鈴木,チラシ,B4,コート90kg,4/4,,穴あけ,3000,1,市外,2025-09-23,データ入稿済,３３，６００,税抜,"3,360"
P2509-2388,2025-09-23,C023,佐藤,チラシ,B4,コート90kg,4/0,,PP片面,1000,1,市内,2025-10-07,データ修正あり,"13,910",税抜,
P2509-2389,2025-09-24,C002,鈴木,チラシ,B5,マットコート110kg,4/4,,,1000,3,市内,2025-09-27,データ入稿済 特急,"35,900",税抜,
P2509-2390,2025-09-25,K018,高橋,名刺,91x55,マット220kg,1/1,,,100,1,市外,,,"4,300",税抜,430
P2509-2391,2025-09-25,G007,田中,チラシ,B4,コート135kg,4/4,,,500,2,市内,2025-09-27,,"19,100",税抜,"1,910"
P2509-2392,2025-09-25,一般,佐藤,チラシ,B4,マットコート110kg,4/0,,,10000,1,引取,2025-10-02,,"¥50,920",税抜,
P2509-2393,2025-09-26,C003,田中,冊子,A4,上質70kg,4/4,24,,300,1,県外,2025-09-29,特急,55550円,,
P2509-2394,2025-09-27,C011,田中,チラシ,A3,コート90kg,4/0,,PP加工(片面),1000,2,市内,2025-10-11,データ修正あり,"28,700",,
P2509-2395,2025-09-28,C013,佐藤,チラシ,A4,コート90kg,1/0,,,5000,3,引取,2025-10-05,納品書同封,56740円,,
P2509-2396,2025-09-28,C011,佐藤,冊子,A4,マットコート110kg,4/4,8,,50,1,市内,2025-10-08,前回同様,16120円,税抜,"1,612"
P2509-2397,2025-09-29,K011,鈴木,封筒,長3,クラフト85g,2/0,,,1000,1,引取,2025-10-06,前回同様,"10,230",内税,930
P2509-2398,2025-09-29,C030,高橋,チラシ,A4,コート90kg,1/0,,,1000,1,引取,2025-10-20,データ修正あり,10100円,,
P2509-2399,2025-09-30,K006,佐藤,名刺,91x55,ケント220kg,4/4,,,200,1,市外,2025-10-14,色校正1回,"10,380",税抜,
P2509-2400,2025-09-30,K012,佐藤,封筒,角2,ケント100g,1/0,,,500,1,市内,,,"11,300",税抜,"1,130"
